id_del_portafolio,referencia_del_proceso,entidad,departamento_entidad,ciudad_entidad,modalidad_de_contratacion,tipo_de_contrato,estado_del_procedimiento,precio_base,valor_total_adjudicacion,proveedores_unicos_con,duracion,unidad_de_duracion,fecha_de_publicacion_del,sobrecosto_pesos,ratio_sobrecosto,tiene_sobrecosto,duracion_dias_prevista
CO1.BDOS.10090460,PN ESSUM SA MC 029 2026_5 (Presentación de oferta),ESCUELA DE POLICIA DE PROVINCIA DE SUMAPAZ INTENDENTE MARITZA BONILLA RUIZ,Cundinamarca,Fusagasugá,Selección Abreviada de Menor Cuantía,Obra,Seleccionado,624723361.0,308381400.0,8,45,día(s),,-316341961.0,-0.5063712688663167,0,45.0
CO1.BDOS.10074073,SA-MC-005-2026 (Manifestación de interés (Menor Cuantía)) (Presentación de oferta),ALCALDIA MUNICIPAL DE SUESCA +,Cundinamarca,Suesca,Selección Abreviada de Menor Cuantía,Obra,Seleccionado,220000000.0,206800206.0,3,2,Mes(es),,-13199794.0,-0.059999063636363634,0,60.0
CO1.BDOS.10124875,SAMC-005-2026 (Manifestación de interés (Menor Cuantía)) (Presentación de oferta),ALCALDIA DE SESQUILE,Cundinamarca,Sesquilé,Selección Abreviada de Menor Cuantía,Obra,Seleccionado,98631116.0,93437448.0,6,120,día(s),,-5193668.0,-0.052657500093581014,0,120.0
CO1.BDOS.10163521,CQ-SAMC-010-2026 (Manifestación de interés (Menor Cuantía)) (Presentación de oferta),MUNICIPIO DE CAQUEZA,Cundinamarca,Caqueza,Selección Abreviada de Menor Cuantía,Obra,Seleccionado,100000000.0,99999993.0,2,1,Mes(es),,-7.0,-7e-08,0,30.0
CO1.BDOS.10128723,SAMC.OP.002-2026 (Manifestación de interés (Menor Cuantía)) (Presentación de oferta),MUNICIPIO DE LA CALERA CUNDINAMARCA,Cundinamarca,La Calera,Selección Abreviada de Menor Cuantía,Obra,Seleccionado,350000000.0,331556511.0,5,30,día(s),,-18443489.0,-0.05269568285714286,0,30.0
CO1.BDOS.10158964,SAMC-002-2026 (Manifestación de interés (Menor Cuantía)) (Presentación de oferta),MUNICIPIO DE LENGUAZAQUE,Cundinamarca,Lenguazaque,Selección Abreviada de Menor Cuantía,Obra,Seleccionado,200000000.0,200000000.0,1,2,Mes(es),,0.0,0.0,0,60.0
CO1.BDOS.10156720,MSIL-SAMC-012-2026 (Manifestación de interés (Menor Cuantía)) (Presentación de oferta),MUNICIPIO DE SILVANIA,Cundinamarca,Silvania,Selección Abreviada de Menor Cuantía,Obra,Seleccionado,247085339.0,247082233.0,1,4,Mes(es),,-3106.0,-1.2570555633007428e-05,0,120.0
CO1.BDOS.10126131,PSACC-003-2026 (Manifestación de interés (Menor Cuantía)) (Presentación de oferta),ALCALDIA MUNICIPIO CARMEN DE CARUPA,Cundinamarca,No Definido,Selección Abreviada de Menor Cuantía,Obra,Seleccionado,200000000.0,200000000.0,2,0,día(s),,0.0,0.0,0,0.0
CO1.BDOS.10117016,PN ESSUM SA MC. 026 2026 (Manifestación de interés (Menor Cuantía)) (Presentación de oferta),ESCUELA DE POLICIA DE PROVINCIA DE SUMAPAZ INTENDENTE MARITZA BONILLA RUIZ,Cundinamarca,Fusagasugá,Selección Abreviada de Menor Cuantía,Obra,Seleccionado,2882230492.0,2777597674.0,4,6,Mes(es),,-104632818.0,-0.03630272398075789,0,180.0
CO1.BDOS.10154912,SAMC 039-2026 (Manifestación de interés (Menor Cuantía)) (Presentación de oferta),MUNICIPIO DE ANAPOIMA/,Cundinamarca,No Definido,Selección Abreviada de Menor Cuantía,Obra,Seleccionado,153646036.0,153640325.0,3,2,Mes(es),,-5711.0,-3.716984927616356e-05,0,60.0
CO1.BDOS.10135743,SAMC-003-2026 (Manifestación de interés (Menor Cuantía)) (Presentación de oferta),ALCALDIA MUNICIPAL DE VIOTÁ,Cundinamarca,Viotá,Selección Abreviada de Menor Cuantía,Obra,Seleccionado,100000000.0,99993703.0,3,3,Mes(es),,-6297.0,-6.297e-05,0,90.0
CO1.BDOS.10103499,SAMC No 001-2026 (Manifestación de interés (Menor Cuantía)) (Presentación de oferta),EMPRESA SOCIAL DEL ESTADO HOSPITAL SAN FRANCISCO DE VIOTA,Cundinamarca,Viotá,Selección Abreviada de Menor Cuantía,Obra,Seleccionado,569343065.0,569335625.0,1,4,Mes(es),,-7440.0,-1.3067692323608087e-05,0,120.0
CO1.BDOS.10173604,INVITACIÓN PÚBLICA DE OFERTAS,EMPRESAS PUBLICAS MUNICIPALES DE SIBATE S.C.A. E.S.P.,Cundinamarca,Sibaté,Contratación régimen especial (con ofertas),Obra,Seleccionado,318289474.0,317994834.0,0,4,Mes(es),,-294640.0,-0.0009256982214875256,0,120.0
CO1.BDOS.10193737,MC 015-2026,ALCALDIA MUNICIPIO DE RICAURTE,Cundinamarca,Ricaurte,Mínima cuantía,Obra,Seleccionado,48620071.0,48573418.0,1,2,Mes(es),,-46653.0,-0.0009595419965552909,0,60.0
CO1.BDOS.10173913,SAMC-CMC-CBA-003-2026 (Manifestación de interés (Menor Cuantía)) (Presentación de oferta),SENA REGIONAL CUNDINAMARCA Grupo Administrativo CBA,Cundinamarca,Mosquera,Selección Abreviada de Menor Cuantía,Obra,Seleccionado,427028339.0,69698776.0,1,7,Mes(es),,-357329563.0,-0.8367818488037161,0,210.0
CO1.BDOS.10173230,SAMC-004-2026  (Manifestación de interés (Menor Cuantía)) (Presentación de oferta),MUNICIPIO DE LENGUAZAQUE,Cundinamarca,Lenguazaque,Selección Abreviada de Menor Cuantía,Obra,Seleccionado,100000000.0,100000000.0,1,2,Mes(es),,0.0,0.0,0,60.0
CO1.BDOS.9333148,SAMC-037-2025 (Manifestación de interés (Menor Cuantía)) (Presentación de oferta),MUNICIPIO DE COGUA,Cundinamarca,Cogua,Selección Abreviada de Menor Cuantía,Obra,Seleccionado,200000000.0,199975470.0,1,3,Mes(es),,-24530.0,-0.00012265,0,90.0
CO1.BDOS.10165097,MC-027-2026,MUNICIPIO DE VILLAPINZON,Cundinamarca,Villapinzón,Mínima cuantía,Obra,Seleccionado,42000000.0,42000000.0,2,0,día(s),,0.0,0.0,0,0.0
CO1.BDOS.10152613,LP-004-2026 (Fase de Selección (Presentación de ofertas)),ALCALDIA MUNICIPAL DE GUADUAS,Cundinamarca,Guaduas,Licitación pública Obra Publica,Obra,Seleccionado,509592575.0,482649308.0,7,135,día(s),,-26943267.0,-0.052872173422071546,0,135.0
CO1.BDOS.10116807,SAMC-009-2026 (Manifestación de interés (Menor Cuantía)) (Presentación de oferta),MUNICIPIO DE VILLAGÓMEZ*,Cundinamarca,Villagómez,Selección Abreviada de Menor Cuantía,Obra,Seleccionado,255000000.0,254868290.0,2,3,Mes(es),,-131710.0,-0.0005165098039215686,0,90.0
CO1.BDOS.10123852,SAMC-004-2026 (Manifestación de interés (Menor Cuantía)) (Presentación de oferta),ALCALDIA DE SESQUILE,Cundinamarca,Sesquilé,Selección Abreviada de Menor Cuantía,Obra,Seleccionado,100000000.0,94742618.0,3,120,día(s),,-5257382.0,-0.05257382,0,120.0
CO1.BDOS.10129519,SA-MC-004-2026 (Manifestación de interés (Menor Cuantía)) (Presentación de oferta),MUNICIPIO MANTA CUNDINAMARCA,Cundinamarca,Manta,Selección Abreviada de Menor Cuantía,Obra,Seleccionado,340000000.0,339119761.0,1,2,Mes(es),,-880239.0,-0.002588938235294118,0,60.0
CO1.BDOS.10130607,FACATATIVA-SA-003-26 (Manifestación de interés (Menor Cuantía)) (Presentación de oferta),ALCALDIA MUNICIPAL DE FACATATIVA,Cundinamarca,Facatativá,Selección Abreviada de Menor Cuantía,Obra,Seleccionado,337860978.0,337523373.0,1,0,día(s),,-337605.0,-0.0009992423570146655,0,0.0
CO1.BDOS.10051793,SAMC-003-2026 (Manifestación de interés (Menor Cuantía)) (Presentación de oferta),ALCALDIA MUNICIPAL DE EL COLEGIO,Cundinamarca,El Colegio,Selección Abreviada de Menor Cuantía,Obra,Seleccionado,256217569.0,245209400.0,1,3,Mes(es),,-11008169.0,-0.0429641458349798,0,90.0
CO1.BDOS.10144773,SAMC-010-2026 (Manifestación de interés (Menor Cuantía)) (Presentación de oferta),MUNICIPIO DE VILLAGÓMEZ*,Cundinamarca,Villagómez,Selección Abreviada de Menor Cuantía,Obra,Seleccionado,295000000.0,294996401.0,1,3,Mes(es),,-3599.0,-1.22e-05,0,90.0
CO1.BDOS.10112129,SAMC 029-2026 (Manifestación de interés (Menor Cuantía)) (Presentación de oferta),MUNICIPIO DE ANAPOIMA/,Cundinamarca,No Definido,Selección Abreviada de Menor Cuantía,Obra,Seleccionado,130000000.0,129978257.0,3,3,Mes(es),,-21743.0,-0.00016725384615384615,0,90.0
CO1.BDOS.10193092,ID-MC-005-2026,"INSTITUTO MUNICIPAL PARA EL DEPORTE, LA RECREACIÓN, LA EDUCACIÓN Y LA EDUCACIÓN FÍSICA EXTRAESCOLAR",Cundinamarca,Villapinzón,Mínima cuantía,Obra,Seleccionado,21955103.0,21955103.0,1,2,Mes(es),,0.0,0.0,0,60.0
CO1.BDOS.10166533,SAMC-007-2026 (Manifestación de interés (Menor Cuantía)) (Presentación de oferta),MUNICIPIO DE VILLAPINZON,Cundinamarca,Villapinzón,Selección Abreviada de Menor Cuantía,Obra,Seleccionado,489288547.0,489280636.0,2,0,día(s),,-7911.0,-1.616837354666305e-05,0,0.0
CO1.BDOS.10050554,SAMC-002-2026 (Manifestación de interés (Menor Cuantía)) (Presentación de oferta),ALCALDIA MUNICIPAL DE EL COLEGIO,Cundinamarca,El Colegio,Selección Abreviada de Menor Cuantía,Obra,Seleccionado,291917886.0,291776178.0,1,3,Mes(es),,-141708.0,-0.00048543788097999584,0,90.0
CO1.BDOS.10151819,SAMC-007-2025 (Manifestación de interés (Menor Cuantía)) (Presentación de oferta),MUNICIPIO DE GACHANCIPA,Cundinamarca,Gachancipá,Selección Abreviada de Menor Cuantía,Obra,Seleccionado,359723776.0,359634594.0,2,0,día(s),,-89182.0,-0.0002479180025064565,0,0.0
CO1.BDOS.10166192,SAMC-006-2026 (Manifestación de interés (Menor Cuantía)) (Presentación de oferta),ALCALDIA DE SESQUILE,Cundinamarca,Sesquilé,Selección Abreviada de Menor Cuantía,Obra,Seleccionado,100000000.0,99999974.0,1,90,día(s),,-26.0,-2.6e-07,0,90.0
CO1.BDOS.10135675,SAMC-004-2026 (Manifestación de interés (Menor Cuantía)) (Presentación de oferta),ALCALDIA MUNICIPAL DE VIOTÁ,Cundinamarca,Viotá,Selección Abreviada de Menor Cuantía,Obra,Seleccionado,100000000.0,99994119.0,2,3,Mes(es),,-5881.0,-5.881e-05,0,90.0
CO1.BDOS.10211890,ID-MC-007-2026,"INSTITUTO MUNICIPAL PARA EL DEPORTE, LA RECREACIÓN, LA EDUCACIÓN Y LA EDUCACIÓN FÍSICA EXTRAESCOLAR",Cundinamarca,Villapinzón,Mínima cuantía,Obra,Seleccionado,13998414.0,13998414.0,2,1,Mes(es),,0.0,0.0,0,30.0
CO1.BDOS.10157620,CQ-SAMC-009-DE 2026 (Manifestación de interés (Menor Cuantía)) (Presentación de oferta),MUNICIPIO DE CAQUEZA,Cundinamarca,Caqueza,Selección Abreviada de Menor Cuantía,Obra,Seleccionado,148149207.0,148144944.0,2,2,Mes(es),,-4263.0,-2.877504433756436e-05,0,60.0
CO1.BDOS.10133672,SAMC-002-2026 (Manifestación de interés (Menor Cuantía)) (Presentación de oferta),ALCALDIA MUNICIPAL DE VIOTÁ,Cundinamarca,Viotá,Selección Abreviada de Menor Cuantía,Obra,Seleccionado,100000000.0,94657917.0,4,3,Mes(es),,-5342083.0,-0.05342083,0,90.0
CO1.BDOS.10158686,SAMC-004-2026 (Manifestación de interés (Menor Cuantía)) (Presentación de oferta),MUNICIPIO DE AGUA DE DIOS,Cundinamarca,Agua De Dios,Selección Abreviada de Menor Cuantía,Obra,Seleccionado,350000000.0,349994748.0,1,0,día(s),,-5252.0,-1.5005714285714285e-05,0,0.0
CO1.BDOS.10135680,SAMC-005-2026 (Manifestación de interés (Menor Cuantía)) (Presentación de oferta),ALCALDIA MUNICIPAL DE VIOTÁ,Cundinamarca,Viotá,Selección Abreviada de Menor Cuantía,Obra,Seleccionado,100000000.0,93699603.0,1,3,Mes(es),,-6300397.0,-0.06300397,0,90.0
CO1.BDOS.10132039,SA-MC-005-2026 (Manifestación de interés (Menor Cuantía)) (Presentación de oferta),MUNICIPIO MANTA CUNDINAMARCA,Cundinamarca,Manta,Selección Abreviada de Menor Cuantía,Obra,Seleccionado,75000000.0,74472798.0,1,2,Mes(es),,-527202.0,-0.00702936,0,60.0
CO1.BDOS.10844548,PMC-041-2026,MUNICIPIO DE TIBIRITA,Cundinamarca,Tibirita,Mínima cuantía,Obra,Seleccionado,25000000.0,21680000.0,2,3,día(s),2026-09-11,-3320000.0,-0.1328,0,3.0
CO1.BDOS.10825533,SMIN-024-2026,ALCALDIA MUNICIPIO DE ZIPAQUIRA,Cundinamarca,Zipaquirá,Mínima cuantía,Obra,Seleccionado,48000000.0,47999961.0,1,2,Mes(es),2026-09-09,-39.0,-8.125e-07,0,60.0
CO1.BDOS.10821148,MP-MC-013-2026,MUNICIPIO DE PANDI,Cundinamarca,No Definido,Mínima cuantía,Obra,Seleccionado,38985298.0,37493433.0,2,90,día(s),2026-09-08,-1491865.0,-0.03826737453693441,0,90.0
CO1.BDOS.10694407,SAMC-017-2026 (Manifestación de interés (Menor Cuantía)) (Presentación de oferta),ALCALDIA DE SESQUILE,Cundinamarca,Sesquilé,Selección Abreviada de Menor Cuantía,Obra,Abierto,163675687.0,155682163.0,1,90,día(s),2026-09-07,-7993524.0,-0.04883757720228784,0,90.0
CO1.BDOS.10443371,AMS-SAMC007-2026 (Manifestación de interés (Menor Cuantía)) (Presentación de oferta),MUNICIPIO DE SUBACHOQUE,Cundinamarca,Subachoque,Selección Abreviada de Menor Cuantía,Obra,Seleccionado,131681473.0,131681346.0,1,4,Mes(es),2026-09-03,-127.0,-9.644485067386814e-07,0,120.0
CO1.BDOS.10789612,MC-032-2026,MUNICIPIO DE MACHETA,Cundinamarca,Macheta,Mínima cuantía,Obra,Seleccionado,34253389.0,34253389.0,1,1,Mes(es),2026-09-02,0.0,0.0,0,30.0
CO1.BDOS.10714350,SA-MC-009-2026 (Manifestación de interés (Menor Cuantía)) (Presentación de oferta),MUNICIPIO MANTA CUNDINAMARCA,Cundinamarca,Manta,Selección Abreviada de Menor Cuantía,Obra,Seleccionado,225774881.0,225772623.0,3,2,Mes(es),2026-09-02,-2258.0,-1.0001112568408352e-05,0,60.0
CO1.BDOS.10770556,RE-04-2026,INSTITUCION EDUCATIVA DEPARTAMENTAL FRANCISCO JULIAN OLAYA,Cundinamarca,La Mesa,Contratación régimen especial (con ofertas),Obra,Abierto,29551166.0,28922354.0,3,30,día(s),2026-09-01,-628812.0,-0.021278754279949564,0,30.0
CO1.BDOS.10317881,SAMC 012-2026 (Manifestación de interés (Menor Cuantía)) (Presentación de oferta),ALCALDIA MUNICIPIO DE NOCAIMA,Cundinamarca,Nocaima,Selección Abreviada de Menor Cuantía,Obra,Abierto,489851148.0,489579240.0,1,4,Mes(es),2026-09-01,-271908.0,-0.0005550829085736878,0,120.0
CO1.BDOS.10752903,CD-116-CENAC TELEMÁTICA-2026,CENTRAL ADMINISTRATIVA Y CONTABLE TELEMATICA,Cundinamarca,Facatativá,Contratación Directa (con ofertas),Obra,Seleccionado,238050395.0,238050395.0,1,0,día(s),2026-09-01,0.0,0.0,0,0.0
CO1.BDOS.10616086,SAMC-008-2026 (Manifestación de interés (Menor Cuantía)) (Presentación de oferta),ALCALDIA MUNICIPIO DE ZIPAQUIRA,Cundinamarca,Zipaquirá,Selección Abreviada de Menor Cuantía,Obra,Seleccionado,310921130.0,310921130.0,1,119,día(s),2026-08-26,0.0,0.0,0,119.0
CO1.BDOS.10732929,MC-015-2026,MUNICIPIO DE SAN FRANCISCO,Cundinamarca,San Francisco,Mínima cuantía,Obra,Seleccionado,41511868.0,39734010.0,4,1,Mes(es),2026-08-25,-1777858.0,-0.042827704115844654,0,30.0
CO1.BDOS.10623151,SAMC-016-2026 (Manifestación de interés (Menor Cuantía)) (Presentación de oferta),MUNICIPIO DE VILLAGÓMEZ*,Cundinamarca,Villagómez,Selección Abreviada de Menor Cuantía,Obra,Seleccionado,152000000.0,151938254.0,2,3,Mes(es),2026-08-21,-61746.0,-0.00040622368421052633,0,90.0
CO1.BDOS.10712028,MC 2026-0624,ALCALDIA MUNICIPAL FUSAGASUGA,Cundinamarca,Fusagasugá,Mínima cuantía,Obra,Seleccionado,28571420.0,24428564.0,2,3,Mes(es),2026-08-21,-4142856.0,-0.14500000350000106,0,90.0
CO1.BDOS.10613570,FTIC-SAMC-016-2026 (Manifestación de interés (Menor Cuantía)) (Presentación de oferta),ALCALDÍA MUNICIPAL DE SASAIMA,Cundinamarca,Sasaima,Selección Abreviada de Menor Cuantía,Obra,Seleccionado,490000000.0,489946423.0,2,0,día(s),2026-08-21,-53577.0,-0.00010934081632653062,0,0.0
CO1.BDOS.10631103,SAMC-022-2026 (Manifestación de interés (Menor Cuantía)) (Presentación de oferta),ALCALDIA MUNICIPIO DE CAJICA,Cundinamarca,Cajicá,Selección Abreviada de Menor Cuantía,Obra,Seleccionado,509471934.0,476356249.0,2,4,Mes(es),2026-08-20,-33115685.0,-0.06500001823456678,0,120.0
CO1.BDOS.10625403,SAMC-013-2026 (Manifestación de interés (Menor Cuantía)) (Presentación de oferta),MUNICIPIO DE LA CALERA CUNDINAMARCA,Cundinamarca,La Calera,Selección Abreviada de Menor Cuantía,Obra,Seleccionado,169037038.0,157246980.0,3,2,Mes(es),2026-08-19,-11790058.0,-0.06974837076830463,0,60.0
CO1.BDOS.10575616,SAMC-014-2026 (Manifestación de interés (Menor Cuantía)) (Presentación de oferta),MUNICIPIO DE COGUA,Cundinamarca,Cogua,Selección Abreviada de Menor Cuantía,Obra,Seleccionado,161150400.0,161149728.0,1,3,Mes(es),2026-08-19,-672.0,-4.170017573645489e-06,0,90.0
CO1.BDOS.10618315,SAMC-017-2026 (Manifestación de interés (Menor Cuantía)) (Presentación de oferta),MUNICIPIO DE VILLAPINZON,Cundinamarca,Villapinzón,Selección Abreviada de Menor Cuantía,Obra,Seleccionado,70202289.0,70202289.0,2,2,Mes(es),2026-08-19,0.0,0.0,0,60.0
CO1.BDOS.10565366,SAMC 008-2026 (Manifestación de interés (Menor Cuantía)) (Presentación de oferta),ALCALDIA MUNICIPAL DE GUASCA,Cundinamarca,Guasca,Selección Abreviada de Menor Cuantía,Obra,Seleccionado,340521836.0,340521836.0,1,4,Mes(es),2026-08-18,0.0,0.0,0,120.0
CO1.BDOS.10685013,MIC-SP-003-2026,MUNICIPIO DE SIBATE,Cundinamarca,Sibaté,Mínima cuantía,Obra,Seleccionado,11035699.0,9853310.0,2,2,Mes(es),2026-08-18,-1182389.0,-0.10714219371151751,0,60.0
CO1.BDOS.10575703,SAMC-009-2026 (Manifestación de interés (Menor Cuantía)) (Presentación de oferta),MUNICIPIO DE SAN FRANCISCO,Cundinamarca,San Francisco,Selección Abreviada de Menor Cuantía,Obra,Seleccionado,434904387.0,434898324.0,2,3,Mes(es),2026-08-13,-6063.0,-1.394099526524206e-05,0,90.0
CO1.BDOS.10517683,LP-002-2026 (Fase de Selección (Presentación de ofertas)),ALCALDIA MUNICIPAL DE EL COLEGIO,Cundinamarca,El Colegio,Licitación pública Obra Publica,Obra,Seleccionado,4635454545.0,4343525473.0,2,6,Mes(es),2026-08-11,-291929072.0,-0.0629774424850929,0,180.0
CO1.BDOS.10604801,CD-CI-133-2026,ALCALDIA MUNICIPIO DE NOCAIMA,Cundinamarca,Nocaima,Contratación Directa (con ofertas),Obra,Seleccionado,49893739.0,49893739.0,1,5,Mes(es),2026-08-11,0.0,0.0,0,150.0
CO1.BDOS.10641462,MIC-065-2026,Alcaldía Municipal de Gachalá,Cundinamarca,Gachala,Mínima cuantía,Obra,Seleccionado,35000000.0,34999328.0,1,4,Mes(es),2026-08-10,-672.0,-1.92e-05,0,120.0
CO1.BDOS.10529363,SAMC-011-2026 (Manifestación de interés (Menor Cuantía)) (Presentación de oferta),ALCALDIA DE TABIO,Cundinamarca,Tabio,Selección Abreviada de Menor Cuantía,Obra,Seleccionado,299979365.0,299451798.0,3,120,día(s),2026-08-10,-527567.0,-0.0017586776343766178,0,120.0
CO1.BDOS.10547424,SAMC-004-2026 (Manifestación de interés (Menor Cuantía)) (Presentación de oferta),MUNICIPIO DE TIBIRITA,Cundinamarca,Tibirita,Selección Abreviada de Menor Cuantía,Obra,Seleccionado,292144635.0,288600919.0,1,5,Mes(es),2026-08-10,-3543716.0,-0.012130005399551492,0,150.0
CO1.BDOS.10612230,MC-057-2026,ALCALDIA MUNICIPAL DE GUADUAS,Cundinamarca,Guaduas,Mínima cuantía,Obra,Seleccionado,8291160.0,8125388.0,1,1,Mes(es),2026-08-06,-165772.0,-0.019993824748286128,0,30.0
CO1.BDOS.10473251,LP-002-2026 (Fase de Selección (Presentación de ofertas)),MUNICIPIO DE APULO,Cundinamarca,Apulo,Licitación pública Obra Publica,Obra,Seleccionado,667086554.0,660646958.0,1,3,Mes(es),2026-08-04,-6439596.0,-0.009653314043562629,0,90.0
CO1.BDOS.10274893,FTIC-SAMC-005-2026. (Manifestación de interés (Menor Cuantía)) (Presentación de oferta),ALCALDÍA MUNICIPAL DE SASAIMA,Cundinamarca,Sasaima,Selección Abreviada de Menor Cuantía,Obra,Seleccionado,280000000.0,279900000.0,1,0,día(s),2026-08-04,-100000.0,-0.00035714285714285714,0,0.0
CO1.BDOS.10508182,SAMC-SI-017-2026 (Manifestación de interés (Menor Cuantía)) (Presentación de oferta),MUNICIPIO DE SIBATE,Cundinamarca,Sibaté,Selección Abreviada de Menor Cuantía,Obra,Seleccionado,300000000.0,280445999.0,7,115,día(s),2026-08-04,-19554001.0,-0.06518000333333333,0,115.0
CO1.BDOS.10373868,SAMC 019-2026 (Manifestación de interés (Menor Cuantía)) (Presentación de oferta),ALCALDIA MUNICIPAL DE GIRARDOT,Cundinamarca,Girardot,Selección Abreviada de Menor Cuantía,Obra,Seleccionado,780907725.0,780886574.0,1,2,Mes(es),2026-08-04,-21151.0,-2.708514632762789e-05,0,60.0
CO1.BDOS.10320839,LP-011-2026 (Fase de Selección (Presentación de ofertas)),ALCALDIA MUNICIPAL DE GUADUAS,Cundinamarca,Guaduas,Licitación pública Obra Publica,Obra,Seleccionado,969663073.0,911483281.0,21,5,Mes(es),2026-08-03,-58179792.0,-0.0600000078583997,0,150.0
CO1.BDOS.10457707,SAMC-022-2026 (Manifestación de interés (Menor Cuantía)) (Presentación de oferta),MUNICIPIO DE UBATE,Cundinamarca,Villa De San Diego De Ubate,Selección Abreviada de Menor Cuantía,Obra,Seleccionado,112688332.0,112686887.0,1,1,Mes(es),2026-08-03,-1445.0,-1.2822977981429347e-05,0,30.0
CO1.BDOS.10598738,MC 2026-0573,ALCALDIA MUNICIPAL FUSAGASUGA,Cundinamarca,Fusagasugá,Mínima cuantía,Obra,Seleccionado,75029239.0,70527485.0,2,3,Mes(es),2026-08-03,-4501754.0,-0.05999999546843331,0,90.0
CO1.BDOS.10587540,SMC-OP-014-2026,MUNICIPIO DE LA CALERA CUNDINAMARCA,Cundinamarca,La Calera,Mínima cuantía,Obra,Seleccionado,37000000.0,32971423.0,2,1,Mes(es),2026-07-31,-4028577.0,-0.10888045945945946,0,30.0
CO1.BDOS.10514917,SAMC-008-2026 (Manifestación de interés (Menor Cuantía)) (Presentación de oferta),MUNICIPIO DE SAN FRANCISCO,Cundinamarca,San Francisco,Selección Abreviada de Menor Cuantía,Obra,Seleccionado,444725308.0,444723642.0,2,3,Mes(es),2026-07-31,-1666.0,-3.7461326576899013e-06,0,90.0
CO1.BDOS.10488597,SAMC 004-2026 (Manifestación de interés (Menor Cuantía)) (Presentación de oferta),MUNICIPIO DE APULO,Cundinamarca,Apulo,Selección Abreviada de Menor Cuantía,Obra,Seleccionado,100000000.0,99785959.0,2,2,Mes(es),2026-07-30,-214041.0,-0.00214041,0,60.0
CO1.BDOS.10488527,SAMC 003-2026 (Manifestación de interés (Menor Cuantía)) (Presentación de oferta),MUNICIPIO DE APULO,Cundinamarca,Apulo,Selección Abreviada de Menor Cuantía,Obra,Seleccionado,100000000.0,99941874.0,1,2,Mes(es),2026-07-30,-58126.0,-0.00058126,0,60.0
CO1.BDOS.10476093,ALSAT SAMC 010-2026 (Manifestación de interés (Menor Cuantía)) (Presentación de oferta),MUNICIPIO DE SAN ANTONIO DEL TEQUENDAMA,Cundinamarca,San Antonio Del Tequendama,Selección Abreviada de Menor Cuantía,Obra,Seleccionado,489398858.0,489296361.0,1,3,Mes(es),2026-07-30,-102497.0,-0.00020943448952633233,0,90.0
CO1.BDOS.10457520,SA-MC-010-2026 (Manifestación de interés (Menor Cuantía)) (Presentación de oferta),Alcaldía Municipal de Gachalá,Cundinamarca,Gachala,Selección Abreviada de Menor Cuantía,Obra,Seleccionado,206981260.0,206785588.0,1,6,Mes(es),2026-07-30,-195672.0,-0.0009453609471698066,0,180.0
CO1.BDOS.10447566,SAMC-006-2026 (Manifestación de interés (Menor Cuantía)) (Presentación de oferta),MUNICIPIO DE MACHETA,Cundinamarca,Macheta,Selección Abreviada de Menor Cuantía,Obra,Seleccionado,475880768.0,468460557.0,1,60,día(s),2026-07-29,-7420211.0,-0.015592584317254863,0,60.0
CO1.BDOS.10568127,PMC-030-2026,MUNICIPIO DE TIBIRITA,Cundinamarca,Tibirita,Mínima cuantía,Obra,Seleccionado,29998680.0,19999727.0,7,2,Mes(es),2026-07-29,-9998953.0,-0.33331309910969414,0,60.0
CO1.BDOS.10560459,SMC-034-2026,MUNICIPIO DE GACHANCIPA,Cundinamarca,Gachancipá,Mínima cuantía,Obra,Seleccionado,34239773.0,34239712.0,1,0,día(s),2026-07-28,-61.0,-1.7815538671941546e-06,0,0.0
CO1.BDOS.10438470,SAMC 015-2026 (Manifestación de interés (Menor Cuantía)) (Presentación de oferta),ALCALDIA MUNICIPIO DE NOCAIMA,Cundinamarca,Nocaima,Selección Abreviada de Menor Cuantía,Obra,Seleccionado,432533337.0,432449528.0,3,4,Mes(es),2026-07-28,-83809.0,-0.0001937630994671747,0,120.0
CO1.BDOS.10555509,MIC-SI-005-2026,MUNICIPIO DE SIBATE,Cundinamarca,Sibaté,Mínima cuantía,Obra,Seleccionado,49025000.0,41964259.0,8,2,Mes(es),2026-07-28,-7060741.0,-0.14402327383987762,0,60.0
CO1.BDOS.10456920,SAMC-003-2026 (Manifestación de interés (Menor Cuantía)) (Presentación de oferta),MUNICIPIO DE TIBIRITA,Cundinamarca,Tibirita,Selección Abreviada de Menor Cuantía,Obra,Seleccionado,200000000.0,196999829.0,3,3,Mes(es),2026-07-28,-3000171.0,-0.015000855,0,90.0
CO1.BDOS.10381226,MP-MC-010-2026_1,MUNICIPIO DE PANDI,Cundinamarca,No Definido,Mínima cuantía,Obra,Seleccionado,48979967.0,47076648.0,6,60,día(s),2026-07-27,-1903319.0,-0.03885913193857399,0,60.0
CO1.BDOS.10431360,SAMC 2026-0547 (Manifestación de interés (Menor Cuantía)) (Presentación de oferta),ALCALDIA MUNICIPAL FUSAGASUGA,Cundinamarca,Fusagasugá,Selección Abreviada de Menor Cuantía,Obra,Seleccionado,281706060.0,269027631.0,2,5,Mes(es),2026-07-27,-12678429.0,-0.04500587953272997,0,150.0
CO1.BDOS.10432175,SAMC 2026-0548 (Manifestación de interés (Menor Cuantía)) (Presentación de oferta),ALCALDIA MUNICIPAL FUSAGASUGA,Cundinamarca,Fusagasugá,Selección Abreviada de Menor Cuantía,Obra,Seleccionado,153543130.0,146172932.0,3,45,día(s),2026-07-27,-7370198.0,-0.04800083207890838,0,45.0
CO1.BDOS.10404309,SAMC 015-2026 ALC-GTA (Manifestación de interés (Menor Cuantía)) (Presentación de oferta),MUNICIPIO DE GUACHETÁ,Cundinamarca,Guachetá,Selección Abreviada de Menor Cuantía,Obra,Seleccionado,144687400.0,143352950.0,1,1,Mes(es),2026-07-24,-1334450.0,-0.009222986935973692,0,30.0
CO1.BDOS.10431782,SAMC-021-2026 (Manifestación de interés (Menor Cuantía)) (Presentación de oferta),ALCALDIA MUNICIPIO DE CAJICA,Cundinamarca,Cajicá,Selección Abreviada de Menor Cuantía,Obra,Seleccionado,219636428.0,202622685.0,2,50,día(s),2026-07-24,-17013743.0,-0.07746321115730402,0,50.0
CO1.BDOS.10396307,LP-SI-006-2026 (Fase de Selección (Presentación de ofertas)),MUNICIPIO DE SIBATE,Cundinamarca,Sibaté,Licitación pública Obra Publica,Obra,Seleccionado,2509106159.0,2361825363.0,21,130,día(s),2026-07-22,-147280796.0,-0.05869851120954504,0,130.0
CO1.BDOS.10481785,CQ-MC-021-2026,MUNICIPIO DE CAQUEZA,Cundinamarca,Caqueza,Mínima cuantía,Obra,Seleccionado,49000000.0,49000000.0,1,5,Mes(es),2026-07-21,0.0,0.0,0,150.0
CO1.BDOS.10358181,SAMC 004-2026  (Manifestación de interés (Menor Cuantía)) (Presentación de oferta),ALCALDIA MUNICIPAL DE GUASCA,Cundinamarca,Guasca,Selección Abreviada de Menor Cuantía,Obra,Seleccionado,120000000.0,119997600.0,1,6,Mes(es),2026-07-21,-2400.0,-2e-05,0,180.0
CO1.BDOS.10410602,SA-MC-001-2026 (Manifestación de interés (Menor Cuantía)) (Presentación de oferta),INSTITUTO MUNICIPAL DE VIVIENDA DE INTERÉS SOCIAL CAJICA,Cundinamarca,Cajicá,Selección Abreviada de Menor Cuantía,Obra,Seleccionado,446104112.0,446102820.0,1,3,Mes(es),2026-07-21,-1292.0,-2.8961849156862287e-06,0,90.0
CO1.BDOS.10385214,SAMC-007 -2026 (Manifestación de interés (Menor Cuantía)) (Presentación de oferta),ALCALDIA MUNICIPAL DE GUASCA,Cundinamarca,Guasca,Selección Abreviada de Menor Cuantía,Obra,Seleccionado,232592686.0,232589202.0,1,4,Mes(es),2026-07-21,-3484.0,-1.4978974876277924e-05,0,120.0
CO1.BDOS.10514460,MIC-064-2026,Alcaldía Municipal de Gachalá,Cundinamarca,Gachala,Mínima cuantía,Obra,Seleccionado,49000000.0,49000000.0,1,3,Mes(es),2026-07-21,0.0,0.0,0,90.0
CO1.BDOS.10379826,SAMC 2026-0540 (Manifestación de interés (Menor Cuantía)) (Presentación de oferta),ALCALDIA MUNICIPAL FUSAGASUGA,Cundinamarca,Fusagasugá,Selección Abreviada de Menor Cuantía,Obra,Seleccionado,247306304.0,236786634.0,4,4,Mes(es),2026-07-17,-10519670.0,-0.042537007063111504,0,120.0
CO1.BDOS.10405072,ALSAT SAMC 009-2026 (Manifestación de interés (Menor Cuantía)) (Presentación de oferta),MUNICIPIO DE SAN ANTONIO DEL TEQUENDAMA,Cundinamarca,San Antonio Del Tequendama,Selección Abreviada de Menor Cuantía,Obra,Seleccionado,200000000.0,199991047.0,1,2,Mes(es),2026-07-16,-8953.0,-4.4765e-05,0,60.0
CO1.BDOS.10489941,ESAL 007-2026,ALCALDÍA MUNICIPAL DE NILO,Cundinamarca,Nilo,Contratación Directa (con ofertas),Obra,Seleccionado,642840000.0,642840000.0,1,6,Mes(es),2026-07-16,0.0,0.0,0,180.0
CO1.BDOS.10377432,LP-010-2026 (Fase de Selección (Presentación de ofertas)),ALCALDIA MUNICIPAL DE GUADUAS,Cundinamarca,Guaduas,Licitación pública Obra Publica,Obra,Seleccionado,2398867283.0,2237106744.0,34,5,Mes(es),2026-07-15,-161760539.0,-0.06743205017899274,0,150.0
CO1.BDOS.10378397,SAMC. 009-026 (Manifestación de interés (Menor Cuantía)) (Presentación de oferta),ALCALDIA MUNICIPAL DE BOJACA,Cundinamarca,Bojacá,Selección Abreviada de Menor Cuantía,Obra,Seleccionado,250000000.0,249996492.0,2,5,Mes(es),2026-07-15,-3508.0,-1.4032e-05,0,150.0
CO1.BDOS.10457344,MC-052-2026,MUNICIPIO DE VILLAPINZON,Cundinamarca,Villapinzón,Mínima cuantía,Obra,Seleccionado,48995569.0,48995569.0,1,2,Mes(es),2026-07-14,0.0,0.0,0,60.0
CO1.BDOS.10367414,SA-012 - 2026 (Manifestación de interés (Menor Cuantía)) (Presentación de oferta),MUNICIPIO DE LA MESA,Cundinamarca,La Mesa,Selección Abreviada de Menor Cuantía,Obra,Seleccionado,425683495.0,425680126.0,1,2,Mes(es),2026-07-14,-3369.0,-7.914330810500416e-06,0,60.0
CO1.BDOS.10367338,SAMC-019-2026 (Manifestación de interés (Menor Cuantía)) (Presentación de oferta),MUNICIPIO DE PACHO,Cundinamarca,Pacho,Selección Abreviada de Menor Cuantía,Obra,Seleccionado,100000000.0,99976236.0,1,3,Mes(es),2026-07-14,-23764.0,-0.00023764,0,90.0
CO1.BDOS.10380872,SAMC-011-2026 (Manifestación de interés (Menor Cuantía)) (Presentación de oferta),ALCALDÍA MUNICIPAL COTA,Cundinamarca,Cota,Selección Abreviada de Menor Cuantía,Obra,Seleccionado,375960770.0,370165886.0,3,5,Mes(es),2026-07-10,-5794884.0,-0.0154135337045937,0,150.0
CO1.BDOS.10341536,SAMC-018-2026 (Manifestación de interés (Menor Cuantía)) (Presentación de oferta),MUNICIPIO DE PACHO,Cundinamarca,Pacho,Selección Abreviada de Menor Cuantía,Obra,Seleccionado,300000000.0,299928708.0,1,3,Mes(es),2026-07-08,-71292.0,-0.00023764,0,90.0
CO1.BDOS.10326952,SAMC-016-2026 (Manifestación de interés (Menor Cuantía)) (Presentación de oferta),MUNICIPIO DE PACHO,Cundinamarca,Pacho,Selección Abreviada de Menor Cuantía,Obra,Seleccionado,393079000.0,392985589.0,1,3,Mes(es),2026-07-07,-93411.0,-0.00023763925317811432,0,90.0
CO1.BDOS.10327057,SAMC-017-2026 (Manifestación de interés (Menor Cuantía)) (Presentación de oferta),MUNICIPIO DE PACHO,Cundinamarca,Pacho,Selección Abreviada de Menor Cuantía,Obra,Seleccionado,366158000.0,366077430.0,1,3,Mes(es),2026-07-07,-80570.0,-0.00022004162137656422,0,90.0
CO1.BDOS.10335887,SAMC 007-2026 (Manifestación de interés (Menor Cuantía)) (Presentación de oferta),ALCALDIA MUNICIPIO DE RICAURTE,Cundinamarca,Ricaurte,Selección Abreviada de Menor Cuantía,Obra,Seleccionado,125263798.0,125262242.0,1,1,Mes(es),2026-07-06,-1556.0,-1.2421785263129256e-05,0,30.0
CO1.BDOS.10427625,IPMC-008 -2026,MUNICIPIO DE COGUA,Cundinamarca,Cogua,Mínima cuantía,Obra,Seleccionado,49000000.0,48936151.0,1,2,Mes(es),2026-07-06,-63849.0,-0.0013030408163265306,0,60.0
CO1.BDOS.10422673,MC-049-2026,MUNICIPIO DE VILLAPINZON,Cundinamarca,Villapinzón,Mínima cuantía,Obra,Seleccionado,49019337.0,49019337.0,3,0,día(s),2026-07-06,0.0,0.0,0,0.0
CO1.BDOS.10350401,SAMC-003-2026 (Manifestación de interés (Menor Cuantía)) (Presentación de oferta),ALCALDIA MUNICIPAL DE GUASCA,Cundinamarca,Guasca,Selección Abreviada de Menor Cuantía,Obra,Seleccionado,411358633.0,411358633.0,1,4,Mes(es),2026-07-06,0.0,0.0,0,120.0
CO1.BDOS.10327899,LP-001-2026 (Fase de Selección (Presentación de ofertas)),MUNICIPIO DE APULO,Cundinamarca,Apulo,Licitación pública Obra Publica,Obra,Seleccionado,7909090909.0,7909090909.0,6,12,Mes(es),2026-07-02,0.0,0.0,0,360.0
CO1.BDOS.10359934,SAMC-020-2026 (Manifestación de interés (Menor Cuantía)) (Presentación de oferta),ALCALDIA MUNICIPIO DE CAJICA,Cundinamarca,Cajicá,Selección Abreviada de Menor Cuantía,Obra,Seleccionado,128964201.0,127943978.0,1,5,Mes(es),2026-07-02,-1020223.0,-0.007910900793313953,0,150.0
CO1.BDOS.10351328,LP-009-2026 (Fase de Selección (Presentación de ofertas)),ALCALDIA MUNICIPAL DE GUADUAS,Cundinamarca,Guaduas,Licitación pública Obra Publica,Obra,Seleccionado,1125158736.0,944008179.0,71,4,Mes(es),2026-07-02,-181150557.0,-0.1610000004479368,0,120.0
CO1.BDOS.10267255,SA-AMS-2026-0005 (Manifestación de interés (Menor Cuantía)) (Presentación de oferta),ALCALDÍA MUNICIPAL DE SOPO,Cundinamarca,Sopó,Selección Abreviada de Menor Cuantía,Obra,Seleccionado,240000000.0,239847838.0,2,5,Mes(es),2026-07-02,-152162.0,-0.0006340083333333333,0,150.0
CO1.BDOS.10109288,LP-001-2026 (Fase de Selección (Presentación de ofertas)),Alcaldía Municipal de Gachalá,Cundinamarca,Gachala,Licitación pública Obra Publica,Obra,Seleccionado,1272727272.0,1272727272.0,5,0,día(s),2026-07-01,0.0,0.0,0,0.0
CO1.BDOS.10340391,SAMC-017-2026 (Manifestación de interés (Menor Cuantía)) (Presentación de oferta),ALCALDIA MUNICIPIO DE CAJICA,Cundinamarca,Cajicá,Selección Abreviada de Menor Cuantía,Obra,Seleccionado,189813793.0,175753512.0,2,43,día(s),2026-07-01,-14060281.0,-0.07407407426919707,0,43.0
CO1.BDOS.10334231,SAMC 002-2026 (Manifestación de interés (Menor Cuantía)) (Presentación de oferta),MUNICIPIO DE APULO,Cundinamarca,Apulo,Selección Abreviada de Menor Cuantía,Obra,Seleccionado,100000000.0,99651342.0,1,2,Mes(es),2026-06-30,-348658.0,-0.00348658,0,60.0
CO1.BDOS.10393016,MC-CMC-CBA-016-2026,SENA REGIONAL CUNDINAMARCA Grupo Administrativo CBA,Cundinamarca,Mosquera,Mínima cuantía,Obra,Seleccionado,52537689.0,52228360.0,4,45,día(s),2026-06-30,-309329.0,-0.0058877542177388125,0,45.0
CO1.BDOS.10392783,MC 020-2026,ALCALDIA MUNICIPIO DE RICAURTE,Cundinamarca,Ricaurte,Mínima cuantía,Obra,Seleccionado,49012360.0,48972241.0,1,1,Mes(es),2026-06-30,-40119.0,-0.0008185486273258419,0,30.0
CO1.BDOS.10100676,SAMC-004-2026 (Manifestación de interés (Menor Cuantía)) (Presentación de oferta),ALCALDIA MUNICIPAL DE CHIA,Cundinamarca,Chía,Selección Abreviada de Menor Cuantía,Obra,Seleccionado,682000000.0,682000000.0,5,7,Mes(es),2026-06-30,0.0,0.0,0,210.0
CO1.BDOS.10340657,SAMC-002-2026 (Manifestación de interés (Menor Cuantía)) (Presentación de oferta),ALCALDIA MUNICIPAL DE GUASCA,Cundinamarca,Guasca,Selección Abreviada de Menor Cuantía,Obra,Seleccionado,110228926.0,110007732.0,1,4,Mes(es),2026-06-30,-221194.0,-0.0020066783559153974,0,120.0
CO1.BDOS.10346306,SAMC-016-2026 (Manifestación de interés (Menor Cuantía)) (Presentación de oferta),MUNICIPIO DE VILLAPINZON,Cundinamarca,Villapinzón,Selección Abreviada de Menor Cuantía,Obra,Seleccionado,99773000.0,99699278.0,2,2,Mes(es),2026-06-26,-73722.0,-0.000738897296863881,0,60.0
CO1.BDOS.10305437,SAMC-017-2026 (Manifestación de interés (Menor Cuantía)) (Presentación de oferta),MUNICIPIO DE UBATE,Cundinamarca,Villa De San Diego De Ubate,Selección Abreviada de Menor Cuantía,Obra,Seleccionado,400000000.0,399994520.0,2,2,Mes(es),2026-06-26,-5480.0,-1.37e-05,0,60.0
CO1.BDOS.10312965,SAMC-008-2026 (Manifestación de interés (Menor Cuantía)) (Presentación de oferta),ALCALDIA MUNICIPAL DE VIOTÁ,Cundinamarca,Viotá,Selección Abreviada de Menor Cuantía,Obra,Seleccionado,391779199.0,391498301.0,2,4,Mes(es),2026-06-24,-280898.0,-0.0007169803826159745,0,120.0
CO1.BDOS.10317460,LP-007-2026 (Fase de Selección (Presentación de ofertas)),ALCALDIA MUNICIPAL DE GUADUAS,Cundinamarca,Guaduas,Licitación pública Obra Publica,Obra,Seleccionado,2420000000.0,2253519908.0,40,5,Mes(es),2026-06-24,-166480092.0,-0.06879342644628099,0,150.0
CO1.BDOS.10322672,LP-008-2026 (Fase de Selección (Presentación de ofertas)),ALCALDIA MUNICIPAL DE GUADUAS,Cundinamarca,Guaduas,Licitación pública Obra Publica,Obra,Seleccionado,2351352173.0,2205709313.0,13,5,Mes(es),2026-06-24,-145642860.0,-0.06194004525242166,0,150.0
CO1.BDOS.10316085,SAMC-CMC-CBA-008-2026 (Manifestación de interés (Menor Cuantía)) (Presentación de oferta),SENA REGIONAL CUNDINAMARCA Grupo Administrativo CBA,Cundinamarca,Mosquera,Selección Abreviada de Menor Cuantía,Obra,Seleccionado,578269354.0,341041868.0,1,5,Mes(es),2026-06-23,-237227486.0,-0.41023700176924816,0,150.0
CO1.BDOS.10255726,027-00-K-ESUFA-GRUAL-2026  (Manifestación de interés (Menor Cuantía)) (Presentación de oferta),ESCUELA DE SUBOFICIALES  FAC CT ANDRES M DIAZ,Cundinamarca,No Definido,Selección Abreviada de Menor Cuantía,Obra,Seleccionado,1200000000.0,1122762181.0,20,4,Mes(es),2026-06-23,-77237819.0,-0.06436484916666667,0,120.0
CO1.BDOS.10371113,MC-23-2026,MUNICIPIO DE CHOCONTÁ,Cundinamarca,Chocontá,Mínima cuantía,Obra,Seleccionado,49000000.0,49000000.0,1,2,Mes(es),2026-06-23,0.0,0.0,0,60.0
CO1.BDOS.10315272,SAMC-015-2026 (Manifestación de interés (Menor Cuantía)) (Presentación de oferta),MUNICIPIO DE VILLAPINZON,Cundinamarca,Villapinzón,Selección Abreviada de Menor Cuantía,Obra,Seleccionado,200600000.0,200585053.0,2,0,día(s),2026-06-22,-14947.0,-7.451146560319043e-05,0,0.0
CO1.BDOS.10365263,MC-015-2026,MUNICIPIO DE FUQUENE,Cundinamarca,Fúquene,Mínima cuantía,Obra,Seleccionado,49000000.0,46891465.0,3,30,día(s),2026-06-22,-2108535.0,-0.04303132653061224,0,30.0
CO1.BDOS.10322002,SAMC-007-2026 (Manifestación de interés (Menor Cuantía)) (Presentación de oferta),MUNICIPIO DE SAN FRANCISCO,Cundinamarca,San Francisco,Selección Abreviada de Menor Cuantía,Obra,Seleccionado,360000000.0,359998119.0,2,3,Mes(es),2026-06-19,-1881.0,-5.225e-06,0,90.0
CO1.BDOS.10294224,SAMC 013-2026 ALC GTA  (Manifestación de interés (Menor Cuantía)) (Presentación de oferta),MUNICIPIO DE GUACHETÁ,Cundinamarca,Guachetá,Selección Abreviada de Menor Cuantía,Obra,Seleccionado,449287730.0,449280908.0,2,3,Mes(es),2026-06-19,-6822.0,-1.5184033625845959e-05,0,90.0
CO1.BDOS.10291414,SAMC-006-2026 (Manifestación de interés (Menor Cuantía)) (Presentación de oferta),ALCALDIA MUNICIPAL DE GUADUAS,Cundinamarca,Guaduas,Selección Abreviada de Menor Cuantía,Obra,Seleccionado,285000000.0,266129622.0,6,4,Mes(es),2026-06-19,-18870378.0,-0.06621185263157894,0,120.0
CO1.BDOS.10282184,SAMC-013-2026 (Manifestación de interés (Menor Cuantía)) (Presentación de oferta),MUNICIPIO DE PACHO,Cundinamarca,Pacho,Selección Abreviada de Menor Cuantía,Obra,Seleccionado,237178310.0,237114866.0,1,3,Mes(es),2026-06-18,-63444.0,-0.00026749494926412115,0,90.0
CO1.BDOS.10313895,SAMC-017-2026 (Manifestación de interés (Menor Cuantía)) (Presentación de oferta),MUNICIPIO DE GACHANCIPA,Cundinamarca,Gachancipá,Selección Abreviada de Menor Cuantía,Obra,Seleccionado,393143568.0,393143568.0,2,0,día(s),2026-06-18,0.0,0.0,0,0.0
CO1.BDOS.10304782,SAMC 110-2026 (Manifestación de interés (Menor Cuantía)) (Presentación de oferta),IDERF,Cundinamarca,Fusagasugá,Selección Abreviada de Menor Cuantía,Obra,Seleccionado,300000000.0,300000000.0,1,210,día(s),2026-06-18,0.0,0.0,0,210.0
CO1.BDOS.10275319,SAMC 080-2026 (Manifestación de interés (Menor Cuantía)) (Presentación de oferta),MUNICIPIO DE ANAPOIMA/,Cundinamarca,No Definido,Selección Abreviada de Menor Cuantía,Obra,Seleccionado,363257692.0,344911847.0,6,7,Mes(es),2026-06-17,-18345845.0,-0.05050366559065183,0,210.0
CO1.BDOS.10288492,001-2026,ESE CENTRO DE SALUD SAN JOSE DE NIMAIMA,Cundinamarca,Nimaima,Contratación régimen especial (con ofertas),Obra,Seleccionado,1388825028.0,1313812540.0,4,3,Mes(es),2026-06-17,-75012488.0,-0.05401147479896942,0,90.0
CO1.BDOS.10348702,MC-010-2026,MUNICIPIO DE SAN FRANCISCO,Cundinamarca,San Francisco,Mínima cuantía,Obra,Seleccionado,41400373.0,33120297.0,7,1,Mes(es),2026-06-17,-8280076.0,-0.20000003381612044,0,30.0
CO1.BDOS.10307425,LP-005-2026 (Fase de Selección (Presentación de ofertas)),ALCALDIA MUNICIPAL DE GUADUAS,Cundinamarca,Guaduas,Licitación pública Obra Publica,Obra,Seleccionado,751061788.0,703743825.0,17,5,Mes(es),2026-06-17,-47317963.0,-0.06300142512376092,0,150.0
CO1.BDOS.10263835,LPO-002-2026 (Fase de Selección (Presentación de ofertas)),MUNICIPIO DE LA CALERA CUNDINAMARCA,Cundinamarca,La Calera,Licitación pública Obra Publica,Obra,Seleccionado,909090909.0,857726811.0,12,8,Mes(es),2026-06-17,-51364098.0,-0.05650050780565005,0,240.0
CO1.BDOS.10291362,SAMC-014-2026 (Manifestación de interés (Menor Cuantía)) (Presentación de oferta),MUNICIPIO DE PACHO,Cundinamarca,Pacho,Selección Abreviada de Menor Cuantía,Obra,Seleccionado,129984556.0,129980390.0,1,2,Mes(es),2026-06-17,-4166.0,-3.2049961381565974e-05,0,60.0
CO1.BDOS.10290410,SAMC.OP.010-2026 (Manifestación de interés (Menor Cuantía)) (Presentación de oferta),MUNICIPIO DE LA CALERA CUNDINAMARCA,Cundinamarca,La Calera,Selección Abreviada de Menor Cuantía,Obra,Seleccionado,130000000.0,121977685.0,5,1,Mes(es),2026-06-16,-8022315.0,-0.061710115384615384,0,30.0
CO1.BDOS.10345643,MC-034-2026,ALCALDIA MUNICIPIO DE LA VEGA CUNDINAMARCA,Cundinamarca,La Vega,Mínima cuantía,Obra,Seleccionado,44056022.0,43945508.0,1,45,día(s),2026-06-16,-110514.0,-0.0025084879429195855,0,45.0
CO1.BDOS.10251473,SAMC-004-2026 (Manifestación de interés (Menor Cuantía)) (Presentación de oferta),ALCALDIA DE GAMA,Cundinamarca,Gama,Selección Abreviada de Menor Cuantía,Obra,Seleccionado,317401830.0,317401830.0,1,4,Mes(es),2026-06-12,0.0,0.0,0,120.0
CO1.BDOS.10277555,LP-001-2026 (Fase de Selección (Presentación de ofertas)),ALCALDÍA NEMOCON,Cundinamarca,Nemocón,Licitación pública Obra Publica,Obra,Seleccionado,1922268131.0,1803660671.0,35,3,Mes(es),2026-06-11,-118607460.0,-0.06170182925432893,0,90.0
CO1.BDOS.10290323,SAMC 084-2026 (Manifestación de interés (Menor Cuantía)) (Presentación de oferta),MUNICIPIO DE ANAPOIMA/,Cundinamarca,No Definido,Selección Abreviada de Menor Cuantía,Obra,Seleccionado,140294781.0,140294781.0,1,2,Mes(es),2026-06-11,0.0,0.0,0,60.0
CO1.BDOS.10252738,FTIC-SAMC-012-2026 (Manifestación de interés (Menor Cuantía)) (Presentación de oferta),ALCALDÍA MUNICIPAL DE SASAIMA,Cundinamarca,Sasaima,Selección Abreviada de Menor Cuantía,Obra,Seleccionado,300000000.0,299937540.0,2,0,día(s),2026-06-11,-62460.0,-0.0002082,0,0.0
CO1.BDOS.10264822,SAMC-019-2026 (Manifestación de interés (Menor Cuantía)) (Presentación de oferta),ALCALDIA MUNICIPIO DE LA VEGA CUNDINAMARCA,Cundinamarca,La Vega,Selección Abreviada de Menor Cuantía,Obra,Seleccionado,145000000.0,144831211.0,2,0,día(s),2026-06-10,-168789.0,-0.0011640620689655173,0,0.0
CO1.BDOS.10262964,SAMC 010-2026 (Manifestación de interés (Menor Cuantía)) (Presentación de oferta),ALCALDIA MUNICIPIO DE NOCAIMA,Cundinamarca,Nocaima,Selección Abreviada de Menor Cuantía,Obra,Seleccionado,100000000.0,95452848.0,4,2,Mes(es),2026-06-10,-4547152.0,-0.04547152,0,60.0
CO1.BDOS.10280487,SA-AMS-2026-0004 (Manifestación de interés (Menor Cuantía)) (Presentación de oferta),ALCALDÍA MUNICIPAL DE SOPO,Cundinamarca,Sopó,Selección Abreviada de Menor Cuantía,Obra,Seleccionado,266626463.0,266626463.0,1,3,Mes(es),2026-06-09,0.0,0.0,0,90.0
CO1.BDOS.10266690,PN ESCAR SA MC 040 2026 (Manifestación de interés (Menor Cuantía)) (Presentación de oferta),ESCUELA NACIONAL DE CARABINEROS POLICIA NACIONAL,Cundinamarca,Facatativá,Selección Abreviada de Menor Cuantía,Obra,Seleccionado,1592034661.0,1592034661.0,6,120,día(s),2026-06-09,0.0,0.0,0,120.0
CO1.BDOS.10329967,MC-20-2026,MUNICIPIO DE SOACHA..,Cundinamarca,Soacha,Mínima cuantía,Obra,Seleccionado,100000000.0,94248306.0,2,7,Mes(es),2026-06-09,-5751694.0,-0.05751694,0,210.0
CO1.BDOS.10278948,MUNVILLETASAMC-007-2026_2 (Manifestación de interés (Menor Cuantía)) (Presentación de oferta),ALCALDIA MUNICIPAL DE VILLETA,Cundinamarca,Villeta,Selección Abreviada de Menor Cuantía,Obra,Seleccionado,200000000.0,199478108.0,1,2,Mes(es),2026-06-09,-521892.0,-0.00260946,0,60.0
CO1.BDOS.10132711,SAMC 006-2026 ALC GTA  (Manifestación de interés (Menor Cuantía)) (Presentación de oferta),MUNICIPIO DE GUACHETÁ,Cundinamarca,Guachetá,Selección Abreviada de Menor Cuantía,Obra,Seleccionado,390419337.0,390415188.0,1,3,Mes(es),2026-06-09,-4149.0,-1.0627035105077287e-05,0,90.0
CO1.BDOS.10174544,SAMC 009-2026 ALC GTA  (Manifestación de interés (Menor Cuantía)) (Presentación de oferta),MUNICIPIO DE GUACHETÁ,Cundinamarca,Guachetá,Selección Abreviada de Menor Cuantía,Obra,Seleccionado,118630316.0,118629242.0,1,2,Mes(es),2026-06-09,-1074.0,-9.053335068246804e-06,0,60.0
CO1.BDOS.10274685,LP-003-2026 (Fase de Selección (Presentación de ofertas)),ALCALDIA MUNICIPAL DE PUERTO SALGAR,Cundinamarca,Puerto Salgar,Licitación pública Obra Publica,Obra,Seleccionado,799252545.0,798912545.0,1,0,día(s),2026-06-09,-340000.0,-0.00042539745682010935,0,0.0
CO1.BDOS.10274432,LP 002-2026 (Fase de Selección (Presentación de ofertas)),ALCALDIA MUNICIPIO DE RICAURTE,Cundinamarca,Ricaurte,Licitación pública Obra Publica,Obra,Seleccionado,573498769.0,544454447.0,20,5,Mes(es),2026-06-05,-29044322.0,-0.05064408778181702,0,150.0
CO1.BDOS.10278110,SAMC 2026-0519 (Manifestación de interés (Menor Cuantía)) (Presentación de oferta),ALCALDIA MUNICIPAL FUSAGASUGA,Cundinamarca,Fusagasugá,Selección Abreviada de Menor Cuantía,Obra,Seleccionado,269323457.0,256581677.0,3,5,Mes(es),2026-06-04,-12741780.0,-0.047310323957411554,0,150.0
CO1.BDOS.10273836,SAMC 008-2026 (Manifestación de interés (Menor Cuantía)) (Presentación de oferta),ALCALDIA MUNICIPIO DE NOCAIMA,Cundinamarca,Nocaima,Selección Abreviada de Menor Cuantía,Obra,Seleccionado,486851148.0,486737161.0,1,4,Mes(es),2026-06-04,-113987.0,-0.00023413111064493166,0,120.0
CO1.BDOS.10310051,SMC 019-2026,ALCALDIA MUNICIPIO DE NOCAIMA,Cundinamarca,Nocaima,Mínima cuantía,Obra,Seleccionado,49025340.0,49003600.0,1,1,Mes(es),2026-06-03,-21740.0,-0.0004434441454154117,0,30.0
CO1.BDOS.10251990,SAMC-085-CENACTOLEMAIDA-2026 (Manifestación de interés (Menor Cuantía)) (Presentación de oferta),CENAC TOLEMAIDA,Cundinamarca,Nilo,Selección Abreviada de Menor Cuantía,Obra,Seleccionado,1342453417.0,1342453417.0,38,0,día(s),2026-06-03,0.0,0.0,0,0.0
CO1.BDOS.10260468,SAMC-005-2026 (Manifestación de interés (Menor Cuantía)) (Presentación de oferta),ALCALDIA DE GAMA,Cundinamarca,Gama,Selección Abreviada de Menor Cuantía,Obra,Seleccionado,149430879.0,149387651.0,2,0,día(s),2026-06-02,-43228.0,-0.00028928425161709717,0,0.0
CO1.BDOS.10271705,SAMC-CMC-CDA-001-2026 (Manifestación de interés (Menor Cuantía)) (Presentación de oferta),SENA REGIONAL CUNDINAMARCA Grupo Administrativo CDA,Cundinamarca,Chía,Selección Abreviada de Menor Cuantía,Obra,Seleccionado,326960000.0,326959815.0,1,0,día(s),2026-06-02,-185.0,-5.65818448739907e-07,0,0.0
CO1.BDOS.10295777,MC-CMC-CAE-0255- 2026,SENA REGIONAL CUNDINAMARCA Grupo Administrativo CAE,Cundinamarca,Fusagasugá,Mínima cuantía,Obra,Seleccionado,48957685.0,31773334.0,3,1,Mes(es),2026-06-02,-17184351.0,-0.3510041579784665,0,30.0
CO1.BDOS.10311064,MC-CMC-CAE-0256- 2026,SENA REGIONAL CUNDINAMARCA Grupo Administrativo CAE,Cundinamarca,Fusagasugá,Mínima cuantía,Obra,Seleccionado,5940281.0,4739307.0,4,1,Mes(es),2026-06-02,-1200974.0,-0.20217461093170508,0,30.0
CO1.BDOS.10273027,SAMC-CMC-CBA-004-2026 (Manifestación de interés (Menor Cuantía)) (Presentación de oferta),SENA REGIONAL CUNDINAMARCA Grupo Administrativo CBA,Cundinamarca,Mosquera,Selección Abreviada de Menor Cuantía,Obra,Seleccionado,357028384.0,357028384.0,1,6,Mes(es),2026-06-02,0.0,0.0,0,180.0
CO1.BDOS.10268514,LP-001-2026 (Fase de Selección (Presentación de ofertas)),ALCALDIA MUNICIPAL TAUSA,Cundinamarca,Tausa,Licitación pública Obra Publica,Obra,Seleccionado,2722716427.0,2547272162.0,31,10,Mes(es),2026-06-02,-175444265.0,-0.06443721544417744,0,300.0
CO1.BDOS.10306401,MIC-051-2026,Alcaldía Municipal de Gachalá,Cundinamarca,Gachala,Mínima cuantía,Obra,Seleccionado,40000000.0,39999021.0,1,5,Mes(es),2026-06-01,-979.0,-2.4475e-05,0,150.0
CO1.BDOS.10304413,MC-040-2026,MUNICIPIO DE VILLAPINZON,Cundinamarca,Villapinzón,Mínima cuantía,Obra,Seleccionado,49000000.0,49000000.0,1,4,Mes(es),2026-06-01,0.0,0.0,0,120.0
CO1.BDOS.10214034,SA - 009 -2026 (Manifestación de interés (Menor Cuantía)) (Presentación de oferta),MUNICIPIO DE LA MESA,Cundinamarca,La Mesa,Selección Abreviada de Menor Cuantía,Obra,Seleccionado,100000000.0,100000000.0,2,2,Mes(es),2026-06-01,0.0,0.0,0,60.0
CO1.BDOS.10304439,MC-001-2026,INSTITUCION EDUCATIVA ROBERTO VELANDIA,Cundinamarca,Mosquera,Mínima cuantía,Obra,Seleccionado,49000000.0,49000000.0,4,75,día(s),2026-06-01,0.0,0.0,0,75.0
CO1.BDOS.10247296,SAMC 2026-0516 (Manifestación de interés (Menor Cuantía)) (Presentación de oferta),ALCALDIA MUNICIPAL FUSAGASUGA,Cundinamarca,Fusagasugá,Selección Abreviada de Menor Cuantía,Obra,Seleccionado,305417053.0,295927389.0,3,4,Mes(es),2026-06-01,-9489664.0,-0.031071166153908245,0,120.0
CO1.BDOS.10260235,SA-MC-010-2026 (Manifestación de interés (Menor Cuantía)) (Presentación de oferta),ALCALDIA MUNICIPAL DE GACHETA,Cundinamarca,Gachetá,Selección Abreviada de Menor Cuantía,Obra,Seleccionado,200000000.0,199900138.0,1,3,Mes(es),2026-05-28,-99862.0,-0.00049931,0,90.0
CO1.BDOS.10246606,SAMC 068-2026 (Manifestación de interés (Menor Cuantía)) (Presentación de oferta),MUNICIPIO DE ANAPOIMA/,Cundinamarca,No Definido,Selección Abreviada de Menor Cuantía,Obra,Seleccionado,463323016.0,463196220.0,3,3,Mes(es),2026-05-28,-126796.0,-0.00027366652555848854,0,90.0
CO1.BDOS.10237541,SAMC-004-2026 (Manifestación de interés (Menor Cuantía)) (Presentación de oferta),ALCALDÍA MUNICIPAL COTA,Cundinamarca,Cota,Selección Abreviada de Menor Cuantía,Obra,Seleccionado,784307084.0,746935559.0,2,6,Mes(es),2026-05-28,-37371525.0,-0.047649097862795795,0,180.0
CO1.BDOS.9956042,LP-001-2026 (Fase de Selección (Presentación de ofertas)),MUNICIPIO MANTA CUNDINAMARCA,Cundinamarca,Manta,Licitación pública Obra Publica,Obra,Seleccionado,1164473520.0,1090527623.0,9,8,Mes(es),2026-05-28,-73945897.0,-0.06350157022033442,0,240.0
CO1.BDOS.10260038,MA-SAMC-006-2026   (Manifestación de interés (Menor Cuantía)) (Presentación de oferta),ALCALDIA MUNICIPIO DE ANOLAIMA,Cundinamarca,Anolaima,Selección Abreviada de Menor Cuantía,Obra,Seleccionado,310000000.0,310000000.0,2,3,Mes(es),2026-05-28,0.0,0.0,0,90.0
CO1.BDOS.10297216,RE-01-2026,INSTITUCION EDUCATIVA DEPARTAMENTAL FRANCISCO JULIAN OLAYA,Cundinamarca,La Mesa,Contratación régimen especial (con ofertas),Obra,Seleccionado,8000000.0,6869796.0,1,30,día(s),2026-05-27,-1130204.0,-0.1412755,0,30.0
CO1.BDOS.10242733,SAMC 005-2026 (Manifestación de interés (Menor Cuantía)) (Presentación de oferta),ALCALDIA MUNICIPIO DE RICAURTE,Cundinamarca,Ricaurte,Selección Abreviada de Menor Cuantía,Obra,Seleccionado,337807603.0,336463514.0,2,3,Mes(es),2026-05-27,-1344089.0,-0.003978859528510967,0,90.0
CO1.BDOS.10232492,022-00-K-ESUFA-GRUAL-2026 (Manifestación de interés (Menor Cuantía)) (Presentación de oferta),ESCUELA DE SUBOFICIALES  FAC CT ANDRES M DIAZ,Cundinamarca,No Definido,Selección Abreviada de Menor Cuantía,Obra,Seleccionado,847343000.0,771082832.0,10,120,día(s),2026-05-27,-76260168.0,-0.08999917152794087,0,120.0
CO1.BDOS.10216508,SA - 010 -2026 (Manifestación de interés (Menor Cuantía)) (Presentación de oferta),MUNICIPIO DE LA MESA,Cundinamarca,La Mesa,Selección Abreviada de Menor Cuantía,Obra,Seleccionado,100000000.0,99980643.0,2,2,Mes(es),2026-05-26,-19357.0,-0.00019357,0,60.0
CO1.BDOS.10179706,LP-002-2026 (Fase de Selección (Presentación de ofertas)),ALCALDIA MUNICIPAL DE PUERTO SALGAR,Cundinamarca,Puerto Salgar,Licitación pública Obra Publica,Obra,Seleccionado,4185314684.0,3935490023.0,29,0,día(s),2026-05-26,-249824661.0,-0.05969077115158206,0,0.0
CO1.BDOS.10290691,MC-018 DE 2026,MUNICIPIO DE MACHETA,Cundinamarca,Macheta,Mínima cuantía,Obra,Seleccionado,29998175.0,24836498.0,2,1,Mes(es),2026-05-25,-5161677.0,-0.1720663673706817,0,30.0
CO1.BDOS.10252244,SAMC 2026-0513 (Manifestación de interés (Menor Cuantía)) (Presentación de oferta),ALCALDIA MUNICIPAL FUSAGASUGA,Cundinamarca,Fusagasugá,Selección Abreviada de Menor Cuantía,Obra,Seleccionado,291786944.0,248018941.0,8,3,Mes(es),2026-05-25,-43768003.0,-0.14999986771169582,0,90.0
CO1.BDOS.10229651,MA-SAMC-005-2026 (Manifestación de interés (Menor Cuantía)) (Presentación de oferta),ALCALDIA MUNICIPIO DE ANOLAIMA,Cundinamarca,Anolaima,Selección Abreviada de Menor Cuantía,Obra,Seleccionado,350000000.0,350000000.0,2,2,Mes(es),2026-05-25,0.0,0.0,0,60.0
CO1.BDOS.10221648,008-MDN-CGFM-DIGSA-FAC-JEFSA-CACOM1-ESM11782-2026 (Manifestación de interés (Menor Cuantía)) (Presentación de oferta),ESM COMANDO AEREO DE COMBATE NO 1,Cundinamarca,Puerto Salgar,Selección Abreviada de Menor Cuantía,Obra,Seleccionado,600000000.0,554640044.0,5,150,día(s),2026-05-25,-45359956.0,-0.07559992666666666,0,150.0
CO1.BDOS.10290787,MC-045-2026,ALCALDIA MUNICIPAL DE GUADUAS,Cundinamarca,Guaduas,Mínima cuantía,Obra,Seleccionado,48998300.0,36665200.0,9,1,Mes(es),2026-05-25,-12333100.0,-0.25170465097768696,0,30.0
CO1.BDOS.10253139,SAMC-010-2026 (Manifestación de interés (Menor Cuantía)) (Presentación de oferta),MUNICIPIO DE VILLAPINZON,Cundinamarca,Villapinzón,Selección Abreviada de Menor Cuantía,Obra,Seleccionado,348000000.0,347992895.0,2,0,día(s),2026-05-22,-7105.0,-2.0416666666666667e-05,0,0.0
CO1.BDOS.10246342,SAMC-012-2026 (Manifestación de interés (Menor Cuantía)) (Presentación de oferta),MUNICIPIO DE VILLAPINZON,Cundinamarca,Villapinzón,Selección Abreviada de Menor Cuantía,Obra,Seleccionado,400000000.0,400000000.0,1,0,día(s),2026-05-22,0.0,0.0,0,0.0
CO1.BDOS.10277323,SMC 018-2026,ALCALDIA MUNICIPIO DE NOCAIMA,Cundinamarca,Nocaima,Mínima cuantía,Obra,Seleccionado,49025340.0,48942974.0,1,6,Mes(es),2026-05-21,-82366.0,-0.0016800699393415732,0,180.0
CO1.BDOS.10230401,SAMC-005-2026 (Manifestación de interés (Menor Cuantía)) (Presentación de oferta),MUNICIPIO DE SAN FRANCISCO,Cundinamarca,San Francisco,Selección Abreviada de Menor Cuantía,Obra,Seleccionado,79530152.0,79529982.0,3,2,Mes(es),2026-05-20,-170.0,-2.137554068801478e-06,0,60.0
CO1.BDOS.10276295,SMC-025-2026,MUNICIPIO DE GACHANCIPA,Cundinamarca,Gachancipá,Mínima cuantía,Obra,Seleccionado,39978713.0,39778211.0,1,0,día(s),2026-05-20,-200502.0,-0.005015218974157572,0,0.0
CO1.BDOS.10184232,FACATATIVA-SA-005-26 (Manifestación de interés (Menor Cuantía)) (Presentación de oferta),ALCALDIA MUNICIPAL DE FACATATIVA,Cundinamarca,Facatativá,Selección Abreviada de Menor Cuantía,Obra,Seleccionado,500000000.0,499950111.0,2,5,Mes(es),2026-05-20,-49889.0,-9.9778e-05,0,150.0
CO1.BDOS.10219880,LP-001-2026 (Fase de Selección (Presentación de ofertas)),ALCALDIA DE SESQUILE,Cundinamarca,Sesquilé,Licitación pública Obra Publica,Obra,Seleccionado,6428247120.0,5987912797.0,27,12,Mes(es),2026-05-20,-440334323.0,-0.06849990592769868,0,360.0
CO1.BDOS.9964831,SAMC-009-2026 (Manifestación de interés (Menor Cuantía)) (Presentación de oferta),MUNICIPIO DE PACHO,Cundinamarca,Pacho,Selección Abreviada de Menor Cuantía,Obra,Seleccionado,120000000.0,119999428.0,1,3,Mes(es),2026-05-20,-572.0,-4.766666666666667e-06,0,90.0
CO1.BDOS.10194203,054-SAMC-CENACINTELIGENCIA-2026 (Manifestación de interés (Menor Cuantía)) (Presentación de oferta),CENTRAL ADMINISTRATIVA Y CONTABLE ESPECIALIZADA INTELIGENCIA,Cundinamarca,No Definido,Selección Abreviada de Menor Cuantía,Obra,Seleccionado,213555185.0,213555185.0,5,7,Mes(es),2026-05-19,0.0,0.0,0,210.0
CO1.BDOS.10243451,SAMC-0009-2026 (Manifestación de interés (Menor Cuantía)) (Presentación de oferta),MUNICIPIO DE FUNZA - ALCALDÍA DE FUNZA,Cundinamarca,Funza,Selección Abreviada de Menor Cuantía,Obra,Seleccionado,350000000.0,350000000.0,2,7,Mes(es),2026-05-19,0.0,0.0,0,210.0
CO1.BDOS.10212885,SAMC.OP-006-2026 (Manifestación de interés (Menor Cuantía)) (Presentación de oferta),MUNICIPIO DE LA CALERA CUNDINAMARCA,Cundinamarca,La Calera,Selección Abreviada de Menor Cuantía,Obra,Seleccionado,100000000.0,92160994.0,3,1,Mes(es),2026-05-19,-7839006.0,-0.07839006,0,30.0
CO1.BDOS.10233630,SAMC. 006-2026 (Manifestación de interés (Menor Cuantía)) (Presentación de oferta),ALCALDIA MUNICIPAL DE BOJACA,Cundinamarca,Bojacá,Selección Abreviada de Menor Cuantía,Obra,Seleccionado,200000000.0,198000142.0,1,2,Mes(es),2026-05-16,-1999858.0,-0.00999929,0,60.0
CO1.BDOS.10213186,SAMC-013-2026 (Manifestación de interés (Menor Cuantía)) (Presentación de oferta),MUNICIPIO DE VILLAGÓMEZ*,Cundinamarca,Villagómez,Selección Abreviada de Menor Cuantía,Obra,Seleccionado,355794400.0,337904892.0,2,3,Mes(es),2026-05-16,-17889508.0,-0.05028046534740288,0,90.0
CO1.BDOS.9943922,SAMC-008-2026 (Manifestación de interés (Menor Cuantía)) (Presentación de oferta),MUNICIPIO DE PACHO,Cundinamarca,Pacho,Selección Abreviada de Menor Cuantía,Obra,Seleccionado,410000000.0,409996788.0,1,3,Mes(es),2026-05-15,-3212.0,-7.834146341463414e-06,0,90.0
CO1.BDOS.10193462,SAMC-011-2026 (Manifestación de interés (Menor Cuantía)) (Presentación de oferta),MUNICIPIO DE UBATE,Cundinamarca,Villa De San Diego De Ubate,Selección Abreviada de Menor Cuantía,Obra,Seleccionado,399995000.0,399989260.0,1,2,Mes(es),2026-05-15,-5740.0,-1.4350179377242216e-05,0,60.0
CO1.BDOS.9995761,MP-LP-001-2026 (Fase de Selección (Presentación de ofertas)),MUNICIPIO DE PANDI,Cundinamarca,No Definido,Licitación pública Obra Publica,Obra,Seleccionado,3636363631.0,3426657898.0,18,300,día(s),2026-05-15,-209705733.0,-0.05766907666006189,0,300.0
CO1.BDOS.10266221,SGG-MC-010-2026,MUNICIPIO DE EL ROSAL,Cundinamarca,El Rosal,Mínima cuantía,Obra,Seleccionado,49012474.0,31731513.0,7,60,día(s),2026-05-15,-17280961.0,-0.35258291593278884,0,60.0
CO1.BDOS.10201801,SAMC.OP.005-2026 (Manifestación de interés (Menor Cuantía)) (Presentación de oferta),MUNICIPIO DE LA CALERA CUNDINAMARCA,Cundinamarca,La Calera,Selección Abreviada de Menor Cuantía,Obra,Seleccionado,100000000.0,94901560.0,7,30,día(s),2026-05-15,-5098440.0,-0.0509844,0,30.0
CO1.BDOS.10194290,FTIC-SAMC-006-2026. (Manifestación de interés (Menor Cuantía)) (Presentación de oferta),ALCALDÍA MUNICIPAL DE SASAIMA,Cundinamarca,Sasaima,Selección Abreviada de Menor Cuantía,Obra,Seleccionado,300000000.0,299937576.0,1,0,día(s),2026-05-14,-62424.0,-0.00020808,0,0.0
CO1.BDOS.10194069,FTIC-SAMC-009-2026. (Manifestación de interés (Menor Cuantía)) (Presentación de oferta),ALCALDÍA MUNICIPAL DE SASAIMA,Cundinamarca,Sasaima,Selección Abreviada de Menor Cuantía,Obra,Seleccionado,300000000.0,299950402.0,2,0,día(s),2026-05-14,-49598.0,-0.00016532666666666668,0,0.0
CO1.BDOS.10219237,SAMC- 015-2026  (Manifestación de interés (Menor Cuantía)) (Presentación de oferta),MUNICIPIO DE GACHANCIPA,Cundinamarca,Gachancipá,Selección Abreviada de Menor Cuantía,Obra,Seleccionado,272851055.0,272788887.0,1,0,día(s),2026-05-14,-62168.0,-0.000227845921284783,0,0.0
CO1.BDOS.10220510,SAMC-008-2026 (Manifestación de interés (Menor Cuantía)) (Presentación de oferta),MUNICIPIO DE COGUA,Cundinamarca,Cogua,Selección Abreviada de Menor Cuantía,Obra,Seleccionado,339999996.0,339888375.0,2,3,Mes(es),2026-05-14,-111621.0,-0.0003282970626858478,0,90.0
CO1.BDOS.10194368,FTIC-SAMC-007-2026. (Manifestación de interés (Menor Cuantía)) (Presentación de oferta),ALCALDÍA MUNICIPAL DE SASAIMA,Cundinamarca,Sasaima,Selección Abreviada de Menor Cuantía,Obra,Seleccionado,220000000.0,219836344.0,3,0,día(s),2026-05-14,-163656.0,-0.0007438909090909091,0,0.0
CO1.BDOS.10219002,SAMC-014-2026 (Manifestación de interés (Menor Cuantía)) (Presentación de oferta),MUNICIPIO DE GACHANCIPA,Cundinamarca,Gachancipá,Selección Abreviada de Menor Cuantía,Obra,Seleccionado,478327850.0,478327397.0,1,0,día(s),2026-05-14,-453.0,-9.470491839436069e-07,0,0.0
CO1.BDOS.9550498,SAMC-004-2026 (Manifestación de interés (Menor Cuantía)) (Presentación de oferta),ALCALDIA MUNICIPIO DE LA VEGA CUNDINAMARCA,Cundinamarca,La Vega,Selección Abreviada de Menor Cuantía,Obra,Seleccionado,250000000.0,249996612.0,3,4,Mes(es),2026-05-13,-3388.0,-1.3552e-05,0,120.0
CO1.BDOS.10206768,SAMC 011-2026 ALC-GTA (Manifestación de interés (Menor Cuantía)) (Presentación de oferta),MUNICIPIO DE GUACHETÁ,Cundinamarca,Guachetá,Selección Abreviada de Menor Cuantía,Obra,Seleccionado,137014124.0,137014124.0,1,2,Mes(es),2026-05-13,0.0,0.0,0,60.0
CO1.BDOS.10180217,LP-003-2026 (Fase de Selección (Presentación de ofertas)),MUNICIPIO DE AGUA DE DIOS,Cundinamarca,Agua De Dios,Licitación pública Obra Publica,Obra,Seleccionado,1395850349.0,1326596388.0,33,0,día(s),2026-05-13,-69253961.0,-0.049614173216788016,0,0.0
CO1.BDOS.10215584,MA-SAMC-004-2026 (Manifestación de interés (Menor Cuantía)) (Presentación de oferta),ALCALDIA MUNICIPIO DE ANOLAIMA,Cundinamarca,Anolaima,Selección Abreviada de Menor Cuantía,Obra,Seleccionado,400000000.0,400000000.0,2,2,Mes(es),2026-05-12,0.0,0.0,0,60.0
CO1.BDOS.10197026,SAMC-009-2026 (Manifestación de interés (Menor Cuantía)) (Presentación de oferta),ALCALDIA DE SESQUILE,Cundinamarca,Sesquilé,Selección Abreviada de Menor Cuantía,Obra,Seleccionado,371819648.0,361717306.0,2,4,Mes(es),2026-05-12,-10102342.0,-0.027170005819595635,0,120.0
CO1.BDOS.10193191,LIC 004 MT 2026 (Fase de Selección (Presentación de ofertas)),MUNICIPIO DE TOCANCIPA,Cundinamarca,Tocancipá,Licitación pública Obra Publica,Obra,Seleccionado,38209291265.0,37911256553.0,1,6,Mes(es),2026-05-12,-298034712.0,-0.007800058627965237,0,180.0
CO1.BDOS.10232475,SMC.OP-007-2026,MUNICIPIO DE LA CALERA CUNDINAMARCA,Cundinamarca,La Calera,Mínima cuantía,Obra,Seleccionado,48888895.0,47546545.0,4,2,Mes(es),2026-05-12,-1342350.0,-0.027457155658764634,0,60.0
CO1.BDOS.10202104,SAMC.OP.004-2026 (Manifestación de interés (Menor Cuantía)) (Presentación de oferta),MUNICIPIO DE LA CALERA CUNDINAMARCA,Cundinamarca,La Calera,Selección Abreviada de Menor Cuantía,Obra,Seleccionado,100000000.0,94511645.0,5,30,día(s),2026-05-11,-5488355.0,-0.05488355,0,30.0
CO1.BDOS.10193307,SAMC-010-2026 (Manifestación de interés (Menor Cuantía)) (Presentación de oferta),MUNICIPIO DE UBATE,Cundinamarca,Villa De San Diego De Ubate,Selección Abreviada de Menor Cuantía,Obra,Seleccionado,357357936.0,357352833.0,3,2,Mes(es),2026-05-11,-5103.0,-1.427980040717495e-05,0,60.0
CO1.BDOS.10192435,SAMC.OP.003-2026 (Manifestación de interés (Menor Cuantía)) (Presentación de oferta),MUNICIPIO DE LA CALERA CUNDINAMARCA,Cundinamarca,La Calera,Selección Abreviada de Menor Cuantía,Obra,Seleccionado,100000000.0,95092467.0,5,1,Mes(es),2026-05-08,-4907533.0,-0.04907533,0,30.0
CO1.BDOS.10192441,SAMC-009-2026 (Manifestación de interés (Menor Cuantía)) (Presentación de oferta),MUNICIPIO DE UBATE,Cundinamarca,Villa De San Diego De Ubate,Selección Abreviada de Menor Cuantía,Obra,Seleccionado,352000000.0,351903848.0,4,2,Mes(es),2026-05-08,-96152.0,-0.0002731590909090909,0,60.0
CO1.BDOS.10187358,SAMC-004-2026 (Manifestación de interés (Menor Cuantía)) (Presentación de oferta),ALCALDIA MUNICIPAL DE EL COLEGIO,Cundinamarca,El Colegio,Selección Abreviada de Menor Cuantía,Obra,Seleccionado,190000000.0,190000000.0,1,3,Mes(es),2026-05-08,0.0,0.0,0,90.0
CO1.BDOS.10210334,SAMC-004-2026 (Manifestación de interés (Menor Cuantía)) (Presentación de oferta),ALCALDIA MUNICIPAL TAUSA,Cundinamarca,Tausa,Selección Abreviada de Menor Cuantía,Obra,Seleccionado,300000000.0,299862704.0,2,4,Mes(es),2026-05-07,-137296.0,-0.00045765333333333335,0,120.0
CO1.BDOS.10187355,020-00-K-ESUFA-GRUAL-2026 (Manifestación de interés (Menor Cuantía)) (Presentación de oferta),ESCUELA DE SUBOFICIALES  FAC CT ANDRES M DIAZ,Cundinamarca,No Definido,Selección Abreviada de Menor Cuantía,Obra,Seleccionado,420000000.0,398819992.0,10,3,Mes(es),2026-05-06,-21180008.0,-0.05042859047619048,0,90.0
CO1.BDOS.10175359,SAMC 010-2026 ALC GTA  (Manifestación de interés (Menor Cuantía)) (Presentación de oferta),MUNICIPIO DE GUACHETÁ,Cundinamarca,Guachetá,Selección Abreviada de Menor Cuantía,Obra,Seleccionado,112630316.0,112519940.0,1,2,Mes(es),2026-05-06,-110376.0,-0.000979984820427921,0,60.0
CO1.BDOS.10170403,SAMC-001-2026 (Manifestación de interés (Menor Cuantía)) (Presentación de oferta),ALCALDIA MUNICIPAL DE GUASCA,Cundinamarca,Guasca,Selección Abreviada de Menor Cuantía,Obra,Seleccionado,136462604.0,136419065.0,1,4,Mes(es),2026-05-05,-43539.0,-0.0003190544421972191,0,120.0
CO1.BDOS.10172475,LP-001-2026 (Fase de Selección (Presentación de ofertas)),ALCALDIA DE TABIO,Cundinamarca,Tabio,Licitación pública Obra Publica,Obra,Seleccionado,974752626.0,918442814.0,33,6,Mes(es),2026-05-05,-56309812.0,-0.05776831013123118,0,180.0
CO1.BDOS.10116523,SA-007-2026 (Manifestación de interés (Menor Cuantía)) (Presentación de oferta),MUNICIPIO DE LA MESA,Cundinamarca,La Mesa,Selección Abreviada de Menor Cuantía,Obra,Seleccionado,277535662.0,277258460.0,2,5,Mes(es),2026-05-04,-277202.0,-0.000998797768915189,0,150.0
CO1.BDOS.10116247,SA-008-2026 (Manifestación de interés (Menor Cuantía)) (Presentación de oferta),MUNICIPIO DE LA MESA,Cundinamarca,La Mesa,Selección Abreviada de Menor Cuantía,Obra,Seleccionado,333970398.0,333306961.0,2,3,Mes(es),2026-05-04,-663437.0,-0.001986514385625279,0,90.0
CO1.BDOS.10162921,LP 2026-0505 (Fase de Selección (Presentación de ofertas)),ALCALDIA MUNICIPAL FUSAGASUGA,Cundinamarca,Fusagasugá,Licitación pública Obra Publica,Obra,Seleccionado,2000000000.0,1875000017.0,13,18,Mes(es),2026-05-04,-124999983.0,-0.0624999915,0,540.0
CO1.BDOS.10182105,SAMC-0007-2026 (Manifestación de interés (Menor Cuantía)) (Presentación de oferta),MUNICIPIO DE FUNZA - ALCALDÍA DE FUNZA,Cundinamarca,Funza,Selección Abreviada de Menor Cuantía,Obra,Seleccionado,780000000.0,780000000.0,3,9,Mes(es),2026-05-04,0.0,0.0,0,270.0
CO1.BDOS.10166544,SAMC-003-2026  (Manifestación de interés (Menor Cuantía)) (Presentación de oferta),MUNICIPIO DE LENGUAZAQUE,Cundinamarca,Lenguazaque,Selección Abreviada de Menor Cuantía,Obra,Seleccionado,100000000.0,99998790.0,1,2,Mes(es),2026-05-04,-1210.0,-1.21e-05,0,60.0
CO1.BDOS.10187550,SAMC-005-2026 (Manifestación de interés (Menor Cuantía)) (Presentación de oferta),ALCALDIA MUNICIPIO DE ZIPAQUIRA,Cundinamarca,Zipaquirá,Selección Abreviada de Menor Cuantía,Obra,Seleccionado,480516580.0,480388738.0,2,4,Mes(es),2026-05-04,-127842.0,-0.00026605117350997543,0,120.0
CO1.BDOS.10183384,SAMC-012-2026 (Manifestación de interés (Menor Cuantía)) (Presentación de oferta),MUNICIPIO DE VILLAGÓMEZ*,Cundinamarca,Villagómez,Selección Abreviada de Menor Cuantía,Obra,Seleccionado,355794400.0,355071355.0,2,3,Mes(es),2026-05-02,-723045.0,-0.0020321989328668465,0,90.0
CO1.BDOS.10156658,LICITACION PUBLICA 041-2026 (Fase de Selección (Presentación de ofertas)),MUNICIPIO DE ANAPOIMA/,Cundinamarca,No Definido,Licitación pública Obra Publica,Obra,Seleccionado,1272727272.0,1198027587.0,58,6,Mes(es),2026-04-30,-74699685.0,-0.05869260967639578,0,180.0
CO1.BDOS.10183704,PSACC-006 DE 2026 (Manifestación de interés (Menor Cuantía)) (Presentación de oferta),ALCALDIA MUNICIPIO CARMEN DE CARUPA,Cundinamarca,No Definido,Selección Abreviada de Menor Cuantía,Obra,Seleccionado,200000000.0,193967290.0,2,2,Mes(es),2026-04-30,-6032710.0,-0.03016355,0,60.0
CO1.BDOS.10179551,SAMC-003-2026 (Manifestación de interés (Menor Cuantía)) (Presentación de oferta),ALCALDIA MUNICIPAL DE PUERTO SALGAR,Cundinamarca,Puerto Salgar,Selección Abreviada de Menor Cuantía,Obra,Seleccionado,175000000.0,174757472.0,1,0,día(s),2026-04-30,-242528.0,-0.0013858742857142856,0,0.0
CO1.BDOS.10192444,SAMC-008-2026 (Manifestación de interés (Menor Cuantía)) (Presentación de oferta),MUNICIPIO DE VILLAPINZON,Cundinamarca,Villapinzón,Selección Abreviada de Menor Cuantía,Obra,Seleccionado,85279656.0,85279656.0,1,0,día(s),2026-04-30,0.0,0.0,0,0.0
CO1.BDOS.10171522,SAMC-004-2026 (Manifestación de interés (Menor Cuantía)) (Presentación de oferta),ALCALDÍA NEMOCON,Cundinamarca,Nemocón,Selección Abreviada de Menor Cuantía,Obra,Seleccionado,107632108.0,107503779.0,2,3,Mes(es),2026-04-29,-128329.0,-0.0011922929169054274,0,90.0
CO1.BDOS.10185511,MSIL-SAMC-013-2026 (Manifestación de interés (Menor Cuantía)) (Presentación de oferta),MUNICIPIO DE SILVANIA,Cundinamarca,Silvania,Selección Abreviada de Menor Cuantía,Obra,Seleccionado,200000000.0,199999285.0,1,4,Mes(es),2026-04-29,-715.0,-3.575e-06,0,120.0
CO1.BDOS.10088248,FACATATIVA-SA-001-26 (Manifestación de interés (Menor Cuantía)) (Presentación de oferta),ALCALDIA MUNICIPAL DE FACATATIVA,Cundinamarca,Facatativá,Selección Abreviada de Menor Cuantía,Obra,Seleccionado,470010543.0,470003141.0,1,0,día(s),2026-04-29,-7402.0,-1.574858289934147e-05,0,0.0
CO1.BDOS.10163130,SAMC 044-2026 (Manifestación de interés (Menor Cuantía)) (Presentación de oferta),MUNICIPIO DE ANAPOIMA/,Cundinamarca,No Definido,Selección Abreviada de Menor Cuantía,Obra,Seleccionado,100000000.0,96430137.0,4,3,Mes(es),2026-04-28,-3569863.0,-0.03569863,0,90.0
CO1.BDOS.10137333,SA-MC-006-2026 (Pré-Calificación de competidores) (Presentación de oferta),ALCALDIA MUNICIPAL DE SUESCA +,Cundinamarca,Suesca,Selección Abreviada de Menor Cuantía,Obra,Seleccionado,158934629.0,150239579.0,3,2,Mes(es),2026-04-27,-8695050.0,-0.05470834175477265,0,60.0
CO1.BDOS.10157730,PN ESJIM SA MC 035 2026 (Manifestación de interés (Menor Cuantía)) (Presentación de oferta),ESCUELA DE SUBOFICIALES Y NIVEL EJECUTIVO  GONZALO JIMENEZ DE QUESADA,Cundinamarca,Sibaté,Selección Abreviada de Menor Cuantía,Obra,Seleccionado,1000000000.0,1000000000.0,7,120,día(s),2026-04-27,0.0,0.0,0,120.0
CO1.BDOS.10179579,SAMC-003-2026 (Manifestación de interés (Menor Cuantía)) (Presentación de oferta),ALCALDIA MUNICIPAL TAUSA,Cundinamarca,Tausa,Selección Abreviada de Menor Cuantía,Obra,Seleccionado,300000000.0,299963604.0,2,4,Mes(es),2026-04-24,-36396.0,-0.00012132,0,120.0
CO1.BDOS.10004432,LP-001-2026 (Fase de Selección (Presentación de ofertas)),MUNICIPIO DE LA MESA,Cundinamarca,La Mesa,Licitación pública Obra Publica,Obra,Seleccionado,1272727272.0,1270501800.0,1,12,Mes(es),2026-04-24,-2225472.0,-0.0017485851438563344,0,360.0
CO1.BDOS.10151655,FTIC-SAMC-008-2026 (Manifestación de interés (Menor Cuantía)) (Presentación de oferta),ALCALDÍA MUNICIPAL DE SASAIMA,Cundinamarca,Sasaima,Selección Abreviada de Menor Cuantía,Obra,Seleccionado,382543993.0,382166994.0,2,0,día(s),2026-04-23,-376999.0,-0.0009855049534132929,0,0.0
CO1.BDOS.10152061,MA-SAMC-003-2026 (Manifestación de interés (Menor Cuantía)) (Presentación de oferta),ALCALDIA MUNICIPIO DE ANOLAIMA,Cundinamarca,Anolaima,Selección Abreviada de Menor Cuantía,Obra,Seleccionado,400000000.0,400000000.0,2,2,Mes(es),2026-04-22,0.0,0.0,0,60.0
CO1.BDOS.10134602,LP-001-2026 (Fase de Selección (Presentación de ofertas)),MUNICIPIO DE EL ROSAL,Cundinamarca,El Rosal,Licitación pública Obra Publica,Obra,Seleccionado,3234086234.0,3017078997.0,66,8,Mes(es),2026-04-22,-217007237.0,-0.06710001567632906,0,240.0
CO1.BDOS.10116536,LP-001 DE 2026 (Fase de Selección (Presentación de ofertas)),MUNICIPIO DE MACHETA,Cundinamarca,Macheta,Licitación pública Obra Publica,Obra,Seleccionado,2767378222.0,2601330792.0,27,7,Mes(es),2026-04-21,-166047430.0,-0.06000171161280462,0,210.0
CO1.BDOS.10161472,SA-MC-007-2026 (Manifestación de interés (Menor Cuantía)) (Presentación de oferta),ALCALDIA MUNICIPAL DE GACHETA,Cundinamarca,Gachetá,Selección Abreviada de Menor Cuantía,Obra,Seleccionado,325524475.0,325524474.0,1,4,Mes(es),2026-04-21,-1.0,-3.071965633306067e-09,0,120.0
CO1.BDOS.10150506,LP-002-2026 (Fase de Selección (Presentación de ofertas)),MUNICIPIO DE VILLAPINZON,Cundinamarca,Villapinzón,Licitación pública Obra Publica,Obra,Seleccionado,1751206330.0,1643196879.0,9,0,día(s),2026-04-20,-108009451.0,-0.06167717027381919,0,0.0
CO1.BDOS.10066469,LICITACION PUBLICA 022-2026 (Fase de Selección (Presentación de ofertas)),MUNICIPIO DE ANAPOIMA/,Cundinamarca,No Definido,Licitación pública Obra Publica,Obra,Seleccionado,2421707115.0,2221858441.0,41,6,Mes(es),2026-04-20,-199848674.0,-0.08252388274459027,0,180.0
CO1.BDOS.10144418,PSACC-004 DE 2026 (Manifestación de interés (Menor Cuantía)) (Presentación de oferta),ALCALDIA MUNICIPIO CARMEN DE CARUPA,Cundinamarca,No Definido,Selección Abreviada de Menor Cuantía,Obra,Seleccionado,300000000.0,293997651.0,3,3,Mes(es),2026-04-17,-6002349.0,-0.02000783,0,90.0
CO1.BDOS.10136653,AMS-SAMC-005-2026 (Manifestación de interés (Menor Cuantía)) (Presentación de oferta),MUNICIPIO DE SUBACHOQUE,Cundinamarca,Subachoque,Selección Abreviada de Menor Cuantía,Obra,Seleccionado,100000000.0,100000000.0,2,3,Mes(es),2026-04-15,0.0,0.0,0,90.0
CO1.BDOS.10152210,FTIC-SAMC-010-2026 (Manifestación de interés (Menor Cuantía)) (Presentación de oferta),ALCALDÍA MUNICIPAL DE SASAIMA,Cundinamarca,Sasaima,Selección Abreviada de Menor Cuantía,Obra,Seleccionado,380000000.0,378939876.0,3,0,día(s),2026-04-15,-1060124.0,-0.0027898,0,0.0
CO1.BDOS.10141385,AMS-SAMC-003-2026 (Manifestación de interés (Menor Cuantía)) (Presentación de oferta),MUNICIPIO DE SUBACHOQUE,Cundinamarca,Subachoque,Selección Abreviada de Menor Cuantía,Obra,Seleccionado,100000000.0,100000000.0,2,3,Mes(es),2026-04-15,0.0,0.0,0,90.0
CO1.BDOS.10164976,MSIL-MC-011 DE 2026,MUNICIPIO DE SILVANIA,Cundinamarca,Silvania,Mínima cuantía,Obra,Seleccionado,47091488.0,37814731.0,4,2,Mes(es),2026-04-10,-9276757.0,-0.1969943485327964,0,60.0
CO1.BDOS.10130069,SA-MC-006-2026 (Manifestación de interés (Menor Cuantía)) (Presentación de oferta),ALCALDIA MUNICIPAL DE GACHETA,Cundinamarca,Gachetá,Selección Abreviada de Menor Cuantía,Obra,Seleccionado,100000000.0,99937641.0,1,2,Mes(es),2026-04-10,-62359.0,-0.00062359,0,60.0
CO1.BDOS.10022029,AMS-SAMC-002-2026 (Manifestación de interés (Menor Cuantía)) (Presentación de oferta),MUNICIPIO DE SUBACHOQUE,Cundinamarca,Subachoque,Selección Abreviada de Menor Cuantía,Obra,Seleccionado,100000000.0,100000000.0,2,3,Mes(es),2026-04-09,0.0,0.0,0,90.0
CO1.BDOS.10124170,AMS-SAMC-004-2026 (Manifestación de interés (Menor Cuantía)) (Presentación de oferta),MUNICIPIO DE SUBACHOQUE,Cundinamarca,Subachoque,Selección Abreviada de Menor Cuantía,Obra,Seleccionado,100000000.0,99995514.0,1,3,Mes(es),2026-04-09,-4486.0,-4.486e-05,0,90.0
CO1.BDOS.10122202,SA-MC-005-2026 (Manifestación de interés (Menor Cuantía)) (Presentación de oferta),Alcaldía Municipal de Gachalá,Cundinamarca,Gachala,Selección Abreviada de Menor Cuantía,Obra,Seleccionado,100000000.0,99999990.0,1,3,Mes(es),2026-04-09,-10.0,-1e-07,0,90.0
CO1.BDOS.10039142,FTIC.SAMC-001-2026  (Manifestación de interés (Menor Cuantía)) (Presentación de oferta),ALCALDÍA MUNICIPAL DE SASAIMA,Cundinamarca,Sasaima,Selección Abreviada de Menor Cuantía,Obra,Seleccionado,143448065.0,143163526.0,1,0,día(s),2026-04-08,-284539.0,-0.0019835680599804536,0,0.0
CO1.BDOS.10159483,MC-013-2026,MUNICIPIO DE MACHETA,Cundinamarca,Macheta,Mínima cuantía,Obra,Seleccionado,28635044.0,23227178.0,4,30,día(s),2026-04-08,-5407866.0,-0.18885481719532193,0,30.0
CO1.BDOS.10045927,LP-002-2026 (Fase de Selección (Presentación de ofertas)),MUNICIPIO DE SOACHA..,Cundinamarca,Soacha,Licitación pública Obra Publica,Obra,Seleccionado,1498650824.0,1389399306.0,43,10,Mes(es),2026-04-07,-109251518.0,-0.07289991521066952,0,300.0
CO1.BDOS.10107847,SAMC-008-2026 (Manifestación de interés (Menor Cuantía)) (Presentación de oferta),ALCALDIA MUNICIPIO DE CAJICA,Cundinamarca,Cajicá,Selección Abreviada de Menor Cuantía,Obra,Seleccionado,590909090.0,561709223.0,3,6,Mes(es),2026-04-07,-29199867.0,-0.04941515961448486,0,180.0
CO1.BDOS.10087815,SAMC 023-2026 (Manifestación de interés (Menor Cuantía)) (Presentación de oferta),MUNICIPIO DE ANAPOIMA/,Cundinamarca,No Definido,Selección Abreviada de Menor Cuantía,Obra,Seleccionado,449000000.0,448892409.0,3,3,Mes(es),2026-04-07,-107591.0,-0.00023962360801781736,0,90.0
CO1.BDOS.10111820,SAMC-003-2026 (Manifestación de interés (Menor Cuantía)) (Presentación de oferta),MUNICIPIO DE SAN FRANCISCO,Cundinamarca,San Francisco,Selección Abreviada de Menor Cuantía,Obra,Seleccionado,102939860.0,102937896.0,2,2,Mes(es),2026-04-06,-1964.0,-1.907910113730483e-05,0,60.0
CO1.BDOS.10108219,SAMC-003-2026 (Manifestación de interés (Menor Cuantía)) (Presentación de oferta),ALCALDIA DE SESQUILE,Cundinamarca,Sesquilé,Selección Abreviada de Menor Cuantía,Obra,Seleccionado,79453112.0,75388816.0,4,90,día(s),2026-04-06,-4064296.0,-0.051153389687240945,0,90.0
CO1.BDOS.10093405,SAMC-004-2026 (Manifestación de interés (Menor Cuantía)) (Presentación de oferta),ALCALDIA MUNICIPAL DE GUADUAS,Cundinamarca,Guaduas,Selección Abreviada de Menor Cuantía,Obra,Seleccionado,449996661.0,449999661.0,2,4,Mes(es),2026-04-01,3000.0,6.6667161337003785e-06,1,120.0
CO1.BDOS.10106525,CQ-SAMC-006-2026 (Manifestación de interés (Menor Cuantía)) (Presentación de oferta),MUNICIPIO DE CAQUEZA,Cundinamarca,Caqueza,Selección Abreviada de Menor Cuantía,Obra,Seleccionado,300000000.0,299991504.0,1,4,Mes(es),2026-03-31,-8496.0,-2.832e-05,0,120.0
CO1.BDOS.10015903,SAMC-004 DE 2026 (Manifestación de interés (Menor Cuantía)) (Presentación de oferta),MUNICIPIO DE MACHETA,Cundinamarca,Macheta,Selección Abreviada de Menor Cuantía,Obra,Seleccionado,136181997.0,136008791.0,1,2,Mes(es),2026-03-31,-173206.0,-0.0012718714941447069,0,60.0
CO1.BDOS.10086098,SAMC 2026-0491 (Manifestación de interés (Menor Cuantía)) (Presentación de oferta),ALCALDIA MUNICIPAL FUSAGASUGA,Cundinamarca,Fusagasugá,Selección Abreviada de Menor Cuantía,Obra,Seleccionado,310000000.0,294377567.0,2,3,Mes(es),2026-03-31,-15622433.0,-0.050394945161290325,0,90.0
CO1.BDOS.10002996,LP-01-2026 (Fase de Selección (Presentación de ofertas)),MUNICIPIO DE CHOCONTÁ,Cundinamarca,Chocontá,Licitación pública Obra Publica,Obra,Seleccionado,1298007498.0,1257858826.0,74,6,Mes(es),2026-03-31,-40148672.0,-0.03093100160196455,0,180.0
CO1.BDOS.9984589,SA 006-2026 (Manifestación de interés (Menor Cuantía)) (Presentación de oferta),MUNICIPIO DE LA MESA,Cundinamarca,La Mesa,Selección Abreviada de Menor Cuantía,Obra,Seleccionado,300000000.0,299988558.0,3,5,Mes(es),2026-03-31,-11442.0,-3.814e-05,0,150.0
CO1.BDOS.10095275,SAMC-002-2026 (Manifestación de interés (Menor Cuantía)) (Presentación de oferta),ALCALDIA DE SESQUILE,Cundinamarca,Sesquilé,Selección Abreviada de Menor Cuantía,Obra,Seleccionado,135000000.0,127093398.0,6,120,día(s),2026-03-30,-7906602.0,-0.05856742222222222,0,120.0
CO1.BDOS.10086622,SA-MC-004-2026 (Manifestación de interés (Menor Cuantía)) (Presentación de oferta),ALCALDIA MUNICIPAL DE GACHETA,Cundinamarca,Gachetá,Selección Abreviada de Menor Cuantía,Obra,Seleccionado,400000000.0,399817288.0,1,4,Mes(es),2026-03-30,-182712.0,-0.00045678,0,120.0
CO1.BDOS.10004711,LP-002-2026 (Fase de Selección (Presentación de ofertas)),MUNICIPIO DE LA MESA,Cundinamarca,La Mesa,Licitación pública Obra Publica,Obra,Seleccionado,3181818182.0,3178490121.0,2,12,Mes(es),2026-03-30,-3328061.0,-0.0010459620285116593,0,360.0
CO1.BDOS.10080876,SAMC-007-2026 (Manifestación de interés (Menor Cuantía)) (Presentación de oferta),MUNICIPIO DE UBATE,Cundinamarca,Villa De San Diego De Ubate,Selección Abreviada de Menor Cuantía,Obra,Seleccionado,400000000.0,399994520.0,1,2,Mes(es),2026-03-30,-5480.0,-1.37e-05,0,60.0
CO1.BDOS.10060243,MSIL-SAMC-009 2026 (Manifestación de interés (Menor Cuantía)) (Presentación de oferta),MUNICIPIO DE SILVANIA,Cundinamarca,Silvania,Selección Abreviada de Menor Cuantía,Obra,Seleccionado,220000000.0,219593515.0,1,4,Mes(es),2026-03-27,-406485.0,-0.001847659090909091,0,120.0
CO1.BDOS.10062568,SAMC-003-2026 (Manifestación de interés (Menor Cuantía)) (Presentación de oferta),ALCALDIA MUNICIPAL DE GIRARDOT,Cundinamarca,Girardot,Selección Abreviada de Menor Cuantía,Obra,Seleccionado,399997323.0,399292467.0,2,90,día(s),2026-03-27,-704856.0,-0.001762151793200876,0,90.0
CO1.BDOS.10080082,SAMC-005-2026 (Manifestación de interés (Menor Cuantía)) (Presentación de oferta),MUNICIPIO DE UBATE,Cundinamarca,Villa De San Diego De Ubate,Selección Abreviada de Menor Cuantía,Obra,Seleccionado,487649000.0,487642090.0,1,2,Mes(es),2026-03-27,-6910.0,-1.4170028032457772e-05,0,60.0
CO1.BDOS.10130093,MIC-028-2026,Alcaldía Municipal de Gachalá,Cundinamarca,Gachala,Mínima cuantía,Obra,Seleccionado,49000000.0,49000000.0,1,8,Mes(es),2026-03-26,0.0,0.0,0,240.0
CO1.BDOS.10079937,SAMC-004-2026 (Manifestación de interés (Menor Cuantía)) (Presentación de oferta),MUNICIPIO DE UBATE,Cundinamarca,Villa De San Diego De Ubate,Selección Abreviada de Menor Cuantía,Obra,Seleccionado,230000000.0,229951526.0,1,3,Mes(es),2026-03-26,-48474.0,-0.00021075652173913043,0,90.0
CO1.BDOS.10129523,MC-015-2026,MUNICIPIO DE AGUA DE DIOS,Cundinamarca,Agua De Dios,Mínima cuantía,Obra,Seleccionado,49000000.0,47539548.0,2,0,día(s),2026-03-26,-1460452.0,-0.029805142857142856,0,0.0
CO1.BDOS.10126199,MC-020-2026,MUNICIPIO DE VILLAPINZON,Cundinamarca,Villapinzón,Mínima cuantía,Obra,Seleccionado,49000000.0,49000000.0,1,0,día(s),2026-03-25,0.0,0.0,0,0.0
CO1.BDOS.10003092,LP-02-2026 (Fase de Selección (Presentación de ofertas)),MUNICIPIO DE CHOCONTÁ,Cundinamarca,Chocontá,Licitación pública Obra Publica,Obra,Seleccionado,11363636352.0,10954148284.0,16,12,Mes(es),2026-03-25,-409488068.0,-0.03603495002089979,0,360.0
CO1.BDOS.10004814,SA-MC-001-2026 (Manifestación de interés (Menor Cuantía)) (Presentación de oferta),MUNICIPIO MANTA CUNDINAMARCA,Cundinamarca,Manta,Selección Abreviada de Menor Cuantía,Obra,Seleccionado,373968115.0,373968115.0,1,3,Mes(es),2026-03-25,0.0,0.0,0,90.0
CO1.BDOS.10080265,SAMC-006-2026 (Manifestación de interés (Menor Cuantía)) (Presentación de oferta),MUNICIPIO DE UBATE,Cundinamarca,Villa De San Diego De Ubate,Selección Abreviada de Menor Cuantía,Obra,Seleccionado,400000000.0,399973405.0,3,3,Mes(es),2026-03-25,-26595.0,-6.64875e-05,0,90.0
CO1.BDOS.10075233,SAMC-003-2026 (Manifestación de interés (Menor Cuantía)) (Presentación de oferta),MUNICIPIO DE MACHETA,Cundinamarca,Macheta,Selección Abreviada de Menor Cuantía,Obra,Seleccionado,100000000.0,99766286.0,3,3,Mes(es),2026-03-25,-233714.0,-0.00233714,0,90.0
CO1.BDOS.10066961,SAMC-004-2026 (Manifestación de interés (Menor Cuantía)) (Presentación de oferta),MUNICIPIO DE CUCUNUBÁ,Cundinamarca,Cucunubá,Selección Abreviada de Menor Cuantía,Obra,Seleccionado,100000000.0,99954728.0,2,2,Mes(es),2026-03-24,-45272.0,-0.00045272,0,60.0
CO1.BDOS.10084415,CQ-SAM-003-2026 (Manifestación de interés (Menor Cuantía)) (Presentación de oferta),MUNICIPIO DE CAQUEZA,Cundinamarca,Caqueza,Selección Abreviada de Menor Cuantía,Obra,Seleccionado,310591118.0,310591118.0,1,6,Mes(es),2026-03-24,0.0,0.0,0,180.0
CO1.BDOS.10038882,FTIC-SAMC-002-2026 (Manifestación de interés (Menor Cuantía)) (Presentación de oferta),ALCALDÍA MUNICIPAL DE SASAIMA,Cundinamarca,Sasaima,Selección Abreviada de Menor Cuantía,Obra,Seleccionado,200000000.0,200000000.0,4,0,día(s),2026-03-24,0.0,0.0,0,0.0
CO1.BDOS.10058568,FTIC-SAMC-004-2026  (Manifestación de interés (Menor Cuantía)) (Presentación de oferta),ALCALDÍA MUNICIPAL DE SASAIMA,Cundinamarca,Sasaima,Selección Abreviada de Menor Cuantía,Obra,Seleccionado,204045284.0,204025303.0,1,0,día(s),2026-03-24,-19981.0,-9.792434114772287e-05,0,0.0
CO1.BDOS.9985457,SA-004-2026 (Manifestación de interés (Menor Cuantía)) (Presentación de oferta),MUNICIPIO DE LA MESA,Cundinamarca,La Mesa,Selección Abreviada de Menor Cuantía,Obra,Seleccionado,330000000.0,328022018.0,2,3,Mes(es),2026-03-24,-1977982.0,-0.005993884848484849,0,90.0
CO1.BDOS.9989782,SA-005-2026 (Manifestación de interés (Menor Cuantía)) (Presentación de oferta),MUNICIPIO DE LA MESA,Cundinamarca,La Mesa,Selección Abreviada de Menor Cuantía,Obra,Seleccionado,316985000.0,314451705.0,2,3,Mes(es),2026-03-24,-2533295.0,-0.00799184503998612,0,90.0
CO1.BDOS.10035639,FTIC.SAMC-003-2026 (Manifestación de interés (Menor Cuantía)) (Presentación de oferta),ALCALDÍA MUNICIPAL DE SASAIMA,Cundinamarca,Sasaima,Selección Abreviada de Menor Cuantía,Obra,Seleccionado,286330668.0,286301080.0,1,0,día(s),2026-03-24,-29588.0,-0.00010333507132390024,0,0.0
CO1.BDOS.10084132,SA-MC-003-2026 (Manifestación de interés (Menor Cuantía)) (Presentación de oferta),ALCALDIA MUNICIPAL DE GACHETA,Cundinamarca,Gachetá,Selección Abreviada de Menor Cuantía,Obra,Seleccionado,200000000.0,199544530.0,1,3,Mes(es),2026-03-20,-455470.0,-0.00227735,0,90.0
CO1.BDOS.10079682,SAMC-004-2026  (Manifestación de interés (Menor Cuantía)) (Presentación de oferta),MUNICIPIO DE FUQUENE,Cundinamarca,Fúquene,Selección Abreviada de Menor Cuantía,Obra,Seleccionado,100000000.0,100000000.0,2,2,Mes(es),2026-03-19,0.0,0.0,0,60.0
CO1.BDOS.10044026,SAMC-002-2026 (Manifestación de interés (Menor Cuantía)) (Presentación de oferta),MUNICIPIO DE CUCUNUBÁ,Cundinamarca,Cucunubá,Selección Abreviada de Menor Cuantía,Obra,Seleccionado,100000000.0,94949962.0,2,2,Mes(es),2026-03-19,-5050038.0,-0.05050038,0,60.0
CO1.BDOS.10062002,MSIL-SAMC-010 2026. (Manifestación de interés (Menor Cuantía)) (Presentación de oferta),MUNICIPIO DE SILVANIA,Cundinamarca,Silvania,Selección Abreviada de Menor Cuantía,Obra,Seleccionado,200000000.0,199999999.0,2,4,Mes(es),2026-03-19,-1.0,-5e-09,0,120.0
CO1.BDOS.10044759,SMC-003-2026 (Manifestación de interés (Menor Cuantía)) (Presentación de oferta),MUNICIPIO DE CUCUNUBÁ,Cundinamarca,Cucunubá,Selección Abreviada de Menor Cuantía,Obra,Seleccionado,249864997.0,236874651.0,4,4,Mes(es),2026-03-19,-12990346.0,-0.051989458931696625,0,120.0
CO1.BDOS.10062844,SAMC 004-2026 ALC-GTA (Manifestación de interés (Menor Cuantía)) (Presentación de oferta),MUNICIPIO DE GUACHETÁ,Cundinamarca,Guachetá,Selección Abreviada de Menor Cuantía,Obra,Seleccionado,344907990.0,344907990.0,1,3,Mes(es),2026-03-19,0.0,0.0,0,90.0
CO1.BDOS.10019487,LP-001-2026 (Fase de Selección (Presentación de ofertas)),ALCALDÍA MUNICIPAL DE MADRID CUNDINAMARCA,Cundinamarca,Madrid,Licitación pública Obra Publica,Obra,Seleccionado,13855863431.0,13063308042.0,13,12,Mes(es),2026-03-19,-792555389.0,-0.05720000005389776,0,360.0
CO1.BDOS.10067901,SA-MC-003-2026 (Manifestación de interés (Menor Cuantía)) (Presentación de oferta),MUNICIPIO MANTA CUNDINAMARCA,Cundinamarca,Manta,Selección Abreviada de Menor Cuantía,Obra,Seleccionado,100000000.0,99988588.0,1,2,Mes(es),2026-03-18,-11412.0,-0.00011412,0,60.0
CO1.BDOS.10060793,SAMC 002-2026 ALC GTA  (Manifestación de interés (Menor Cuantía)) (Presentación de oferta),MUNICIPIO DE GUACHETÁ,Cundinamarca,Guachetá,Selección Abreviada de Menor Cuantía,Obra,Seleccionado,201301086.0,201233200.0,1,2,Mes(es),2026-03-18,-67886.0,-0.00033723613393720094,0,60.0
CO1.BDOS.10080143,SAMC-005-2026 (Manifestación de interés (Menor Cuantía)) (Presentación de oferta),MUNICIPIO DE FUQUENE,Cundinamarca,Fúquene,Selección Abreviada de Menor Cuantía,Obra,Seleccionado,100000000.0,99799968.0,2,2,Mes(es),2026-03-18,-200032.0,-0.00200032,0,60.0
CO1.BDOS.10066070,LP-001-2026 (Fase de Selección (Presentación de ofertas)),MUNICIPIO DE VILLAPINZON,Cundinamarca,Villapinzón,Licitación pública Obra Publica,Obra,Seleccionado,988623457.0,933830576.0,16,6,Mes(es),2026-03-18,-54792881.0,-0.055423407781836596,0,180.0
CO1.BDOS.10000763,LP-002-2026 (Fase de Selección (Presentación de ofertas)),MUNICIPIO DE AGUA DE DIOS,Cundinamarca,Agua De Dios,Licitación pública Obra Publica,Obra,Seleccionado,3818181818.0,3816043586.0,1,0,día(s),2026-03-18,-2138232.0,-0.0005600131428838102,0,0.0
CO1.BDOS.10062589,SAMC-003-2026  ALC GTA (Manifestación de interés (Menor Cuantía)) (Presentación de oferta),MUNICIPIO DE GUACHETÁ,Cundinamarca,Guachetá,Selección Abreviada de Menor Cuantía,Obra,Seleccionado,200000000.0,199990461.0,1,60,día(s),2026-03-18,-9539.0,-4.7695e-05,0,60.0
CO1.BDOS.10074878,CQ-SAM-004-2026 (Manifestación de interés (Menor Cuantía)) (Presentación de oferta),MUNICIPIO DE CAQUEZA,Cundinamarca,Caqueza,Selección Abreviada de Menor Cuantía,Obra,Seleccionado,387000000.0,386967218.0,1,4,Mes(es),2026-03-18,-32782.0,-8.470801033591732e-05,0,120.0
CO1.BDOS.10067216,PSACC-001 DE 2026 (Manifestación de interés (Menor Cuantía)) (Presentación de oferta),ALCALDIA MUNICIPIO CARMEN DE CARUPA,Cundinamarca,No Definido,Selección Abreviada de Menor Cuantía,Obra,Seleccionado,488890945.0,488868051.0,1,5,Mes(es),2026-03-18,-22894.0,-4.682843941812013e-05,0,150.0
CO1.BDOS.10079421,SAMC-003-2026 (Manifestación de interés (Menor Cuantía)) (Presentación de oferta),MUNICIPIO DE FUQUENE,Cundinamarca,Fúquene,Selección Abreviada de Menor Cuantía,Obra,Seleccionado,110000000.0,109712355.0,3,2,Mes(es),2026-03-18,-287645.0,-0.0026149545454545453,0,60.0
CO1.BDOS.10062391,SAMC-002-2026 (Manifestación de interés (Menor Cuantía)) (Fase de ofertas),MUNICIPIO DE EL ROSAL,Cundinamarca,El Rosal,Selección Abreviada de Menor Cuantía,Obra,Seleccionado,345000000.0,344995720.0,3,3,Mes(es),2026-03-18,-4280.0,-1.2405797101449276e-05,0,90.0
CO1.BDOS.10057272,SAMC-003-2026 (Manifestación de interés (Menor Cuantía)) (Presentación de oferta),MUNICIPIO DE UBATE,Cundinamarca,Villa De San Diego De Ubate,Selección Abreviada de Menor Cuantía,Obra,Seleccionado,357357936.0,357352833.0,1,2,Mes(es),2026-03-18,-5103.0,-1.427980040717495e-05,0,60.0
CO1.BDOS.10005430,LP-002-2.026. (Fase de Selección (Presentación de ofertas)),MUNICIPIO MANTA CUNDINAMARCA,Cundinamarca,Manta,Licitación pública Obra Publica,Obra,Seleccionado,1132808874.0,1127144830.0,1,12,Mes(es),2026-03-17,-5664044.0,-0.004999999673378265,0,360.0
CO1.BDOS.10075906,SAMC-002-2026 (Manifestación de interés (Menor Cuantía)) (Presentación de oferta),MUNICIPIO DE FUQUENE,Cundinamarca,Fúquene,Selección Abreviada de Menor Cuantía,Obra,Seleccionado,100000000.0,99501778.0,3,2,Mes(es),2026-03-17,-498222.0,-0.00498222,0,60.0
CO1.BDOS.10071152,SAMC-006-2026 (Manifestación de interés (Menor Cuantía)) (Presentación de oferta),MUNICIPIO DE CAPARRAPI*,Cundinamarca,Caparrapí,Selección Abreviada de Menor Cuantía,Obra,Seleccionado,250700474.0,245687053.0,1,4,Mes(es),2026-03-17,-5013421.0,-0.019997652657010933,0,120.0
CO1.BDOS.10060141,MSIL-SAMC-007 2026 (Manifestación de interés (Menor Cuantía)) (Presentación de oferta),MUNICIPIO DE SILVANIA,Cundinamarca,Silvania,Selección Abreviada de Menor Cuantía,Obra,Seleccionado,100000000.0,99001695.0,2,4,Mes(es),2026-03-17,-998305.0,-0.00998305,0,120.0
CO1.BDOS.10104088,SMC 009-2026,ALCALDIA MUNICIPIO DE NOCAIMA,Cundinamarca,Nocaima,Mínima cuantía,Obra,Seleccionado,40000000.0,39969844.0,1,2,Mes(es),2026-03-17,-30156.0,-0.0007539,0,60.0
CO1.BDOS.10062898,SAMC 005-2026 ALC-GTA (Manifestación de interés (Menor Cuantía)) (Presentación de oferta),MUNICIPIO DE GUACHETÁ,Cundinamarca,Guachetá,Selección Abreviada de Menor Cuantía,Obra,Seleccionado,375801769.0,375801563.0,1,4,Mes(es),2026-03-17,-206.0,-5.481613366221275e-07,0,120.0
CO1.BDOS.10048795,SAMC-001-2026 (Manifestación de interés (Menor Cuantía)) (Presentación de oferta),ALCALDIA DE SESQUILE,Cundinamarca,Sesquilé,Selección Abreviada de Menor Cuantía,Obra,Seleccionado,127000000.0,119198079.0,5,3,Mes(es),2026-03-16,-7801921.0,-0.06143244881889764,0,90.0
CO1.BDOS.10053161,SAMC-002-2026 (Manifestación de interés (Menor Cuantía)) (Presentación de oferta),MUNICIPIO DE MACHETA,Cundinamarca,Macheta,Selección Abreviada de Menor Cuantía,Obra,Seleccionado,200000000.0,198000289.0,1,3,Mes(es),2026-03-16,-1999711.0,-0.009998555,0,90.0
CO1.BDOS.10025055,SAMC-001-2026 (Manifestación de interés (Menor Cuantía)) (Presentación de oferta),MUNICIPIO DE CUCUNUBÁ,Cundinamarca,Cucunubá,Selección Abreviada de Menor Cuantía,Obra,Seleccionado,286330668.0,286330668.0,1,3,Mes(es),2026-03-16,0.0,0.0,0,90.0
CO1.BDOS.10059954,CQ-SAM-002-2026 (Manifestación de interés (Menor Cuantía)) (Presentación de oferta),MUNICIPIO DE CAQUEZA,Cundinamarca,Caqueza,Selección Abreviada de Menor Cuantía,Obra,Seleccionado,250000000.0,249811416.0,1,3,Mes(es),2026-03-16,-188584.0,-0.000754336,0,90.0
CO1.BDOS.10060208,MSIL-SAMC-008 DE 2026 (Manifestación de interés (Menor Cuantía)) (Presentación de oferta),MUNICIPIO DE SILVANIA,Cundinamarca,Silvania,Selección Abreviada de Menor Cuantía,Obra,Seleccionado,150000000.0,143457252.0,1,4,Mes(es),2026-03-16,-6542748.0,-0.04361832,0,120.0
CO1.BDOS.10035930,LP-001-2026 (Fase de Selección (Presentación de ofertas)),ALCALDIA MUNICIPAL DE SUESCA +,Cundinamarca,Suesca,Licitación pública Obra Publica,Obra,Seleccionado,636363636.0,598886651.0,20,5,Mes(es),2026-03-13,-37476985.0,-0.058892405033652805,0,150.0
CO1.BDOS.10034673,MA-LP-001-2026 (Fase de Selección (Presentación de ofertas)),ALCALDIA MUNICIPIO DE ANOLAIMA,Cundinamarca,Anolaima,Licitación pública Obra Publica,Obra,Seleccionado,5119037311.0,4811364000.0,15,5,Mes(es),2026-03-12,-307673311.0,-0.06010374457299985,0,150.0
CO1.BDOS.10010419,SA-MC-003-2026 (Manifestación de interés (Menor Cuantía)) (Presentación de oferta),ALCALDIA MUNICIPAL DE SUESCA +,Cundinamarca,Suesca,Selección Abreviada de Menor Cuantía,Obra,Seleccionado,100000000.0,95814713.0,5,1,Mes(es),2026-03-12,-4185287.0,-0.04185287,0,30.0
CO1.BDOS.10039098,SAMC 001 -2026 (Manifestación de interés (Menor Cuantía)) (Presentación de oferta),ALCALDIA MUNICIPIO DE NOCAIMA,Cundinamarca,Nocaima,Selección Abreviada de Menor Cuantía,Obra,Seleccionado,410000000.0,109835073.0,4,2,Mes(es),2026-03-11,-300164927.0,-0.7321095780487805,0,60.0
CO1.BDOS.9989812,LP-001-2026 (Fase de Selección (Presentación de ofertas)),IDUVI,Cundinamarca,Chía,Licitación pública Obra Publica,Obra,Seleccionado,2849892207.0,2849892207.0,1,270,día(s),2026-03-11,0.0,0.0,0,270.0
CO1.BDOS.10083114,MC 006-2026,ALCALDIA MUNICIPIO DE RICAURTE,Cundinamarca,Ricaurte,Mínima cuantía,Obra,Seleccionado,28797359.0,28797359.0,1,1,Mes(es),2026-03-10,0.0,0.0,0,30.0
CO1.BDOS.10050043,MP-LP-002-2026 (Fase de Selección (Presentación de ofertas)),MUNICIPIO DE PANDI,Cundinamarca,No Definido,Licitación pública Obra Publica,Obra,Seleccionado,2508090835.0,2397732375.0,26,210,día(s),2026-03-10,-110358460.0,-0.04400098212551381,0,210.0
CO1.BDOS.10081264,MA-MC-005-2026,ALCALDIA MUNICIPIO DE ANOLAIMA,Cundinamarca,Anolaima,Mínima cuantía,Obra,Seleccionado,49000000.0,46046353.0,1,2,Mes(es),2026-03-10,-2953647.0,-0.060278510204081634,0,60.0
CO1.BDOS.10003472,SAMC-002-2026 (Manifestación de interés (Menor Cuantía)) (Presentación de oferta),ALCALDIA MUNICIPAL DE GUADUAS,Cundinamarca,Guaduas,Selección Abreviada de Menor Cuantía,Obra,Seleccionado,387222638.0,386523236.0,3,6,Mes(es),2026-03-10,-699402.0,-0.001806201216985666,0,180.0
CO1.BDOS.10080871,CONVOCATORIA 001-2026,E.S.E HOSPITAL NUESTRA SEÑORA DEL CARMEN DEL COLEGIO,Cundinamarca,El Colegio,Contratación régimen especial (con ofertas),Obra,Seleccionado,1724982617.0,1724981621.0,0,9,Mes(es),2026-03-09,-996.0,-5.773971228372094e-07,0,270.0
CO1.BDOS.10002832,LP-002-2026 (Fase de Selección (Presentación de ofertas)),ALCALDIA MUNICIPAL DE GUADUAS,Cundinamarca,Guaduas,Licitación pública Obra Publica,Obra,Seleccionado,803515516.0,803511052.0,3,6,Mes(es),2026-03-06,-4464.0,-5.55558655820655e-06,0,180.0
CO1.BDOS.10008627,LP-AMS-2026-0002 (Fase de Selección (Presentación de ofertas)),ALCALDÍA MUNICIPAL DE SOPO,Cundinamarca,Sopó,Licitación pública Obra Publica,Obra,Seleccionado,5464996311.0,5131545362.0,52,14,Mes(es),2026-03-06,-333450949.0,-0.06101576835995782,0,420.0
CO1.BDOS.10035134,SAMC-003-2026 (Manifestación de interés (Menor Cuantía)) (Presentación de oferta),ALCALDIA MUNICIPAL DE SUTATAUSA,Cundinamarca,Sutatausa,Selección Abreviada de Menor Cuantía,Obra,Seleccionado,450000000.0,450000000.0,1,3,Mes(es),2026-03-06,0.0,0.0,0,90.0
CO1.BDOS.9995437,011-00-M-CAMAN-GRUAL-2026 (Fase de Selección (Presentación de ofertas)),COMANDO AEREO DE MANTENIMIENTO,Cundinamarca,Madrid,Licitación pública Obra Publica,Obra,Seleccionado,3887810929.0,3887810929.0,8,8,Mes(es),2026-03-05,0.0,0.0,0,240.0
CO1.BDOS.10024338,CQ-SAM-001-2026 (Manifestación de interés (Menor Cuantía)) (Presentación de oferta),MUNICIPIO DE CAQUEZA,Cundinamarca,Caqueza,Selección Abreviada de Menor Cuantía,Obra,Seleccionado,100000000.0,99998874.0,1,2,Mes(es),2026-03-05,-1126.0,-1.126e-05,0,60.0
CO1.BDOS.9564423,LP-001-2026 (Fase de Selección (Presentación de ofertas)),ALCALDIA MUNICIPAL DE PUERTO SALGAR,Cundinamarca,Puerto Salgar,Licitación pública Obra Publica,Obra,Seleccionado,500000000.0,499990308.0,1,4,Mes(es),2026-03-05,-9692.0,-1.9384e-05,0,120.0
CO1.BDOS.9988320,SAMC-002-2026 (Manifestación de interés (Menor Cuantía)) (Presentación de oferta),MUNICIPIO DE ALBAN,Cundinamarca,Albán,Selección Abreviada de Menor Cuantía,Obra,Seleccionado,105300000.0,101087936.0,1,2,Mes(es),2026-03-04,-4212064.0,-0.040000607787274454,0,60.0
CO1.BDOS.9321214,SAMC-012-2025 (Manifestación de interés (Menor Cuantía)) (Presentación de oferta),MUNICIPIO DE MACHETA,Cundinamarca,Macheta,Selección Abreviada de Menor Cuantía,Obra,Seleccionado,320000000.0,314622999.0,2,3,Mes(es),2026-03-04,-5377001.0,-0.016803128125,0,90.0
CO1.BDOS.10011319,SAMC-001-2026 (Manifestación de interés (Menor Cuantía)) (Presentación de oferta),MUNICIPIO DE SAN FRANCISCO,Cundinamarca,San Francisco,Selección Abreviada de Menor Cuantía,Obra,Seleccionado,450000000.0,449999914.0,2,3,Mes(es),2026-03-04,-86.0,-1.911111111111111e-07,0,90.0
CO1.BDOS.9991139,LP-003-2026 (Fase de Selección (Presentación de ofertas)),MUNICIPIO DE UBATE,Cundinamarca,Villa De San Diego De Ubate,Licitación pública Obra Publica,Obra,Seleccionado,2779855052.0,2607794039.0,60,6,Mes(es),2026-03-03,-172061013.0,-0.06189567793335435,0,180.0
CO1.BDOS.10063641,CONVOCATORIA PUBLICA 016-2026,EMPRESA SOCIAL DEL ESTADO HOSPITAL SAN RAFAEL DE FACATATIVA,Cundinamarca,Facatativá,Contratación régimen especial (con ofertas),Obra,Seleccionado,2504899780.0,2502384136.0,1,6,Mes(es),2026-03-03,-2515644.0,-0.0010042892813859404,0,180.0
CO1.BDOS.9571664,LP-001-2026 (Fase de Selección (Presentación de ofertas)),MUNICIPIO DE AGUA DE DIOS,Cundinamarca,Agua De Dios,Licitación pública Obra Publica,Obra,Seleccionado,2272727273.0,2271655820.0,1,0,día(s),2026-03-03,-1071453.0,-0.00047143931994342726,0,0.0
CO1.BDOS.10010414,SAMC-005-2026 (Manifestación de interés (Menor Cuantía)) (Presentación de oferta),MUNICIPIO DE VILLAGÓMEZ*,Cundinamarca,Villagómez,Selección Abreviada de Menor Cuantía,Obra,Seleccionado,246562000.0,246512483.0,3,3,Mes(es),2026-03-02,-49517.0,-0.00020082981156869267,0,90.0
CO1.BDOS.10020857,MP-SAMC-002-2026 (Manifestación de interés (Menor Cuantía)) (Presentación de oferta),MUNICIPIO DE PANDI,Cundinamarca,No Definido,Selección Abreviada de Menor Cuantía,Obra,Seleccionado,300000000.0,292203918.0,3,90,día(s),2026-03-02,-7796082.0,-0.02598694,0,90.0
CO1.BDOS.9991359,SAMC-001-2026 (Manifestación de interés (Menor Cuantía)) (Presentación de oferta),ALCALDIA MUNICIPAL DE GACHETA,Cundinamarca,Gachetá,Selección Abreviada de Menor Cuantía,Obra,Seleccionado,100000000.0,94660408.0,5,2,Mes(es),2026-03-02,-5339592.0,-0.05339592,0,60.0
CO1.BDOS.9997172,MA-SAMC-001-2026 (Manifestación de interés (Menor Cuantía)) (Presentación de oferta),ALCALDIA MUNICIPIO DE ANOLAIMA,Cundinamarca,Anolaima,Selección Abreviada de Menor Cuantía,Obra,Seleccionado,350000000.0,330440202.0,4,1,Mes(es),2026-02-27,-19559798.0,-0.055885137142857144,0,30.0
CO1.BDOS.10013617,MSIL-SAMC 02 DE 2026 (Manifestación de interés (Menor Cuantía)) (Presentación de oferta),MUNICIPIO DE SILVANIA,Cundinamarca,Silvania,Selección Abreviada de Menor Cuantía,Obra,Seleccionado,307000000.0,306994437.0,1,4,Mes(es),2026-02-27,-5563.0,-1.8120521172638438e-05,0,120.0
CO1.BDOS.10002199,SAMC-001-2026  (Manifestación de interés (Menor Cuantía)) (Presentación de oferta),ALCALDIA MUNICIPAL DE PUERTO SALGAR,Cundinamarca,Puerto Salgar,Selección Abreviada de Menor Cuantía,Obra,Seleccionado,412562421.0,412561462.0,2,4,Mes(es),2026-02-27,-959.0,-2.3244967335500486e-06,0,120.0
CO1.BDOS.9959569,LP-001-2026 (Fase de Selección (Presentación de ofertas)),MUNICIPIO DE GACHANCIPA,Cundinamarca,Gachancipá,Licitación pública Obra Publica,Obra,Seleccionado,5416673567.0,5074189495.0,11,0,día(s),2026-02-26,-342484072.0,-0.06322774813060837,0,0.0
CO1.BDOS.9980149,LP-001-2026 (Fase de Selección (Presentación de ofertas)),MUNICIPIO DE ALBAN,Cundinamarca,Albán,Licitación pública Obra Publica,Obra,Seleccionado,1114679492.0,1114464500.0,1,6,Mes(es),2026-02-26,-214992.0,-0.00019287337888871826,0,180.0
CO1.BDOS.9967763,SAMC-008-2026 (Manifestación de interés (Menor Cuantía)) (Presentación de oferta),ALCALDIA MUNICIPIO DE LA VEGA CUNDINAMARCA,Cundinamarca,La Vega,Selección Abreviada de Menor Cuantía,Obra,Seleccionado,300000000.0,299665860.0,1,40,día(s),2026-02-26,-334140.0,-0.0011138,0,40.0
CO1.BDOS.9980713,LP-001-2026 (Fase de Selección (Presentación de ofertas)),MUNICIPIO DE TIBIRITA,Cundinamarca,Tibirita,Licitación pública Obra Publica,Obra,Seleccionado,582934758.0,549393699.0,18,4,Mes(es),2026-02-25,-33541059.0,-0.057538272576294035,0,120.0
CO1.BDOS.9290200,SAMC-011-2025 (Manifestación de interés (Menor Cuantía)) (Presentación de oferta),MUNICIPIO DE MACHETA,Cundinamarca,Macheta,Selección Abreviada de Menor Cuantía,Obra,Seleccionado,200000000.0,194000282.0,2,0,día(s),2026-02-25,-5999718.0,-0.02999859,0,0.0
CO1.BDOS.9995979,SAMC-006-2026 (Manifestación de interés (Menor Cuantía)) (Presentación de oferta),MUNICIPIO DE VILLAPINZON,Cundinamarca,Villapinzón,Selección Abreviada de Menor Cuantía,Obra,Seleccionado,339415301.0,339415301.0,1,3,Mes(es),2026-02-25,0.0,0.0,0,90.0
CO1.BDOS.9570022,SAMC-007-2026 (Manifestación de interés (Menor Cuantía)) (Presentación de oferta),ALCALDIA MUNICIPIO DE LA VEGA CUNDINAMARCA,Cundinamarca,La Vega,Selección Abreviada de Menor Cuantía,Obra,Seleccionado,200000000.0,199996132.0,2,0,día(s),2026-02-25,-3868.0,-1.934e-05,0,0.0
CO1.BDOS.9977658,SAMC-001-2026 (Manifestación de interés (Menor Cuantía)) (Presentación de oferta),MUNICIPIO DE ALBAN,Cundinamarca,Albán,Selección Abreviada de Menor Cuantía,Obra,Seleccionado,300000000.0,299996492.0,1,60,día(s),2026-02-25,-3508.0,-1.1693333333333334e-05,0,60.0
CO1.BDOS.10002154,MP-SAMC-001-2026 (Manifestación de interés (Menor Cuantía)) (Presentación de oferta),MUNICIPIO DE PANDI,Cundinamarca,No Definido,Selección Abreviada de Menor Cuantía,Obra,Seleccionado,387000000.0,386226400.0,2,90,día(s),2026-02-25,-773600.0,-0.001998966408268734,0,90.0
CO1.BDOS.9963900,LP-004-2026. (Fase de Selección (Presentación de ofertas)),MUNICIPIO DE CAPARRAPI*,Cundinamarca,Caparrapí,Licitación pública Obra Publica,Obra,Seleccionado,4672901265.0,4543032234.0,17,18,Mes(es),2026-02-25,-129869031.0,-0.02779194843527258,0,540.0
CO1.BDOS.9997936,SAMC-0001-2026 (Presentación de oferta),MUNICIPIO DE FUNZA - ALCALDÍA DE FUNZA,Cundinamarca,Funza,Seleccion Abreviada Menor Cuantia Sin Manifestacion Interes,Obra,Seleccionado,3692177933.0,3634394007.0,1,9,Mes(es),2026-02-25,-57783926.0,-0.015650363294666274,0,270.0
CO1.BDOS.9323367,SAMC 019 DE 2025 (Manifestación de interés (Menor Cuantía)) (Presentación de oferta),ALCALDIA DE GAMA,Cundinamarca,Gama,Selección Abreviada de Menor Cuantía,Obra,Seleccionado,100000000.0,99968645.0,1,3,Mes(es),2026-02-25,-31355.0,-0.00031355,0,90.0
CO1.BDOS.9937361,LP-003-2026 (Fase de Selección (Presentación de ofertas)),MUNICIPIO DE CAPARRAPI*,Cundinamarca,Caparrapí,Licitación pública Obra Publica,Obra,Seleccionado,4405087200.0,4266141000.0,20,12,Mes(es),2026-02-24,-138946200.0,-0.031542213284676865,0,360.0
CO1.BDOS.10039406,FTIC-MIC-003-2026,ALCALDÍA MUNICIPAL DE SASAIMA,Cundinamarca,Sasaima,Mínima cuantía,Obra,Seleccionado,16169196.0,9426040.0,7,0,día(s),2026-02-24,-6743156.0,-0.417037186017165,0,0.0
CO1.BDOS.9796049,SAMC-003-2026 (Manifestación de interés (Menor Cuantía)) (Presentación de oferta),MUNICIPIO DE PACHO,Cundinamarca,Pacho,Selección Abreviada de Menor Cuantía,Obra,Seleccionado,110000000.0,109974510.0,1,3,Mes(es),2026-02-23,-25490.0,-0.00023172727272727272,0,90.0
CO1.BDOS.9282096,SAMC-010-2025 (Manifestación de interés (Menor Cuantía)) (Presentación de oferta),MUNICIPIO DE MACHETA,Cundinamarca,Macheta,Selección Abreviada de Menor Cuantía,Obra,Seleccionado,286330668.0,286330668.0,1,3,Mes(es),2026-02-23,0.0,0.0,0,90.0
CO1.BDOS.9569737,SAMC-006-2026 (Manifestación de interés (Menor Cuantía)) (Presentación de oferta),ALCALDIA MUNICIPIO DE LA VEGA CUNDINAMARCA,Cundinamarca,La Vega,Selección Abreviada de Menor Cuantía,Obra,Seleccionado,200000000.0,199971600.0,1,0,día(s),2026-02-23,-28400.0,-0.000142,0,0.0
CO1.BDOS.9329732,SAMC-046-2025 (Manifestación de interés (Menor Cuantía)) (Presentación de oferta),MUNICIPIO DE UBATE,Cundinamarca,Villa De San Diego De Ubate,Selección Abreviada de Menor Cuantía,Obra,Seleccionado,135000000.0,129596691.0,0,3,Mes(es),2026-02-20,-5403309.0,-0.04002451111111111,0,90.0
CO1.BDOS.9972021,SAMC-004-2026 (Manifestación de interés (Menor Cuantía)) (Presentación de oferta),MUNICIPIO DE VILLAGÓMEZ*,Cundinamarca,Villagómez,Selección Abreviada de Menor Cuantía,Obra,Seleccionado,355794400.0,355062771.0,4,3,Mes(es),2026-02-20,-731629.0,-0.0020563252260294147,0,90.0
CO1.BDOS.9980255,SAMC-005-2026 (Manifestación de interés (Menor Cuantía)) (Presentación de oferta),MUNICIPIO DE VILLAPINZON,Cundinamarca,Villapinzón,Selección Abreviada de Menor Cuantía,Obra,Seleccionado,100000000.0,99950063.0,2,3,Mes(es),2026-02-20,-49937.0,-0.00049937,0,90.0
CO1.BDOS.9567588,SAMC-005-2026 (Manifestación de interés (Menor Cuantía)) (Presentación de oferta),ALCALDIA MUNICIPIO DE LA VEGA CUNDINAMARCA,Cundinamarca,La Vega,Selección Abreviada de Menor Cuantía,Obra,Seleccionado,200000000.0,188759440.0,2,0,día(s),2026-02-19,-11240560.0,-0.0562028,0,0.0
CO1.BDOS.9781586,SAMC-002-2026 (Manifestación de interés (Menor Cuantía)) (Presentación de oferta),MUNICIPIO DE PACHO,Cundinamarca,Pacho,Selección Abreviada de Menor Cuantía,Obra,Seleccionado,403079000.0,402987735.0,1,3,Mes(es),2026-02-19,-91265.0,-0.00022641963486066006,0,90.0
CO1.BDOS.10015240,CONVOCATORIA PUBLICA 005-2026,ESE HOSPITAL NUESTRA SEÑORA DE LAS MERCEDES FUNZA DEL MUNICIPIO DE FUNZA,Cundinamarca,No Definido,Contratación régimen especial (con ofertas),Obra,Seleccionado,504530762.0,504329534.0,1,3,Mes(es),2026-02-17,-201228.0,-0.00039884188468967925,0,90.0
CO1.BDOS.9950848,SAMC-004-2026 (Manifestación de interés (Menor Cuantía)) (Presentación de oferta),MUNICIPIO DE VILLAPINZON,Cundinamarca,Villapinzón,Selección Abreviada de Menor Cuantía,Obra,Seleccionado,100000000.0,94660055.0,7,3,Mes(es),2026-02-17,-5339945.0,-0.05339945,0,90.0
CO1.BDOS.9777739,SAMC-001-2026 (Manifestación de interés (Menor Cuantía)) (Presentación de oferta),MUNICIPIO DE PACHO,Cundinamarca,Pacho,Selección Abreviada de Menor Cuantía,Obra,Seleccionado,410000000.0,409905574.0,1,3,Mes(es),2026-02-17,-94426.0,-0.00023030731707317074,0,90.0
CO1.BDOS.9710650,SAMC - 001 - 2026 (Manifestación de interés (Menor Cuantía)) (Presentación de oferta),MUNICIPIO DE AGUA DE DIOS,Cundinamarca,Agua De Dios,Selección Abreviada de Menor Cuantía,Obra,Seleccionado,400000000.0,400000000.0,1,0,día(s),2026-02-16,0.0,0.0,0,0.0
CO1.BDOS.9555926,SAMC-001-2026 (Manifestación de interés (Menor Cuantía)) (Presentación de oferta),MUNICIPIO DE UBATE,Cundinamarca,Villa De San Diego De Ubate,Selección Abreviada de Menor Cuantía,Obra,Seleccionado,287649000.0,287647744.0,1,2,Mes(es),2026-02-16,-1256.0,-4.3664327009654124e-06,0,60.0
CO1.BDOS.9274319,SAMC-009-2025 (Manifestación de interés (Menor Cuantía)) (Presentación de oferta),MUNICIPIO DE MACHETA,Cundinamarca,Macheta,Selección Abreviada de Menor Cuantía,Obra,Seleccionado,350000000.0,349825078.0,2,3,Mes(es),2026-02-16,-174922.0,-0.0004997771428571429,0,90.0
CO1.BDOS.9545343,SAMC-003-2026 (Manifestación de interés (Menor Cuantía)) (Presentación de oferta),ALCALDIA MUNICIPIO DE LA VEGA CUNDINAMARCA,Cundinamarca,La Vega,Selección Abreviada de Menor Cuantía,Obra,Seleccionado,203154000.0,202884697.0,1,4,Mes(es),2026-02-16,-269303.0,-0.0013256101282770707,0,120.0
CO1.BDOS.9564383,LICITACION PUBLICA 001-2026. (Fase de Selección (Presentación de ofertas)),ALCALDIA MUNICIPAL DE GIRARDOT,Cundinamarca,Girardot,Licitación pública Obra Publica,Obra,Seleccionado,2723402837.0,2723388090.0,1,8,Mes(es),2026-02-16,-14747.0,-5.414916882529487e-06,0,240.0
CO1.BDOS.9719775,LICITACION PUBLICA 002 -2026 (Fase de Selección (Presentación de ofertas)),ALCALDIA MUNICIPAL DE GIRARDOT,Cundinamarca,Girardot,Licitación pública Obra Publica,Obra,Seleccionado,1480048396.0,1395226819.0,135,6,Mes(es),2026-02-13,-84821577.0,-0.057310002314275674,0,180.0
CO1.BDOS.9557845,LP-002-2026 (Fase de Selección (Presentación de ofertas)),MUNICIPIO DE UBATE,Cundinamarca,Villa De San Diego De Ubate,Licitación pública Obra Publica,Obra,Seleccionado,3172778682.0,3172562760.0,1,8,Mes(es),2026-02-13,-215922.0,-6.805454197766196e-05,0,240.0
CO1.BDOS.9869376,LP-002-2026 (Fase de Selección (Presentación de ofertas)),MUNICIPIO DE CAPARRAPI*,Cundinamarca,Caparrapí,Licitación pública Obra Publica,Obra,Seleccionado,3083636307.0,3082074870.0,1,10,Mes(es),2026-02-13,-1561437.0,-0.0005063622439700376,0,300.0
CO1.BDOS.9867441,LP-001-2026 (Fase de Selección (Presentación de ofertas)),MUNICIPIO DE CAPARRAPI*,Cundinamarca,Caparrapí,Licitación pública Obra Publica,Obra,Seleccionado,1709015419.0,1708449082.0,1,9,Mes(es),2026-02-13,-566337.0,-0.0003313820306731826,0,270.0
CO1.BDOS.9729324,SAMC - 002 - 2026 (Manifestación de interés (Menor Cuantía)) (Presentación de oferta),MUNICIPIO DE AGUA DE DIOS,Cundinamarca,Agua De Dios,Selección Abreviada de Menor Cuantía,Obra,Seleccionado,340000000.0,340000000.0,1,0,día(s),2026-02-13,0.0,0.0,0,0.0
CO1.BDOS.9268511,SAMC-008-2025 (Manifestación de interés (Menor Cuantía)) (Presentación de oferta),MUNICIPIO DE MACHETA,Cundinamarca,Macheta,Selección Abreviada de Menor Cuantía,Obra,Seleccionado,100000000.0,100000000.0,3,3,Mes(es),2026-02-12,0.0,0.0,0,90.0
CO1.BDOS.9532890,SAMC-002-2026 (Manifestación de interés (Menor Cuantía)) (Presentación de oferta),ALCALDIA MUNICIPIO DE LA VEGA CUNDINAMARCA,Cundinamarca,La Vega,Selección Abreviada de Menor Cuantía,Obra,Seleccionado,322000000.0,321999930.0,3,0,día(s),2026-02-12,-70.0,-2.173913043478261e-07,0,0.0
CO1.BDOS.9795350,SA-03-2026 (Manifestación de interés (Menor Cuantía)) (Presentación de oferta),MUNICIPIO DE CHOCONTÁ,Cundinamarca,Chocontá,Selección Abreviada de Menor Cuantía,Obra,Seleccionado,100000000.0,99998336.0,1,2,Mes(es),2026-02-11,-1664.0,-1.664e-05,0,60.0
CO1.BDOS.9992106,MC-002 DE 2026,MUNICIPIO DE MACHETA,Cundinamarca,Macheta,Mínima cuantía,Obra,Seleccionado,14311472.0,12164755.0,2,15,día(s),2026-02-11,-2146717.0,-0.14999973447874546,0,15.0
CO1.BDOS.9532256,SAMC-001-2026 (Manifestación de interés (Menor Cuantía)) (Presentación de oferta),ALCALDIA MUNICIPIO DE LA VEGA CUNDINAMARCA,Cundinamarca,La Vega,Selección Abreviada de Menor Cuantía,Obra,Seleccionado,343678000.0,343574995.0,1,0,día(s),2026-02-11,-103005.0,-0.00029971368548466876,0,0.0
CO1.BDOS.9793977,SA-02-2026 (Manifestación de interés (Menor Cuantía)) (Presentación de oferta),MUNICIPIO DE CHOCONTÁ,Cundinamarca,Chocontá,Selección Abreviada de Menor Cuantía,Obra,Seleccionado,300000000.0,299550429.0,1,2,Mes(es),2026-02-10,-449571.0,-0.00149857,0,60.0
CO1.BDOS.9793652,SA-01-2026 (Manifestación de interés (Menor Cuantía)) (Presentación de oferta),MUNICIPIO DE CHOCONTÁ,Cundinamarca,Chocontá,Selección Abreviada de Menor Cuantía,Obra,Seleccionado,100000000.0,99998482.0,1,2,Mes(es),2026-02-10,-1518.0,-1.518e-05,0,60.0
CO1.BDOS.9113619,LP N 006 2025 (Fase de Selección (Presentación de ofertas)),ALCALDIA DE SESQUILE,Cundinamarca,Sesquilé,Licitación pública Obra Publica,Obra,Seleccionado,1350000000.0,1274670030.0,5,240,día(s),2026-02-09,-75329970.0,-0.05579997777777778,0,240.0
CO1.BDOS.9729378,LP-001-2026 (Fase de Selección (Presentación de ofertas)),ALCALDIA MUNICIPAL DE GUADUAS,Cundinamarca,Guaduas,Licitación pública Obra Publica,Obra,Seleccionado,538015060.0,502700296.0,25,6,Mes(es),2026-02-09,-35314764.0,-0.06563898787517213,0,180.0
CO1.BDOS.9328990,SAMC-045-2024   (Manifestación de interés (Menor Cuantía)) (Presentación de oferta),MUNICIPIO DE UBATE,Cundinamarca,Villa De San Diego De Ubate,Selección Abreviada de Menor Cuantía,Obra,Seleccionado,299172000.0,299020539.0,2,3,Mes(es),2026-02-06,-151461.0,-0.0005062672977417672,0,90.0
CO1.BDOS.9959100,MC-002-2026,ALCALDIA MUNICIPIO DE LA VEGA CUNDINAMARCA,Cundinamarca,La Vega,Mínima cuantía,Obra,Seleccionado,48625048.0,48509218.0,1,45,día(s),2026-02-06,-115830.0,-0.0023821056176643774,0,45.0
CO1.BDOS.9725215,SAMC-001-2026 (Manifestación de interés (Menor Cuantía)) (Presentación de oferta),MUNICIPIO DE VILLAGÓMEZ*,Cundinamarca,Villagómez,Selección Abreviada de Menor Cuantía,Obra,Seleccionado,355794400.0,355967272.0,2,3,Mes(es),2026-02-06,172872.0,0.00048587611272127946,1,90.0
CO1.BDOS.9789804,SAMC-003-2026 (Manifestación de interés (Menor Cuantía)) (Presentación de oferta),MUNICIPIO DE CAPARRAPI*,Cundinamarca,Caparrapí,Selección Abreviada de Menor Cuantía,Obra,Seleccionado,300000000.0,299793684.0,2,10,Mes(es),2026-02-06,-206316.0,-0.00068772,0,300.0
CO1.BDOS.9279492,SAMC 018 DE 2025 (Manifestación de interés (Menor Cuantía)) (Presentación de oferta),ALCALDIA DE GAMA,Cundinamarca,Gama,Selección Abreviada de Menor Cuantía,Obra,Seleccionado,134848015.0,134799589.0,1,3,Mes(es),2026-02-05,-48426.0,-0.0003591154085582943,0,90.0
CO1.BDOS.9675284,SAMC-002-2026 (Manifestación de interés (Menor Cuantía)) (Presentación de oferta),MUNICIPIO DE CAPARRAPI*,Cundinamarca,Caparrapí,Selección Abreviada de Menor Cuantía,Obra,Seleccionado,300000000.0,299995393.0,2,10,Mes(es),2026-02-04,-4607.0,-1.5356666666666668e-05,0,300.0
CO1.BDOS.9951461,IC-003-2026,CATEDRAL DE SAL DE ZIPAQUIRÁ SASEM,Cundinamarca,Zipaquirá,Contratación régimen especial (con ofertas),Obra,Seleccionado,373674396.0,373674000.0,1,3,Mes(es),2026-02-04,-396.0,-1.0597461432706778e-06,0,90.0
CO1.BDOS.9628452,SAMC-001-2026 (Manifestación de interés (Menor Cuantía)) (Presentación de oferta),MUNICIPIO DE CAPARRAPI*,Cundinamarca,Caparrapí,Selección Abreviada de Menor Cuantía,Obra,Seleccionado,350000000.0,349656568.0,2,18,Mes(es),2026-02-03,-343432.0,-0.0009812342857142857,0,540.0
CO1.BDOS.9528759,LP-001-2026 (Fase de Selección (Presentación de ofertas)),ALCALDIA MUNICIPIO DE LA VEGA CUNDINAMARCA,Cundinamarca,La Vega,Licitación pública Obra Publica,Obra,Seleccionado,909090908.0,842839873.0,93,0,día(s),2026-02-03,-66251035.0,-0.07287613858745137,0,0.0
CO1.BDOS.9530600,LP-02-2026 (Fase de Selección (Presentación de ofertas)),ALCALDIA MUNICIPIO DE LA VEGA CUNDINAMARCA,Cundinamarca,La Vega,Licitación pública Obra Publica,Obra,Seleccionado,700099118.0,659977890.0,67,0,día(s),2026-02-03,-40121228.0,-0.05730792536150574,0,0.0
CO1.BDOS.9629434,SAMC-002-2026 (Manifestación de interés (Menor Cuantía)) (Presentación de oferta),MUNICIPIO DE VILLAPINZON,Cundinamarca,Villapinzón,Selección Abreviada de Menor Cuantía,Obra,Seleccionado,450000000.0,449930487.0,2,0,día(s),2026-01-29,-69513.0,-0.00015447333333333334,0,0.0
CO1.BDOS.9526027,SAMC-001-2026 (Manifestación de interés (Menor Cuantía)) (Presentación de oferta),MUNICIPIO DE VILLAPINZON,Cundinamarca,Villapinzón,Selección Abreviada de Menor Cuantía,Obra,Seleccionado,200000000.0,199600000.0,3,0,día(s),2026-01-27,-400000.0,-0.002,0,0.0
CO1.BDOS.9301301,LP 005-2025 (Fase de Selección (Presentación de ofertas)),ALCALDIA MUNICIPIO DE NOCAIMA,Cundinamarca,Nocaima,Licitación pública Obra Publica,Obra,Seleccionado,2599803634.0,2406301632.0,2,7,Mes(es),2026-01-26,-193502002.0,-0.07442946823729227,0,210.0
CO1.BDOS.9325893,SAMC-029-2025 (Manifestación de interés (Menor Cuantía)) (Presentación de oferta),ALCALDIA MUNICIPAL DE GUADUAS,Cundinamarca,Guaduas,Selección Abreviada de Menor Cuantía,Obra,Seleccionado,380615186.0,380603587.0,3,3,Mes(es),2026-01-23,-11599.0,-3.047434896620231e-05,0,90.0
CO1.BDOS.9300625,LP-004-2025 (Fase de Selección (Presentación de ofertas)),MUNICIPIO DE COGUA,Cundinamarca,Cogua,Licitación pública Obra Publica,Obra,Seleccionado,2727272727.0,2572574915.0,36,10,Mes(es),2026-01-23,-154697812.0,-0.05672253107233892,0,300.0
CO1.BDOS.9324259,LP-005-2025 (Fase de Selección (Presentación de ofertas)),MUNICIPIO DE UBATE,Cundinamarca,Villa De San Diego De Ubate,Licitación pública Obra Publica,Obra,Seleccionado,571151341.0,571149891.0,4,5,Mes(es),2026-01-22,-1450.0,-2.5387316739224815e-06,0,150.0
CO1.BDOS.9332146,SAMC-036-2025 (Manifestación de interés (Menor Cuantía)) (Presentación de oferta),MUNICIPIO DE COGUA,Cundinamarca,Cogua,Selección Abreviada de Menor Cuantía,Obra,Seleccionado,100000000.0,100000000.0,1,3,Mes(es),2026-01-21,0.0,0.0,0,90.0
CO1.BDOS.9273780,SAMC 160-2025 (Manifestación de interés (Menor Cuantía)) (Presentación de oferta),MUNICIPIO DE ANAPOIMA/,Cundinamarca,No Definido,Selección Abreviada de Menor Cuantía,Obra,Seleccionado,350000000.0,348250204.0,5,3,Mes(es),2026-01-20,-1749796.0,-0.004999417142857143,0,90.0
CO1.BDOS.9333055,LP-007-2025 (Fase de Selección (Presentación de ofertas)),ALCALDIA MUNICIPAL DE GUADUAS,Cundinamarca,Guaduas,Licitación pública Obra Publica,Obra,Seleccionado,898339084.0,896853349.0,1,6,Mes(es),2026-01-20,-1485735.0,-0.0016538688190928137,0,180.0
CO1.BDOS.9323434,LP-004-2025 (Fase de Selección (Presentación de ofertas)),MUNICIPIO DE UBATE,Cundinamarca,Villa De San Diego De Ubate,Licitación pública Obra Publica,Obra,Seleccionado,1996711729.0,1996569748.0,1,8,Mes(es),2026-01-20,-141981.0,-7.110741021745157e-05,0,240.0
CO1.BDOS.9264847,SAMC 159-2025 (Manifestación de interés (Menor Cuantía)) (Presentación de oferta),MUNICIPIO DE ANAPOIMA/,Cundinamarca,No Definido,Selección Abreviada de Menor Cuantía,Obra,Seleccionado,149000000.0,148702133.0,3,2,Mes(es),2026-01-16,-297867.0,-0.0019991073825503356,0,60.0
CO1.BDOS.9312893,SAMC-035-2025 (Manifestación de interés (Menor Cuantía)) (Presentación de oferta),MUNICIPIO DE COGUA,Cundinamarca,Cogua,Selección Abreviada de Menor Cuantía,Obra,Seleccionado,150000000.0,144007367.0,1,2,Mes(es),2026-01-16,-5992633.0,-0.039950886666666664,0,60.0
CO1.BDOS.9560126,INVITACION PRIVADA 02-2026,EMPRESA DE SERVICIOS PÚBLICOS DE PUERTO SALGAR CUNDINAMARCA,Cundinamarca,Puerto Salgar,Contratación régimen especial (con ofertas),Obra,Seleccionado,109944268.0,109944268.0,1,10,día(s),2026-01-16,0.0,0.0,0,10.0
CO1.BDOS.9194690,SAMC 155-2025 (Manifestación de interés (Menor Cuantía)) (Presentación de oferta),MUNICIPIO DE ANAPOIMA/,Cundinamarca,No Definido,Selección Abreviada de Menor Cuantía,Obra,Seleccionado,388000000.0,387612397.0,2,0,día(s),2026-01-07,-387603.0,-0.0009989768041237114,0,0.0
CO1.BDOS.9287611,SAMC-027-2025 (Manifestación de interés (Menor Cuantía)) (Presentación de oferta),ALCALDIA MUNICIPAL DE CHIA,Cundinamarca,Chía,Selección Abreviada de Menor Cuantía,Obra,Seleccionado,640575000.0,640575000.0,3,0,día(s),2026-01-07,0.0,0.0,0,0.0
CO1.BDOS.9300642,SAMC-034-2025 (Manifestación de interés (Menor Cuantía)) (Presentación de oferta),MUNICIPIO DE COGUA,Cundinamarca,Cogua,Selección Abreviada de Menor Cuantía,Obra,Seleccionado,100000000.0,94069956.0,4,3,Mes(es),2026-01-07,-5930044.0,-0.05930044,0,90.0
CO1.BDOS.9287850,SAMC-033-2025 (Manifestación de interés (Menor Cuantía)) (Presentación de oferta),MUNICIPIO DE COGUA,Cundinamarca,Cogua,Selección Abreviada de Menor Cuantía,Obra,Seleccionado,110000000.0,103476988.0,8,3,Mes(es),2026-01-06,-6523012.0,-0.05930010909090909,0,90.0
CO1.BDOS.9303484,LP-003-2025 (Fase de Selección (Presentación de ofertas)),MUNICIPIO DE VILLAPINZON,Cundinamarca,Villapinzón,Licitación pública Obra Publica,Obra,Seleccionado,3703900893.0,3356063542.0,13,9,Mes(es),2026-01-05,-347837351.0,-0.09391108483960184,0,270.0
CO1.BDOS.9243732,SAMC- 031-2025 (Manifestación de interés (Menor Cuantía)) (Presentación de oferta),MUNICIPIO DE GACHANCIPA,Cundinamarca,Gachancipá,Selección Abreviada de Menor Cuantía,Obra,Seleccionado,369130936.0,369130936.0,2,0,día(s),2026-01-05,0.0,0.0,0,0.0
CO1.BDOS.9247605,SAMC-007-2025 (Manifestación de interés (Menor Cuantía)) (Presentación de oferta),MUNICIPIO DE MACHETA,Cundinamarca,Macheta,Selección Abreviada de Menor Cuantía,Obra,Seleccionado,300000000.0,299640436.0,1,3,Mes(es),2026-01-03,-359564.0,-0.0011985466666666667,0,90.0
CO1.BDOS.9261454,LP-012-2025 (Fase de Selección (Presentación de ofertas)),ALCALDÍA MUNICIPAL COTA,Cundinamarca,Cota,Licitación pública Obra Publica,Obra,Seleccionado,6418237877.0,6051916478.0,17,6,Mes(es),2025-12-30,-366321399.0,-0.057075073566956236,0,180.0
CO1.BDOS.9261584,LP-013-2025 (Fase de Selección (Presentación de ofertas)),ALCALDÍA MUNICIPAL COTA,Cundinamarca,Cota,Licitación pública Obra Publica,Obra,Seleccionado,7585337491.0,7120324916.0,20,17,Mes(es),2025-12-30,-465012575.0,-0.06130413782534228,0,510.0
CO1.BDOS.9261588,LP-014-2025 (Fase de Selección (Presentación de ofertas)),ALCALDÍA MUNICIPAL COTA,Cundinamarca,Cota,Licitación pública Obra Publica,Obra,Seleccionado,3390728032.0,3390728032.0,1,10,Mes(es),2025-12-30,0.0,0.0,0,300.0
CO1.BDOS.9236368,LP-026-2025 (Fase de Selección (Presentación de ofertas)),ALCALDIA MUNICIPIO DE LA VEGA CUNDINAMARCA,Cundinamarca,La Vega,Licitación pública Obra Publica,Obra,Seleccionado,460089490.0,459988574.0,1,0,día(s),2025-12-29,-100916.0,-0.00021933993754128138,0,0.0
CO1.BDOS.9308149,MC-010-2025,INSTITUTO MUNICIPAL DE TURISMO CULTURA Y FOMENTO DE GIRARDOT,Cundinamarca,Girardot,Mínima cuantía,Obra,Seleccionado,39167044.0,38868049.0,3,7,día(s),2025-12-24,-298995.0,-0.007633841348864622,0,7.0
CO1.BDOS.9168434,LP 004-2025 (Fase de Selección (Presentación de ofertas)),ALCALDIA MUNICIPIO DE NOCAIMA,Cundinamarca,Nocaima,Licitación pública Obra Publica,Obra,Seleccionado,530778452.0,530612622.0,6,2,Mes(es),2025-12-23,-165830.0,-0.00031242790541918987,0,60.0
CO1.BDOS.9121191,SA-051-2025 (Manifestación de interés (Menor Cuantía)) (Presentación de oferta),CUNDINAMARCA-ALCALDIA MUNICIPIO MOSQUERA,Cundinamarca,Mosquera,Selección Abreviada de Menor Cuantía,Obra,Seleccionado,231629938.0,229366333.0,1,0,día(s),2025-12-21,-2263605.0,-0.009772506177504567,0,0.0
CO1.BDOS.9213828,SAMC-015-2025 (Manifestación de interés (Menor Cuantía)) (Presentación de oferta),ALCALDIA DE TABIO,Cundinamarca,Tabio,Selección Abreviada de Menor Cuantía,Obra,Seleccionado,363636364.0,363423114.0,1,3,Mes(es),2025-12-19,-213250.0,-0.0005864374994135625,0,90.0
CO1.BDOS.9225403,SAMC 012-2025 (Manifestación de interés (Menor Cuantía)) (Presentación de oferta),ALCALDÍA NEMOCON,Cundinamarca,Nemocón,Selección Abreviada de Menor Cuantía,Obra,Seleccionado,80000000.0,79998000.0,1,4,Mes(es),2025-12-19,-2000.0,-2.5e-05,0,120.0
CO1.BDOS.9225154,SAMC 014-2025 (Manifestación de interés (Menor Cuantía)) (Presentación de oferta),ALCALDÍA NEMOCON,Cundinamarca,Nemocón,Selección Abreviada de Menor Cuantía,Obra,Seleccionado,359310829.0,359308075.0,1,4,Mes(es),2025-12-19,-2754.0,-7.66467297315996e-06,0,120.0
CO1.BDOS.9225347,SAMC 013-2025 (Manifestación de interés (Menor Cuantía)) (Presentación de oferta),ALCALDÍA NEMOCON,Cundinamarca,Nemocón,Selección Abreviada de Menor Cuantía,Obra,Seleccionado,105032402.0,105000000.0,1,3,Mes(es),2025-12-19,-32402.0,-0.0003084952774858943,0,90.0
CO1.BDOS.9220928,SAMC-016-2025 (Manifestación de interés (Menor Cuantía)) (Presentación de oferta),ALCALDIA DE TABIO,Cundinamarca,Tabio,Selección Abreviada de Menor Cuantía,Obra,Seleccionado,200000000.0,199947043.0,1,90,día(s),2025-12-18,-52957.0,-0.000264785,0,90.0
CO1.BDOS.9228612,SA 014-2025 (Manifestación de interés (Menor Cuantía)) (Presentación de oferta),MUNICIPIO DE LA MESA,Cundinamarca,La Mesa,Selección Abreviada de Menor Cuantía,Obra,Seleccionado,320000000.0,319680276.0,2,1,día(s),2025-12-18,-319724.0,-0.0009991375,0,1.0
CO1.BDOS.9163622,LP-007-2025 (Fase de Selección (Presentación de ofertas)),ALCALDIA DE SESQUILE,Cundinamarca,Sesquilé,Licitación pública Obra Publica,Obra,Seleccionado,1628830255.0,1614435477.0,2,270,día(s),2025-12-18,-14394778.0,-0.00883749424214864,0,270.0
CO1.BDOS.9224266,SAMC-017-2025 (Manifestación de interés (Menor Cuantía)) (Presentación de oferta),ALCALDIA DE TABIO,Cundinamarca,Tabio,Selección Abreviada de Menor Cuantía,Obra,Seleccionado,239615424.0,239605712.0,1,4,Mes(es),2025-12-18,-9712.0,-4.053161452578278e-05,0,120.0
CO1.BDOS.9210213,SA-MC-036-2025 (Manifestación de interés (Menor Cuantía)) (Presentación de oferta),Alcaldía Municipal de Gachalá,Cundinamarca,Gachala,Selección Abreviada de Menor Cuantía,Obra,Seleccionado,265905297.0,265905297.0,1,0,día(s),2025-12-18,0.0,0.0,0,0.0
CO1.BDOS.9201001,SAMC-014-2025 (Manifestación de interés (Menor Cuantía)) (Presentación de oferta),ALCALDIA DE TABIO,Cundinamarca,Tabio,Selección Abreviada de Menor Cuantía,Obra,Seleccionado,363636364.0,363610863.0,1,4,Mes(es),2025-12-18,-25501.0,-7.012774992987224e-05,0,120.0
CO1.BDOS.9281472,CMC-075-2025,ALCALDIA MUNICIPAL DE PUERTO SALGAR,Cundinamarca,Puerto Salgar,Mínima cuantía,Obra,Seleccionado,39850000.0,39841491.0,2,0,día(s),2025-12-17,-8509.0,-0.00021352572145545796,0,0.0
CO1.BDOS.9231869,MP-SAMC-009-2025 (Manifestación de interés (Menor Cuantía)) (Presentación de oferta),MUNICIPIO DE PANDI,Cundinamarca,No Definido,Selección Abreviada de Menor Cuantía,Obra,Seleccionado,238938053.0,238877972.0,2,30,día(s),2025-12-17,-60081.0,-0.00025145011121355373,0,30.0
CO1.BDOS.9225051,SAMC-021-2025 (Manifestación de interés (Menor Cuantía)) (Presentación de oferta),ALCALDIA MUNICIPIO DE ZIPAQUIRA,Cundinamarca,Zipaquirá,Selección Abreviada de Menor Cuantía,Obra,Seleccionado,345670500.0,345597330.0,1,6,Mes(es),2025-12-17,-73170.0,-0.00021167556965375985,0,180.0
CO1.BDOS.9282616,MC-062-2025,MUNICIPIO DE MACHETA,Cundinamarca,Macheta,Mínima cuantía,Obra,Seleccionado,19989184.0,19660497.0,1,15,día(s),2025-12-17,-328687.0,-0.016443242505547,0,15.0
CO1.BDOS.9282950,MPF-003-2025,PERSONERIA MUNICIPAL DE FACATATIVA,Cundinamarca,Facatativá,Mínima cuantía,Obra,Seleccionado,39418750.0,39418750.0,1,1,Mes(es),2025-12-17,0.0,0.0,0,30.0
CO1.BDOS.9277943,MC-040-2025,MUNICIPIO DE VENECIA CUNDINAMARCA,Cundinamarca,Venecia,Mínima cuantía,Obra,Seleccionado,39845000.0,38846472.0,4,12,día(s),2025-12-17,-998528.0,-0.025060308696197766,0,12.0
CO1.BDOS.9207976,SAMC-026-2025 (Manifestación de interés (Menor Cuantía)) (Presentación de oferta),MUNICIPIO DE SOACHA..,Cundinamarca,Soacha,Selección Abreviada de Menor Cuantía,Obra,Seleccionado,188191546.0,187815162.0,1,2,Mes(es),2025-12-16,-376384.0,-0.0020000048248713575,0,60.0
CO1.BDOS.9210383,SAMC-027-2025 (Manifestación de interés (Menor Cuantía)) (Presentación de oferta),ALCALDIA MUNICIPAL DE GUADUAS,Cundinamarca,Guaduas,Selección Abreviada de Menor Cuantía,Obra,Seleccionado,100000000.0,99982900.0,3,3,Mes(es),2025-12-16,-17100.0,-0.000171,0,90.0
CO1.BDOS.9013398,SAMC 012 DE 2025 (Manifestación de interés (Menor Cuantía)) (Presentación de oferta),ALCALDIA DE GAMA,Cundinamarca,Gama,Selección Abreviada de Menor Cuantía,Obra,Seleccionado,216142958.0,216136307.0,2,3,Mes(es),2025-12-16,-6651.0,-3.077130090909555e-05,0,90.0
CO1.BDOS.9210417,SAMC-026-2025 (Manifestación de interés (Menor Cuantía)) (Presentación de oferta),ALCALDIA MUNICIPAL DE GUADUAS,Cundinamarca,Guaduas,Selección Abreviada de Menor Cuantía,Obra,Seleccionado,350000000.0,350000000.0,1,3,Mes(es),2025-12-16,0.0,0.0,0,90.0
CO1.BDOS.9201787,SAMC 011-2025 (Manifestación de interés (Menor Cuantía)) (Presentación de oferta),ALCALDÍA NEMOCON,Cundinamarca,Nemocón,Selección Abreviada de Menor Cuantía,Obra,Seleccionado,358917553.0,358787546.0,1,4,Mes(es),2025-12-16,-130007.0,-0.0003622196766732108,0,120.0
CO1.BDOS.9158429,SA-MC-035-2025 (Manifestación de interés (Menor Cuantía)) (Presentación de oferta),Alcaldía Municipal de Gachalá,Cundinamarca,Gachala,Selección Abreviada de Menor Cuantía,Obra,Seleccionado,340000000.0,340000000.0,1,0,día(s),2025-12-16,0.0,0.0,0,0.0
CO1.BDOS.9218509,SAMC-020-2025 (Manifestación de interés (Menor Cuantía)) (Presentación de oferta),ALCALDIA MUNICIPIO DE ZIPAQUIRA,Cundinamarca,Zipaquirá,Selección Abreviada de Menor Cuantía,Obra,Seleccionado,345670500.0,344838446.0,2,6,Mes(es),2025-12-16,-832054.0,-0.002407072631306403,0,180.0
CO1.BDOS.9182977,SAMC 010-2025 (Manifestación de interés (Menor Cuantía)) (Presentación de oferta),ALCALDÍA NEMOCON,Cundinamarca,Nemocón,Selección Abreviada de Menor Cuantía,Obra,Seleccionado,162270774.0,162100004.0,1,3,Mes(es),2025-12-15,-170770.0,-0.001052376813091432,0,90.0
CO1.BDOS.9188746,SAMC 012-2025 (Manifestación de interés (Menor Cuantía)) (Presentación de oferta),ALCALDIA MUNICIPIO DE RICAURTE,Cundinamarca,Ricaurte,Selección Abreviada de Menor Cuantía,Obra,Seleccionado,206286901.0,206284678.0,1,2,Mes(es),2025-12-15,-2223.0,-1.0776253796163237e-05,0,60.0
CO1.BDOS.9200556,SAMC 027-2025 (Manifestación de interés (Menor Cuantía)) (Presentación de oferta),MUNICIPIO DE GACHANCIPA,Cundinamarca,Gachancipá,Selección Abreviada de Menor Cuantía,Obra,Seleccionado,310000000.0,309699995.0,1,0,día(s),2025-12-15,-300005.0,-0.0009677580645161291,0,0.0
CO1.BDOS.9172821,SAMC 023-2025 ALC GTA (Manifestación de interés (Menor Cuantía)) (Presentación de oferta),MUNICIPIO DE GUACHETÁ,Cundinamarca,Guachetá,Selección Abreviada de Menor Cuantía,Obra,Seleccionado,58810421.0,58810368.0,1,2,Mes(es),2025-12-15,-53.0,-9.012008262957342e-07,0,60.0
CO1.BDOS.9173152,SAMC - 024 - 2025 ALC GTA  (Manifestación de interés (Menor Cuantía)) (Presentación de oferta),MUNICIPIO DE GUACHETÁ,Cundinamarca,Guachetá,Selección Abreviada de Menor Cuantía,Obra,Seleccionado,165000000.0,164400430.0,1,3,Mes(es),2025-12-15,-599570.0,-0.0036337575757575758,0,90.0
CO1.BDOS.9194658,SAMC-029-2025 (Manifestación de interés (Menor Cuantía)) (Presentación de oferta),ALCALDIA DE SESQUILE,Cundinamarca,Sesquilé,Selección Abreviada de Menor Cuantía,Obra,Seleccionado,394495385.0,369244118.0,5,90,día(s),2025-12-15,-25251267.0,-0.06400903016900945,0,90.0
CO1.BDOS.9260792,SMC 061-2025,ALCALDIA MUNICIPIO DE NOCAIMA,Cundinamarca,Nocaima,Mínima cuantía,Obra,Seleccionado,30084132.0,30053636.0,2,10,día(s),2025-12-14,-30496.0,-0.0010136905395841235,0,10.0
CO1.BDOS.9144593,SAMC-049-2025 (Manifestación de interés (Menor Cuantía)) (Presentación de oferta),ALCALDIA MUNICIPIO DE CAJICA,Cundinamarca,Cajicá,Selección Abreviada de Menor Cuantía,Obra,Seleccionado,490767514.0,488369329.0,1,6,Mes(es),2025-12-12,-2398185.0,-0.004886600949711598,0,180.0
CO1.BDOS.9148078,AMS-SAMC-010-2025  (Manifestación de interés (Menor Cuantía)) (Presentación de oferta),MUNICIPIO DE SUBACHOQUE,Cundinamarca,Subachoque,Selección Abreviada de Menor Cuantía,Obra,Seleccionado,370000000.0,351979992.0,2,15,día(s),2025-12-11,-18020008.0,-0.04870272432432433,0,15.0
CO1.BDOS.9192318,MP-SAMC-007-2025 (Manifestación de interés (Menor Cuantía)) (Presentación de oferta),MUNICIPIO DE PANDI,Cundinamarca,No Definido,Selección Abreviada de Menor Cuantía,Obra,Seleccionado,133255959.0,131790114.0,2,30,día(s),2025-12-11,-1465845.0,-0.011000221010754199,0,30.0
CO1.BDOS.9250418,SMC-037-2025,MUNICIPIO DE LA MESA,Cundinamarca,La Mesa,Mínima cuantía,Obra,Seleccionado,13926532.0,13840132.0,2,20,día(s),2025-12-11,-86400.0,-0.006203985313788099,0,20.0
CO1.BDOS.9247012,SMC-016-2025,MUNICIPIO DE LA CALERA CUNDINAMARCA,Cundinamarca,La Calera,Mínima cuantía,Obra,Seleccionado,39858000.0,36680417.0,6,0,día(s),2025-12-11,-3177583.0,-0.07972259019519294,0,0.0
CO1.BDOS.9214775,SAMC-002-2025 (Manifestación de interés (Menor Cuantía)) (Presentación de oferta),"INSTITUTO MUNICIPAL DE CULTURA, RECREACION Y DEPORTE DE ZIPAQUIRA",Cundinamarca,Zipaquirá,Selección Abreviada de Menor Cuantía,Obra,Seleccionado,260000000.0,260000000.0,1,105,día(s),2025-12-11,0.0,0.0,0,105.0
CO1.BDOS.9242910,SMIN-034-2025,ALCALDIA MUNICIPIO DE ZIPAQUIRA,Cundinamarca,Zipaquirá,Mínima cuantía,Obra,Seleccionado,50758839.0,49764924.0,1,14,día(s),2025-12-10,-993915.0,-0.019581121624944967,0,14.0
CO1.BDOS.9140059,SA-MC-034-2025 (Manifestación de interés (Menor Cuantía)) (Presentación de oferta),Alcaldía Municipal de Gachalá,Cundinamarca,Gachala,Selección Abreviada de Menor Cuantía,Obra,Seleccionado,390000000.0,390000000.0,1,0,día(s),2025-12-10,0.0,0.0,0,0.0
CO1.BDOS.9130048,FACATATIVA-LP-009-25 (Fase de Selección (Presentación de ofertas)),ALCALDIA MUNICIPAL DE FACATATIVA,Cundinamarca,Facatativá,Licitación pública Obra Publica,Obra,Seleccionado,7279917440.0,6830029904.0,25,6,Mes(es),2025-12-10,-449887536.0,-0.06179843929658631,0,180.0
CO1.BDOS.9171903,LP-009-2025 (Fase de Selección (Presentación de ofertas)),ALCALDIA MUNICIPIO DE ZIPAQUIRA,Cundinamarca,Zipaquirá,Licitación pública Obra Publica,Obra,Seleccionado,13950000000.0,13364100007.0,7,12,Mes(es),2025-12-10,-585899993.0,-0.04199999949820789,0,360.0
CO1.BDOS.9095860,SA-048-2025 (Manifestación de interés (Menor Cuantía)) (Presentación de oferta),CUNDINAMARCA-ALCALDIA MUNICIPIO MOSQUERA,Cundinamarca,Mosquera,Selección Abreviada de Menor Cuantía,Obra,Seleccionado,586387308.0,549221474.0,3,0,día(s),2025-12-09,-37165834.0,-0.0633810341611282,0,0.0
CO1.BDOS.9165276,LP-008-2025 (Fase de Selección (Presentación de ofertas)),ALCALDIA MUNICIPIO DE ZIPAQUIRA,Cundinamarca,Zipaquirá,Licitación pública Obra Publica,Obra,Seleccionado,4455780348.0,4139416240.0,25,12,Mes(es),2025-12-09,-316364108.0,-0.07100083112086117,0,360.0
CO1.BDOS.9158038,SAMC 007-2025  (Manifestación de interés (Menor Cuantía)) (Presentación de oferta),ALCALDÍA NEMOCON,Cundinamarca,Nemocón,Selección Abreviada de Menor Cuantía,Obra,Seleccionado,301340227.0,300436216.0,4,4,Mes(es),2025-12-09,-904011.0,-0.0029999678735225747,0,120.0
CO1.BDOS.9157690,SAMC -019-2025 ALC GTA  (Manifestación de interés (Menor Cuantía)) (Presentación de oferta),MUNICIPIO DE GUACHETÁ,Cundinamarca,Guachetá,Selección Abreviada de Menor Cuantía,Obra,Seleccionado,200000000.0,199997230.0,1,2,Mes(es),2025-12-09,-2770.0,-1.385e-05,0,60.0
CO1.BDOS.9160805,SAMC 008-2025 (Manifestación de interés (Menor Cuantía)) (Presentación de oferta),ALCALDÍA NEMOCON,Cundinamarca,Nemocón,Selección Abreviada de Menor Cuantía,Obra,Seleccionado,100000000.0,99700058.0,3,3,Mes(es),2025-12-09,-299942.0,-0.00299942,0,90.0
CO1.BDOS.9160652,SAMC 009-2025 (Manifestación de interés (Menor Cuantía)) (Presentación de oferta),ALCALDÍA NEMOCON,Cundinamarca,Nemocón,Selección Abreviada de Menor Cuantía,Obra,Seleccionado,197288763.0,196302319.0,2,3,Mes(es),2025-12-09,-986444.0,-0.005000000937711795,0,90.0
CO1.BDOS.9171605,SAMC.OP-009-2025. (Manifestación de interés (Menor Cuantía)) (Presentación de oferta),MUNICIPIO DE LA CALERA CUNDINAMARCA,Cundinamarca,La Calera,Selección Abreviada de Menor Cuantía,Obra,Seleccionado,200000000.0,199882276.0,1,15,día(s),2025-12-09,-117724.0,-0.00058862,0,15.0
CO1.BDOS.9123897,SA - 013 -2025 (Manifestación de interés (Menor Cuantía)) (Presentación de oferta),MUNICIPIO DE LA MESA,Cundinamarca,La Mesa,Selección Abreviada de Menor Cuantía,Obra,Seleccionado,330000000.0,330000000.0,2,1,Mes(es),2025-12-09,0.0,0.0,0,30.0
CO1.BDOS.9236849,IC-018-2025,CATEDRAL DE SAL DE ZIPAQUIRÁ SASEM,Cundinamarca,Zipaquirá,Contratación régimen especial (con ofertas),Obra,Seleccionado,1300000000.0,1299900000.0,1,5,Mes(es),2025-12-09,-100000.0,-7.692307692307693e-05,0,150.0
CO1.BDOS.9158920,SAMC 020-2025 (Manifestación de interés (Menor Cuantía)) (Presentación de oferta),MUNICIPIO DE GUACHETÁ,Cundinamarca,Guachetá,Selección Abreviada de Menor Cuantía,Obra,Seleccionado,200000000.0,199607036.0,1,2,Mes(es),2025-12-09,-392964.0,-0.00196482,0,60.0
CO1.BDOS.8985261,LP 003-2025 (Fase de Selección (Presentación de ofertas)),ALCALDIA MUNICIPIO DE NOCAIMA,Cundinamarca,Nocaima,Licitación pública Obra Publica,Obra,Seleccionado,932005449.0,874221152.0,57,6,Mes(es),2025-12-05,-57784297.0,-0.06199995618265961,0,180.0
CO1.BDOS.9157558,SAMC 015 DE 2025 (Manifestación de interés (Menor Cuantía)) (Presentación de oferta),ALCALDIA DE GAMA,Cundinamarca,Gama,Selección Abreviada de Menor Cuantía,Obra,Seleccionado,204572536.0,204563496.0,1,4,Mes(es),2025-12-05,-9040.0,-4.4189704917184e-05,0,120.0
CO1.BDOS.9225947,IPMC 011 2025,INSTITUTO MUNICIPAL DE RECREACIÓN Y DEPORTES DE CHIA,Cundinamarca,Chía,Mínima cuantía,Obra,Seleccionado,39293602.0,37617426.0,3,0,día(s),2025-12-05,-1676176.0,-0.04265773343965768,0,0.0
CO1.BDOS.9140941,SAMC-013-2025 (Manifestación de interés (Menor Cuantía)) (Presentación de oferta),MUNICIPIO DE VILLAGÓMEZ*,Cundinamarca,Villagómez,Selección Abreviada de Menor Cuantía,Obra,Seleccionado,355794400.0,355252550.0,2,3,Mes(es),2025-12-05,-541850.0,-0.0015229300967075368,0,90.0
CO1.BDOS.9139675,LP-020-2025 (Fase de Selección (Presentación de ofertas)),ALCALDIA MUNICIPIO DE CAJICA,Cundinamarca,Cajicá,Licitación pública Obra Publica,Obra,Seleccionado,8181818168.0,8180673004.0,2,8,Mes(es),2025-12-05,-1145164.0,-0.00013996448912527337,0,240.0
CO1.BDOS.9224997,MC-CMS-007-2025,Concejo Municipal de Soacha,Cundinamarca,Soacha,Mínima cuantía,Obra,Seleccionado,39000000.0,39000000.0,7,15,día(s),2025-12-04,0.0,0.0,0,15.0
CO1.BDOS.9128267,LP-018-2025 (Fase de Selección (Presentación de ofertas)),ALCALDIA MUNICIPIO DE CAJICA,Cundinamarca,Cajicá,Licitación pública Obra Publica,Obra,Seleccionado,2281325349.0,2148755200.0,20,6,Mes(es),2025-12-04,-132570149.0,-0.058111022637832445,0,180.0
CO1.BDOS.9117567,LP-001-2025 (Fase de Selección (Presentación de ofertas)),INSTITUTO MUNICIPAL DE VIVIENDA DE INTERÉS SOCIAL CAJICA,Cundinamarca,Cajicá,Licitación pública Obra Publica,Obra,Seleccionado,781230464.0,779649248.0,1,6,Mes(es),2025-12-04,-1581216.0,-0.0020240070924832754,0,180.0
CO1.BDOS.8963194,LP-002-2025 copia (Fase de Selección (Presentación de ofertas)),ALCALDIA DE TABIO,Cundinamarca,Tabio,Licitación pública Obra Publica,Obra,Seleccionado,529986465.0,528996270.0,1,2,Mes(es),2025-12-04,-990195.0,-0.0018683401660078245,0,60.0
CO1.BDOS.9222063,MC-037-2026,MUNICIPIO DE VENECIA CUNDINAMARCA,Cundinamarca,Venecia,Mínima cuantía,Obra,Seleccionado,37691275.0,36257406.0,1,25,día(s),2025-12-04,-1433869.0,-0.038042464734875645,0,25.0
CO1.BDOS.9218875,CONVOCATORIA 010-2025,ESE HOSPITAL SALAZAR DE VILLETA,Cundinamarca,No Definido,Contratación régimen especial (con ofertas),Obra,Seleccionado,395374705.0,394913764.0,1,4,Mes(es),2025-12-04,-460941.0,-0.0011658333074190976,0,120.0
CO1.BDOS.9213127,MC-079-2025,MUNICIPIO DE VILLAPINZON,Cundinamarca,Villapinzón,Mínima cuantía,Obra,Seleccionado,34895727.0,34895727.0,1,0,día(s),2025-12-03,0.0,0.0,0,0.0
CO1.BDOS.9098278,LP-025-2025 (Fase de Selección (Presentación de ofertas)),ALCALDIA MUNICIPIO DE LA VEGA CUNDINAMARCA,Cundinamarca,La Vega,Licitación pública Obra Publica,Obra,Seleccionado,500000000.0,499848801.0,3,5,Mes(es),2025-12-03,-151199.0,-0.000302398,0,150.0
CO1.BDOS.9214164,MC-023-2025,MUNICIPIO DE TENJO,Cundinamarca,Tenjo,Mínima cuantía,Obra,Seleccionado,29748092.0,24662750.0,5,15,día(s),2025-12-03,-5085342.0,-0.17094682912773027,0,15.0
CO1.BDOS.9124110,LP 019 de 2025  (Fase de Selección (Presentación de ofertas)),ALCALDIA MUNICIPIO DE CAJICA,Cundinamarca,Cajicá,Licitación pública Obra Publica,Obra,Seleccionado,1818038120.0,1717090543.0,15,3,Mes(es),2025-12-03,-100947577.0,-0.05552555575677368,0,90.0
CO1.BDOS.9138129,SAMC-048-2025 (Manifestación de interés (Menor Cuantía)) (Presentación de oferta),ALCALDIA MUNICIPIO DE CAJICA,Cundinamarca,Cajicá,Selección Abreviada de Menor Cuantía,Obra,Seleccionado,209665106.0,208859816.0,1,6,Mes(es),2025-12-03,-805290.0,-0.003840839400333978,0,180.0
CO1.BDOS.8999029,LP-023-2025 (Fase de Selección (Presentación de ofertas)),ALCALDIA MUNICIPIO DE LA VEGA CUNDINAMARCA,Cundinamarca,La Vega,Licitación pública Obra Publica,Obra,Seleccionado,519121335.0,519081701.0,2,5,Mes(es),2025-12-03,-39634.0,-7.634823947276219e-05,0,150.0
CO1.BDOS.9024826,LP-024-2025 (Fase de Selección (Presentación de ofertas)),ALCALDIA MUNICIPIO DE LA VEGA CUNDINAMARCA,Cundinamarca,La Vega,Licitación pública Obra Publica,Obra,Seleccionado,500000000.0,499848653.0,2,0,día(s),2025-12-03,-151347.0,-0.000302694,0,0.0
CO1.BDOS.9133976,LP-007-2025 (Fase de Selección (Presentación de ofertas)),ALCALDIA MUNICIPIO DE ZIPAQUIRA,Cundinamarca,Zipaquirá,Licitación pública Obra Publica,Obra,Seleccionado,5314994892.0,5235375364.0,37,12,Mes(es),2025-12-03,-79619528.0,-0.014980170182259509,0,360.0
CO1.BDOS.9101156,MA-SAMC-012-2025 (Manifestación de interés (Menor Cuantía)) (Presentación de oferta),ALCALDIA MUNICIPIO DE ANOLAIMA,Cundinamarca,Anolaima,Selección Abreviada de Menor Cuantía,Obra,Seleccionado,300000000.0,284712300.0,2,1,Mes(es),2025-12-02,-15287700.0,-0.050959,0,30.0
CO1.BDOS.9187987,SMC-015-2025,MUNICIPIO DE LA CALERA CUNDINAMARCA,Cundinamarca,La Calera,Mínima cuantía,Obra,Seleccionado,39623731.0,37571919.0,5,15,día(s),2025-12-02,-2051812.0,-0.051782402823197037,0,15.0
CO1.BDOS.9094697,LP-006-2025 (Fase de Selección (Presentación de ofertas)),ALCALDIA MUNICIPAL DE GUADUAS,Cundinamarca,Guaduas,Licitación pública Obra Publica,Obra,Seleccionado,585000000.0,551363388.0,15,4,Mes(es),2025-12-02,-33636612.0,-0.05749848205128205,0,120.0
CO1.BDOS.9209124,MIC-113-2025,Alcaldía Municipal de Gachalá,Cundinamarca,Gachala,Mínima cuantía,Obra,Seleccionado,26132097.0,26132097.0,1,0,día(s),2025-12-02,0.0,0.0,0,0.0
CO1.BDOS.8998715,LP-022-2025 (Fase de Selección (Presentación de ofertas)),ALCALDIA MUNICIPIO DE LA VEGA CUNDINAMARCA,Cundinamarca,La Vega,Licitación pública Obra Publica,Obra,Seleccionado,494569112.0,494466642.0,3,5,Mes(es),2025-12-02,-102470.0,-0.00020719045632595025,0,150.0
CO1.BDOS.9206324,CONVOCATORIA DE MENOR CUANTÍA No. CP-002 -2025,E.S.E. HOSPITAL SAN ANTONIO DEL TEQUENDAMA,Cundinamarca,San Antonio Del Tequendama,Contratación régimen especial (con ofertas),Obra,Abierto,540427594.0,540427594.0,1,0,día(s),2025-12-02,0.0,0.0,0,0.0
CO1.BDOS.9208993,MC-044-2025,MUNICIPIO DE CAPARRAPI*,Cundinamarca,Caparrapí,Mínima cuantía,Obra,Seleccionado,24665667.0,23180422.0,2,20,día(s),2025-12-02,-1485245.0,-0.06021507547312627,0,20.0
CO1.BDOS.9131316,SAMC 013 DE 2025 (Presentación de oferta),ALCALDIA DE GAMA,Cundinamarca,Gama,Seleccion Abreviada Menor Cuantia Sin Manifestacion Interes,Obra,Seleccionado,1787503879.0,1787315019.0,1,12,Mes(es),2025-12-02,-188860.0,-0.00010565571477565448,0,360.0
CO1.BDOS.9099313,SA-047-2025 (Manifestación de interés (Menor Cuantía)) (Presentación de oferta),CUNDINAMARCA-ALCALDIA MUNICIPIO MOSQUERA,Cundinamarca,Mosquera,Selección Abreviada de Menor Cuantía,Obra,Seleccionado,640000000.0,640000000.0,4,2,Mes(es),2025-12-01,0.0,0.0,0,60.0
CO1.BDOS.8700168,FACATATIVA- SA-015-25 (Manifestación de interés (Menor Cuantía)) (Presentación de oferta),ALCALDIA MUNICIPAL DE FACATATIVA,Cundinamarca,Facatativá,Selección Abreviada de Menor Cuantía,Obra,Seleccionado,460817062.0,460721710.0,1,3,Mes(es),2025-12-01,-95352.0,-0.00020691942174658456,0,90.0
CO1.BDOS.9196237,CCMC-054-2025,ALCALDIA MUNICIPIO CARMEN DE CARUPA,Cundinamarca,No Definido,Mínima cuantía,Obra,Seleccionado,39855866.0,39855866.0,1,25,día(s),2025-12-01,0.0,0.0,0,25.0
CO1.BDOS.9201321,MC 031-2025 ALC GTA,MUNICIPIO DE GUACHETÁ,Cundinamarca,Guachetá,Mínima cuantía,Obra,Seleccionado,39000000.0,34879092.0,2,15,día(s),2025-12-01,-4120908.0,-0.1056643076923077,0,15.0
CO1.BDOS.8987779,LP-020-2025 (Fase de Selección (Presentación de ofertas)),ALCALDIA MUNICIPIO DE LA VEGA CUNDINAMARCA,Cundinamarca,La Vega,Licitación pública Obra Publica,Obra,Seleccionado,532000000.0,531820297.0,2,5,Mes(es),2025-12-01,-179703.0,-0.0003377875939849624,0,150.0
CO1.BDOS.9121354,CCMC-056-2025,ALCALDIA MUNICIPIO CARMEN DE CARUPA,Cundinamarca,No Definido,Mínima cuantía,Obra,Seleccionado,39855866.0,36865979.0,2,30,día(s),2025-12-01,-2989887.0,-0.07501748926996091,0,30.0
CO1.BDOS.9120678,SAMC-012-2025 (Manifestación de interés (Menor Cuantía)) (Presentación de oferta),ALCALDIA DE TABIO,Cundinamarca,Tabio,Selección Abreviada de Menor Cuantía,Obra,Seleccionado,43530000.0,43530000.0,1,20,día(s),2025-12-01,0.0,0.0,0,20.0
CO1.BDOS.9103768,SA-050-2025 (Manifestación de interés (Menor Cuantía)) (Presentación de oferta),CUNDINAMARCA-ALCALDIA MUNICIPIO MOSQUERA,Cundinamarca,Mosquera,Selección Abreviada de Menor Cuantía,Obra,Seleccionado,639363511.0,624921046.0,1,1,Mes(es),2025-12-01,-14442465.0,-0.022588816458122836,0,30.0
CO1.BDOS.9198989,MC-056-2025,MUNICIPIO DE MACHETA,Cundinamarca,Macheta,Mínima cuantía,Obra,Seleccionado,24661137.0,23606000.0,3,15,día(s),2025-12-01,-1055137.0,-0.042785415773814485,0,15.0
CO1.BDOS.9080342,SAMC-CMC-CBA-014-2025 (Manifestación de interés (Menor Cuantía)) (Presentación de oferta),SENA REGIONAL CUNDINAMARCA Grupo Administrativo CBA,Cundinamarca,Mosquera,Selección Abreviada de Menor Cuantía,Obra,Seleccionado,700000000.0,695452141.0,3,0,día(s),2025-12-01,-4547859.0,-0.006496941428571428,0,0.0
CO1.BDOS.9099683,SAMC-040-2025   (Manifestación de interés (Menor Cuantía)) (Presentación de oferta),MUNICIPIO DE UBATE,Cundinamarca,Villa De San Diego De Ubate,Selección Abreviada de Menor Cuantía,Obra,Seleccionado,47432742.0,47432742.0,1,15,día(s),2025-12-01,0.0,0.0,0,15.0
CO1.BDOS.8991034,LP-021-2025 (Fase de Selección (Presentación de ofertas)),ALCALDIA MUNICIPIO DE LA VEGA CUNDINAMARCA,Cundinamarca,La Vega,Licitación pública Obra Publica,Obra,Seleccionado,445974082.0,445970291.0,2,5,Mes(es),2025-12-01,-3791.0,-8.500493981621111e-06,0,150.0
CO1.BDOS.9100737,CQ-SAMC-011-2025 (Manifestación de interés (Menor Cuantía)) (Presentación de oferta),MUNICIPIO DE CAQUEZA,Cundinamarca,Caqueza,Selección Abreviada de Menor Cuantía,Obra,Seleccionado,105997998.0,97137829.0,2,20,día(s),2025-11-29,-8860169.0,-0.08358807871069414,0,20.0
CO1.BDOS.8877180,LP-003-2025 (Fase de Selección (Presentación de ofertas)),MUNICIPIO DE PACHO,Cundinamarca,Pacho,Licitación pública Obra Publica,Obra,Seleccionado,1367739978.0,1229831345.0,24,4,Mes(es),2025-11-28,-137908633.0,-0.10082956937594172,0,120.0
CO1.BDOS.9098008,SAMC 2025-0918 (Manifestación de interés (Menor Cuantía)) (Presentación de oferta),ALCALDIA MUNICIPAL FUSAGASUGA,Cundinamarca,Fusagasugá,Selección Abreviada de Menor Cuantía,Obra,Seleccionado,640000000.0,640000000.0,6,1,Mes(es),2025-11-28,0.0,0.0,0,30.0
CO1.BDOS.9188088,SMC 146-2025,IDERF,Cundinamarca,Fusagasugá,Mínima cuantía,Obra,Seleccionado,39765750.0,39729665.0,1,30,día(s),2025-11-28,-36085.0,-0.0009074391907608935,0,30.0
CO1.BDOS.9187580,MIC-105-2025,Alcaldía Municipal de Gachalá,Cundinamarca,Gachala,Mínima cuantía,Obra,Seleccionado,39858000.0,39855436.0,1,0,día(s),2025-11-28,-2564.0,-6.432836569822871e-05,0,0.0
CO1.BDOS.9179529,CMC-028-2025,MUNICIPIO DE CUCUNUBÁ,Cundinamarca,Cucunubá,Mínima cuantía,Obra,Seleccionado,39844574.0,37817593.0,1,45,día(s),2025-11-27,-2026981.0,-0.050872196550526556,0,45.0
CO1.BDOS.9168084,SMC 056-2025,ALCALDIA MUNICIPIO DE NOCAIMA,Cundinamarca,Nocaima,Mínima cuantía,Obra,Seleccionado,31917525.0,31914977.0,1,20,día(s),2025-11-27,-2548.0,-7.983075128788965e-05,0,20.0
CO1.BDOS.9097789,SAMC-009-2025 copia (Manifestación de interés (Menor Cuantía)) (Presentación de oferta),ALCALDIA DE TABIO,Cundinamarca,Tabio,Selección Abreviada de Menor Cuantía,Obra,Seleccionado,181354500.0,171959452.0,2,30,día(s),2025-11-27,-9395048.0,-0.05180487939367372,0,30.0
CO1.BDOS.9098731,SAMC-011-2025 (Manifestación de interés (Menor Cuantía)) (Presentación de oferta),ALCALDIA DE TABIO,Cundinamarca,Tabio,Selección Abreviada de Menor Cuantía,Obra,Seleccionado,285000000.0,284983864.0,1,30,día(s),2025-11-27,-16136.0,-5.6617543859649126e-05,0,30.0
CO1.BDOS.9170099,MC-054-2025,MUNICIPIO DE MACHETA,Cundinamarca,Macheta,Mínima cuantía,Obra,Seleccionado,22000000.0,21259965.0,1,0,día(s),2025-11-26,-740035.0,-0.03363795454545455,0,0.0
CO1.BDOS.9069667,SAMC-011-2025 (Manifestación de interés (Menor Cuantía)) (Presentación de oferta),MUNICIPIO DE VILLAGÓMEZ*,Cundinamarca,Villagómez,Selección Abreviada de Menor Cuantía,Obra,Seleccionado,126000000.0,125196283.0,1,0,día(s),2025-11-26,-803717.0,-0.006378706349206349,0,0.0
CO1.BDOS.9171786,MC-078-2025,MUNICIPIO DE VILLAPINZON,Cundinamarca,Villapinzón,Mínima cuantía,Obra,Seleccionado,38481076.0,38481076.0,2,0,día(s),2025-11-26,0.0,0.0,0,0.0
CO1.BDOS.9163197,MC-38-2025,MUNICIPIO DE CHOCONTÁ,Cundinamarca,Chocontá,Mínima cuantía,Obra,Seleccionado,39800000.0,39734808.0,1,20,día(s),2025-11-25,-65192.0,-0.0016379899497487437,0,20.0
CO1.BDOS.8983443,LP-018-2025 (Fase de Selección (Presentación de ofertas)),ALCALDIA MUNICIPIO DE LA VEGA CUNDINAMARCA,Cundinamarca,La Vega,Licitación pública Obra Publica,Obra,Seleccionado,532000000.0,531844743.0,2,5,Mes(es),2025-11-25,-155257.0,-0.0002918364661654135,0,150.0
CO1.BDOS.8983237,LP-019-2025 (Fase de Selección (Presentación de ofertas)),ALCALDIA MUNICIPIO DE LA VEGA CUNDINAMARCA,Cundinamarca,La Vega,Licitación pública Obra Publica,Obra,Seleccionado,509234281.0,509133772.0,2,5,Mes(es),2025-11-25,-100509.0,-0.00019737280805728002,0,150.0
CO1.BDOS.9085191,SAMC-044-2025 (Manifestación de interés (Menor Cuantía)) (Presentación de oferta),ALCALDIA MUNICIPIO DE CAJICA,Cundinamarca,Cajicá,Selección Abreviada de Menor Cuantía,Obra,Seleccionado,599567380.0,599567191.0,1,6,Mes(es),2025-11-25,-189.0,-3.152272893832216e-07,0,180.0
CO1.BDOS.9165110,MIC-097-2025,Alcaldía Municipal de Gachalá,Cundinamarca,Gachala,Mínima cuantía,Obra,Seleccionado,25000000.0,25000000.0,1,30,día(s),2025-11-25,0.0,0.0,0,30.0
CO1.BDOS.8989826,SAMC-010-2025 (Manifestación de interés (Menor Cuantía)) (Presentación de oferta),MUNICIPIO DE TIBIRITA,Cundinamarca,Tibirita,Selección Abreviada de Menor Cuantía,Obra,Seleccionado,200000000.0,93062602.0,3,1,Mes(es),2025-11-25,-106937398.0,-0.53468699,0,30.0
CO1.BDOS.9054407,SAMC-010-2025 (Manifestación de interés (Menor Cuantía)) (Presentación de oferta),MUNICIPIO DE VILLAGÓMEZ*,Cundinamarca,Villagómez,Selección Abreviada de Menor Cuantía,Obra,Seleccionado,114713188.0,114612802.0,1,0,día(s),2025-11-25,-100386.0,-0.0008751042643850156,0,0.0
CO1.BDOS.9043002,LP-0014-2025 (Fase de Selección (Presentación de ofertas)),MUNICIPIO DE FUNZA - ALCALDÍA DE FUNZA,Cundinamarca,Funza,Licitación pública Obra Publica,Obra,Seleccionado,33061188475.0,29756997937.0,12,15,Mes(es),2025-11-24,-3304190538.0,-0.09994167452566147,0,450.0
CO1.BDOS.9050362,SAMC-011-2025 (Manifestación de interés (Menor Cuantía)) (Presentación de oferta),MUNICIPIO DE LENGUAZAQUE,Cundinamarca,Lenguazaque,Selección Abreviada de Menor Cuantía,Obra,Seleccionado,169995034.0,169995034.0,2,13,día(s),2025-11-24,0.0,0.0,0,13.0
CO1.BDOS.8970875,LP-016-2025 (Fase de Selección (Presentación de ofertas)),ALCALDIA MUNICIPIO DE LA VEGA CUNDINAMARCA,Cundinamarca,La Vega,Licitación pública Obra Publica,Obra,Seleccionado,500000000.0,499861732.0,1,5,Mes(es),2025-11-24,-138268.0,-0.000276536,0,150.0
CO1.BDOS.9019419,LP-0013-2025. (Fase de Selección (Presentación de ofertas)),MUNICIPIO DE FUNZA - ALCALDÍA DE FUNZA,Cundinamarca,Funza,Licitación pública Obra Publica,Obra,Seleccionado,3957333435.0,3707612766.0,28,5,Mes(es),2025-11-24,-249720669.0,-0.06310326716252557,0,150.0
CO1.BDOS.8983159,LP-017-2025 (Fase de Selección (Presentación de ofertas)),ALCALDIA MUNICIPIO DE LA VEGA CUNDINAMARCA,Cundinamarca,La Vega,Licitación pública Obra Publica,Obra,Seleccionado,500000000.0,499895389.0,2,5,Mes(es),2025-11-24,-104611.0,-0.000209222,0,150.0
CO1.BDOS.9015054,SA-MC-011-2025 (Manifestación de interés (Menor Cuantía)) (Presentación de oferta),MUNICIPIO MANTA CUNDINAMARCA,Cundinamarca,Manta,Selección Abreviada de Menor Cuantía,Obra,Seleccionado,944761058.0,944761058.0,1,1,Mes(es),2025-11-24,0.0,0.0,0,30.0
CO1.BDOS.9043057,SAMC-024-2025 (Manifestación de interés (Menor Cuantía)) (Presentación de oferta),MUNICIPIO DE COGUA,Cundinamarca,Cogua,Selección Abreviada de Menor Cuantía,Obra,Seleccionado,201553528.0,201553528.0,1,29,día(s),2025-11-21,0.0,0.0,0,29.0
CO1.BDOS.9094475,SAMC-010-2025 (Presentación de oferta),MUNICIPIO DE APULO,Cundinamarca,Apulo,Seleccion Abreviada Menor Cuantia Sin Manifestacion Interes,Obra,Seleccionado,624000000.0,624000000.0,1,0,día(s),2025-11-21,0.0,0.0,0,0.0
CO1.BDOS.8930873,LP-016-2025 (Fase de Selección (Presentación de ofertas)),ALCALDÍA MUNICIPAL DE MADRID CUNDINAMARCA,Cundinamarca,Madrid,Licitación pública Obra Publica,Obra,Seleccionado,1280956902.0,1272102879.0,2,4,Mes(es),2025-11-21,-8854023.0,-0.00691203816941532,0,120.0
CO1.BDOS.9065441,SAMC-031-2025 (Manifestación de interés (Menor Cuantía)) (Presentación de oferta),MUNICIPIO DE COGUA,Cundinamarca,Cogua,Selección Abreviada de Menor Cuantía,Obra,Seleccionado,268300000.0,268287969.0,1,21,día(s),2025-11-21,-12031.0,-4.484159522922102e-05,0,21.0
CO1.BDOS.8967124,LP-015-2025 (Fase de Selección (Presentación de ofertas)),ALCALDIA MUNICIPIO DE LA VEGA CUNDINAMARCA,Cundinamarca,La Vega,Licitación pública Obra Publica,Obra,Seleccionado,6500000000.0,6049247636.0,31,7,día(s),2025-11-21,-450752364.0,-0.06934651753846154,0,7.0
CO1.BDOS.9145816,SMC 052-2025,ALCALDIA MUNICIPIO DE NOCAIMA,Cundinamarca,Nocaima,Mínima cuantía,Obra,Seleccionado,39850000.0,39819501.0,1,20,día(s),2025-11-21,-30499.0,-0.00076534504391468,0,20.0
CO1.BDOS.9043548,SAMC-023-2025 (Manifestación de interés (Menor Cuantía)) (Presentación de oferta),ALCALDIA MUNICIPAL DE GUADUAS,Cundinamarca,Guaduas,Selección Abreviada de Menor Cuantía,Obra,Seleccionado,100000000.0,99999625.0,1,2,Mes(es),2025-11-20,-375.0,-3.75e-06,0,60.0
CO1.BDOS.9132437,SMC-013-2025,MUNICIPIO DE LA CALERA CUNDINAMARCA,Cundinamarca,La Calera,Mínima cuantía,Obra,Seleccionado,39857880.0,39857880.0,11,0,día(s),2025-11-20,0.0,0.0,0,0.0
CO1.BDOS.9012378,LP 002 DE 2025 (Fase de Selección (Presentación de ofertas)),ALCALDIA DE GAMA,Cundinamarca,Gama,Licitación pública Obra Publica,Obra,Seleccionado,713926961.0,713925150.0,1,6,Mes(es),2025-11-20,-1811.0,-2.5366740562134338e-06,0,180.0
CO1.BDOS.8956980,LP-009-2025 (Fase de Selección (Presentación de ofertas)),MUNICIPIO DE SOACHA..,Cundinamarca,Soacha,Licitación pública Obra Publica,Obra,Seleccionado,8545073975.0,7967589880.0,41,6,Mes(es),2025-11-20,-577484095.0,-0.06758093571682626,0,180.0
CO1.BDOS.9130360,IC-014-2025,CATEDRAL DE SAL DE ZIPAQUIRÁ SASEM,Cundinamarca,Zipaquirá,Contratación régimen especial (con ofertas),Obra,Seleccionado,770067747.0,770000000.0,1,4,Mes(es),2025-11-19,-67747.0,-8.797537653528034e-05,0,120.0
CO1.BDOS.9129907,MC-076-2025,MUNICIPIO DE VILLAPINZON,Cundinamarca,Villapinzón,Mínima cuantía,Obra,Seleccionado,39858000.0,39858000.0,2,0,día(s),2025-11-19,0.0,0.0,0,0.0
CO1.BDOS.9056786,SAMC. 021-2025 (Manifestación de interés (Menor Cuantía)) (Presentación de oferta),ALCALDIA MUNICIPAL DE BOJACA,Cundinamarca,Bojacá,Selección Abreviada de Menor Cuantía,Obra,Seleccionado,100000000.0,100000000.0,1,1,Mes(es),2025-11-19,0.0,0.0,0,30.0
CO1.BDOS.9015906,SA-MC-033-2025 (Manifestación de interés (Menor Cuantía)) (Presentación de oferta),Alcaldía Municipal de Gachalá,Cundinamarca,Gachala,Selección Abreviada de Menor Cuantía,Obra,Seleccionado,120000000.0,120000000.0,1,15,día(s),2025-11-19,0.0,0.0,0,15.0
CO1.BDOS.8978763,SAMC-008-2025 (Manifestación de interés (Menor Cuantía)) (Presentación de oferta),MUNICIPIO DE LA CALERA CUNDINAMARCA,Cundinamarca,La Calera,Selección Abreviada de Menor Cuantía,Obra,Seleccionado,178900099.0,157430733.0,7,1,Mes(es),2025-11-18,-21469366.0,-0.120007569140585,0,30.0
CO1.BDOS.9053269,SAMC-021-2025 (Manifestación de interés (Menor Cuantía)) (Presentación de oferta),MUNICIPIO DE VILLAPINZON,Cundinamarca,Villapinzón,Selección Abreviada de Menor Cuantía,Obra,Seleccionado,240000000.0,239999014.0,1,0,día(s),2025-11-18,-986.0,-4.1083333333333335e-06,0,0.0
CO1.BDOS.9012342,SAMC-009-2025 (Manifestación de interés (Menor Cuantía)) (Presentación de oferta),ALCALDIA MUNICIPAL DE SUTATAUSA,Cundinamarca,Sutatausa,Selección Abreviada de Menor Cuantía,Obra,Seleccionado,78153484.0,78150436.0,1,1,Mes(es),2025-11-18,-3048.0,-3.900018072130988e-05,0,30.0
CO1.BDOS.8992394,LP N 005 2025 (Fase de Selección (Presentación de ofertas)),ALCALDIA DE SESQUILE,Cundinamarca,Sesquilé,Licitación pública Obra Publica,Obra,Seleccionado,1093439128.0,1029629712.0,61,105,día(s),2025-11-18,-63809416.0,-0.05835662394550783,0,105.0
CO1.BDOS.9122995,MC-049-2025,MUNICIPIO DE MACHETA,Cundinamarca,Macheta,Mínima cuantía,Obra,Seleccionado,38675786.0,35421615.0,2,30,día(s),2025-11-18,-3254171.0,-0.08413975090254146,0,30.0
CO1.BDOS.9120728,IERLADP-MC-05-2025,INSTITUCION EDUCATIVA RURAL LUIS ANTONIO DUQUE PEÑA,Cundinamarca,Girardot,Mínima cuantía,Obra,Seleccionado,39591081.0,34130159.0,6,30,día(s),2025-11-18,-5460922.0,-0.1379331370113385,0,30.0
CO1.BDOS.9054126,SAMC-022-2025 (Manifestación de interés (Menor Cuantía)) (Presentación de oferta),MUNICIPIO DE VILLAPINZON,Cundinamarca,Villapinzón,Selección Abreviada de Menor Cuantía,Obra,Seleccionado,100000000.0,100000000.0,2,0,día(s),2025-11-18,0.0,0.0,0,0.0
CO1.BDOS.9026470,SAMC-009-2025 (Manifestación de interés (Menor Cuantía)) (Presentación de oferta),MUNICIPIO DE VILLAGÓMEZ*,Cundinamarca,Villagómez,Selección Abreviada de Menor Cuantía,Obra,Seleccionado,335292000.0,334456452.0,3,3,Mes(es),2025-11-14,-835548.0,-0.0024920010021115923,0,90.0
CO1.BDOS.9108323,SMC 050-2025,ALCALDIA MUNICIPIO DE NOCAIMA,Cundinamarca,Nocaima,Mínima cuantía,Obra,Seleccionado,39850500.0,39840431.0,1,1,Mes(es),2025-11-14,-10069.0,-0.0002526693517019862,0,30.0
CO1.BDOS.8977851,SAMC-019-2025 (Manifestación de interés (Menor Cuantía)) (Presentación de oferta),ALCALDÍA MUNICIPAL DE MADRID CUNDINAMARCA,Cundinamarca,Madrid,Selección Abreviada de Menor Cuantía,Obra,Seleccionado,261915355.0,241804867.0,3,3,Mes(es),2025-11-14,-20110488.0,-0.0767823940677323,0,90.0
CO1.BDOS.8941734,SAMC-007-2025 (Manifestación de interés (Menor Cuantía)) (Presentación de oferta),MUNICIPIO DE CAPARRAPI*,Cundinamarca,Caparrapí,Selección Abreviada de Menor Cuantía,Obra,Seleccionado,398000000.0,398000000.0,1,40,día(s),2025-11-14,0.0,0.0,0,40.0
CO1.BDOS.9011772,SAMC 013 MT 2025 (Manifestación de interés (Menor Cuantía)) (Presentación de oferta),MUNICIPIO DE TOCANCIPA,Cundinamarca,Tocancipá,Selección Abreviada de Menor Cuantía,Obra,Seleccionado,70000000.0,67899412.0,3,30,día(s),2025-11-14,-2100588.0,-0.0300084,0,30.0
CO1.BDOS.9035568,SAMC-009-2025 (Presentación de oferta),MUNICIPIO DE APULO,Cundinamarca,Apulo,Seleccion Abreviada Menor Cuantia Sin Manifestacion Interes,Obra,Seleccionado,909090874.0,909000000.0,1,31,día(s),2025-11-14,-90874.0,-9.996140385851019e-05,0,31.0
CO1.BDOS.9093729,MC-048-2025,MUNICIPIO DE MACHETA,Cundinamarca,Macheta,Mínima cuantía,Obra,Seleccionado,39561078.0,39008140.0,1,0,día(s),2025-11-12,-552938.0,-0.013976818326335799,0,0.0
CO1.BDOS.8916872,SAMC-008-2025 (Manifestación de interés (Menor Cuantía)) (Presentación de oferta),MUNICIPIO DE CUCUNUBÁ,Cundinamarca,Cucunubá,Selección Abreviada de Menor Cuantía,Obra,Seleccionado,300000000.0,299608250.0,2,30,día(s),2025-11-12,-391750.0,-0.0013058333333333333,0,30.0
CO1.BDOS.9085644,MC 2025-0915,ALCALDIA MUNICIPAL FUSAGASUGA,Cundinamarca,Fusagasugá,Mínima cuantía,Obra,Seleccionado,36092187.0,31196837.0,6,1,Mes(es),2025-11-12,-4895350.0,-0.1356346180961547,0,30.0
CO1.BDOS.8988167,LP-0012-2025 (Fase de Selección (Presentación de ofertas)),MUNICIPIO DE FUNZA - ALCALDÍA DE FUNZA,Cundinamarca,Funza,Licitación pública Obra Publica,Obra,Seleccionado,6782621819.0,6372256488.0,17,8,Mes(es),2025-11-12,-410365331.0,-0.060502463789216906,0,240.0
CO1.BDOS.8978137,SAMC-001-2025 (Manifestación de interés (Menor Cuantía)) (Presentación de oferta),"INSTITUTO MUNICIPAL DE CULTURA, RECREACION Y DEPORTE DE ZIPAQUIRA",Cundinamarca,Zipaquirá,Selección Abreviada de Menor Cuantía,Obra,Seleccionado,138000000.0,132738178.0,2,54,día(s),2025-11-12,-5261822.0,-0.03812914492753623,0,54.0
CO1.BDOS.8992114,SA-012 - 2025 (Manifestación de interés (Menor Cuantía)) (Presentación de oferta),MUNICIPIO DE LA MESA,Cundinamarca,La Mesa,Selección Abreviada de Menor Cuantía,Obra,Seleccionado,59346917.0,59346917.0,1,30,día(s),2025-11-11,0.0,0.0,0,30.0
CO1.BDOS.8997698,PSACC 010-2025 (Manifestación de interés (Menor Cuantía)) (Presentación de oferta),ALCALDIA MUNICIPIO CARMEN DE CARUPA,Cundinamarca,No Definido,Selección Abreviada de Menor Cuantía,Obra,Seleccionado,153135735.0,151604378.0,1,45,día(s),2025-11-11,-1531357.0,-0.009999997714445945,0,45.0
CO1.BDOS.8963201,9375. (Fase de Selección (Presentación de ofertas)),ALCALDÍA MUNICIPAL DE SOPO,Cundinamarca,Sopó,Licitación pública Obra Publica,Obra,Seleccionado,3034467825.0,2867526701.0,29,165,día(s),2025-11-11,-166941124.0,-0.055014959336403574,0,165.0
CO1.BDOS.8966995,SAMC-028-2025 (Manifestación de interés (Menor Cuantía)) (Presentación de oferta),MUNICIPIO DE COGUA,Cundinamarca,Cogua,Selección Abreviada de Menor Cuantía,Obra,Seleccionado,62795831.0,62729325.0,1,41,día(s),2025-11-10,-66506.0,-0.0010590830464525583,0,41.0
CO1.BDOS.8941607,SAMC-038-2025   (Manifestación de interés (Menor Cuantía)) (Presentación de oferta),MUNICIPIO DE UBATE,Cundinamarca,Villa De San Diego De Ubate,Selección Abreviada de Menor Cuantía,Obra,Seleccionado,100000000.0,99998630.0,1,38,día(s),2025-11-10,-1370.0,-1.37e-05,0,38.0
CO1.BDOS.8995638,SAMC-004-2025  (Manifestación de interés (Menor Cuantía)) (Presentación de oferta),IDUVI,Cundinamarca,Chía,Selección Abreviada de Menor Cuantía,Obra,Seleccionado,389881786.0,389822795.0,3,30,día(s),2025-11-10,-58991.0,-0.00015130483679481248,0,30.0
CO1.BDOS.9078897,MC-033-2025,MUNICIPIO DE VENECIA CUNDINAMARCA,Cundinamarca,Venecia,Mínima cuantía,Obra,Seleccionado,32347730.0,31798858.0,4,43,día(s),2025-11-10,-548872.0,-0.016967867606165872,0,43.0
CO1.BDOS.9076716,IEPS-MC-14-2025,INSTITUCION EDUCATIVA POLICARPA SALAVARRIETA,Cundinamarca,Girardot,Mínima cuantía,Obra,Seleccionado,34161499.0,31229788.0,5,75,día(s),2025-11-10,-2931711.0,-0.08581915565239101,0,75.0
CO1.BDOS.8983736,SAMC 022-2025 (Manifestación de interés (Menor Cuantía)) (Presentación de oferta),ALCALDIA MUNICIPIO DE NOCAIMA,Cundinamarca,Nocaima,Selección Abreviada de Menor Cuantía,Obra,Seleccionado,181976742.0,181814718.0,1,45,día(s),2025-11-10,-162024.0,-0.0008903555378521943,0,45.0
CO1.BDOS.9072248,CUN-MC-04-2025,INSTITUTO COLOMBIANO AGROPECUARIO - SECCIONAL CUNDINAMARCA,Cundinamarca,Mosquera,Mínima cuantía,Obra,Seleccionado,64051245.0,51240999.0,11,1,Mes(es),2025-11-10,-12810246.0,-0.19999995316250294,0,30.0
CO1.BDOS.8986670,SAMC-020-2025 (Manifestación de interés (Menor Cuantía)) (Presentación de oferta),MUNICIPIO DE VILLAPINZON,Cundinamarca,Villapinzón,Selección Abreviada de Menor Cuantía,Obra,Seleccionado,350000000.0,350000000.0,2,0,día(s),2025-11-08,0.0,0.0,0,0.0
CO1.BDOS.8961434,LP-004-2025 (Fase de Selección (Presentación de ofertas)),ALCALDIA DE SESQUILE,Cundinamarca,Sesquilé,Licitación pública Obra Publica,Obra,Seleccionado,512249701.0,476531700.0,24,60,día(s),2025-11-07,-35718001.0,-0.06972771468733371,0,60.0
CO1.BDOS.8957186,LP-014-2025 (Fase de Selección (Presentación de ofertas)),ALCALDIA MUNICIPIO DE LA VEGA CUNDINAMARCA,Cundinamarca,La Vega,Licitación pública Obra Publica,Obra,Seleccionado,490000000.0,489899887.0,1,4,Mes(es),2025-11-07,-100113.0,-0.00020431224489795918,0,120.0
CO1.BDOS.8879607,SAMC-022-2025 (Manifestación de interés (Menor Cuantía)) (Presentación de oferta),ALCALDIA MUNICIPAL DE GUADUAS,Cundinamarca,Guaduas,Selección Abreviada de Menor Cuantía,Obra,Seleccionado,300000000.0,299999992.0,2,2,Mes(es),2025-11-06,-8.0,-2.6666666666666667e-08,0,60.0
CO1.BDOS.9055679,FACATATIVA-CI-031-25,ALCALDIA MUNICIPAL DE FACATATIVA,Cundinamarca,Facatativá,Contratación Directa (con ofertas),Obra,Seleccionado,2127758421.0,2127758421.0,0,12,Mes(es),2025-11-06,0.0,0.0,0,360.0
CO1.BDOS.9053431,FACATATIVA-CI-030-25,ALCALDIA MUNICIPAL DE FACATATIVA,Cundinamarca,Facatativá,Contratación Directa (con ofertas),Obra,Seleccionado,3311392265.0,3311392265.0,0,8,Mes(es),2025-11-06,0.0,0.0,0,240.0
CO1.BDOS.8950923,LP 016 2025 (Fase de Selección (Presentación de ofertas)),ALCALDIA MUNICIPIO DE CAJICA,Cundinamarca,Cajicá,Licitación pública Obra Publica,Obra,Seleccionado,15604545455.0,14416722319.0,11,12,Mes(es),2025-11-05,-1187823136.0,-0.07612032913265016,0,360.0
CO1.BDOS.9043944,MC-072-2025,MUNICIPIO DE VILLAPINZON,Cundinamarca,Villapinzón,Mínima cuantía,Obra,Seleccionado,25574046.0,25574046.0,1,0,día(s),2025-11-05,0.0,0.0,0,0.0
CO1.BDOS.9035882,IPMC-019-2025,MUNICIPIO DE COGUA,Cundinamarca,Cogua,Mínima cuantía,Obra,Seleccionado,38999946.0,38975177.0,2,42,día(s),2025-11-04,-24769.0,-0.0006351034434765628,0,42.0
CO1.BDOS.8944569,MA-SAMC-011-2025 (Manifestación de interés (Menor Cuantía)) (Presentación de oferta),ALCALDIA MUNICIPIO DE ANOLAIMA,Cundinamarca,Anolaima,Selección Abreviada de Menor Cuantía,Obra,Seleccionado,227209266.0,227209266.0,1,2,Mes(es),2025-11-04,0.0,0.0,0,60.0
CO1.BDOS.8923707,LP-013-2025 (Fase de Selección (Presentación de ofertas)),ALCALDIA MUNICIPIO DE LA VEGA CUNDINAMARCA,Cundinamarca,La Vega,Licitación pública Obra Publica,Obra,Seleccionado,435000000.0,434896756.0,1,1,Mes(es),2025-11-01,-103244.0,-0.0002373425287356322,0,30.0
CO1.BDOS.8899476,SAMC-007-2025 (Manifestación de interés (Menor Cuantía)) (Presentación de oferta),MUNICIPIO DE LA CALERA CUNDINAMARCA,Cundinamarca,La Calera,Selección Abreviada de Menor Cuantía,Obra,Seleccionado,380368526.0,358144757.0,3,2,Mes(es),2025-11-01,-22223769.0,-0.05842693987777527,0,60.0
CO1.BDOS.8846789,SAMC-005-2025 (Manifestación de interés (Menor Cuantía)) (Presentación de oferta),ALCALDIA MUNICIPAL DE PUERTO SALGAR,Cundinamarca,Puerto Salgar,Selección Abreviada de Menor Cuantía,Obra,Seleccionado,120310607.0,120310607.0,1,60,día(s),2025-10-31,0.0,0.0,0,60.0
CO1.BDOS.9016588,MC-045-2025,ALCALDIA MUNICIPAL DE GUADUAS,Cundinamarca,Guaduas,Mínima cuantía,Obra,Seleccionado,39800000.0,39647182.0,3,1,Mes(es),2025-10-31,-152818.0,-0.00383964824120603,0,30.0
CO1.BDOS.8942707,SAMC. 020-2025 (Manifestación de interés (Menor Cuantía)) (Presentación de oferta),ALCALDIA MUNICIPAL DE BOJACA,Cundinamarca,Bojacá,Selección Abreviada de Menor Cuantía,Obra,Seleccionado,100000000.0,99998621.0,2,2,Mes(es),2025-10-31,-1379.0,-1.379e-05,0,60.0
CO1.BDOS.8928145,SAMC. 019-2025 (Manifestación de interés (Menor Cuantía)) (Presentación de oferta),ALCALDIA MUNICIPAL DE BOJACA,Cundinamarca,Bojacá,Selección Abreviada de Menor Cuantía,Obra,Seleccionado,51547736.0,51445889.0,1,2,Mes(es),2025-10-31,-101847.0,-0.0019757802748116816,0,60.0
CO1.BDOS.9012337,SMC 047-2025,ALCALDIA MUNICIPIO DE NOCAIMA,Cundinamarca,Nocaima,Mínima cuantía,Obra,Seleccionado,32917500.0,32917500.0,1,2,Mes(es),2025-10-30,0.0,0.0,0,60.0
CO1.BDOS.8819070,SAMC-021-2025 (Manifestación de interés (Menor Cuantía)) (Presentación de oferta),ALCALDIA MUNICIPAL DE GUADUAS,Cundinamarca,Guaduas,Selección Abreviada de Menor Cuantía,Obra,Seleccionado,330000000.0,311503277.0,1,2,Mes(es),2025-10-30,-18496723.0,-0.05605067575757576,0,60.0
CO1.BDOS.8819306,SAMC-020-2025 (Manifestación de interés (Menor Cuantía)) (Presentación de oferta),ALCALDIA MUNICIPAL DE GUADUAS,Cundinamarca,Guaduas,Selección Abreviada de Menor Cuantía,Obra,Seleccionado,300000000.0,297023273.0,2,2,Mes(es),2025-10-30,-2976727.0,-0.009922423333333333,0,60.0
CO1.BDOS.8936724,SA-MC-006-2025 (Manifestación de interés (Menor Cuantía)) (Presentación de oferta),ALCALDIA MUNICIPAL DE GACHETA,Cundinamarca,Gachetá,Selección Abreviada de Menor Cuantía,Obra,Seleccionado,119931822.0,119883496.0,1,2,Mes(es),2025-10-30,-48326.0,-0.00040294560020942566,0,60.0
CO1.BDOS.8930186,SAMC-025-2025 (Manifestación de interés (Menor Cuantía)) (Presentación de oferta),ALCALDIA DE SESQUILE,Cundinamarca,Sesquilé,Selección Abreviada de Menor Cuantía,Obra,Seleccionado,398395895.0,374294611.0,6,60,día(s),2025-10-29,-24101284.0,-0.06049581409467083,0,60.0
CO1.BDOS.9002235,INV-PUB-MC-028-2025,ALCALDIA MUNICIPAL DE SUESCA +,Cundinamarca,Suesca,Mínima cuantía,Obra,Seleccionado,21000000.0,20749189.0,2,40,día(s),2025-10-29,-250811.0,-0.011943380952380952,0,40.0
CO1.BDOS.8914329,SAMC-037-2025 (Manifestación de interés (Menor Cuantía)) (Presentación de oferta),ALCALDIA MUNICIPIO DE CAJICA,Cundinamarca,Cajicá,Selección Abreviada de Menor Cuantía,Obra,Seleccionado,528089633.0,496402433.0,3,3,Mes(es),2025-10-29,-31687200.0,-0.06000345020974877,0,90.0
CO1.BDOS.9003882,INV-PUB-MC-029-2025,ALCALDIA MUNICIPAL DE SUESCA +,Cundinamarca,Suesca,Mínima cuantía,Obra,Seleccionado,30000000.0,27846910.0,1,1,Mes(es),2025-10-29,-2153090.0,-0.07176966666666666,0,30.0
CO1.BDOS.8885696,SAMC-034-2025 (Manifestación de interés (Menor Cuantía)) (Presentación de oferta),MUNICIPIO DE UBATE,Cundinamarca,Villa De San Diego De Ubate,Selección Abreviada de Menor Cuantía,Obra,Seleccionado,389778620.0,389778620.0,2,1,Mes(es),2025-10-28,0.0,0.0,0,30.0
CO1.BDOS.8892870,SAMC-036-2025 (Manifestación de interés (Menor Cuantía)) (Presentación de oferta),MUNICIPIO DE UBATE,Cundinamarca,Villa De San Diego De Ubate,Selección Abreviada de Menor Cuantía,Obra,Seleccionado,300000000.0,299103433.0,5,44,día(s),2025-10-28,-896567.0,-0.0029885566666666666,0,44.0
CO1.BDOS.8985308,CMC-033-2025,ALCALDIA MUNICIPAL TAUSA,Cundinamarca,Tausa,Mínima cuantía,Obra,Seleccionado,32560000.0,32037143.0,1,1,Mes(es),2025-10-27,-522857.0,-0.01605826167076167,0,30.0
CO1.BDOS.8886102,SAMC 007-2025 (Manifestación de interés (Menor Cuantía)) (Presentación de oferta),MUNICIPIO DE APULO,Cundinamarca,Apulo,Selección Abreviada de Menor Cuantía,Obra,Seleccionado,237098239.0,236966279.0,3,3,Mes(es),2025-10-25,-131960.0,-0.000556562547898131,0,90.0
CO1.BDOS.8886620,SAMC 008-2025 (Manifestación de interés (Menor Cuantía)) (Presentación de oferta),MUNICIPIO DE APULO,Cundinamarca,Apulo,Selección Abreviada de Menor Cuantía,Obra,Seleccionado,360930929.0,360758939.0,2,3,Mes(es),2025-10-25,-171990.0,-0.0004765177660903646,0,90.0
CO1.BDOS.8859290,SA-036-2025 (Manifestación de interés (Menor Cuantía)) (Presentación de oferta),CUNDINAMARCA-ALCALDIA MUNICIPIO MOSQUERA,Cundinamarca,Mosquera,Selección Abreviada de Menor Cuantía,Obra,Seleccionado,367790733.0,364732529.0,1,2,Mes(es),2025-10-24,-3058204.0,-0.008315065404325998,0,60.0
CO1.BDOS.8918657,SAMC-040-2025 (Manifestación de interés (Menor Cuantía)) (Presentación de oferta),ALCALDIA MUNICIPIO DE CAJICA,Cundinamarca,Cajicá,Selección Abreviada de Menor Cuantía,Obra,Seleccionado,224395761.0,224029729.0,1,1,Mes(es),2025-10-24,-366032.0,-0.0016311894590557796,0,30.0
CO1.BDOS.8894028,SAMC 021-2025 (Manifestación de interés (Menor Cuantía)) (Presentación de oferta),ALCALDIA MUNICIPIO DE NOCAIMA,Cundinamarca,Nocaima,Selección Abreviada de Menor Cuantía,Obra,Seleccionado,332843161.0,332820500.0,2,45,día(s),2025-10-24,-22661.0,-6.808311738152253e-05,0,45.0
CO1.BDOS.8887091,SAMC-011-2025 (Manifestación de interés (Menor Cuantía)) (Presentación de oferta),ALCALDIA MUNICIPAL TAUSA,Cundinamarca,Tausa,Selección Abreviada de Menor Cuantía,Obra,Seleccionado,165000000.0,164724897.0,2,2,Mes(es),2025-10-24,-275103.0,-0.0016672909090909092,0,60.0
CO1.BDOS.8905873,SA-MC-016-2025 (Manifestación de interés (Menor Cuantía)) (Presentación de oferta),MUNICIPIO DE TENJO,Cundinamarca,Tenjo,Selección Abreviada de Menor Cuantía,Obra,Seleccionado,348384367.0,347077796.0,1,45,día(s),2025-10-23,-1306571.0,-0.0037503720710866453,0,45.0
CO1.BDOS.8876359,SAMC-010-2025 (Manifestación de interés (Menor Cuantía)) (Presentación de oferta),MUNICIPIO DE ALBAN,Cundinamarca,Albán,Selección Abreviada de Menor Cuantía,Obra,Seleccionado,328905629.0,328661359.0,1,60,día(s),2025-10-23,-244270.0,-0.0007426750364311947,0,60.0
CO1.BDOS.8867602,SA-MC-009-2025 (Manifestación de interés (Menor Cuantía)) (Presentación de oferta),MUNICIPIO MANTA CUNDINAMARCA,Cundinamarca,Manta,Selección Abreviada de Menor Cuantía,Obra,Seleccionado,127000000.0,126555550.0,2,2,Mes(es),2025-10-23,-444450.0,-0.0034996062992125984,0,60.0
CO1.BDOS.8722949,. FACATATIVA-SA-017-25 (Manifestación de interés (Menor Cuantía)) (Presentación de oferta),ALCALDIA MUNICIPAL DE FACATATIVA,Cundinamarca,Facatativá,Selección Abreviada de Menor Cuantía,Obra,Seleccionado,232751926.0,232751926.0,2,3,Mes(es),2025-10-23,0.0,0.0,0,90.0
CO1.BDOS.8887831,SAMC-012-2025 (Manifestación de interés (Menor Cuantía)) (Presentación de oferta),MUNICIPIO DE SAN FRANCISCO,Cundinamarca,San Francisco,Selección Abreviada de Menor Cuantía,Obra,Seleccionado,312200000.0,312199908.0,2,50,día(s),2025-10-23,-92.0,-2.946828955797566e-07,0,50.0
CO1.BDOS.8890134,SAMC-CMC-CTDPE-003-2025 (Manifestación de interés (Menor Cuantía)) (Presentación de oferta),SENA REGIONAL CUNDINAMARCA Grupo Administrativo CTDPE,Cundinamarca,Girardot,Selección Abreviada de Menor Cuantía,Obra,Seleccionado,258892160.0,247796042.0,4,0,día(s),2025-10-22,-11096118.0,-0.042860000086522514,0,0.0
CO1.BDOS.8886151,SAMC-035-2025 (Manifestación de interés (Menor Cuantía)) (Presentación de oferta),ALCALDIA MUNICIPIO DE CAJICA,Cundinamarca,Cajicá,Selección Abreviada de Menor Cuantía,Obra,Seleccionado,111084558.0,110847821.0,1,2,Mes(es),2025-10-22,-236737.0,-0.002131142296123643,0,60.0
CO1.BDOS.8852725,LP-002-2025 (Fase de Selección (Presentación de ofertas)),MUNICIPIO DE UBATE,Cundinamarca,Villa De San Diego De Ubate,Licitación pública Obra Publica,Obra,Seleccionado,576600000.0,576519202.0,2,1,Mes(es),2025-10-22,-80798.0,-0.00014012833853624697,0,30.0
CO1.BDOS.8887223,SAMC. 017-2025 (Manifestación de interés (Menor Cuantía)) (Presentación de oferta),ALCALDIA MUNICIPAL DE BOJACA,Cundinamarca,Bojacá,Selección Abreviada de Menor Cuantía,Obra,Seleccionado,57639053.0,57637067.0,1,2,Mes(es),2025-10-21,-1986.0,-3.4455805510892066e-05,0,60.0
CO1.BDOS.8882957,SAMC-003-2025 (Manifestación de interés (Menor Cuantía)) (Presentación de oferta),IDUVI,Cundinamarca,Chía,Selección Abreviada de Menor Cuantía,Obra,Seleccionado,389981347.0,386246139.0,1,60,día(s),2025-10-21,-3735208.0,-0.009577914504716041,0,60.0
CO1.BDOS.8858157,SAMC 14 DE 2025 (Manifestación de interés (Menor Cuantía)) (Presentación de oferta),ALCALDIA MUNICIPAL DE VILLETA,Cundinamarca,Villeta,Selección Abreviada de Menor Cuantía,Obra,Seleccionado,300000000.0,285001779.0,4,45,día(s),2025-10-21,-14998221.0,-0.04999407,0,45.0
CO1.BDOS.8818592,SAMC-014-2025 (Manifestación de interés (Menor Cuantía)) (Presentación de oferta),ALCALDÍA MUNICIPAL COTA,Cundinamarca,Cota,Selección Abreviada de Menor Cuantía,Obra,Seleccionado,574000000.0,570992201.0,3,60,día(s),2025-10-20,-3007799.0,-0.005240067944250871,0,60.0
CO1.BDOS.8868140,SAMC-DC-CTCM-034-2025 (Manifestación de interés (Menor Cuantía)) (Presentación de oferta),SENA GRUPO DE APOYO ADMINISTRATIVO INTERCENTROS CAZUCA,Cundinamarca,Soacha,Selección Abreviada de Menor Cuantía,Obra,Seleccionado,347964678.0,347964678.0,1,45,día(s),2025-10-20,0.0,0.0,0,45.0
CO1.BDOS.8879944,SAMC-011-2025 (Manifestación de interés (Menor Cuantía)) (Presentación de oferta),MUNICIPIO DE SAN FRANCISCO,Cundinamarca,San Francisco,Selección Abreviada de Menor Cuantía,Obra,Seleccionado,300000000.0,299999984.0,2,55,día(s),2025-10-20,-16.0,-5.3333333333333334e-08,0,55.0
CO1.BDOS.8861478,SAMC-034-2025 (Manifestación de interés (Menor Cuantía)) (Presentación de oferta),ALCALDIA MUNICIPIO DE CAJICA,Cundinamarca,Cajicá,Selección Abreviada de Menor Cuantía,Obra,Seleccionado,606126992.0,605481000.0,1,2,Mes(es),2025-10-20,-645992.0,-0.001065770058958206,0,60.0
CO1.BDOS.8636855,SA-09-2025 (Manifestación de interés (Menor Cuantía)) (Presentación de oferta),MUNICIPIO DE CHOCONTÁ,Cundinamarca,Chocontá,Selección Abreviada de Menor Cuantía,Obra,Seleccionado,229987099.0,216049542.0,6,2,Mes(es),2025-10-17,-13937557.0,-0.060601473128716665,0,60.0
CO1.BDOS.8858213,SAMC-017-2025 (Manifestación de interés (Menor Cuantía)) (Presentación de oferta),ALCALDIA MUNICIPIO DE ZIPAQUIRA,Cundinamarca,Zipaquirá,Selección Abreviada de Menor Cuantía,Obra,Seleccionado,111217400.0,111211450.0,1,64,día(s),2025-10-16,-5950.0,-5.349882302589343e-05,0,64.0
CO1.BDOS.8829918,SAMC 123-2025. (Manifestación de interés (Menor Cuantía)) (Presentación de oferta),MUNICIPIO DE ANAPOIMA/,Cundinamarca,No Definido,Selección Abreviada de Menor Cuantía,Obra,Seleccionado,115566920.0,115220219.0,1,1,Mes(es),2025-10-16,-346701.0,-0.0030000020767188395,0,30.0
CO1.BDOS.8911126,RE-13-2025,INSTITUCION EDUCATIVA DEPARTAMENTAL FRANCISCO JULIAN OLAYA,Cundinamarca,La Mesa,Contratación régimen especial (con ofertas),Obra,Abierto,25000000.0,22105000.0,1,30,día(s),2025-10-16,-2895000.0,-0.1158,0,30.0
CO1.BDOS.8840836,SAMC-009-2025 (Manifestación de interés (Menor Cuantía)) (Presentación de oferta),MUNICIPIO DE ALBAN,Cundinamarca,Albán,Selección Abreviada de Menor Cuantía,Obra,Seleccionado,300000000.0,295939451.0,3,60,día(s),2025-10-15,-4060549.0,-0.013535163333333333,0,60.0
CO1.BDOS.8761398,LP-006-2025 (Fase de Selección (Presentación de ofertas)),ALCALDIA MUNICIPIO DE ZIPAQUIRA,Cundinamarca,Zipaquirá,Licitación pública Obra Publica,Obra,Seleccionado,5588320769.0,5253356730.0,14,69,día(s),2025-10-15,-334964039.0,-0.05994001648189927,0,69.0
CO1.BDOS.8815237,SAMC-112-CENACTOLEMAIDA-2025  (Manifestación de interés (Menor Cuantía)) (Presentación de oferta),CENAC TOLEMAIDA,Cundinamarca,Nilo,Selección Abreviada de Menor Cuantía,Obra,Seleccionado,195624647.0,175610953.0,3,3,Mes(es),2025-10-15,-20013694.0,-0.10230660761269003,0,90.0
CO1.BDOS.8923013,MC-036-2025,ALCALDIA DE SESQUILE,Cundinamarca,Sesquilé,Mínima cuantía,Obra,Seleccionado,39822274.0,39822274.0,3,2,Mes(es),2025-10-15,0.0,0.0,0,60.0
CO1.BDOS.8920092,MC. 027-2025,ALCALDIA MUNICIPAL DE BOJACA,Cundinamarca,Bojacá,Mínima cuantía,Obra,Seleccionado,22440196.0,22440196.0,1,2,Mes(es),2025-10-15,0.0,0.0,0,60.0
CO1.BDOS.8921089,CMC-047-2025,ALCALDIA MUNICIPAL DE PUERTO SALGAR,Cundinamarca,Puerto Salgar,Mínima cuantía,Obra,Seleccionado,2900000.0,2900000.0,1,2,Mes(es),2025-10-15,0.0,0.0,0,60.0
CO1.BDOS.8868898,SAMC 020-2025 (Manifestación de interés (Menor Cuantía)) (Presentación de oferta),ALCALDIA MUNICIPIO DE NOCAIMA,Cundinamarca,Nocaima,Selección Abreviada de Menor Cuantía,Obra,Seleccionado,244909212.0,244835748.0,3,2,Mes(es),2025-10-15,-73464.0,-0.00029996421694419563,0,60.0
CO1.BDOS.8832770,SAMC 019-2025 (Manifestación de interés (Menor Cuantía)) (Presentación de oferta),ALCALDIA MUNICIPIO DE NOCAIMA,Cundinamarca,Nocaima,Selección Abreviada de Menor Cuantía,Obra,Seleccionado,200000000.0,200000000.0,3,2,Mes(es),2025-10-14,0.0,0.0,0,60.0
CO1.BDOS.8914477,MC-061-2025,MUNICIPIO DE VILLAPINZON,Cundinamarca,Villapinzón,Mínima cuantía,Obra,Seleccionado,39858000.0,39858000.0,1,0,día(s),2025-10-14,0.0,0.0,0,0.0
CO1.BDOS.8821013,SAMC-010-2025 (Manifestación de interés (Menor Cuantía)) (Presentación de oferta),MUNICIPIO DE SAN FRANCISCO,Cundinamarca,San Francisco,Selección Abreviada de Menor Cuantía,Obra,Seleccionado,200000000.0,199999976.0,1,2,Mes(es),2025-10-14,-24.0,-1.2e-07,0,60.0
CO1.BDOS.8833420,SAMC 006-2025 (Manifestación de interés (Menor Cuantía)) (Presentación de oferta),ALCALDÍA NEMOCON,Cundinamarca,Nemocón,Selección Abreviada de Menor Cuantía,Obra,Seleccionado,100000000.0,99946699.0,2,40,día(s),2025-10-10,-53301.0,-0.00053301,0,40.0
CO1.BDOS.8808648,SAMC-009-2025 (Manifestación de interés (Menor Cuantía)) (Presentación de oferta),MUNICIPIO DE TIBIRITA,Cundinamarca,Tibirita,Selección Abreviada de Menor Cuantía,Obra,Seleccionado,100000000.0,97149656.0,5,2,Mes(es),2025-10-09,-2850344.0,-0.02850344,0,60.0
CO1.BDOS.8877866,MC-133-CENACTELEMATICA-2025,CENTRAL ADMINISTRATIVA Y CONTABLE TELEMATICA,Cundinamarca,Facatativá,Mínima cuantía,Obra,Seleccionado,142000000.0,84288098.0,8,40,día(s),2025-10-09,-57711902.0,-0.40642184507042256,0,40.0
CO1.BDOS.8892602,MC-044-2025,MUNICIPIO DE MACHETA,Cundinamarca,Macheta,Mínima cuantía,Obra,Seleccionado,39792774.0,35854415.0,1,1,Mes(es),2025-10-08,-3938359.0,-0.09897171280393773,0,30.0
CO1.BDOS.8613114,SAMC-003-2025 (Pré-Calificación de competidores) (Presentación de oferta),ALCALDIA MUNICIPAL DE SUESCA +,Cundinamarca,Suesca,Selección Abreviada de Menor Cuantía,Obra,Seleccionado,221001368.0,221001367.0,2,2,Mes(es),2025-10-07,-1.0,-4.524858868746912e-09,0,60.0
CO1.BDOS.8778466,SAMC-016-2025 (Manifestación de interés (Menor Cuantía)) (Presentación de oferta),ALCALDIA MUNICIPIO DE ZIPAQUIRA,Cundinamarca,Zipaquirá,Selección Abreviada de Menor Cuantía,Obra,Seleccionado,640000000.0,639999924.0,1,75,día(s),2025-10-07,-76.0,-1.1875e-07,0,75.0
CO1.BDOS.8876058,MC-119-CENACTELEMATICA-2025,CENTRAL ADMINISTRATIVA Y CONTABLE TELEMATICA,Cundinamarca,Facatativá,Mínima cuantía,Obra,Seleccionado,23000000.0,23000000.0,8,0,día(s),2025-10-07,0.0,0.0,0,0.0
CO1.BDOS.8796115,SAMC-CMC-CDA-005-2025 (Manifestación de interés (Menor Cuantía)) (Presentación de oferta),SENA REGIONAL CUNDINAMARCA Grupo Administrativo CDA,Cundinamarca,Chía,Selección Abreviada de Menor Cuantía,Obra,Seleccionado,268661130.0,267712437.0,1,2,Mes(es),2025-10-07,-948693.0,-0.0035311881551305913,0,60.0
CO1.BDOS.8880754,CMC-045-2025,ALCALDIA MUNICIPAL DE PUERTO SALGAR,Cundinamarca,Puerto Salgar,Mínima cuantía,Obra,Seleccionado,11800000.0,11800000.0,1,2,Mes(es),2025-10-07,0.0,0.0,0,60.0
CO1.BDOS.8756349,AMS-SAMC-009-2025  (Manifestación de interés (Menor Cuantía)) (Presentación de oferta),MUNICIPIO DE SUBACHOQUE,Cundinamarca,Subachoque,Selección Abreviada de Menor Cuantía,Obra,Seleccionado,100000000.0,95209177.0,6,2,Mes(es),2025-10-06,-4790823.0,-0.04790823,0,60.0
CO1.BDOS.8584119,SAMC 007 DE 2025 (Manifestación de interés (Menor Cuantía)) (Presentación de oferta),ALCALDIA DE GAMA,Cundinamarca,Gama,Selección Abreviada de Menor Cuantía,Obra,Seleccionado,100000000.0,95800076.0,7,4,Mes(es),2025-10-03,-4199924.0,-0.04199924,0,120.0
CO1.BDOS.8775863,SAMC-033-2025 (Manifestación de interés (Menor Cuantía)) (Presentación de oferta),ALCALDIA MUNICIPIO DE CAJICA,Cundinamarca,Cajicá,Selección Abreviada de Menor Cuantía,Obra,Seleccionado,638257047.0,636957054.0,1,2,Mes(es),2025-10-03,-1299993.0,-0.0020367859722197476,0,60.0
CO1.BDOS.8755193,SAMC-032-2025 (Manifestación de interés (Menor Cuantía)) (Presentación de oferta),MUNICIPIO DE UBATE,Cundinamarca,Villa De San Diego De Ubate,Selección Abreviada de Menor Cuantía,Obra,Seleccionado,80000000.0,79986274.0,2,2,Mes(es),2025-10-03,-13726.0,-0.000171575,0,60.0
CO1.BDOS.8701204,SAMC 014-2025 (Manifestación de interés (Menor Cuantía)) (Presentación de oferta),MUNICIPIO DE GUACHETÁ,Cundinamarca,Guachetá,Selección Abreviada de Menor Cuantía,Obra,Seleccionado,298931295.0,298351419.0,1,2,Mes(es),2025-10-02,-579876.0,-0.0019398303546639371,0,60.0
CO1.BDOS.8768182,SAMC-008-2025 (Manifestación de interés (Menor Cuantía)) (Presentación de oferta),MUNICIPIO DE ALBAN,Cundinamarca,Albán,Selección Abreviada de Menor Cuantía,Obra,Seleccionado,294183034.0,293892734.0,3,90,día(s),2025-10-02,-290300.0,-0.0009868006188283448,0,90.0
CO1.BDOS.8773320,SAMC-015-2025 (Manifestación de interés (Menor Cuantía)) (Presentación de oferta),ALCALDIA MUNICIPAL TAUSA,Cundinamarca,Tausa,Selección Abreviada de Menor Cuantía,Obra,Seleccionado,260000000.0,259947332.0,3,3,Mes(es),2025-10-02,-52668.0,-0.00020256923076923076,0,90.0
CO1.BDOS.8779255,MA-SAMC-010-2025 (Manifestación de interés (Menor Cuantía)) (Presentación de oferta),ALCALDIA MUNICIPIO DE ANOLAIMA,Cundinamarca,Anolaima,Selección Abreviada de Menor Cuantía,Obra,Seleccionado,320010313.0,318113744.0,1,2,Mes(es),2025-10-02,-1896569.0,-0.005926587122209402,0,60.0
CO1.BDOS.8810082,LP-002-2025 (Fase de Selección (Presentación de ofertas)),MUNICIPIO DE VILLAPINZON,Cundinamarca,Villapinzón,Licitación pública Obra Publica,Obra,Seleccionado,532293627.0,532293627.0,8,0,día(s),2025-10-02,0.0,0.0,0,0.0
CO1.BDOS.8849290,MC 030-2025,ALCALDIA MUNICIPIO DE RICAURTE,Cundinamarca,Ricaurte,Mínima cuantía,Obra,Seleccionado,33457138.0,33399893.0,1,2,Mes(es),2025-10-02,-57245.0,-0.001710995124568037,0,60.0
CO1.BDOS.8732902,SAMC-008-2025 (Manifestación de interés (Menor Cuantía)) (Presentación de oferta),MUNICIPIO DE AGUA DE DIOS,Cundinamarca,Agua De Dios,Selección Abreviada de Menor Cuantía,Obra,Seleccionado,390000000.0,389390752.0,1,3,Mes(es),2025-10-02,-609248.0,-0.001562174358974359,0,90.0
CO1.BDOS.8852056,FACATATIVA- CI-021-25,ALCALDIA MUNICIPAL DE FACATATIVA,Cundinamarca,Facatativá,Contratación Directa (con ofertas),Obra,Seleccionado,4500000000.0,4500000000.0,0,3,Mes(es),2025-10-02,0.0,0.0,0,90.0
CO1.BDOS.8837338,MC-041-2025,ALCALDIA MUNICIPAL DE GACHETA,Cundinamarca,Gachetá,Mínima cuantía,Obra,Seleccionado,39127896.0,38997797.0,1,2,Mes(es),2025-10-02,-130099.0,-0.003324967946142568,0,60.0
CO1.BDOS.8770167,LP-002-2025 (Fase de Selección (Presentación de ofertas)),ALCALDIA MUNICIPAL DE GACHETA,Cundinamarca,Gachetá,Licitación pública Obra Publica,Obra,Seleccionado,1616645867.0,1616188364.0,13,6,Mes(es),2025-10-01,-457503.0,-0.0002829951873436485,0,180.0
CO1.BDOS.8780329,SAMC-014-2025 (Manifestación de interés (Menor Cuantía)) (Presentación de oferta),ALCALDIA MUNICIPAL TAUSA,Cundinamarca,Tausa,Selección Abreviada de Menor Cuantía,Obra,Seleccionado,193580339.0,193580339.0,2,2,Mes(es),2025-10-01,0.0,0.0,0,60.0
CO1.BDOS.8761753,MC-035-2025,MUNICIPIO DE CAPARRAPI*,Cundinamarca,Caparrapí,Mínima cuantía,Obra,Seleccionado,28970222.0,25052751.0,1,2,Mes(es),2025-09-30,-3917471.0,-0.13522405869033383,0,60.0
CO1.BDOS.8741736,SAMC-018-2025 (Manifestación de interés (Menor Cuantía)) (Presentación de oferta),ALCALDIA MUNICIPAL DE GUADUAS,Cundinamarca,Guaduas,Selección Abreviada de Menor Cuantía,Obra,Seleccionado,139309841.0,139260993.0,1,2,Mes(es),2025-09-30,-48848.0,-0.0003506428522878007,0,60.0
CO1.BDOS.8754925,AMS-SAMC-008-2025 (Manifestación de interés (Menor Cuantía)) (Presentación de oferta),MUNICIPIO DE SUBACHOQUE,Cundinamarca,Subachoque,Selección Abreviada de Menor Cuantía,Obra,Seleccionado,100000000.0,95500092.0,6,2,Mes(es),2025-09-29,-4499908.0,-0.04499908,0,60.0
CO1.BDOS.8749399,SAMC 018-2025 (Manifestación de interés (Menor Cuantía)) (Presentación de oferta),ALCALDIA MUNICIPIO DE NOCAIMA,Cundinamarca,Nocaima,Selección Abreviada de Menor Cuantía,Obra,Seleccionado,100000000.0,100000000.0,1,2,Mes(es),2025-09-29,0.0,0.0,0,60.0
CO1.BDOS.8755669,SAMC 008-2025 (Manifestación de interés (Menor Cuantía)) (Presentación de oferta),ALCALDIA MUNICIPIO DE RICAURTE,Cundinamarca,Ricaurte,Selección Abreviada de Menor Cuantía,Obra,Seleccionado,149895916.0,149700192.0,1,2,Mes(es),2025-09-29,-195724.0,-0.0013057327058863966,0,60.0
CO1.BDOS.8732189,SAMC-007-2025 (Manifestación de interés (Menor Cuantía)) (Presentación de oferta),MUNICIPIO DE AGUA DE DIOS,Cundinamarca,Agua De Dios,Selección Abreviada de Menor Cuantía,Obra,Seleccionado,114227296.0,111942668.0,1,3,Mes(es),2025-09-26,-2284628.0,-0.02000071856730286,0,90.0
CO1.BDOS.8777840,SAMC 021-2025 (Manifestación de interés (Menor Cuantía)) (Presentación de oferta),MUNICIPIO DE GACHANCIPA,Cundinamarca,Gachancipá,Selección Abreviada de Menor Cuantía,Obra,Seleccionado,349979542.0,349979479.0,1,75,día(s),2025-09-26,-63.0,-1.800105218721613e-07,0,75.0
CO1.BDOS.8821928,MINIMA CUANTIA 119-2025,MUNICIPIO DE ANAPOIMA/,Cundinamarca,No Definido,Mínima cuantía,Obra,Seleccionado,39799999.0,39668999.0,2,1,Mes(es),2025-09-26,-131000.0,-0.0032914573691320945,0,30.0
CO1.BDOS.8757364,SAMC 139-2025 (Manifestación de interés (Menor Cuantía)) (Presentación de oferta),IDERF,Cundinamarca,Fusagasugá,Selección Abreviada de Menor Cuantía,Obra,Seleccionado,154922829.0,154750757.0,1,60,día(s),2025-09-26,-172072.0,-0.001110694925407023,0,60.0
CO1.BDOS.8739028,AMS-SAMC-007-2025 (Manifestación de interés (Menor Cuantía)) (Presentación de oferta),MUNICIPIO DE SUBACHOQUE,Cundinamarca,Subachoque,Selección Abreviada de Menor Cuantía,Obra,Seleccionado,100000000.0,91201895.0,6,2,Mes(es),2025-09-26,-8798105.0,-0.08798105,0,60.0
CO1.BDOS.8725359,MA-LP-002-2025   (Fase de Selección (Presentación de ofertas)),ALCALDIA MUNICIPIO DE ANOLAIMA,Cundinamarca,Anolaima,Licitación pública Obra Publica,Obra,Seleccionado,965832578.0,960099979.0,1,2,Mes(es),2025-09-25,-5732599.0,-0.005935396186232186,0,60.0
CO1.BDOS.8716546,SAMC-013-2025 (Manifestación de interés (Menor Cuantía)) (Presentación de oferta),ALCALDIA MUNICIPAL TAUSA,Cundinamarca,Tausa,Selección Abreviada de Menor Cuantía,Obra,Seleccionado,201786609.0,201686237.0,3,3,Mes(es),2025-09-25,-100372.0,-0.0004974165555257436,0,90.0
CO1.BDOS.8739432,MA-SAMC-009-2025 (Manifestación de interés (Menor Cuantía)) (Presentación de oferta),ALCALDIA MUNICIPIO DE ANOLAIMA,Cundinamarca,Anolaima,Selección Abreviada de Menor Cuantía,Obra,Seleccionado,127262612.0,126869612.0,1,45,día(s),2025-09-25,-393000.0,-0.003088102576426767,0,45.0
CO1.BDOS.8640716,LP-005-2025 (Fase de Selección (Presentación de ofertas)),CUNDINAMARCA-ALCALDIA MUNICIPIO MOSQUERA,Cundinamarca,Mosquera,Licitación pública Obra Publica,Obra,Seleccionado,2015000000.0,2015000000.0,1,8,Mes(es),2025-09-25,0.0,0.0,0,240.0
CO1.BDOS.8700918,SAMC - 015 - 2025 ALC GTA  (Manifestación de interés (Menor Cuantía)) (Presentación de oferta),MUNICIPIO DE GUACHETÁ,Cundinamarca,Guachetá,Selección Abreviada de Menor Cuantía,Obra,Seleccionado,390865551.0,390859784.0,2,2,Mes(es),2025-09-25,-5767.0,-1.4754434063696753e-05,0,60.0
CO1.BDOS.8701706,SAMC 016-2025 ALC-GTA (Manifestación de interés (Menor Cuantía)) (Presentación de oferta),MUNICIPIO DE GUACHETÁ,Cundinamarca,Guachetá,Selección Abreviada de Menor Cuantía,Obra,Seleccionado,298513504.0,297952393.0,2,30,día(s),2025-09-25,-561111.0,-0.001879683808207216,0,30.0
CO1.BDOS.8807019,MC-059-2025,MUNICIPIO DE VILLAPINZON,Cundinamarca,Villapinzón,Mínima cuantía,Obra,Seleccionado,6449635.0,6449635.0,1,0,día(s),2025-09-24,0.0,0.0,0,0.0
CO1.BDOS.8805295,FACATATIVA-CI-014-25,ALCALDIA MUNICIPAL DE FACATATIVA,Cundinamarca,Facatativá,Contratación Directa (con ofertas),Obra,Seleccionado,9369048956.0,9369048956.0,0,8,Mes(es),2025-09-24,0.0,0.0,0,240.0
CO1.BDOS.8663826,SAMC-102-CENACTOLEMAIDA-2025 (Manifestación de interés (Menor Cuantía)) (Presentación de oferta),CENAC TOLEMAIDA,Cundinamarca,Nilo,Selección Abreviada de Menor Cuantía,Obra,Seleccionado,1197771392.0,1149860537.0,2,2,Mes(es),2025-09-23,-47910855.0,-0.03999999943227898,0,60.0
CO1.BDOS.8792644,MC-058-2025,MUNICIPIO DE VILLAPINZON,Cundinamarca,Villapinzón,Mínima cuantía,Obra,Seleccionado,39858000.0,39858000.0,1,0,día(s),2025-09-23,0.0,0.0,0,0.0
CO1.BDOS.8716018,SAMC-015-2025 (Manifestación de interés (Menor Cuantía)) (Presentación de oferta),ALCALDIA MUNICIPIO DE ZIPAQUIRA,Cundinamarca,Zipaquirá,Selección Abreviada de Menor Cuantía,Obra,Seleccionado,249999420.0,249998418.0,1,60,día(s),2025-09-23,-1002.0,-4.008009298581573e-06,0,60.0
CO1.BDOS.8774024,MC-2025-0012,ALCALDÍA MUNICIPAL DE SOPO,Cundinamarca,Sopó,Mínima cuantía,Obra,Seleccionado,45426711.0,44200121.0,2,2,Mes(es),2025-09-23,-1226590.0,-0.02700151459347343,0,60.0
CO1.BDOS.8683803,SAMC-006-2025 (Manifestación de interés (Menor Cuantía)) (Presentación de oferta),MUNICIPIO DE LA CALERA CUNDINAMARCA,Cundinamarca,La Calera,Selección Abreviada de Menor Cuantía,Obra,Seleccionado,190000000.0,131830173.0,6,3,Mes(es),2025-09-22,-58169827.0,-0.30615698421052634,0,90.0
CO1.BDOS.8726621,SAMC-022-2025 (Manifestación de interés (Menor Cuantía)) (Presentación de oferta),MUNICIPIO DE COGUA,Cundinamarca,Cogua,Selección Abreviada de Menor Cuantía,Obra,Seleccionado,330000000.0,326701028.0,2,111,día(s),2025-09-22,-3298972.0,-0.009996884848484848,0,111.0
CO1.BDOS.8699821,SAMC - 013-2025 ALC GTA  (Manifestación de interés (Menor Cuantía)) (Presentación de oferta),MUNICIPIO DE GUACHETÁ,Cundinamarca,Guachetá,Selección Abreviada de Menor Cuantía,Obra,Seleccionado,298407680.0,298386374.0,2,2,Mes(es),2025-09-22,-21306.0,-7.139896667538851e-05,0,60.0
CO1.BDOS.8659177,SAMC-006-2025 (Manifestación de interés (Menor Cuantía)) (Presentación de oferta),MUNICIPIO DE ALBAN,Cundinamarca,Albán,Selección Abreviada de Menor Cuantía,Obra,Seleccionado,285388638.0,284612426.0,2,90,día(s),2025-09-18,-776212.0,-0.002719841986141018,0,90.0
CO1.BDOS.8726940,SA-MC-007-2025 (Manifestación de interés (Menor Cuantía)) (Presentación de oferta),MUNICIPIO MANTA CUNDINAMARCA,Cundinamarca,Manta,Selección Abreviada de Menor Cuantía,Obra,Seleccionado,340000000.0,331891800.0,6,2,Mes(es),2025-09-18,-8108200.0,-0.02384764705882353,0,60.0
CO1.BDOS.8662547,SAMC-021-2025 (Manifestación de interés (Menor Cuantía)) (Presentación de oferta),ALCALDIA DE SESQUILE,Cundinamarca,Sesquilé,Selección Abreviada de Menor Cuantía,Obra,Seleccionado,195289726.0,183572427.0,4,90,día(s),2025-09-18,-11717299.0,-0.059999567002311224,0,90.0
CO1.BDOS.8683891,SAMC-020-2025 (Manifestación de interés (Menor Cuantía)) (Presentación de oferta),MUNICIPIO DE COGUA,Cundinamarca,Cogua,Selección Abreviada de Menor Cuantía,Obra,Seleccionado,219691189.0,219580322.0,1,79,día(s),2025-09-17,-110867.0,-0.0005046492784014201,0,79.0
CO1.BDOS.8686596,SAMC-014-2025 (Manifestación de interés (Menor Cuantía)) (Presentación de oferta),ALCALDIA MUNICIPIO DE ZIPAQUIRA,Cundinamarca,Zipaquirá,Selección Abreviada de Menor Cuantía,Obra,Seleccionado,178522530.0,178302234.0,1,3,Mes(es),2025-09-17,-220296.0,-0.001233995507457798,0,90.0
CO1.BDOS.8562361,SAMC-015-2025 (Manifestación de interés (Menor Cuantía)) (Presentación de oferta),ALCALDÍA MUNICIPAL DE MADRID CUNDINAMARCA,Cundinamarca,Madrid,Selección Abreviada de Menor Cuantía,Obra,Seleccionado,390000000.0,338922816.0,4,3,Mes(es),2025-09-17,-51077184.0,-0.13096713846153846,0,90.0
CO1.BDOS.8661537,SMC 035- 2025,ALCALDIA MUNICIPIO DE NOCAIMA,Cundinamarca,Nocaima,Mínima cuantía,Obra,Seleccionado,39408461.0,39408396.0,1,2,Mes(es),2025-09-16,-65.0,-1.649391992242478e-06,0,60.0
CO1.BDOS.8664051,119-SAMC-CENACINTELIGENCIA-2025 (Manifestación de interés (Menor Cuantía)) (Presentación de oferta),CENTRAL ADMINISTRATIVA Y CONTABLE ESPECIALIZADA INTELIGENCIA,Cundinamarca,No Definido,Selección Abreviada de Menor Cuantía,Obra,Seleccionado,711994747.0,699360477.0,5,2,Mes(es),2025-09-16,-12634270.0,-0.017744892154379896,0,60.0
CO1.BDOS.8324935,LP-006-2025 (Fase de Selección (Presentación de ofertas)),ALCALDIA MUNICIPAL DE CHIA,Cundinamarca,Chía,Licitación pública Obra Publica,Obra,Seleccionado,6318972000.0,6318972000.0,12,4,Mes(es),2025-09-16,0.0,0.0,0,120.0
CO1.BDOS.8756628,INV-PUB-MC-022-2025,ALCALDIA MUNICIPAL DE SUESCA +,Cundinamarca,Suesca,Mínima cuantía,Obra,Seleccionado,16325943.0,16325943.0,1,2,Mes(es),2025-09-15,0.0,0.0,0,60.0
CO1.BDOS.8750125,MINIMA CUANTIA 109-2025,MUNICIPIO DE ANAPOIMA/,Cundinamarca,No Definido,Mínima cuantía,Obra,Seleccionado,39807565.0,39768166.0,1,1,Mes(es),2025-09-13,-39399.0,-0.0009897364985775945,0,30.0
CO1.BDOS.8661952,SAMC-007-2025 (Manifestación de interés (Menor Cuantía)) (Presentación de oferta),ALCALDIA MUNICIPAL DE EL COLEGIO,Cundinamarca,El Colegio,Selección Abreviada de Menor Cuantía,Obra,Seleccionado,70000000.0,69995900.0,1,3,Mes(es),2025-09-12,-4100.0,-5.857142857142857e-05,0,90.0
CO1.BDOS.8632036,LP-006-2025 (Fase de Selección (Presentación de ofertas)),MUNICIPIO DE TENJO,Cundinamarca,Tenjo,Licitación pública Obra Publica,Obra,Seleccionado,666060742.0,629427758.0,24,80,día(s),2025-09-11,-36632984.0,-0.054999464298107516,0,80.0
CO1.BDOS.8640914,SAMC-014-2025 (Manifestación de interés (Menor Cuantía)) (Presentación de oferta),MUNICIPIO DE SOACHA..,Cundinamarca,Soacha,Selección Abreviada de Menor Cuantía,Obra,Seleccionado,198301901.0,188777580.0,3,3,Mes(es),2025-09-10,-9524321.0,-0.04802939836668535,0,90.0
CO1.BDOS.8719774,MC-CMT-004-2025,CONCEJO MUNICIPAL DE TENJO,Cundinamarca,Tenjo,Mínima cuantía,Obra,Seleccionado,39800000.0,38400313.0,6,1,Mes(es),2025-09-09,-1399687.0,-0.03516801507537688,0,30.0
CO1.BDOS.8725707,MC 011-2025 ALC GTA,MUNICIPIO DE GUACHETÁ,Cundinamarca,Guachetá,Mínima cuantía,Obra,Seleccionado,4067867.0,3808000.0,1,8,día(s),2025-09-09,-259867.0,-0.06388286539358341,0,8.0
CO1.BDOS.8705205,SMIN-019-2025,ALCALDIA MUNICIPIO DE ZIPAQUIRA,Cundinamarca,Zipaquirá,Mínima cuantía,Obra,Seleccionado,48000000.0,45486670.0,2,50,día(s),2025-09-08,-2513330.0,-0.05236104166666666,0,50.0
CO1.BDOS.8632686,SAMC-008-2025 (Manifestación de interés (Menor Cuantía)) (Presentación de oferta),MUNICIPIO DE PACHO,Cundinamarca,Pacho,Selección Abreviada de Menor Cuantía,Obra,Seleccionado,84753122.0,84726247.0,1,3,Mes(es),2025-09-08,-26875.0,-0.0003170974633831188,0,90.0
CO1.BDOS.8706733,MC-026-2025,MUNICIPIO DE AGUA DE DIOS,Cundinamarca,Agua De Dios,Mínima cuantía,Obra,Seleccionado,39858000.0,39335915.0,3,3,Mes(es),2025-09-05,-522085.0,-0.013098625119173065,0,90.0
CO1.BDOS.8608425,SAMC-026-2025 (Manifestación de interés (Menor Cuantía)) (Presentación de oferta),ALCALDIA MUNICIPIO DE CAJICA,Cundinamarca,Cajicá,Selección Abreviada de Menor Cuantía,Obra,Seleccionado,108249381.0,103776127.0,1,2,Mes(es),2025-09-04,-4473254.0,-0.041323598885059674,0,60.0
CO1.BDOS.8617577,SAMC 135-2025 (Manifestación de interés (Menor Cuantía)) (Presentación de oferta),IDERF,Cundinamarca,Fusagasugá,Selección Abreviada de Menor Cuantía,Obra,Seleccionado,267443744.0,265361747.0,1,70,día(s),2025-09-04,-2081997.0,-0.007784803521147236,0,70.0
CO1.BDOS.8560989,SAMC-009-2025 (Manifestación de interés (Menor Cuantía)) (Presentación de oferta),ALCALDIA MUNICIPAL TAUSA,Cundinamarca,Tausa,Selección Abreviada de Menor Cuantía,Obra,Seleccionado,154408882.0,154015716.0,3,2,Mes(es),2025-09-04,-393166.0,-0.0025462654408701696,0,60.0
CO1.BDOS.8581198,SAMC-006 DE 2025 (Manifestación de interés (Menor Cuantía)) (Presentación de oferta),MUNICIPIO DE LENGUAZAQUE,Cundinamarca,Lenguazaque,Selección Abreviada de Menor Cuantía,Obra,Seleccionado,397934952.0,397828917.0,2,3,Mes(es),2025-09-04,-106035.0,-0.00026646314797700905,0,90.0
CO1.BDOS.8604708,SAMC 12 DE 2025 (Manifestación de interés (Menor Cuantía)) (Presentación de oferta),ALCALDIA MUNICIPAL DE VILLETA,Cundinamarca,Villeta,Selección Abreviada de Menor Cuantía,Obra,Seleccionado,100000000.0,96522042.0,4,1,Mes(es),2025-09-04,-3477958.0,-0.03477958,0,30.0
CO1.BDOS.8467112,LP-004-2025 (Fase de Selección (Presentación de ofertas)),MUNICIPIO DE TENJO,Cundinamarca,Tenjo,Licitación pública Obra Publica,Obra,Seleccionado,32788366000.0,32787843775.0,1,24,Mes(es),2025-09-03,-522225.0,-1.592714318243245e-05,0,720.0
CO1.BDOS.8692120,SMC 047 - 2025,MUNICIPIO DE APULO,Cundinamarca,Apulo,Mínima cuantía,Obra,Seleccionado,38097026.0,38084037.0,2,45,día(s),2025-09-03,-12989.0,-0.00034094524858712066,0,45.0
CO1.BDOS.8568255,LP-001-2025 (Fase de Selección (Presentación de ofertas)),IDUVI,Cundinamarca,Chía,Licitación pública Obra Publica,Obra,Seleccionado,1100000000.0,1099596564.0,1,120,día(s),2025-09-03,-403436.0,-0.00036676,0,120.0
CO1.BDOS.8671151,MC 2025-0768,ALCALDIA MUNICIPAL FUSAGASUGA,Cundinamarca,Fusagasugá,Mínima cuantía,Obra,Seleccionado,63784100.0,58338269.0,2,2,Mes(es),2025-09-01,-5445831.0,-0.08537913053566641,0,60.0
CO1.BDOS.8661544,SMC 036-2025,ALCALDIA MUNICIPIO DE NOCAIMA,Cundinamarca,Nocaima,Mínima cuantía,Obra,Seleccionado,22887043.0,22463535.0,1,2,Mes(es),2025-08-31,-423508.0,-0.01850426898747907,0,60.0
CO1.BDOS.8569821,LP-005-2025 (Fase de Selección (Presentación de ofertas)),MUNICIPIO DE TENJO,Cundinamarca,Tenjo,Licitación pública Obra Publica,Obra,Seleccionado,430000000.0,429994332.0,1,80,día(s),2025-08-29,-5668.0,-1.318139534883721e-05,0,80.0
CO1.BDOS.8601837,SAMC. 011-2025 (Manifestación de interés (Menor Cuantía)) (Presentación de oferta),ALCALDIA MUNICIPAL DE BOJACA,Cundinamarca,Bojacá,Selección Abreviada de Menor Cuantía,Obra,Seleccionado,200000000.0,200000000.0,1,3,Mes(es),2025-08-29,0.0,0.0,0,90.0
CO1.BDOS.8565340,SAMC. 010-2025 (Manifestación de interés (Menor Cuantía)) (Presentación de oferta),ALCALDIA MUNICIPAL DE BOJACA,Cundinamarca,Bojacá,Selección Abreviada de Menor Cuantía,Obra,Seleccionado,94313000.0,94310775.0,1,3,Mes(es),2025-08-29,-2225.0,-2.3591657565765058e-05,0,90.0
CO1.BDOS.8545823,LP-003-2025 (Fase de Selección (Presentación de ofertas)),MUNICIPIO MANTA CUNDINAMARCA,Cundinamarca,Manta,Licitación pública Obra Publica,Obra,Seleccionado,554707705.0,524170660.0,50,4,Mes(es),2025-08-29,-30537045.0,-0.05505069557308565,0,120.0
CO1.BDOS.8562963,SAMC-CMC-CTDPE-002-2025 (Manifestación de interés (Menor Cuantía)) (Presentación de oferta),SENA REGIONAL CUNDINAMARCA Grupo Administrativo CTDPE,Cundinamarca,Girardot,Selección Abreviada de Menor Cuantía,Obra,Seleccionado,847926924.0,847916086.0,2,3,Mes(es),2025-08-29,-10838.0,-1.278176183965589e-05,0,90.0
CO1.BDOS.8479922,LP-003-2025 (Fase de Selección (Presentación de ofertas)),CUNDINAMARCA-ALCALDIA MUNICIPIO MOSQUERA,Cundinamarca,Mosquera,Licitación pública Obra Publica,Obra,Seleccionado,1437197469.0,1357752177.0,24,4,Mes(es),2025-08-28,-79445292.0,-0.05527792367688897,0,120.0
CO1.BDOS.8645794,MINIMA CUANTIA 098-2025,MUNICIPIO DE ANAPOIMA/,Cundinamarca,No Definido,Mínima cuantía,Obra,Seleccionado,38832772.0,38830097.0,1,3,Mes(es),2025-08-28,-2675.0,-6.888511590158952e-05,0,90.0
CO1.BDOS.8633779,MC 2025-0755,ALCALDIA MUNICIPAL FUSAGASUGA,Cundinamarca,Fusagasugá,Mínima cuantía,Obra,Seleccionado,44566449.0,39559474.0,12,46,día(s),2025-08-27,-5006975.0,-0.11234852927142569,0,46.0
CO1.BDOS.8472664,SAMC-027-2025 (Manifestación de interés (Menor Cuantía)) (Presentación de oferta),MUNICIPIO DE UBATE,Cundinamarca,Villa De San Diego De Ubate,Selección Abreviada de Menor Cuantía,Obra,Seleccionado,300000000.0,299772955.0,2,3,Mes(es),2025-08-27,-227045.0,-0.0007568166666666666,0,90.0
CO1.BDOS.8647603,MC 025-2025,ALCALDIA MUNICIPIO DE RICAURTE,Cundinamarca,Ricaurte,Mínima cuantía,Obra,Seleccionado,24768072.0,24765664.0,2,1,Mes(es),2025-08-27,-2408.0,-9.722193960030478e-05,0,30.0
CO1.BDOS.8528994,SA-011 - 2025 (Manifestación de interés (Menor Cuantía)) (Presentación de oferta),MUNICIPIO DE LA MESA,Cundinamarca,La Mesa,Selección Abreviada de Menor Cuantía,Obra,Seleccionado,304000000.0,304000000.0,2,3,Mes(es),2025-08-27,0.0,0.0,0,90.0
CO1.BDOS.8624684,RE-10.1-2025,INSTITUCION EDUCATIVA DEPARTAMENTAL FRANCISCO JULIAN OLAYA,Cundinamarca,La Mesa,Contratación régimen especial (con ofertas),Obra,Abierto,10000000.0,7074590.0,4,30,día(s),2025-08-26,-2925410.0,-0.292541,0,30.0
CO1.BDOS.8560439,PSACC-009-2025 (Manifestación de interés (Menor Cuantía)) (Presentación de oferta),ALCALDIA MUNICIPIO CARMEN DE CARUPA,Cundinamarca,No Definido,Selección Abreviada de Menor Cuantía,Obra,Seleccionado,382808260.0,357766280.0,3,3,Mes(es),2025-08-26,-25041980.0,-0.0654165090377099,0,90.0
CO1.BDOS.8624989,RE-12-2025,INSTITUCION EDUCATIVA DEPARTAMENTAL FRANCISCO JULIAN OLAYA,Cundinamarca,La Mesa,Contratación régimen especial (con ofertas),Obra,Abierto,18920363.0,13779770.0,4,30,día(s),2025-08-26,-5140593.0,-0.27169631999132365,0,30.0
CO1.BDOS.8634865,INV-PUB-MC-020-2025,ALCALDIA MUNICIPAL DE SUESCA +,Cundinamarca,Suesca,Mínima cuantía,Obra,Seleccionado,24828890.0,24828890.0,2,1,Mes(es),2025-08-26,0.0,0.0,0,30.0
CO1.BDOS.8530818,SAMC-018-2025 (Manifestación de interés (Menor Cuantía)) (Presentación de oferta),MUNICIPIO DE COGUA,Cundinamarca,Cogua,Selección Abreviada de Menor Cuantía,Obra,Seleccionado,316113947.0,315961350.0,1,142,día(s),2025-08-25,-152597.0,-0.0004827278310501118,0,142.0
CO1.BDOS.8498765,SAMC 012-2025 (Manifestación de interés (Menor Cuantía)) (Presentación de oferta),ALCALDIA MUNICIPIO DE NOCAIMA,Cundinamarca,Nocaima,Selección Abreviada de Menor Cuantía,Obra,Seleccionado,100000000.0,100000000.0,1,3,Mes(es),2025-08-25,0.0,0.0,0,90.0
CO1.BDOS.8094990,LP-002-2025 (Fase de Selección (Presentación de ofertas)),MUNICIPIO DE PACHO,Cundinamarca,Pacho,Licitación pública Obra Publica,Obra,Seleccionado,1300925918.0,1226382864.0,81,5,Mes(es),2025-08-22,-74543054.0,-0.057299999153372236,0,150.0
CO1.BDOS.8490993,LP-004-2025  (Fase de Selección (Presentación de ofertas)),CUNDINAMARCA-ALCALDIA MUNICIPIO MOSQUERA,Cundinamarca,Mosquera,Licitación pública Obra Publica,Obra,Seleccionado,2200000000.0,2200000000.0,39,3,Mes(es),2025-08-22,0.0,0.0,0,90.0
CO1.BDOS.8552594,SAMC-013-2025 (Manifestación de interés (Menor Cuantía)) (Presentación de oferta),ALCALDIA MUNICIPAL DE CHIA,Cundinamarca,Chía,Selección Abreviada de Menor Cuantía,Obra,Seleccionado,178024515.0,165473789.0,1,0,día(s),2025-08-22,-12550726.0,-0.070499987038302,0,0.0
CO1.BDOS.8359975,SAMC-007-2025 (Manifestación de interés (Menor Cuantía)) (Presentación de oferta),ALCALDÍA MUNICIPAL COTA,Cundinamarca,Cota,Selección Abreviada de Menor Cuantía,Obra,Seleccionado,637842561.0,636361443.0,3,3,Mes(es),2025-08-21,-1481118.0,-0.0023220745847971095,0,90.0
CO1.BDOS.8597280,SMC 030-2025,ALCALDIA MUNICIPIO DE NOCAIMA,Cundinamarca,Nocaima,Mínima cuantía,Obra,Seleccionado,37788920.0,37501080.0,6,2,Mes(es),2025-08-21,-287840.0,-0.007617047536685357,0,60.0
CO1.BDOS.8616414,MC-CMC-CAE-0304-2025,SENA REGIONAL CUNDINAMARCA Grupo Administrativo CAE,Cundinamarca,Fusagasugá,Mínima cuantía,Obra,Seleccionado,30000000.0,20640364.0,6,45,día(s),2025-08-21,-9359636.0,-0.31198786666666667,0,45.0
CO1.BDOS.8536191,SAMC-023-2025 (Manifestación de interés (Menor Cuantía)) (Presentación de oferta),ALCALDIA MUNICIPIO DE CAJICA,Cundinamarca,Cajicá,Selección Abreviada de Menor Cuantía,Obra,Seleccionado,95932613.0,86217248.0,2,2,Mes(es),2025-08-21,-9715365.0,-0.10127280698587872,0,60.0
CO1.BDOS.8606749,SMC 041-2025,MUNICIPIO DE GACHANCIPA,Cundinamarca,Gachancipá,Mínima cuantía,Obra,Seleccionado,38092885.0,38092885.0,1,0,día(s),2025-08-20,0.0,0.0,0,0.0
CO1.BDOS.8525649,SAMC-019-2025 (Manifestación de interés (Menor Cuantía)) (Presentación de oferta),MUNICIPIO DE VILLAPINZON,Cundinamarca,Villapinzón,Selección Abreviada de Menor Cuantía,Obra,Seleccionado,150000000.0,150000000.0,1,0,día(s),2025-08-20,0.0,0.0,0,0.0
CO1.BDOS.8453707,SAMC-013-2025 (Manifestación de interés (Menor Cuantía)) (Presentación de oferta),ALCALDIA MUNICIPAL DE GUADUAS,Cundinamarca,Guaduas,Selección Abreviada de Menor Cuantía,Obra,Seleccionado,60000000.0,56954271.0,1,2,Mes(es),2025-08-15,-3045729.0,-0.05076215,0,60.0
CO1.BDOS.8591509,INVITACIÓN PRIVADA No 04-2025,ESPUCAL ESP,Cundinamarca,La Calera,Contratación régimen especial (con ofertas),Obra,Seleccionado,223174605.0,217574475.0,1,117,día(s),2025-08-15,-5600130.0,-0.025093043180248936,0,117.0
CO1.BDOS.8511378,SAMC-014-2025 (Manifestación de interés (Menor Cuantía)) (Presentación de oferta),ALCALDIA MUNICIPAL DE GUADUAS,Cundinamarca,Guaduas,Selección Abreviada de Menor Cuantía,Obra,Seleccionado,260000000.0,260000000.0,1,3,Mes(es),2025-08-15,0.0,0.0,0,90.0
CO1.BDOS.8502278,SAMC-018-2025 (Manifestación de interés (Menor Cuantía)) (Presentación de oferta),MUNICIPIO DE VILLAPINZON,Cundinamarca,Villapinzón,Selección Abreviada de Menor Cuantía,Obra,Seleccionado,180000000.0,179995700.0,1,0,día(s),2025-08-13,-4300.0,-2.388888888888889e-05,0,0.0
CO1.BDOS.8482258,SAMC 11 DE 2025 (Manifestación de interés (Menor Cuantía)) (Presentación de oferta),ALCALDIA MUNICIPAL DE VILLETA,Cundinamarca,Villeta,Selección Abreviada de Menor Cuantía,Obra,Seleccionado,100000000.0,96299000.0,3,30,día(s),2025-08-13,-3701000.0,-0.03701,0,30.0
CO1.BDOS.8565345,MC. 017-2025,ALCALDIA MUNICIPAL DE BOJACA,Cundinamarca,Bojacá,Mínima cuantía,Obra,Seleccionado,39640000.0,37658090.0,2,60,día(s),2025-08-12,-1981910.0,-0.049997729566094856,0,60.0
CO1.BDOS.8568367,INV-PUB-MC-017-2025,ALCALDIA MUNICIPAL DE SUESCA +,Cundinamarca,Suesca,Mínima cuantía,Obra,Seleccionado,30000000.0,30000000.0,2,2,Mes(es),2025-08-12,0.0,0.0,0,60.0
CO1.BDOS.8465491,SAMC-026-2025   (Manifestación de interés (Menor Cuantía)) (Presentación de oferta),MUNICIPIO DE UBATE,Cundinamarca,Villa De San Diego De Ubate,Selección Abreviada de Menor Cuantía,Obra,Seleccionado,309614025.0,288776774.0,4,2,Mes(es),2025-08-12,-20837251.0,-0.0673007335504262,0,60.0
CO1.BDOS.8351405,SAMC-010-2025 (Manifestación de interés (Menor Cuantía)) (Presentación de oferta),ALCALDIA MUNICIPAL DE GUADUAS,Cundinamarca,Guaduas,Selección Abreviada de Menor Cuantía,Obra,Seleccionado,119800000.0,119729765.0,1,2,Mes(es),2025-08-11,-70235.0,-0.0005862687813021702,0,60.0
CO1.BDOS.8475694,SAMC-006-2025 (Manifestación de interés (Menor Cuantía)) (Presentación de oferta),MUNICIPIO DE PACHO,Cundinamarca,Pacho,Selección Abreviada de Menor Cuantía,Obra,Seleccionado,250865347.0,250730676.0,1,3,Mes(es),2025-08-11,-134671.0,-0.000536825837488029,0,90.0
CO1.BDOS.8467131,LP-003-2025 (Fase de Selección (Presentación de ofertas)),ALCALDIA DE SESQUILE,Cundinamarca,Sesquilé,Licitación pública Obra Publica,Obra,Seleccionado,1597382758.0,1499784582.0,73,120,día(s),2025-08-11,-97598176.0,-0.06109880397244152,0,120.0
CO1.BDOS.8465227,SAMC 010 DE 2025 (Manifestación de interés (Menor Cuantía)) (Presentación de oferta),ALCALDIA MUNICIPAL DE VILLETA,Cundinamarca,Villeta,Selección Abreviada de Menor Cuantía,Obra,Seleccionado,100000000.0,95499000.0,4,30,día(s),2025-08-11,-4501000.0,-0.04501,0,30.0
CO1.BDOS.8475902,SAMC-010-2025 (Manifestación de interés (Menor Cuantía)) (Presentación de oferta),ALCALDIA MUNICIPAL TAUSA,Cundinamarca,Tausa,Selección Abreviada de Menor Cuantía,Obra,Seleccionado,50000000.0,49524703.0,1,30,día(s),2025-08-11,-475297.0,-0.00950594,0,30.0
CO1.BDOS.8441927,SAMC-023-2025 (Manifestación de interés (Menor Cuantía)) (Presentación de oferta),MUNICIPIO DE UBATE,Cundinamarca,Villa De San Diego De Ubate,Selección Abreviada de Menor Cuantía,Obra,Seleccionado,313303830.0,313303830.0,1,3,Mes(es),2025-08-11,0.0,0.0,0,90.0
CO1.BDOS.8311715,LP-006-2025 (Fase de Selección (Presentación de ofertas)),ALCALDÍA MUNICIPAL COTA,Cundinamarca,Cota,Licitación pública Obra Publica,Obra,Seleccionado,24760671778.0,12416158845.0,3,14,Mes(es),2025-08-08,-12344512933.0,-0.4985532316602238,0,420.0
CO1.BDOS.8311683,LP-008-2025 (Fase de Selección (Presentación de ofertas)),ALCALDÍA MUNICIPAL COTA,Cundinamarca,Cota,Licitación pública Obra Publica,Obra,Seleccionado,38161689717.0,33281895112.0,4,18,Mes(es),2025-08-08,-4879794605.0,-0.12787155498584182,0,540.0
CO1.BDOS.8312048,LP-009-2025 (Fase de Selección (Presentación de ofertas)),ALCALDÍA MUNICIPAL COTA,Cundinamarca,Cota,Licitación pública Obra Publica,Obra,Seleccionado,15067545325.0,11695407711.0,2,16,Mes(es),2025-08-08,-3372137614.0,-0.22380139175058364,0,480.0
CO1.BDOS.8311750,LP-007-2025 (Fase de Selección (Presentación de ofertas)),ALCALDÍA MUNICIPAL COTA,Cundinamarca,Cota,Licitación pública Obra Publica,Obra,Seleccionado,26951558000.0,26951558000.0,2,18,Mes(es),2025-08-08,0.0,0.0,0,540.0
CO1.BDOS.8462408,MA-SAMC-006-2025 (Manifestación de interés (Menor Cuantía)) (Presentación de oferta),ALCALDIA MUNICIPIO DE ANOLAIMA,Cundinamarca,Anolaima,Selección Abreviada de Menor Cuantía,Obra,Seleccionado,316152225.0,316152225.0,1,3,Mes(es),2025-08-06,0.0,0.0,0,90.0
CO1.BDOS.8528250,MC-DC-CTT-004-2025,SENA GRUPO DE APOYO ADMINISTRATIVO INTERCENTROS CAZUCA,Cundinamarca,Soacha,Mínima cuantía,Obra,Seleccionado,95000000.0,35741769.0,11,60,día(s),2025-08-06,-59258231.0,-0.6237708526315789,0,60.0
CO1.BDOS.8402601,SAMC-022-2025 (Manifestación de interés (Menor Cuantía)) (Presentación de oferta),MUNICIPIO DE UBATE,Cundinamarca,Villa De San Diego De Ubate,Selección Abreviada de Menor Cuantía,Obra,Seleccionado,300000000.0,299908876.0,3,2,Mes(es),2025-08-05,-91124.0,-0.00030374666666666667,0,60.0
CO1.BDOS.8535346,MC-025-2025,ALCALDIA MUNICIPAL DE GUADUAS,Cundinamarca,Guaduas,Mínima cuantía,Obra,Seleccionado,39000000.0,32759995.0,6,2,Mes(es),2025-08-05,-6240005.0,-0.1600001282051282,0,60.0
CO1.BDOS.8423147,SAMC-008-2025 (Manifestación de interés (Menor Cuantía)) (Presentación de oferta),ALCALDÍA MUNICIPAL COTA,Cundinamarca,Cota,Selección Abreviada de Menor Cuantía,Obra,Seleccionado,500000000.0,498542778.0,2,112,día(s),2025-08-04,-1457222.0,-0.002914444,0,112.0
CO1.BDOS.8420384,LP-003-2025 (Fase de Selección (Presentación de ofertas)),MUNICIPIO DE TENJO,Cundinamarca,Tenjo,Licitación pública Obra Publica,Obra,Seleccionado,628200902.0,623678469.0,1,4,Mes(es),2025-08-01,-4522433.0,-0.007199023410507615,0,120.0
CO1.BDOS.8389019,PN ESJIM LI 001 2025 (Fase de Selección (Presentación de ofertas)),ESCUELA DE SUBOFICIALES Y NIVEL EJECUTIVO  GONZALO JIMENEZ DE QUESADA,Cundinamarca,Sibaté,Licitación pública Obra Publica,Obra,Seleccionado,3785000000.0,3470152844.0,5,90,día(s),2025-08-01,-314847156.0,-0.08318286816380449,0,90.0
CO1.BDOS.8365516,011-00-M-CAMAN-GRUAL-2025 (Manifestación de interés (Menor Cuantía)) (Presentación de oferta),COMANDO AEREO DE MANTENIMIENTO,Cundinamarca,Madrid,Selección Abreviada de Menor Cuantía,Obra,Seleccionado,800000000.0,800000000.0,2,120,día(s),2025-08-01,0.0,0.0,0,120.0
CO1.BDOS.8427444,SAMC-017-2025 (Manifestación de interés (Menor Cuantía)) (Presentación de oferta),ALCALDIA MUNICIPIO DE CAJICA,Cundinamarca,Cajicá,Selección Abreviada de Menor Cuantía,Obra,Seleccionado,262828463.0,256629445.0,2,3,Mes(es),2025-07-31,-6199018.0,-0.023585794054580764,0,90.0
CO1.BDOS.8437898,SAMC 015-2025 (Manifestación de interés (Menor Cuantía)) (Presentación de oferta),MUNICIPIO DE GACHANCIPA,Cundinamarca,Gachancipá,Selección Abreviada de Menor Cuantía,Obra,Seleccionado,249981512.0,249981511.0,3,0,día(s),2025-07-31,-1.0,-4.000295829877211e-09,0,0.0
CO1.BDOS.8435140,SAMC 09 DE 2025 (Manifestación de interés (Menor Cuantía)) (Presentación de oferta),ALCALDIA MUNICIPAL DE VILLETA,Cundinamarca,Villeta,Selección Abreviada de Menor Cuantía,Obra,Seleccionado,248946000.0,238991551.0,4,75,día(s),2025-07-30,-9954449.0,-0.039986378572059805,0,75.0
CO1.BDOS.8406203,SAMC-012-2025 (Manifestación de interés (Menor Cuantía)) (Presentación de oferta),ALCALDIA MUNICIPAL DE GUADUAS,Cundinamarca,Guaduas,Selección Abreviada de Menor Cuantía,Obra,Seleccionado,200000000.0,200000000.0,1,2,Mes(es),2025-07-30,0.0,0.0,0,60.0
CO1.BDOS.8311421,LP-001-2025_247 (Fase de Selección (Presentación de ofertas)),ALCALDIA DE TABIO,Cundinamarca,Tabio,Licitación pública Obra Publica,Obra,Seleccionado,497578063.0,497078165.0,9,3,Mes(es),2025-07-30,-499898.0,-0.0010046624583608301,0,90.0
CO1.BDOS.8454806,CO-MC-016-2025,ALCALDÍA MUNICIPAL DE SASAIMA,Cundinamarca,Sasaima,Mínima cuantía,Obra,Seleccionado,39276756.0,33975690.0,9,1,Mes(es),2025-07-30,-5301066.0,-0.1349670018572817,0,30.0
CO1.BDOS.8388316,SAMC-021-2025 (Manifestación de interés (Menor Cuantía)) (Presentación de oferta),MUNICIPIO DE UBATE,Cundinamarca,Villa De San Diego De Ubate,Selección Abreviada de Menor Cuantía,Obra,Seleccionado,398000000.0,397890068.0,2,3,Mes(es),2025-07-30,-109932.0,-0.0002762110552763819,0,90.0
CO1.BDOS.8405877,SAMC-011-2025 (Manifestación de interés (Menor Cuantía)) (Presentación de oferta),ALCALDIA MUNICIPAL DE GUADUAS,Cundinamarca,Guaduas,Selección Abreviada de Menor Cuantía,Obra,Seleccionado,130000000.0,129999673.0,1,3,Mes(es),2025-07-30,-327.0,-2.5153846153846155e-06,0,90.0
CO1.BDOS.8433467,SAMC-017-2025 (Manifestación de interés (Menor Cuantía)) (Presentación de oferta),MUNICIPIO DE VILLAPINZON,Cundinamarca,Villapinzón,Selección Abreviada de Menor Cuantía,Obra,Seleccionado,72343000.0,70876000.0,1,0,día(s),2025-07-29,-1467000.0,-0.020278395974731488,0,0.0
CO1.BDOS.8487973,MC-037-CENACTELEMATICA-2025,CENTRAL ADMINISTRATIVA Y CONTABLE TELEMATICA,Cundinamarca,Facatativá,Mínima cuantía,Obra,Seleccionado,91326024.0,91326024.0,8,106,día(s),2025-07-29,0.0,0.0,0,106.0
CO1.BDOS.8416569,SAMC-012-2025 (Manifestación de interés (Menor Cuantía)) (Presentación de oferta),ALCALDIA MUNICIPIO DE ZIPAQUIRA,Cundinamarca,Zipaquirá,Selección Abreviada de Menor Cuantía,Obra,Seleccionado,229970000.0,222232164.0,1,4,Mes(es),2025-07-29,-7737836.0,-0.03364715397660564,0,120.0
CO1.BDOS.8422750,SAMC_08_2025 (Manifestación de interés (Menor Cuantía)) (Presentación de oferta),ALCALDIA MUNICIPAL DE VILLETA,Cundinamarca,Villeta,Selección Abreviada de Menor Cuantía,Obra,Seleccionado,149260000.0,147019000.0,4,45,día(s),2025-07-28,-2241000.0,-0.015014069409084818,0,45.0
CO1.BDOS.8489219,CI-0171-2025,MUNICIPIO DE GACHANCIPA,Cundinamarca,Gachancipá,Contratación Directa (con ofertas),Obra,Seleccionado,3902755056.0,3092755056.0,1,0,día(s),2025-07-28,-810000000.0,-0.20754569230644537,0,0.0
CO1.BDOS.8383181,SAMC-006-2025 (Manifestación de interés (Menor Cuantía)) (Presentación de oferta),MUNICIPIO DE CUCUNUBÁ,Cundinamarca,Cucunubá,Selección Abreviada de Menor Cuantía,Obra,Seleccionado,78452163.0,75031504.0,1,2,Mes(es),2025-07-28,-3420659.0,-0.04360184434940309,0,60.0
CO1.BDOS.8367805,LP-012-2025 (Fase de Selección (Presentación de ofertas)),ALCALDÍA MUNICIPAL DE MADRID CUNDINAMARCA,Cundinamarca,Madrid,Licitación pública Obra Publica,Obra,Seleccionado,1922411514.0,1922214512.0,2,4,Mes(es),2025-07-25,-197002.0,-0.00010247649817186853,0,120.0
CO1.BDOS.8025767,SAMC 001 DE 2025 (Manifestación de interés (Menor Cuantía)) (Presentación de oferta),ALCALDIA DE GAMA,Cundinamarca,Gama,Selección Abreviada de Menor Cuantía,Obra,Seleccionado,100000000.0,97599458.0,0,4,Mes(es),2025-07-25,-2400542.0,-0.02400542,0,120.0
CO1.BDOS.8322156,FACATATIVA-SA-012-25 (Manifestación de interés (Menor Cuantía)) (Presentación de oferta),ALCALDIA MUNICIPAL DE FACATATIVA,Cundinamarca,Facatativá,Selección Abreviada de Menor Cuantía,Obra,Seleccionado,627407000.0,627407000.0,3,4,Mes(es),2025-07-24,0.0,0.0,0,120.0
CO1.BDOS.8320865,SA-MC-005-2025 (Manifestación de interés (Menor Cuantía)) (Presentación de oferta),MUNICIPIO MANTA CUNDINAMARCA,Cundinamarca,Manta,Selección Abreviada de Menor Cuantía,Obra,Seleccionado,146561000.0,138725340.0,6,3,Mes(es),2025-07-23,-7835660.0,-0.05346347254726701,0,90.0
CO1.BDOS.8388154,SAMC-009-2025 (Manifestación de interés (Menor Cuantía)) (Presentación de oferta),MUNICIPIO DE FUQUENE,Cundinamarca,Fúquene,Selección Abreviada de Menor Cuantía,Obra,Seleccionado,80000000.0,79405000.0,1,4,Mes(es),2025-07-23,-595000.0,-0.0074375,0,120.0
CO1.BDOS.8358819,LP 002-20205 (Fase de Selección (Presentación de ofertas)),MUNICIPIO DE GUACHETÁ,Cundinamarca,Guachetá,Licitación pública Obra Publica,Obra,Seleccionado,2686849649.0,2537923254.0,62,4,Mes(es),2025-07-23,-148926395.0,-0.055427885611473604,0,120.0
CO1.BDOS.8464501,SMC 040-2025,MUNICIPIO DE APULO,Cundinamarca,Apulo,Mínima cuantía,Obra,Seleccionado,21545772.0,21537057.0,1,45,día(s),2025-07-23,-8715.0,-0.00040448771109245936,0,45.0
CO1.BDOS.8447932,MC 032 2025,ALCALDIA MUNICIPIO DE CAJICA,Cundinamarca,Cajicá,Mínima cuantía,Obra,Seleccionado,40049157.0,39269409.0,2,5,Mes(es),2025-07-21,-779748.0,-0.01946977310908192,0,150.0
CO1.BDOS.8374744,SAMC-016-2025 (Manifestación de interés (Menor Cuantía)) (Presentación de oferta),ALCALDIA MUNICIPIO DE CAJICA,Cundinamarca,Cajicá,Selección Abreviada de Menor Cuantía,Obra,Seleccionado,600982659.0,599388176.0,1,4,Mes(es),2025-07-21,-1594483.0,-0.002653126468995173,0,120.0
CO1.BDOS.8371874,SAMC-009-2025 (Manifestación de interés (Menor Cuantía)) (Presentación de oferta),MUNICIPIO DE COGUA,Cundinamarca,Cogua,Selección Abreviada de Menor Cuantía,Obra,Seleccionado,66000000.0,63031655.0,1,3,Mes(es),2025-07-21,-2968345.0,-0.04497492424242424,0,90.0
CO1.BDOS.8362806,SAMC-014-2025 (Manifestación de interés (Menor Cuantía)) (Presentación de oferta),MUNICIPIO DE GACHANCIPA,Cundinamarca,Gachancipá,Selección Abreviada de Menor Cuantía,Obra,Seleccionado,296599219.0,296552615.0,1,0,día(s),2025-07-17,-46604.0,-0.0001571278581148253,0,0.0
CO1.BDOS.7792083,LICITACION PUBLICA 002-2025. (Fase de Selección (Presentación de ofertas)),ALCALDIA MUNICIPAL DE GIRARDOT,Cundinamarca,Girardot,Licitación pública Obra Publica,Obra,Seleccionado,2892823582.0,2734910762.0,31,0,día(s),2025-07-17,-157912820.0,-0.05458778094266794,0,0.0
CO1.BDOS.8427812,FACATATIVA-MC-032-25,ALCALDIA MUNICIPAL DE FACATATIVA,Cundinamarca,Facatativá,Mínima cuantía,Obra,Seleccionado,59921075.0,54977129.0,4,31,día(s),2025-07-17,-4943946.0,-0.08250763191414706,0,31.0
CO1.BDOS.8336293,MA-SAMC-004-2025 (Manifestación de interés (Menor Cuantía)) (Presentación de oferta),ALCALDIA MUNICIPIO DE ANOLAIMA,Cundinamarca,Anolaima,Selección Abreviada de Menor Cuantía,Obra,Seleccionado,139324534.0,139323419.0,0,3,Mes(es),2025-07-16,-1115.0,-8.002897752380066e-06,0,90.0
CO1.BDOS.8315441,LP-007-2025 (Fase de Selección (Presentación de ofertas)),ALCALDIA MUNICIPIO DE CAJICA,Cundinamarca,Cajicá,Licitación pública Obra Publica,Obra,Seleccionado,1095300210.0,1035601920.0,115,4,Mes(es),2025-07-16,-59698290.0,-0.05450404323395501,0,120.0
CO1.BDOS.8318114,SAMC-009-2025 (Manifestación de interés (Menor Cuantía)) (Presentación de oferta),ALCALDIA MUNICIPAL DE GUADUAS,Cundinamarca,Guaduas,Selección Abreviada de Menor Cuantía,Obra,Seleccionado,199993727.0,199993727.0,1,3,Mes(es),2025-07-15,0.0,0.0,0,90.0
CO1.BDOS.8272116,LP-010-2025 (Fase de Selección (Presentación de ofertas)),ALCALDÍA MUNICIPAL DE MADRID CUNDINAMARCA,Cundinamarca,Madrid,Licitación pública Obra Publica,Obra,Seleccionado,4310592454.0,3991800271.0,45,5,Mes(es),2025-07-15,-318792183.0,-0.0739555377600538,0,150.0
CO1.BDOS.8237541,FACATATIVA- LP-003-25 (Fase de Selección (Presentación de ofertas)),ALCALDIA MUNICIPAL DE FACATATIVA,Cundinamarca,Facatativá,Licitación pública Obra Publica,Obra,Seleccionado,3300000000.0,3118012278.0,49,5,Mes(es),2025-07-15,-181987722.0,-0.05514779454545454,0,150.0
CO1.BDOS.8288104,SAMC-008-2025 (Manifestación de interés (Menor Cuantía)) (Presentación de oferta),ALCALDÍA MUNICIPAL DE MADRID CUNDINAMARCA,Cundinamarca,Madrid,Selección Abreviada de Menor Cuantía,Obra,Seleccionado,213000000.0,200949831.0,4,2,Mes(es),2025-07-15,-12050169.0,-0.05657356338028169,0,60.0
CO1.BDOS.8347274,SAMC-016-2025 (Manifestación de interés (Menor Cuantía)) (Presentación de oferta),MUNICIPIO DE VILLAPINZON,Cundinamarca,Villapinzón,Selección Abreviada de Menor Cuantía,Obra,Seleccionado,203824089.0,192938961.0,4,0,día(s),2025-07-14,-10885128.0,-0.053404521778581335,0,0.0
CO1.BDOS.8274479,SAMC-007-2025 (Manifestación de interés (Menor Cuantía)) (Presentación de oferta),MUNICIPIO DE SAN FRANCISCO,Cundinamarca,San Francisco,Selección Abreviada de Menor Cuantía,Obra,Seleccionado,85021893.0,85006495.0,1,3,Mes(es),2025-07-11,-15398.0,-0.00018110629458697187,0,90.0
CO1.BDOS.8257190,LP-009-2025 (Fase de Selección (Presentación de ofertas)),ALCALDÍA MUNICIPAL DE MADRID CUNDINAMARCA,Cundinamarca,Madrid,Licitación pública Obra Publica,Obra,Seleccionado,3324291265.0,2957602417.0,59,4,Mes(es),2025-07-11,-366688848.0,-0.11030587237066304,0,120.0
CO1.BDOS.8320004,SAMC 2025-0650 (Manifestación de interés (Menor Cuantía)) (Presentación de oferta),ALCALDIA MUNICIPAL FUSAGASUGA,Cundinamarca,Fusagasugá,Selección Abreviada de Menor Cuantía,Obra,Seleccionado,143999905.0,135878431.0,2,5,Mes(es),2025-07-10,-8121474.0,-0.05639916220778062,0,150.0
CO1.BDOS.8398571,MC-011-2025,ALCALDÍA MUNICIPAL COTA,Cundinamarca,Cota,Mínima cuantía,Obra,Seleccionado,62500000.0,61666306.0,5,2,Mes(es),2025-07-10,-833694.0,-0.013339104,0,60.0
CO1.BDOS.8308212,SA-MC-002-2025 (Manifestación de interés (Menor Cuantía)) (Presentación de oferta),INSTITUTO MUNICIPAL DE VIVIENDA DE INTERÉS SOCIAL CAJICA,Cundinamarca,Cajicá,Selección Abreviada de Menor Cuantía,Obra,Seleccionado,398489050.0,398248483.0,1,4,Mes(es),2025-07-09,-240567.0,-0.0006036978933298167,0,120.0
CO1.BDOS.8298249,SAMC-006-2025 (Manifestación de interés (Menor Cuantía)) (Presentación de oferta),ALCALDIA MUNICIPAL TAUSA,Cundinamarca,Tausa,Selección Abreviada de Menor Cuantía,Obra,Seleccionado,50000000.0,49960810.0,3,60,día(s),2025-07-09,-39190.0,-0.0007838,0,60.0
CO1.BDOS.8382808,MC-027-2025,MUNICIPIO DE CAPARRAPI*,Cundinamarca,Caparrapí,Mínima cuantía,Obra,Seleccionado,12210709.0,12194751.0,1,1,Mes(es),2025-07-08,-15958.0,-0.0013068856198276448,0,30.0
CO1.BDOS.8288286,SAMC 009-2025 (Manifestación de interés (Menor Cuantía)) (Presentación de oferta),MUNICIPIO DE GUACHETÁ,Cundinamarca,Guachetá,Selección Abreviada de Menor Cuantía,Obra,Seleccionado,375750974.0,375651180.0,1,3,Mes(es),2025-07-07,-99794.0,-0.0002655854725741842,0,90.0
CO1.BDOS.8281912,SAMC 004-2025 (Manifestación de interés (Menor Cuantía)) (Presentación de oferta),ALCALDÍA NEMOCON,Cundinamarca,Nemocón,Selección Abreviada de Menor Cuantía,Obra,Seleccionado,397000000.0,396998774.0,4,4,Mes(es),2025-07-04,-1226.0,-3.08816120906801e-06,0,120.0
CO1.BDOS.8275403,SAMC-010-2025 (Manifestación de interés (Menor Cuantía)) (Presentación de oferta),ALCALDIA MUNICIPAL DE CHIA,Cundinamarca,Chía,Selección Abreviada de Menor Cuantía,Obra,Seleccionado,499419690.0,434495130.0,5,3,Mes(es),2025-07-04,-64924560.0,-0.1300000006006972,0,90.0
CO1.BDOS.8264978,SAMC-016-2025 (Manifestación de interés (Menor Cuantía)) (Presentación de oferta),ALCALDIA DE SESQUILE,Cundinamarca,Sesquilé,Selección Abreviada de Menor Cuantía,Obra,Seleccionado,361999258.0,354956624.0,7,120,día(s),2025-07-01,-7042634.0,-0.01945482993227572,0,120.0
CO1.BDOS.8258568,SAMC-014-2025 (Manifestación de interés (Menor Cuantía)) (Presentación de oferta),ALCALDIA DE SESQUILE,Cundinamarca,Sesquilé,Selección Abreviada de Menor Cuantía,Obra,Seleccionado,70550190.0,65713125.0,2,150,día(s),2025-06-27,-4837065.0,-0.06856204072590025,0,150.0
CO1.BDOS.8272966,SAMC-013-2025 (Manifestación de interés (Menor Cuantía)) (Presentación de oferta),MUNICIPIO DE COGUA,Cundinamarca,Cogua,Selección Abreviada de Menor Cuantía,Obra,Seleccionado,5869625415.0,5869225366.0,1,157,día(s),2025-06-27,-400049.0,-6.815579729801208e-05,0,157.0
CO1.BDOS.8258756,SAMC 120-2025 (Manifestación de interés (Menor Cuantía)) (Presentación de oferta),IDERF,Cundinamarca,Fusagasugá,Selección Abreviada de Menor Cuantía,Obra,Seleccionado,366103398.0,364634374.0,1,120,día(s),2025-06-26,-1469024.0,-0.004012593185491275,0,120.0
CO1.BDOS.8253934,SAMC 008 (Manifestación de interés (Menor Cuantía)) (Presentación de oferta),MUNICIPIO DE GUACHETÁ,Cundinamarca,Guachetá,Selección Abreviada de Menor Cuantía,Obra,Seleccionado,299763703.0,299759425.0,1,2,Mes(es),2025-06-26,-4278.0,-1.4271240837987646e-05,0,60.0
CO1.BDOS.8322489,MC-011-2025,MUNICIPIO DE COGUA,Cundinamarca,Cogua,Mínima cuantía,Obra,Seleccionado,39704168.0,38298818.0,5,1,Mes(es),2025-06-26,-1405350.0,-0.035395528247815194,0,30.0
CO1.BDOS.8252492,SAMC 006 2025 (Manifestación de interés (Menor Cuantía)) (Presentación de oferta),ALCALDIA MUNICIPAL DE EL COLEGIO,Cundinamarca,El Colegio,Selección Abreviada de Menor Cuantía,Obra,Seleccionado,100000000.0,100000000.0,3,3,Mes(es),2025-06-26,0.0,0.0,0,90.0
CO1.BDOS.8105950,SA-008-2025 (Manifestación de interés (Menor Cuantía)) (Presentación de oferta),MUNICIPIO DE LA MESA,Cundinamarca,La Mesa,Selección Abreviada de Menor Cuantía,Obra,Seleccionado,300000000.0,299848399.0,2,3,Mes(es),2025-06-25,-151601.0,-0.0005053366666666666,0,90.0
CO1.BDOS.8164526,SAMC-008-2025 (Manifestación de interés (Menor Cuantía)) (Presentación de oferta),ALCALDIA MUNICIPAL DE GUADUAS,Cundinamarca,Guaduas,Selección Abreviada de Menor Cuantía,Obra,Seleccionado,150000000.0,149925000.0,1,2,Mes(es),2025-06-25,-75000.0,-0.0005,0,60.0
CO1.BDOS.8230309,SAMC-DC-CTCM-011-2025 (Manifestación de interés (Menor Cuantía)) (Presentación de oferta),SENA GRUPO DE APOYO ADMINISTRATIVO INTERCENTROS CAZUCA,Cundinamarca,Soacha,Selección Abreviada de Menor Cuantía,Obra,Seleccionado,850000000.0,839064539.0,2,180,día(s),2025-06-24,-10935461.0,-0.012865248235294117,0,180.0
CO1.BDOS.8179781,SAMC-016-2025 (Manifestación de interés (Menor Cuantía)) (Presentación de oferta),MUNICIPIO DE UBATE,Cundinamarca,Villa De San Diego De Ubate,Selección Abreviada de Menor Cuantía,Obra,Seleccionado,300000000.0,299982999.0,3,3,Mes(es),2025-06-24,-17001.0,-5.667e-05,0,90.0
CO1.BDOS.8136418,LICITACION PUBLICA 004-2025 (Fase de Selección (Presentación de ofertas)),ALCALDIA MUNICIPAL DE GIRARDOT,Cundinamarca,Girardot,Licitación pública Obra Publica,Obra,Seleccionado,1388812959.0,1313380898.0,90,8,Mes(es),2025-06-20,-75432061.0,-0.05431405324322006,0,240.0
CO1.BDOS.8284069,MC-027-2025,ALCALDIA MUNICIPAL DE GACHETA,Cundinamarca,Gachetá,Mínima cuantía,Obra,Seleccionado,39782008.0,39778731.0,2,30,día(s),2025-06-18,-3277.0,-8.237392139682843e-05,0,30.0
CO1.BDOS.8199599,SIP-LP-001-2025 (Fase de Selección (Presentación de ofertas)),ALCALDIA MUNICIPAL DE SUTATAUSA,Cundinamarca,Sutatausa,Licitación pública Obra Publica,Obra,Seleccionado,505706684.0,478752796.0,28,6,Mes(es),2025-06-18,-26953888.0,-0.05329944976562738,0,180.0
CO1.BDOS.8167094,FACATATIVA-SA-008-25 (Manifestación de interés (Menor Cuantía)) (Presentación de oferta),ALCALDIA MUNICIPAL DE FACATATIVA,Cundinamarca,Facatativá,Selección Abreviada de Menor Cuantía,Obra,Seleccionado,624000000.0,623966668.0,1,4,Mes(es),2025-06-18,-33332.0,-5.3416666666666666e-05,0,120.0
CO1.BDOS.8077638,LP 001-2025 (Fase de Selección (Presentación de ofertas)),MUNICIPIO DE GUACHETÁ,Cundinamarca,Guachetá,Licitación pública Obra Publica,Obra,Seleccionado,668503996.0,592761592.0,48,4,Mes(es),2025-06-17,-75742404.0,-0.11330134816426737,0,120.0
CO1.BDOS.8179746,SAMC-005-2025 (Manifestación de interés (Menor Cuantía)) (Presentación de oferta),MUNICIPIO DE AGUA DE DIOS,Cundinamarca,Agua De Dios,Selección Abreviada de Menor Cuantía,Obra,Seleccionado,219986171.0,219986171.0,1,4,Mes(es),2025-06-17,0.0,0.0,0,120.0
CO1.BDOS.8194591,SA-MC-004-2025 (Manifestación de interés (Menor Cuantía)) (Presentación de oferta),MUNICIPIO MANTA CUNDINAMARCA,Cundinamarca,Manta,Selección Abreviada de Menor Cuantía,Obra,Seleccionado,225376550.0,223116382.0,3,5,Mes(es),2025-06-17,-2260168.0,-0.010028408013167298,0,150.0
CO1.BDOS.8278446,SMC 027-2025,MUNICIPIO DE GACHANCIPA,Cundinamarca,Gachancipá,Mínima cuantía,Obra,Seleccionado,14680384.0,14679103.0,1,30,día(s),2025-06-17,-1281.0,-8.725929784942955e-05,0,30.0
CO1.BDOS.8272808,MC-024-2025,ALCALDIA MUNICIPIO DE LA VEGA CUNDINAMARCA,Cundinamarca,La Vega,Mínima cuantía,Obra,Seleccionado,39724951.0,39223312.0,1,0,día(s),2025-06-16,-501639.0,-0.012627806639711147,0,0.0
CO1.BDOS.8238620,MC-004-2025,PERSONERIA DE CAJICA,Cundinamarca,Cajicá,Mínima cuantía,Obra,Seleccionado,39676000.0,37493820.0,3,1,Mes(es),2025-06-16,-2182180.0,-0.055,0,30.0
CO1.BDOS.8238313,CD-CI-008-2025,MUNICIPIO DE SAN FRANCISCO,Cundinamarca,San Francisco,Contratación Directa (con ofertas),Obra,Seleccionado,60000000.0,60000000.0,1,2,Mes(es),2025-06-16,0.0,0.0,0,60.0
CO1.BDOS.8179776,SAMC-007-2025 (Manifestación de interés (Menor Cuantía)) (Presentación de oferta),ALCALDIA MUNICIPIO DE ZIPAQUIRA,Cundinamarca,Zipaquirá,Selección Abreviada de Menor Cuantía,Obra,Seleccionado,467748022.0,465877028.0,3,5,Mes(es),2025-06-16,-1870994.0,-0.004000004087670947,0,150.0
CO1.BDOS.8164738,LP-001--2025 (Fase de Selección (Presentación de ofertas)),ALCALDIA MUNICIPAL DE PUERTO SALGAR,Cundinamarca,Puerto Salgar,Licitación pública Obra Publica,Obra,Seleccionado,916548225.0,916411330.0,2,0,día(s),2025-06-13,-136895.0,-0.00014935929857918823,0,0.0
CO1.BDOS.8054316,AM-LP 001 DE 2025 (Fase de Selección (Presentación de ofertas)),MUNICIPIO DE MACHETA,Cundinamarca,Macheta,Licitación pública Obra Publica,Obra,Seleccionado,1345482150.0,1278616666.0,23,6,Mes(es),2025-06-13,-66865484.0,-0.04969629957558337,0,180.0
CO1.BDOS.8173985,SAMC-010-2025 (Manifestación de interés (Menor Cuantía)) (Presentación de oferta),MUNICIPIO DE COGUA,Cundinamarca,Cogua,Selección Abreviada de Menor Cuantía,Obra,Seleccionado,142299770.0,140349770.0,2,4,Mes(es),2025-06-11,-1950000.0,-0.013703465578335088,0,120.0
CO1.BDOS.8096258,LP-02-2025  (Fase de Selección (Presentación de ofertas)),MUNICIPIO DE LA MESA,Cundinamarca,La Mesa,Licitación pública Obra Publica,Obra,Seleccionado,860349437.0,810702770.0,31,6,Mes(es),2025-06-11,-49646667.0,-0.057705235646013445,0,180.0
CO1.BDOS.8154821,SAMC-CMC-CDA-002-2025 (Manifestación de interés (Menor Cuantía)) (Presentación de oferta),SENA REGIONAL CUNDINAMARCA Grupo Administrativo CDA,Cundinamarca,Chía,Selección Abreviada de Menor Cuantía,Obra,Seleccionado,290671631.0,290671631.0,1,0,día(s),2025-06-11,0.0,0.0,0,0.0
CO1.BDOS.8248071,CMC-018-2025,ALCALDIA MUNICIPAL TAUSA,Cundinamarca,Tausa,Mínima cuantía,Obra,Seleccionado,9399047.0,8437047.0,3,15,día(s),2025-06-11,-962000.0,-0.10235080216111271,0,15.0
CO1.BDOS.8154976,SAMC-008-2025 (Manifestación de interés (Menor Cuantía)) (Presentación de oferta),ALCALDIA MUNICIPAL DE GIRARDOT,Cundinamarca,Girardot,Selección Abreviada de Menor Cuantía,Obra,Seleccionado,640000000.0,639992524.0,2,4,Mes(es),2025-06-10,-7476.0,-1.168125e-05,0,120.0
CO1.BDOS.8119933,LP-001-2025 (Fase de Selección (Presentación de ofertas)),CUNDINAMARCA-ALCALDIA MUNICIPIO MOSQUERA,Cundinamarca,Mosquera,Licitación pública Obra Publica,Obra,Seleccionado,23214285703.0,23091157916.0,2,6,Mes(es),2025-06-10,-123127787.0,-0.0053039662118093125,0,180.0
CO1.BDOS.8173882,SAMC-006-2025 (Manifestación de interés (Menor Cuantía)) (Presentación de oferta),ALCALDIA MUNICIPIO DE ZIPAQUIRA,Cundinamarca,Zipaquirá,Selección Abreviada de Menor Cuantía,Obra,Seleccionado,300000000.0,298799977.0,3,4,Mes(es),2025-06-10,-1200023.0,-0.004000076666666666,0,120.0
CO1.BDOS.8075168,SAMC-004-2025 (Manifestación de interés (Menor Cuantía)) (Presentación de oferta),MUNICIPIO DE PACHO,Cundinamarca,Pacho,Selección Abreviada de Menor Cuantía,Obra,Seleccionado,100000000.0,99977368.0,2,3,Mes(es),2025-06-10,-22632.0,-0.00022632,0,90.0
CO1.BDOS.8128197,SAMC-003-2025 (Manifestación de interés (Menor Cuantía)) (Presentación de oferta),MUNICIPIO DE LA CALERA CUNDINAMARCA,Cundinamarca,La Calera,Selección Abreviada de Menor Cuantía,Obra,Seleccionado,54572984.0,52970906.0,3,30,día(s),2025-06-09,-1602078.0,-0.02935661352144497,0,30.0
CO1.BDOS.7963957,LP-001-2025 (Fase de Selección (Presentación de ofertas)),MUNICIPIO DE PACHO,Cundinamarca,Pacho,Licitación pública Obra Publica,Obra,Seleccionado,4090909090.0,4086596809.0,1,7,Mes(es),2025-06-06,-4312281.0,-0.0010541131335675808,0,210.0
CO1.BDOS.8227765,SMC 021-2025,MUNICIPIO DE GACHANCIPA,Cundinamarca,Gachancipá,Mínima cuantía,Obra,Seleccionado,39800000.0,39786999.0,1,0,día(s),2025-06-06,-13001.0,-0.00032665829145728644,0,0.0
CO1.BDOS.8206670,MC-074-CENACTOLEMAIDA-2025,CENAC TOLEMAIDA,Cundinamarca,Nilo,Mínima cuantía,Obra,Seleccionado,29658083.0,19435146.0,3,20,día(s),2025-06-05,-10222937.0,-0.34469311452125884,0,20.0
CO1.BDOS.8139091,SAMC 003-2025 (Manifestación de interés (Menor Cuantía)) (Presentación de oferta),ALCALDÍA NEMOCON,Cundinamarca,Nemocón,Selección Abreviada de Menor Cuantía,Obra,Seleccionado,361887392.0,361861649.0,1,3,Mes(es),2025-06-04,-25743.0,-7.11353878833115e-05,0,90.0
CO1.BDOS.8103238,SAMC-010-2025 (Manifestación de interés (Menor Cuantía)) (Presentación de oferta),MUNICIPIO DE VILLAPINZON,Cundinamarca,Villapinzón,Selección Abreviada de Menor Cuantía,Obra,Seleccionado,210000000.0,209993850.0,1,0,día(s),2025-06-04,-6150.0,-2.9285714285714284e-05,0,0.0
CO1.BDOS.8128133,FACATATIVA-SA-007-25 (Manifestación de interés (Menor Cuantía)) (Presentación de oferta),ALCALDIA MUNICIPAL DE FACATATIVA,Cundinamarca,Facatativá,Selección Abreviada de Menor Cuantía,Obra,Seleccionado,250000000.0,249625558.0,2,3,Mes(es),2025-06-03,-374442.0,-0.001497768,0,90.0
CO1.BDOS.8052213,SAMC. 003-2025 (Manifestación de interés (Menor Cuantía)) (Presentación de oferta),ALCALDIA MUNICIPAL DE BOJACA,Cundinamarca,Bojacá,Selección Abreviada de Menor Cuantía,Obra,Seleccionado,157205000.0,154062234.0,2,2,Mes(es),2025-06-03,-3142766.0,-0.01999151426481346,0,60.0
CO1.BDOS.8120078,LP-005-2025 (Fase de Selección (Presentación de ofertas)),ALCALDIA MUNICIPAL DE CHIA,Cundinamarca,Chía,Licitación pública Obra Publica,Obra,Seleccionado,1451479430.0,1371650633.0,10,150,día(s),2025-06-03,-79828797.0,-0.05499822825598018,0,150.0
CO1.BDOS.8055171,PN ESSUM SA MC 033 2025 (Manifestación de interés (Menor Cuantía)) (Presentación de oferta),ESCUELA DE POLICIA DE PROVINCIA DE SUMAPAZ INTENDENTE MARITZA BONILLA RUIZ,Cundinamarca,Fusagasugá,Selección Abreviada de Menor Cuantía,Obra,Seleccionado,716776000.0,125000000.0,2,150,día(s),2025-05-30,-591776000.0,-0.8256080002678661,0,150.0
CO1.BDOS.8131906,SAMC-005-2025 (Manifestación de interés (Menor Cuantía)) (Presentación de oferta),ALCALDIA MUNICIPAL DE CHIA,Cundinamarca,Chía,Selección Abreviada de Menor Cuantía,Obra,Seleccionado,249987567.0,232976014.0,4,3,Mes(es),2025-05-30,-17011553.0,-0.06804959624252033,0,90.0
CO1.BDOS.8116170,SAMC-004-2025 (Manifestación de interés (Menor Cuantía)) (Presentación de oferta),MUNICIPIO DE COGUA,Cundinamarca,Cogua,Selección Abreviada de Menor Cuantía,Obra,Seleccionado,120000000.0,114026236.0,9,3,Mes(es),2025-05-29,-5973764.0,-0.04978136666666667,0,90.0
CO1.BDOS.8193422,MC-IP-016-2025,MUNICIPIO MANTA CUNDINAMARCA,Cundinamarca,Manta,Mínima cuantía,Obra,Seleccionado,4495909.0,3299245.0,7,15,día(s),2025-05-29,-1196664.0,-0.26616730899135194,0,15.0
CO1.BDOS.7985181,SAMC-002-2025 (Manifestación de interés (Menor Cuantía)) (Presentación de oferta),ALCALDIA MUNICIPAL DE SUESCA +,Cundinamarca,Suesca,Selección Abreviada de Menor Cuantía,Obra,Seleccionado,100000000.0,99999959.0,2,3,Mes(es),2025-05-29,-41.0,-4.1e-07,0,90.0
CO1.BDOS.8116062,LP-005-2025 (Presentación de oferta),INSTITUTO MUNICIPAL DE RECREACION Y DEPORTE DE COTA CUNDINAMARCA,Cundinamarca,Cota,Licitación pública,Obra,Seleccionado,623000000.0,621988066.0,1,3,Mes(es),2025-05-28,-1011934.0,-0.0016242921348314607,0,90.0
CO1.BDOS.8103996,SAMC-002-2025  (Manifestación de interés (Menor Cuantía)) (Presentación de oferta),MUNICIPIO DE LENGUAZAQUE,Cundinamarca,Lenguazaque,Selección Abreviada de Menor Cuantía,Obra,Seleccionado,166973000.0,158168888.0,3,2,Mes(es),2025-05-28,-8804112.0,-0.052727758380097384,0,60.0
CO1.BDOS.7974165,SAMC-005-2025 (Manifestación de interés (Menor Cuantía)) (Presentación de oferta),MUNICIPIO DE SOACHA..,Cundinamarca,Soacha,Selección Abreviada de Menor Cuantía,Obra,Seleccionado,100000000.0,99949138.0,2,3,Mes(es),2025-05-28,-50862.0,-0.00050862,0,90.0
CO1.BDOS.8077785,SAMC-011-2025   (Manifestación de interés (Menor Cuantía)) (Presentación de oferta),MUNICIPIO DE UBATE,Cundinamarca,Villa De San Diego De Ubate,Selección Abreviada de Menor Cuantía,Obra,Seleccionado,369902239.0,369902239.0,1,2,Mes(es),2025-05-27,0.0,0.0,0,60.0
CO1.BDOS.8074059,SA-006-2025 (Manifestación de interés (Menor Cuantía)) (Presentación de oferta),MUNICIPIO DE LA MESA,Cundinamarca,La Mesa,Selección Abreviada de Menor Cuantía,Obra,Seleccionado,200000000.0,199898933.0,2,3,Mes(es),2025-05-26,-101067.0,-0.000505335,0,90.0
CO1.BDOS.8111461,SAMC-008-2025 (Manifestación de interés (Menor Cuantía)) (Presentación de oferta),MUNICIPIO DE VILLAPINZON,Cundinamarca,Villapinzón,Selección Abreviada de Menor Cuantía,Obra,Seleccionado,398003400.0,378169933.0,6,0,día(s),2025-05-26,-19833467.0,-0.049832405954320994,0,0.0
CO1.BDOS.8088641,SAMC-001-2025 (Manifestación de interés (Menor Cuantía)) (Presentación de oferta),MUNICIPIO DE LENGUAZAQUE,Cundinamarca,Lenguazaque,Selección Abreviada de Menor Cuantía,Obra,Seleccionado,333873000.0,319831065.0,8,2,Mes(es),2025-05-26,-14041935.0,-0.04205771356174354,0,60.0
CO1.BDOS.8061349,PN ESJIM SA MC 001 2025 (Manifestación de interés (Menor Cuantía)) (Presentación de oferta),ESCUELA DE SUBOFICIALES Y NIVEL EJECUTIVO  GONZALO JIMENEZ DE QUESADA,Cundinamarca,Sibaté,Selección Abreviada de Menor Cuantía,Obra,Seleccionado,2441265206.0,2441265206.0,8,150,día(s),2025-05-26,0.0,0.0,0,150.0
CO1.BDOS.8113885,SAMC-011-2025 (Manifestación de interés (Menor Cuantía)) (Presentación de oferta),MUNICIPIO DE VILLAPINZON,Cundinamarca,Villapinzón,Selección Abreviada de Menor Cuantía,Obra,Seleccionado,375000000.0,375000000.0,1,0,día(s),2025-05-26,0.0,0.0,0,0.0
CO1.BDOS.8069708,SAMC - 005-2025    (Manifestación de interés (Menor Cuantía)) (Presentación de oferta),MUNICIPIO DE GUACHETÁ,Cundinamarca,Guachetá,Selección Abreviada de Menor Cuantía,Obra,Seleccionado,298407680.0,298403239.0,3,2,Mes(es),2025-05-23,-4441.0,-1.4882324744456978e-05,0,60.0
CO1.BDOS.8067683,SAMC 004-2025 (Manifestación de interés (Menor Cuantía)) (Presentación de oferta),MUNICIPIO DE GUACHETÁ,Cundinamarca,Guachetá,Selección Abreviada de Menor Cuantía,Obra,Seleccionado,298407680.0,298290943.0,2,2,Mes(es),2025-05-23,-116737.0,-0.0003911997171118384,0,60.0
CO1.BDOS.8089143,LP-001-2025 (Fase de Selección (Presentación de ofertas)),ALCALDIA MUNICIPAL DE GACHETA,Cundinamarca,Gachetá,Licitación pública Obra Publica,Obra,Seleccionado,903047650.0,852386708.0,33,7,Mes(es),2025-05-23,-50660942.0,-0.05609996548908577,0,210.0
CO1.BDOS.8156937,MC-015-2025,ALCALDIA MUNICIPAL DE GUADUAS,Cundinamarca,Guaduas,Mínima cuantía,Obra,Seleccionado,25000000.0,23109242.0,3,1,Mes(es),2025-05-22,-1890758.0,-0.07563032,0,30.0
CO1.BDOS.8071226,MP-SAMC-001-2025 (Manifestación de interés (Menor Cuantía)) (Presentación de oferta),MUNICIPIO DE PANDI,Cundinamarca,No Definido,Selección Abreviada de Menor Cuantía,Obra,Seleccionado,100000000.0,96800072.0,7,2,Mes(es),2025-05-21,-3199928.0,-0.03199928,0,60.0
CO1.BDOS.8071457,SAMC-009-2025 (Manifestación de interés (Menor Cuantía)) (Presentación de oferta),MUNICIPIO DE UBATE,Cundinamarca,Villa De San Diego De Ubate,Selección Abreviada de Menor Cuantía,Obra,Seleccionado,44109451.0,44109451.0,1,1,Mes(es),2025-05-21,0.0,0.0,0,30.0
CO1.BDOS.8066412,SAMC-002-2025 (Manifestación de interés (Menor Cuantía)) (Presentación de oferta),MUNICIPIO DE FUQUENE,Cundinamarca,Fúquene,Selección Abreviada de Menor Cuantía,Obra,Seleccionado,100000000.0,97395471.0,7,2,Mes(es),2025-05-21,-2604529.0,-0.02604529,0,60.0
CO1.BDOS.8147419,MC-14-2025,MUNICIPIO DE CHOCONTÁ,Cundinamarca,Chocontá,Mínima cuantía,Obra,Seleccionado,32911686.0,31807761.0,5,1,Mes(es),2025-05-20,-1103925.0,-0.033542037317687096,0,30.0
CO1.BDOS.8048702,LP-001-2025 (Fase de Selección (Presentación de ofertas)),MUNICIPIO DE CUCUNUBÁ,Cundinamarca,Cucunubá,Licitación pública Obra Publica,Obra,Seleccionado,1363636364.0,1286787371.0,48,4,Mes(es),2025-05-20,-76848993.0,-0.05635592818497175,0,120.0
CO1.BDOS.8147446,MC-15-2025,MUNICIPIO DE CHOCONTÁ,Cundinamarca,Chocontá,Mínima cuantía,Obra,Seleccionado,20874076.0,20000000.0,2,0,día(s),2025-05-20,-874076.0,-0.041873757669561036,0,0.0
CO1.BDOS.8036979,LP-AMS-2025-0004 (Fase de Selección (Presentación de ofertas)),ALCALDÍA MUNICIPAL DE SOPO,Cundinamarca,Sopó,Licitación pública Obra Publica,Obra,Seleccionado,699653887.0,663131978.0,86,4,Mes(es),2025-05-20,-36521909.0,-0.05219996583825168,0,120.0
CO1.BDOS.8138739,MC-033-2025,MUNICIPIO DE VILLAPINZON,Cundinamarca,Villapinzón,Mínima cuantía,Obra,Seleccionado,39507972.0,39507972.0,2,0,día(s),2025-05-19,0.0,0.0,0,0.0
CO1.BDOS.8075901,SA-007-2025 (Manifestación de interés (Menor Cuantía)) (Presentación de oferta),MUNICIPIO DE LA MESA,Cundinamarca,La Mesa,Selección Abreviada de Menor Cuantía,Obra,Seleccionado,200000000.0,196001386.0,2,3,Mes(es),2025-05-19,-3998614.0,-0.01999307,0,90.0
CO1.BDOS.8032703,LP-003-2025 (Fase de Selección (Presentación de ofertas)),ALCALDÍA MUNICIPAL DE MADRID CUNDINAMARCA,Cundinamarca,Madrid,Licitación pública Obra Publica,Obra,Seleccionado,8069579193.0,7422566314.0,77,7,Mes(es),2025-05-16,-647012879.0,-0.08017925885915524,0,210.0
CO1.BDOS.8067254,SAMC-007-2025 (Manifestación de interés (Menor Cuantía)) (Presentación de oferta),MUNICIPIO DE VILLAPINZON,Cundinamarca,Villapinzón,Selección Abreviada de Menor Cuantía,Obra,Seleccionado,116000000.0,115497838.0,1,0,día(s),2025-05-16,-502162.0,-0.00432898275862069,0,0.0
CO1.BDOS.8116857,MC-030-2025,MUNICIPIO DE VILLAPINZON,Cundinamarca,Villapinzón,Mínima cuantía,Obra,Seleccionado,39858000.0,39858000.0,2,0,día(s),2025-05-14,0.0,0.0,0,0.0
CO1.BDOS.8115174,MC-031-2025,MUNICIPIO DE VILLAPINZON,Cundinamarca,Villapinzón,Mínima cuantía,Obra,Seleccionado,39858000.0,39858000.0,3,0,día(s),2025-05-14,0.0,0.0,0,0.0
CO1.BDOS.8020889,MA-SAMC-001-2025 (Manifestación de interés (Menor Cuantía)) (Presentación de oferta),ALCALDIA MUNICIPIO DE ANOLAIMA,Cundinamarca,Anolaima,Selección Abreviada de Menor Cuantía,Obra,Seleccionado,100000000.0,99945589.0,2,1,Mes(es),2025-05-14,-54411.0,-0.00054411,0,30.0
CO1.BDOS.8042889,LP-002-2025 (Fase de Selección (Presentación de ofertas)),MUNICIPIO DE ALBAN,Cundinamarca,Albán,Licitación pública Obra Publica,Obra,Seleccionado,909090828.0,845465727.0,81,5,Mes(es),2025-05-14,-63625101.0,-0.06998761734289546,0,150.0
CO1.BDOS.7992984,PN ESCAR SA MC 039 2025 (Manifestación de interés (Menor Cuantía)) (Presentación de oferta),ESCUELA NACIONAL DE CARABINEROS POLICIA NACIONAL,Cundinamarca,Facatativá,Selección Abreviada de Menor Cuantía,Obra,Seleccionado,960897973.0,960897973.0,6,150,día(s),2025-05-09,0.0,0.0,0,150.0
CO1.BDOS.8018590,SAMC-006-2025 (Manifestación de interés (Menor Cuantía)) (Presentación de oferta),ALCALDIA DE SESQUILE,Cundinamarca,Sesquilé,Selección Abreviada de Menor Cuantía,Obra,Seleccionado,363636364.0,362754442.0,1,160,día(s),2025-05-09,-881922.0,-0.0024252854975747146,0,160.0
CO1.BDOS.7994151,SAMC-006-2025 (Manifestación de interés (Menor Cuantía)) (Presentación de oferta),MUNICIPIO DE UBATE,Cundinamarca,Villa De San Diego De Ubate,Selección Abreviada de Menor Cuantía,Obra,Seleccionado,395151662.0,395151662.0,2,2,Mes(es),2025-05-08,0.0,0.0,0,60.0
CO1.BDOS.7967175,LP-001-2025 (Fase de Selección (Presentación de ofertas)),ALCALDIA MUNICIPAL DE GUADUAS,Cundinamarca,Guaduas,Licitación pública Obra Publica,Obra,Seleccionado,740399046.0,695589970.0,26,6,Mes(es),2025-05-08,-44809076.0,-0.060520169822044854,0,180.0
CO1.BDOS.8079168,IEPS-MC-06-2025,INSTITUCION EDUCATIVA POLICARPA SALAVARRIETA,Cundinamarca,Girardot,Mínima cuantía,Obra,Seleccionado,25713930.0,19514558.0,13,30,día(s),2025-05-07,-6199372.0,-0.24109002396755377,0,30.0
CO1.BDOS.8080421,MC-008-2025,MUNICIPIO DE COGUA,Cundinamarca,Cogua,Mínima cuantía,Obra,Seleccionado,39845263.0,39778852.0,1,2,Mes(es),2025-05-07,-66411.0,-0.001666722591340406,0,60.0
CO1.BDOS.7878083,SAMC 004-2025 (Manifestación de interés (Menor Cuantía)) (Presentación de oferta),ALCALDÍA MUNICIPAL DE SASAIMA,Cundinamarca,Sasaima,Selección Abreviada de Menor Cuantía,Obra,Seleccionado,200000000.0,199903290.0,2,3,Mes(es),2025-05-06,-96710.0,-0.00048355,0,90.0
CO1.BDOS.7978363,SAMC 003-2025 (Manifestación de interés (Menor Cuantía)) (Presentación de oferta),MUNICIPIO DE GUACHETÁ,Cundinamarca,Guachetá,Selección Abreviada de Menor Cuantía,Obra,Seleccionado,298407680.0,298403239.0,1,2,Mes(es),2025-05-06,-4441.0,-1.4882324744456978e-05,0,60.0
CO1.BDOS.7950304,SAMC 006-2025 (Manifestación de interés (Menor Cuantía)) (Presentación de oferta),ALCALDÍA MUNICIPAL DE SASAIMA,Cundinamarca,Sasaima,Selección Abreviada de Menor Cuantía,Obra,Seleccionado,300000000.0,300000000.0,2,3,Mes(es),2025-05-05,0.0,0.0,0,90.0
CO1.BDOS.8010748,SAMC 06 DE 2025 (Manifestación de interés (Menor Cuantía)) (Presentación de oferta),ALCALDIA MUNICIPAL DE VILLETA,Cundinamarca,Villeta,Selección Abreviada de Menor Cuantía,Obra,Seleccionado,100000000.0,99996984.0,1,1,Mes(es),2025-05-05,-3016.0,-3.016e-05,0,30.0
CO1.BDOS.7962874,SAMC-002-2025 (Manifestación de interés (Menor Cuantía)) (Presentación de oferta),ALCALDIA MUNICIPAL DE GUADUAS,Cundinamarca,Guaduas,Selección Abreviada de Menor Cuantía,Obra,Seleccionado,290000000.0,289996227.0,2,4,Mes(es),2025-05-05,-3773.0,-1.3010344827586208e-05,0,120.0
CO1.BDOS.8044652,CD-CI-106-2025,ALCALDIA MUNICIPIO DE NOCAIMA,Cundinamarca,Nocaima,Contratación Directa (con ofertas),Obra,Seleccionado,693133334.0,693133334.0,1,7,Mes(es),2025-05-02,0.0,0.0,0,210.0
CO1.BDOS.8057517,CONVENIO SOLIDARIOO 006 DE 2025,ALCALDÍA MUNICIPAL DE SASAIMA,Cundinamarca,Sasaima,Contratación Directa (con ofertas),Obra,Seleccionado,59487152.0,59487152.0,1,0,día(s),2025-05-02,0.0,0.0,0,0.0
CO1.BDOS.7924050,064- SAMC -CENACTOLEMAIDA-2025 (Manifestación de interés (Menor Cuantía)) (Presentación de oferta),CENAC TOLEMAIDA,Cundinamarca,Nilo,Selección Abreviada de Menor Cuantía,Obra,Seleccionado,771746020.0,771746020.0,30,6,Mes(es),2025-05-01,0.0,0.0,0,180.0
CO1.BDOS.8049502,CONVENIO SOLIDARIO 003 DE 2025 copia,ALCALDÍA MUNICIPAL DE SASAIMA,Cundinamarca,Sasaima,Contratación Directa (con ofertas),Obra,Seleccionado,118974303.0,118974303.0,1,0,día(s),2025-04-30,0.0,0.0,0,0.0
CO1.BDOS.7982802,SAMCEPN 01 DE 2025 MANTENIEMINTO AREAS ARQUI (Manifestación de interés (Menor Cuantía)) (Presentación de oferta),ESCUELA DE FORMACION INPEC,Cundinamarca,No Definido,Selección Abreviada de Menor Cuantía,Obra,Seleccionado,999999986.0,965567770.0,17,4,Mes(es),2025-04-30,-34432216.0,-0.03443221648205103,0,120.0
CO1.BDOS.7923435,SAMC-005-2025 (Manifestación de interés (Menor Cuantía)) (Presentación de oferta),ALCALDIA DE TABIO,Cundinamarca,Tabio,Selección Abreviada de Menor Cuantía,Obra,Seleccionado,340533216.0,339211843.0,2,5,Mes(es),2025-04-30,-1321373.0,-0.003880305761420936,0,150.0
CO1.BDOS.7835285,SAMC-002-2025 (Manifestación de interés (Menor Cuantía)) (Presentación de oferta),MUNICIPIO DE SOACHA..,Cundinamarca,Soacha,Selección Abreviada de Menor Cuantía,Obra,Seleccionado,654205601.0,653872601.0,3,4,Mes(es),2025-04-30,-333000.0,-0.0005090142907535272,0,120.0
CO1.BDOS.7901430,038-00-K-ESUFA-GRUAL-2025 (Manifestación de interés (Menor Cuantía)) (Presentación de oferta),ESCUELA DE SUBOFICIALES  FAC CT ANDRES M DIAZ,Cundinamarca,No Definido,Selección Abreviada de Menor Cuantía,Obra,Seleccionado,583152235.0,563821705.0,6,126,día(s),2025-04-30,-19330530.0,-0.03314834247355667,0,126.0
CO1.BDOS.8039558,MC-025-2025,MUNICIPIO DE VILLAPINZON,Cundinamarca,Villapinzón,Mínima cuantía,Obra,Seleccionado,30991785.0,30991785.0,1,0,día(s),2025-04-29,0.0,0.0,0,0.0
CO1.BDOS.7986062,SAMC 101-2025 (Manifestación de interés (Menor Cuantía)) (Presentación de oferta),IDERF,Cundinamarca,Fusagasugá,Selección Abreviada de Menor Cuantía,Obra,Seleccionado,300000000.0,300000000.0,1,270,día(s),2025-04-29,0.0,0.0,0,270.0
CO1.BDOS.7878087,SAMC 003-2025 (Manifestación de interés (Menor Cuantía)) (Presentación de oferta),ALCALDÍA MUNICIPAL DE SASAIMA,Cundinamarca,Sasaima,Selección Abreviada de Menor Cuantía,Obra,Seleccionado,272225935.0,272225926.0,3,3,Mes(es),2025-04-29,-9.0,-3.306077358132685e-08,0,90.0
CO1.BDOS.7913446,SAMC-004-2025 (Manifestación de interés (Menor Cuantía)) (Presentación de oferta),MUNICIPIO DE UBATE,Cundinamarca,Villa De San Diego De Ubate,Selección Abreviada de Menor Cuantía,Obra,Seleccionado,261144549.0,261143554.0,2,2,Mes(es),2025-04-29,-995.0,-3.810150370015956e-06,0,60.0
CO1.BDOS.8032917,MC-003-2025.,IDUVI,Cundinamarca,Chía,Mínima cuantía,Obra,Seleccionado,39000000.0,38118556.0,7,0,día(s),2025-04-28,-881444.0,-0.022601128205128204,0,0.0
CO1.BDOS.8024212,MC-069-CENAC-TOLEMAIDA-2025,CENAC TOLEMAIDA,Cundinamarca,Nilo,Mínima cuantía,Obra,Seleccionado,50825292.0,50825292.0,16,7,Mes(es),2025-04-25,0.0,0.0,0,210.0
CO1.BDOS.7901271,032-00-K-ESUFA-GRUAL-2025 (Manifestación de interés (Menor Cuantía)) (Presentación de oferta),ESCUELA DE SUBOFICIALES  FAC CT ANDRES M DIAZ,Cundinamarca,No Definido,Selección Abreviada de Menor Cuantía,Obra,Seleccionado,1202247765.0,1154638753.0,3,101,día(s),2025-04-24,-47609012.0,-0.0396000004208783,0,101.0
CO1.BDOS.7932546,AMS-SAMC-004-2025  (Manifestación de interés (Menor Cuantía)) (Presentación de oferta),MUNICIPIO DE SUBACHOQUE,Cundinamarca,Subachoque,Selección Abreviada de Menor Cuantía,Obra,Seleccionado,125000000.0,118262595.0,9,3,Mes(es),2025-04-24,-6737405.0,-0.05389924,0,90.0
CO1.BDOS.7954702,SAMC 2025-0497 (Manifestación de interés (Menor Cuantía)) (Presentación de oferta),ALCALDIA MUNICIPAL FUSAGASUGA,Cundinamarca,Fusagasugá,Selección Abreviada de Menor Cuantía,Obra,Seleccionado,529816142.0,499618263.0,1,5,Mes(es),2025-04-24,-30197879.0,-0.05699690252170535,0,150.0
CO1.BDOS.7904987,071-SAMC-CENACINTELIGENCIA-2025 (Manifestación de interés (Menor Cuantía)) (Presentación de oferta),CENTRAL ADMINISTRATIVA Y CONTABLE ESPECIALIZADA INTELIGENCIA,Cundinamarca,No Definido,Selección Abreviada de Menor Cuantía,Obra,Seleccionado,255018376.0,255018376.0,2,228,día(s),2025-04-24,0.0,0.0,0,228.0
CO1.BDOS.7954237,LP-001-2025 (Fase de Selección (Presentación de ofertas)),MUNICIPIO DE VILLAPINZON,Cundinamarca,Villapinzón,Licitación pública Obra Publica,Obra,Seleccionado,990245935.0,938741755.0,57,0,día(s),2025-04-24,-51504180.0,-0.052011503586732726,0,0.0
CO1.BDOS.7930950,AMS-SAMC-003-2025  (Manifestación de interés (Menor Cuantía)) (Presentación de oferta),MUNICIPIO DE SUBACHOQUE,Cundinamarca,Subachoque,Selección Abreviada de Menor Cuantía,Obra,Seleccionado,300000000.0,283903877.0,6,3,Mes(es),2025-04-22,-16096123.0,-0.05365374333333333,0,90.0
CO1.BDOS.7933689,AMS-SAMC-006-2025   (Manifestación de interés (Menor Cuantía)) (Presentación de oferta),MUNICIPIO DE SUBACHOQUE,Cundinamarca,Subachoque,Selección Abreviada de Menor Cuantía,Obra,Seleccionado,100000000.0,93977422.0,7,3,Mes(es),2025-04-22,-6022578.0,-0.06022578,0,90.0
CO1.BDOS.7933186,AMS-SAMC-005-2025   (Manifestación de interés (Menor Cuantía)) (Presentación de oferta),MUNICIPIO DE SUBACHOQUE,Cundinamarca,Subachoque,Selección Abreviada de Menor Cuantía,Obra,Seleccionado,108000000.0,101893784.0,8,3,Mes(es),2025-04-22,-6106216.0,-0.05653903703703704,0,90.0
CO1.BDOS.7884007,SA-003-2025 (Manifestación de interés (Menor Cuantía)) (Presentación de oferta),MUNICIPIO DE LA MESA,Cundinamarca,La Mesa,Selección Abreviada de Menor Cuantía,Obra,Seleccionado,220000000.0,220000000.0,3,3,Mes(es),2025-04-21,0.0,0.0,0,90.0
CO1.BDOS.8003969,CO-002-2025,EMPRESA DE SERVICIOS PUBLICOS DEL MUNICIPIO DE PACHO CUNDINAMARCA SA ESPMP ESP SOCIEDAD POR ACCIONES SA,Cundinamarca,Pacho,Contratación régimen especial (con ofertas),Obra,Seleccionado,345912606.0,345912000.0,1,3,Mes(es),2025-04-21,-606.0,-1.7518875851549624e-06,0,90.0
CO1.BDOS.7929127,No.CQ-SAMC-007-2025  (Manifestación de interés (Menor Cuantía)) (Presentación de oferta),MUNICIPIO DE CAQUEZA,Cundinamarca,Caqueza,Selección Abreviada de Menor Cuantía,Obra,Seleccionado,100000000.0,99985791.0,2,3,Mes(es),2025-04-21,-14209.0,-0.00014209,0,90.0
CO1.BDOS.7895447,SA-004-2025 (Manifestación de interés (Menor Cuantía)) (Presentación de oferta),MUNICIPIO DE LA MESA,Cundinamarca,La Mesa,Selección Abreviada de Menor Cuantía,Obra,Seleccionado,249434706.0,249308654.0,2,3,Mes(es),2025-04-21,-126052.0,-0.0005053506868446767,0,90.0
CO1.BDOS.7908760,AMS-SAMC-002-2025 (Manifestación de interés (Menor Cuantía)) (Presentación de oferta),MUNICIPIO DE SUBACHOQUE,Cundinamarca,Subachoque,Selección Abreviada de Menor Cuantía,Obra,Seleccionado,125000000.0,117497563.0,6,3,Mes(es),2025-04-16,-7502437.0,-0.060019496,0,90.0
CO1.BDOS.7924512,SAMC_04_2025 (Manifestación de interés (Menor Cuantía)) (Presentación de oferta),ALCALDIA MUNICIPAL DE VILLETA,Cundinamarca,Villeta,Selección Abreviada de Menor Cuantía,Obra,Seleccionado,100000000.0,99996984.0,2,45,día(s),2025-04-15,-3016.0,-3.016e-05,0,45.0
CO1.BDOS.7891130,LP 02 DE 2025 (Fase de Selección (Presentación de ofertas)),ALCALDIA MUNICIPAL DE VILLETA,Cundinamarca,Villeta,Licitación pública Obra Publica,Obra,Seleccionado,467792563.0,467662426.0,4,4,Mes(es),2025-04-15,-130137.0,-0.0002781938198534379,0,120.0
CO1.BDOS.7890005,SAMC-0002-2025 (Manifestación de interés (Menor Cuantía)) (Presentación de oferta),MUNICIPIO DE FUNZA - ALCALDÍA DE FUNZA,Cundinamarca,Funza,Selección Abreviada de Menor Cuantía,Obra,Seleccionado,337000000.0,337000000.0,1,8,Mes(es),2025-04-14,0.0,0.0,0,240.0
CO1.BDOS.7969128,SMC 010-2025,ALCALDIA MUNICIPIO DE NOCAIMA,Cundinamarca,Nocaima,Mínima cuantía,Obra,Seleccionado,39853427.0,39851668.0,2,2,Mes(es),2025-04-11,-1759.0,-4.4136731328023557e-05,0,60.0
CO1.BDOS.7883635,SAMC-002-2025 (Manifestación de interés (Menor Cuantía)) (Presentación de oferta),MUNICIPIO DE MACHETA,Cundinamarca,Macheta,Selección Abreviada de Menor Cuantía,Obra,Seleccionado,100000000.0,95050582.0,2,3,Mes(es),2025-04-10,-4949418.0,-0.04949418,0,90.0
CO1.BDOS.7684226,SAMC-002-2025 (Manifestación de interés (Menor Cuantía)) (Presentación de oferta),ALCALDÍA MUNICIPAL DE SASAIMA,Cundinamarca,Sasaima,Selección Abreviada de Menor Cuantía,Obra,Seleccionado,207163434.0,206927605.0,1,6,Mes(es),2025-04-10,-235829.0,-0.0011383717456624127,0,180.0
CO1.BDOS.7970543,CONVOCATORIA 007-2025,ESE HOSPITAL SALAZAR DE VILLETA,Cundinamarca,No Definido,Contratación régimen especial (con ofertas),Obra,Seleccionado,544905849.0,544905847.0,1,1,Mes(es),2025-04-10,-2.0,-3.670358840284719e-09,0,30.0
CO1.BDOS.7890376,SAMC-004-2025 (Manifestación de interés (Menor Cuantía)) (Presentación de oferta),MUNICIPIO DE VILLAPINZON,Cundinamarca,Villapinzón,Selección Abreviada de Menor Cuantía,Obra,Seleccionado,330000000.0,329664854.0,1,0,día(s),2025-04-09,-335146.0,-0.0010155939393939393,0,0.0
CO1.BDOS.7863062,SAMC 001-2025 (Manifestación de interés (Menor Cuantía)) (Presentación de oferta),MUNICIPIO DE GUACHETÁ,Cundinamarca,Guachetá,Selección Abreviada de Menor Cuantía,Obra,Abierto,65365815.0,65365815.0,1,1,Mes(es),2025-04-08,0.0,0.0,0,30.0
CO1.BDOS.7847681,SAMC-001-2025 (Manifestación de interés (Menor Cuantía)) (Presentación de oferta),MUNICIPIO DE COGUA,Cundinamarca,Cogua,Selección Abreviada de Menor Cuantía,Obra,Seleccionado,355240000.0,338188000.0,7,6,Mes(es),2025-04-08,-17052000.0,-0.04800135119918928,0,180.0
CO1.BDOS.7939836,IPMC-002-2025,INSTITUTO MUNICIPAL DE DEPORTE Y RECREACION DE TABIO,Cundinamarca,Tabio,Mínima cuantía,Obra,Seleccionado,34902176.0,33146992.0,5,30,día(s),2025-04-08,-1755184.0,-0.05028866968065258,0,30.0
CO1.BDOS.7856458,SA-AMS-2025-0004 (Manifestación de interés (Menor Cuantía)) (Presentación de oferta),ALCALDÍA MUNICIPAL DE SOPO,Cundinamarca,Sopó,Selección Abreviada de Menor Cuantía,Obra,Seleccionado,265217455.0,264953109.0,1,1,Mes(es),2025-04-08,-264346.0,-0.0009967141868547076,0,30.0
CO1.BDOS.7855911,SAMC-001-2025 (Manifestación de interés (Menor Cuantía)) (Presentación de oferta),MUNICIPIO DE UBATE,Cundinamarca,Villa De San Diego De Ubate,Selección Abreviada de Menor Cuantía,Obra,Seleccionado,200000000.0,198000023.0,5,2,Mes(es),2025-04-07,-1999977.0,-0.009999885,0,60.0
CO1.BDOS.7945349,MC-021-2025,MUNICIPIO DE VILLAPINZON,Cundinamarca,Villapinzón,Mínima cuantía,Obra,Seleccionado,10946695.0,10946695.0,1,0,día(s),2025-04-07,0.0,0.0,0,0.0
CO1.BDOS.7860305,PL 001-2025 (Presentación de oferta),ALCALDÍA NEMOCON,Cundinamarca,Nemocón,Licitación pública,Obra,Seleccionado,791168182.0,790386687.0,2,6,Mes(es),2025-04-07,-781495.0,-0.0009877735452207556,0,180.0
CO1.BDOS.7929471,037-00-M-CAMAN-DECAP-2025,COMANDO AEREO DE MANTENIMIENTO,Cundinamarca,Madrid,Mínima cuantía,Obra,Seleccionado,60000000.0,48172506.0,11,2,Mes(es),2025-04-04,-11827494.0,-0.1971249,0,60.0
CO1.BDOS.7785486,LP 001-2025 (Fase de Selección (Presentación de ofertas)),ALCALDIA MUNICIPIO DE NOCAIMA,Cundinamarca,Nocaima,Licitación pública Obra Publica,Obra,Seleccionado,771414417.0,729600517.0,56,6,Mes(es),2025-04-04,-41813900.0,-0.05420419826040145,0,180.0
CO1.BDOS.7858138,SAMC 002 2025 (Manifestación de interés (Menor Cuantía)) (Presentación de oferta),MUNICIPIO DE CAPARRAPI*,Cundinamarca,Caparrapí,Selección Abreviada de Menor Cuantía,Obra,Seleccionado,350000000.0,349925544.0,2,4,Mes(es),2025-04-03,-74456.0,-0.00021273142857142858,0,120.0
CO1.BDOS.7860884,SAMC_03_2025 (Manifestación de interés (Menor Cuantía)) (Presentación de oferta),ALCALDIA MUNICIPAL DE VILLETA,Cundinamarca,Villeta,Selección Abreviada de Menor Cuantía,Obra,Seleccionado,100000000.0,99996984.0,1,1,Mes(es),2025-04-03,-3016.0,-3.016e-05,0,30.0
CO1.BDOS.7920901,MC  2025-0472,ALCALDIA MUNICIPAL FUSAGASUGA,Cundinamarca,Fusagasugá,Mínima cuantía,Obra,Seleccionado,64000613.0,55853031.0,2,2,Mes(es),2025-04-02,-8147582.0,-0.12730474940919706,0,60.0
CO1.BDOS.7921503,MC-009-2025,ALCALDIA MUNICIPAL DE CHIA,Cundinamarca,Chía,Mínima cuantía,Obra,Seleccionado,64057500.0,64057500.0,6,8,Mes(es),2025-04-02,0.0,0.0,0,240.0
CO1.BDOS.7825805,SAMC-003-2025 (Manifestación de interés (Menor Cuantía)) (Presentación de oferta),MUNICIPIO DE SAN FRANCISCO,Cundinamarca,San Francisco,Selección Abreviada de Menor Cuantía,Obra,Seleccionado,200000000.0,199999834.0,1,3,Mes(es),2025-04-01,-166.0,-8.3e-07,0,90.0
CO1.BDOS.7841953,SAMC 002-2025 (Manifestación de interés (Menor Cuantía)) (Presentación de oferta),ALCALDÍA NEMOCON,Cundinamarca,Nemocón,Selección Abreviada de Menor Cuantía,Obra,Seleccionado,100000000.0,94719822.0,8,3,Mes(es),2025-04-01,-5280178.0,-0.05280178,0,90.0
CO1.BDOS.7845379,SAMC_02_2025 (Manifestación de interés (Menor Cuantía)) (Presentación de oferta),ALCALDIA MUNICIPAL DE VILLETA,Cundinamarca,Villeta,Selección Abreviada de Menor Cuantía,Obra,Seleccionado,100000000.0,99996983.0,1,1,Mes(es),2025-03-31,-3017.0,-3.017e-05,0,30.0
CO1.BDOS.7759387,LP-001-2025 (Fase de Selección (Presentación de ofertas)),ALCALDIA MUNICIPAL TAUSA,Cundinamarca,Tausa,Licitación pública Obra Publica,Obra,Seleccionado,2910200909.0,2783015096.0,22,8,Mes(es),2025-03-28,-127185813.0,-0.043703447623381936,0,240.0
CO1.BDOS.7776851,SA-MC-001-2025 (Manifestación de interés (Menor Cuantía)) (Presentación de oferta),INSTITUTO MUNICIPAL DE VIVIENDA DE INTERÉS SOCIAL CAJICA,Cundinamarca,Cajicá,Selección Abreviada de Menor Cuantía,Obra,Seleccionado,398504678.0,398227090.0,1,5,Mes(es),2025-03-27,-277588.0,-0.0006965740060898357,0,150.0
CO1.BDOS.7811151,SAMC_01_2025 (Manifestación de interés (Menor Cuantía)) (Presentación de oferta),ALCALDIA MUNICIPAL DE VILLETA,Cundinamarca,Villeta,Selección Abreviada de Menor Cuantía,Obra,Seleccionado,278835654.0,274932095.0,6,2,Mes(es),2025-03-26,-3903559.0,-0.013999497352659212,0,60.0
CO1.BDOS.7879914,INV-PUB-MC-003-2025,ALCALDIA MUNICIPAL DE SUESCA +,Cundinamarca,Suesca,Mínima cuantía,Obra,Seleccionado,36003767.0,35957430.0,3,1,Mes(es),2025-03-26,-46337.0,-0.0012870042181975013,0,30.0
CO1.BDOS.7817660,CQ-SAMC-004-2025 (Manifestación de interés (Menor Cuantía)) (Presentación de oferta),MUNICIPIO DE CAQUEZA,Cundinamarca,Caqueza,Selección Abreviada de Menor Cuantía,Obra,Seleccionado,100000000.0,99957023.0,3,3,Mes(es),2025-03-26,-42977.0,-0.00042977,0,90.0
CO1.BDOS.7759011,SAMC-002-2025 (Manifestación de interés (Menor Cuantía)) (Presentación de oferta),ALCALDIA DE SESQUILE,Cundinamarca,Sesquilé,Selección Abreviada de Menor Cuantía,Obra,Seleccionado,123359000.0,116574928.0,6,2,Mes(es),2025-03-25,-6784072.0,-0.05499454437860229,0,60.0
CO1.BDOS.7732099,SAMC-0001-2025 (Manifestación de interés (Menor Cuantía)) (Presentación de oferta),MUNICIPIO DE FUNZA - ALCALDÍA DE FUNZA,Cundinamarca,Funza,Selección Abreviada de Menor Cuantía,Obra,Seleccionado,620607344.0,620607344.0,2,9,Mes(es),2025-03-25,0.0,0.0,0,270.0
CO1.BDOS.7689925,SAMC-002-2025 (Manifestación de interés (Menor Cuantía)) (Presentación de oferta),MUNICIPIO DE SAN FRANCISCO,Cundinamarca,San Francisco,Selección Abreviada de Menor Cuantía,Obra,Seleccionado,300000000.0,299999752.0,1,3,Mes(es),2025-03-21,-248.0,-8.266666666666667e-07,0,90.0
CO1.BDOS.7865332,FACATATIVA-MC-013-25,ALCALDIA MUNICIPAL DE FACATATIVA,Cundinamarca,Facatativá,Mínima cuantía,Obra,Seleccionado,64057000.0,43441580.0,44,20,día(s),2025-03-21,-20615420.0,-0.32182930827232,0,20.0
CO1.BDOS.7777904,SAMC-003-2025 (Manifestación de interés (Menor Cuantía)) (Presentación de oferta),ALCALDIA DE SESQUILE,Cundinamarca,Sesquilé,Selección Abreviada de Menor Cuantía,Obra,Seleccionado,161972811.0,155622895.0,8,90,día(s),2025-03-20,-6349916.0,-0.03920359201520556,0,90.0
CO1.BDOS.7584389,016-00-M-CAMAN-GRUAL-2025 (Fase de Selección (Presentación de ofertas)),COMANDO AEREO DE MANTENIMIENTO,Cundinamarca,Madrid,Licitación pública Obra Publica,Obra,Seleccionado,4181518682.0,3972257955.0,8,8,Mes(es),2025-03-10,-209260727.0,-0.05004419277158691,0,240.0
CO1.BDOS.7634109,SAMC 002-2025 (Manifestación de interés (Menor Cuantía)) (Presentación de oferta),MUNICIPIO DE GACHANCIPA,Cundinamarca,Gachancipá,Selección Abreviada de Menor Cuantía,Obra,Seleccionado,375837826.0,375459331.0,1,4,Mes(es),2025-03-07,-378495.0,-0.0010070700015170906,0,120.0
CO1.BDOS.7645598,LP-006-2025 (Fase de Selección (Presentación de ofertas)),ALCALDIA MUNICIPIO DE LA VEGA CUNDINAMARCA,Cundinamarca,La Vega,Licitación pública Obra Publica,Obra,Seleccionado,1059090909.0,976879010.0,98,6,Mes(es),2025-03-07,-82211899.0,-0.07762496901953862,0,180.0
CO1.BDOS.7589229,SAMC 002- 2025 (Manifestación de interés (Menor Cuantía)) (Presentación de oferta),ALCALDIA MUNICIPIO DE NOCAIMA,Cundinamarca,Nocaima,Selección Abreviada de Menor Cuantía,Obra,Seleccionado,200000000.0,200000000.0,3,4,Mes(es),2025-03-07,0.0,0.0,0,120.0
CO1.BDOS.7635717,SAMC 003-2025 (Manifestación de interés (Menor Cuantía)) (Presentación de oferta),MUNICIPIO DE GACHANCIPA,Cundinamarca,Gachancipá,Selección Abreviada de Menor Cuantía,Obra,Seleccionado,370982910.0,370941121.0,2,4,Mes(es),2025-03-07,-41789.0,-0.00011264400292725074,0,120.0
CO1.BDOS.7668208,SAMC-003-2025 (Manifestación de interés (Menor Cuantía)) (Presentación de oferta),MUNICIPIO DE ALBAN,Cundinamarca,Albán,Selección Abreviada de Menor Cuantía,Obra,Seleccionado,229373335.0,229212778.0,1,2,Mes(es),2025-03-06,-160557.0,-0.0006999811028601036,0,60.0
CO1.BDOS.7523647,SAMC 642-2025 (Manifestación de interés (Menor Cuantía)) (Presentación de oferta),MUNICIPIO DE AGUA DE DIOS,Cundinamarca,Agua De Dios,Selección Abreviada de Menor Cuantía,Obra,Seleccionado,200000000.0,199800200.0,2,4,Mes(es),2025-03-04,-199800.0,-0.000999,0,120.0
CO1.BDOS.7581129,LP-005-2025 (Fase de Selección (Presentación de ofertas)),ALCALDIA MUNICIPIO DE LA VEGA CUNDINAMARCA,Cundinamarca,La Vega,Licitación pública Obra Publica,Obra,Seleccionado,2500002532.0,2199985727.0,99,6,Mes(es),2025-03-03,-300016805.0,-0.12000660045731505,0,180.0
CO1.BDOS.7637316,SA-MC-001-2025 (Manifestación de interés (Menor Cuantía)) (Presentación de oferta),MUNICIPIO MANTA CUNDINAMARCA,Cundinamarca,Manta,Selección Abreviada de Menor Cuantía,Obra,Seleccionado,200000000.0,189341159.0,5,3,Mes(es),2025-02-28,-10658841.0,-0.053294205,0,90.0
CO1.BDOS.7569423,SAMC-001-2025 (Manifestación de interés (Menor Cuantía)) (Presentación de oferta),MUNICIPIO DE SAN FRANCISCO,Cundinamarca,San Francisco,Selección Abreviada de Menor Cuantía,Obra,Seleccionado,300000000.0,299992172.0,2,3,Mes(es),2025-02-28,-7828.0,-2.6093333333333333e-05,0,90.0
CO1.BDOS.7522269,SAMC-641-2025 (Manifestación de interés (Menor Cuantía)) (Presentación de oferta),MUNICIPIO DE AGUA DE DIOS,Cundinamarca,Agua De Dios,Selección Abreviada de Menor Cuantía,Obra,Seleccionado,200000000.0,199700496.0,2,4,Mes(es),2025-02-28,-299504.0,-0.00149752,0,120.0
CO1.BDOS.7543058,SA-01-2025 (Manifestación de interés (Menor Cuantía)) (Presentación de oferta),MUNICIPIO DE CHOCONTÁ,Cundinamarca,Chocontá,Selección Abreviada de Menor Cuantía,Obra,Seleccionado,293624905.0,293327799.0,2,2,Mes(es),2025-02-28,-297106.0,-0.0010118555849341186,0,60.0
CO1.BDOS.7543765,SA-02-2025 (Manifestación de interés (Menor Cuantía)) (Presentación de oferta),MUNICIPIO DE CHOCONTÁ,Cundinamarca,Chocontá,Selección Abreviada de Menor Cuantía,Obra,Seleccionado,294549000.0,293964496.0,2,2,Mes(es),2025-02-28,-584504.0,-0.00198440327415812,0,60.0
CO1.BDOS.7607642,SAMC-001-2025 (Manifestación de interés (Menor Cuantía)) (Presentación de oferta),MUNICIPIO DE ALBAN,Cundinamarca,Albán,Selección Abreviada de Menor Cuantía,Obra,Seleccionado,100000000.0,99970146.0,2,3,Mes(es),2025-02-27,-29854.0,-0.00029854,0,90.0
CO1.BDOS.7688994,CONV SOL 02 DE 2025,ALCALDÍA MUNICIPAL DE SASAIMA,Cundinamarca,Sasaima,Contratación Directa (con ofertas),Obra,Seleccionado,59487152.0,59487152.0,1,0,día(s),2025-02-27,0.0,0.0,0,0.0
CO1.BDOS.7596445,SAMC-001-2025 (Manifestación de interés (Menor Cuantía)) (Presentación de oferta),ALCALDIA DE SESQUILE,Cundinamarca,Sesquilé,Selección Abreviada de Menor Cuantía,Obra,Seleccionado,225389143.0,223163618.0,7,120,día(s),2025-02-26,-2225525.0,-0.00987414464768607,0,120.0
CO1.BDOS.7574293,SAMC 001-2025 (Manifestación de interés (Menor Cuantía)) (Presentación de oferta),ALCALDIA MUNICIPIO DE NOCAIMA,Cundinamarca,Nocaima,Selección Abreviada de Menor Cuantía,Obra,Seleccionado,200000000.0,200000000.0,2,3,Mes(es),2025-02-24,0.0,0.0,0,90.0
CO1.BDOS.7521574,SAMC-640-2025 (Manifestación de interés (Menor Cuantía)) (Presentación de oferta),MUNICIPIO DE AGUA DE DIOS,Cundinamarca,Agua De Dios,Selección Abreviada de Menor Cuantía,Obra,Seleccionado,200000000.0,199702205.0,3,4,Mes(es),2025-02-24,-297795.0,-0.001488975,0,120.0
CO1.BDOS.7503189,SAMC-004-2025 (Manifestación de interés (Menor Cuantía)) (Presentación de oferta),ALCALDIA MUNICIPIO DE LA VEGA CUNDINAMARCA,Cundinamarca,La Vega,Selección Abreviada de Menor Cuantía,Obra,Seleccionado,325524548.0,323024782.0,1,0,día(s),2025-02-20,-2499766.0,-0.007679193521221017,0,0.0
CO1.BDOS.7476187,SAMC-002-2025 (Manifestación de interés (Menor Cuantía)) (Presentación de oferta),MUNICIPIO DE VILLAPINZON,Cundinamarca,Villapinzón,Selección Abreviada de Menor Cuantía,Obra,Seleccionado,154434783.0,154434783.0,1,0,día(s),2025-02-14,0.0,0.0,0,0.0
CO1.BDOS.7570793,MC-002-2025,MUNICIPIO DE MACHETA,Cundinamarca,Macheta,Mínima cuantía,Obra,Seleccionado,12500000.0,12500000.0,2,1,Mes(es),2025-02-12,0.0,0.0,0,30.0
CO1.BDOS.7576991,CONV SOL 01 DE 2025,ALCALDÍA MUNICIPAL DE SASAIMA,Cundinamarca,Sasaima,Contratación Directa (con ofertas),Obra,Seleccionado,59487152.0,59487152.0,1,0,día(s),2025-02-12,0.0,0.0,0,0.0
CO1.BDOS.7562808,MC-003-2025,ALCALDIA MUNICIPIO DE LA VEGA CUNDINAMARCA,Cundinamarca,La Vega,Mínima cuantía,Obra,Seleccionado,35143480.0,35105060.0,1,1,Mes(es),2025-02-11,-38420.0,-0.0010932326565269005,0,30.0
CO1.BDOS.7390602,LP-004-2025 (Fase de Selección (Presentación de ofertas)),ALCALDIA MUNICIPIO DE LA VEGA CUNDINAMARCA,Cundinamarca,La Vega,Licitación pública Obra Publica,Obra,Seleccionado,400000000.0,399923435.0,2,4,Mes(es),2025-02-11,-76565.0,-0.0001914125,0,120.0
CO1.BDOS.7309692,LP-001-2025_1 (Fase de Selección (Presentación de ofertas)),ALCALDIA MUNICIPIO DE LA VEGA CUNDINAMARCA,Cundinamarca,La Vega,Licitación pública Obra Publica,Obra,Seleccionado,402123000.0,402006307.0,6,4,Mes(es),2025-02-08,-116693.0,-0.00029019230434469055,0,120.0
CO1.BDOS.7374155,LP-002-2025 (Fase de Selección (Presentación de ofertas)),ALCALDIA MUNICIPIO DE LA VEGA CUNDINAMARCA,Cundinamarca,La Vega,Licitación pública Obra Publica,Obra,Seleccionado,420695000.0,420572768.0,5,4,Mes(es),2025-02-08,-122232.0,-0.0002905477840240554,0,120.0
CO1.BDOS.7484746,MC-002-2025,ALCALDIA MUNICIPIO DE LA VEGA CUNDINAMARCA,Cundinamarca,La Vega,Mínima cuantía,Obra,Seleccionado,39450892.0,39350800.0,2,1,Mes(es),2025-01-31,-100092.0,-0.002537128945018531,0,30.0
CO1.BDOS.7238071,SAMC-029-2024 (Manifestación de interés (Menor Cuantía)) (Presentación de oferta),MUNICIPIO DE UBATE,Cundinamarca,Villa De San Diego De Ubate,Selección Abreviada de Menor Cuantía,Obra,Seleccionado,80000000.0,79609555.0,1,1,Mes(es),2025-01-30,-390445.0,-0.0048805625,0,30.0
CO1.BDOS.7228708,SAMC 015-2024 (Manifestación de interés (Menor Cuantía)) (Presentación de oferta),ALCALDIA MUNICIPIO DE NOCAIMA,Cundinamarca,Nocaima,Selección Abreviada de Menor Cuantía,Obra,Seleccionado,57603182.0,57603182.0,2,3,Mes(es),2025-01-23,0.0,0.0,0,90.0
CO1.BDOS.7231368,SAMC 016-2024 (Manifestación de interés (Menor Cuantía)) (Presentación de oferta),ALCALDIA MUNICIPIO DE NOCAIMA,Cundinamarca,Nocaima,Selección Abreviada de Menor Cuantía,Obra,Seleccionado,79979450.0,79686948.0,1,3,Mes(es),2025-01-22,-292502.0,-0.003657214446961063,0,90.0
CO1.BDOS.7240312,SAMC-023-2024 (Manifestación de interés (Menor Cuantía)) (Presentación de oferta),MUNICIPIO DE COGUA,Cundinamarca,Cogua,Selección Abreviada de Menor Cuantía,Obra,Seleccionado,130645429.0,129998276.0,1,6,Mes(es),2025-01-17,-647153.0,-0.004953506639715654,0,180.0
CO1.BDOS.7220203,LPO-004-2024 (Fase de Selección (Presentación de ofertas)),MUNICIPIO DE LA CALERA CUNDINAMARCA,Cundinamarca,La Calera,Licitación pública Obra Publica,Obra,Seleccionado,571176989.0,568873959.0,1,8,Mes(es),2025-01-10,-2303030.0,-0.004032077699824843,0,240.0
CO1.BDOS.7207522,SAMC-022-2024 (Manifestación de interés (Menor Cuantía)) (Presentación de oferta),MUNICIPIO DE COGUA,Cundinamarca,Cogua,Selección Abreviada de Menor Cuantía,Obra,Seleccionado,80000000.0,76376308.0,3,3,Mes(es),2025-01-08,-3623692.0,-0.04529615,0,90.0
CO1.BDOS.7161850,LP-01-2024 (Fase de Selección (Presentación de ofertas)),EMPRESA DE SERVICIOS PUBLICOS DE COTA SA ESP,Cundinamarca,Cota,Licitación pública Obra Publica,Obra,Seleccionado,2272722842.0,2071597644.0,30,0,día(s),2024-12-26,-201125198.0,-0.08849525964327858,0,0.0
CO1.BDOS.7174484,SAMC-020-2024 (Manifestación de interés (Menor Cuantía)) (Presentación de oferta),MUNICIPIO DE COGUA,Cundinamarca,Cogua,Selección Abreviada de Menor Cuantía,Obra,Seleccionado,100000000.0,96199536.0,4,6,Mes(es),2024-12-23,-3800464.0,-0.03800464,0,180.0
CO1.BDOS.7158501,SAMC-012-2024 (Manifestación de interés (Menor Cuantía)) (Presentación de oferta),ALCALDIA MUNICIPAL DE SUTATAUSA,Cundinamarca,Sutatausa,Selección Abreviada de Menor Cuantía,Obra,Seleccionado,213241476.0,199292372.0,2,2,Mes(es),2024-12-21,-13949104.0,-0.06541459129648867,0,60.0
CO1.BDOS.7136986,SAMC-011-2024 (Manifestación de interés (Menor Cuantía)) (Presentación de oferta),ALCALDIA MUNICIPAL DE SUTATAUSA,Cundinamarca,Sutatausa,Selección Abreviada de Menor Cuantía,Obra,Seleccionado,178345293.0,178334898.0,2,2,Mes(es),2024-12-20,-10395.0,-5.828581077270147e-05,0,60.0
CO1.BDOS.7163732,SAMC-009-2024 (Manifestación de interés (Menor Cuantía)) (Presentación de oferta),MUNICIPIO DE PACHO,Cundinamarca,Pacho,Selección Abreviada de Menor Cuantía,Obra,Seleccionado,125613141.0,125604237.0,2,2,Mes(es),2024-12-19,-8904.0,-7.088430341854122e-05,0,60.0
CO1.BDOS.7205212,MC 052-2024,ALCALDIA MUNICIPIO DE RICAURTE,Cundinamarca,Ricaurte,Mínima cuantía,Obra,Seleccionado,30998767.0,30996197.0,3,0,día(s),2024-12-19,-2570.0,-8.290652334655763e-05,0,0.0
CO1.BDOS.7149470,SAMC-004-2024 (Manifestación de interés (Menor Cuantía)) (Presentación de oferta),ALCALDÍA NEMOCON,Cundinamarca,Nemocón,Selección Abreviada de Menor Cuantía,Obra,Seleccionado,363486704.0,363475989.0,1,4,Mes(es),2024-12-19,-10715.0,-2.9478382240908597e-05,0,120.0
CO1.BDOS.7102321,SAMC-SP-008-2024 (Manifestación de interés (Menor Cuantía)) (Presentación de oferta),MUNICIPIO DE SAN FRANCISCO,Cundinamarca,San Francisco,Selección Abreviada de Menor Cuantía,Obra,Seleccionado,87357400.0,87357060.0,1,1,Mes(es),2024-12-18,-340.0,-3.892057226977909e-06,0,30.0
CO1.BDOS.7142950,SAMC-014-2024 (Manifestación de interés (Menor Cuantía)) (Presentación de oferta),ALCALDIA MUNICIPIO DE ZIPAQUIRA,Cundinamarca,Zipaquirá,Selección Abreviada de Menor Cuantía,Obra,Seleccionado,148168226.0,148101525.0,2,5,Mes(es),2024-12-18,-66701.0,-0.0004501707403853239,0,150.0
CO1.BDOS.7147246,SA-035-2024 (Manifestación de interés (Menor Cuantía)) (Presentación de oferta),CUNDINAMARCA-ALCALDIA MUNICIPIO MOSQUERA,Cundinamarca,Mosquera,Selección Abreviada de Menor Cuantía,Obra,Seleccionado,149992727.0,147407304.0,1,45,día(s),2024-12-18,-2585423.0,-0.01723698909747804,0,45.0
CO1.BDOS.7131558,SAMC-011-2024 (Manifestación de interés (Menor Cuantía)) (Presentación de oferta),MUNICIPIO DE VILLAPINZON,Cundinamarca,Villapinzón,Selección Abreviada de Menor Cuantía,Obra,Seleccionado,66820950.0,66820950.0,1,1,día(s),2024-12-17,0.0,0.0,0,1.0
CO1.BDOS.7121228,LP-014-2024 (Fase de Selección (Presentación de ofertas)),MUNICIPIO DE TENJO,Cundinamarca,Tenjo,Licitación pública Obra Publica,Obra,Seleccionado,1589307504.0,1507873305.0,60,6,Mes(es),2024-12-17,-81434199.0,-0.05123879349656679,0,180.0
CO1.BDOS.7188102,CMC-061-2024,ALCALDIA MUNICIPAL DE PUERTO SALGAR,Cundinamarca,Puerto Salgar,Mínima cuantía,Obra,Seleccionado,36000000.0,36000000.0,1,0,día(s),2024-12-16,0.0,0.0,0,0.0
CO1.BDOS.7124661,SAMC-006-2024 (Manifestación de interés (Menor Cuantía)) (Presentación de oferta),ALCALDIA DE TABIO,Cundinamarca,Tabio,Selección Abreviada de Menor Cuantía,Obra,Seleccionado,99812391.0,99752291.0,1,3,día(s),2024-12-16,-60100.0,-0.0006021296494139691,0,3.0
CO1.BDOS.7193703,IMCTT-MC-018-2024,INSTITUTO MUNICIPAL DE CULTURA Y TURISMO DE TENJO,Cundinamarca,Tenjo,Mínima cuantía,Obra,Seleccionado,36155000.0,36040715.0,2,10,día(s),2024-12-16,-114285.0,-0.0031609735859493846,0,10.0
CO1.BDOS.7110070,SAMC 008-2024 (Manifestación de interés (Menor Cuantía)) (Presentación de oferta),ALCALDIA MUNICIPIO DE RICAURTE,Cundinamarca,Ricaurte,Selección Abreviada de Menor Cuantía,Obra,Seleccionado,119196900.0,111534242.0,1,2,Mes(es),2024-12-16,-7662658.0,-0.06428571548421141,0,60.0
CO1.BDOS.7117315,SAMC-025-2024 (Manifestación de interés (Menor Cuantía)) (Presentación de oferta),MUNICIPIO DE UBATE,Cundinamarca,Villa De San Diego De Ubate,Selección Abreviada de Menor Cuantía,Obra,Seleccionado,50000000.0,43028960.0,3,1,Mes(es),2024-12-16,-6971040.0,-0.1394208,0,30.0
CO1.BDOS.7184696,MC-041-2024,ALCALDIA MUNICIPAL DE CHIA,Cundinamarca,Chía,Mínima cuantía,Obra,Seleccionado,58368737.0,58133608.0,1,2,Mes(es),2024-12-13,-235129.0,-0.004028337978257093,0,60.0
CO1.BDOS.7095136,SAMC-023-2024 (Manifestación de interés (Menor Cuantía)) (Presentación de oferta),MUNICIPIO DE UBATE,Cundinamarca,Villa De San Diego De Ubate,Selección Abreviada de Menor Cuantía,Obra,Seleccionado,360000000.0,359806485.0,2,3,Mes(es),2024-12-12,-193515.0,-0.0005375416666666666,0,90.0
CO1.BDOS.7167375,MC-062-2024,ALCALDIA MUNICIPAL DE GACHETA,Cundinamarca,Gachetá,Mínima cuantía,Obra,Seleccionado,35961345.0,30649373.0,4,12,día(s),2024-12-11,-5311972.0,-0.14771338502494832,0,12.0
CO1.BDOS.7169532,IC-019-2024,CATEDRAL DE SAL DE ZIPAQUIRÁ SASEM,Cundinamarca,Zipaquirá,Contratación régimen especial (con ofertas),Obra,Seleccionado,441518664.0,441518664.0,2,3,Mes(es),2024-12-10,0.0,0.0,0,90.0
CO1.BDOS.7094645,LP-013-2024 (Fase de Selección (Presentación de ofertas)),MUNICIPIO DE FUNZA - ALCALDÍA DE FUNZA,Cundinamarca,Funza,Licitación pública Obra Publica,Obra,Seleccionado,819944390.0,756856649.0,11,4,Mes(es),2024-12-10,-63087741.0,-0.07694148745867997,0,120.0
CO1.BDOS.7158579,MC-045-2024,ALCALDIA MUNICIPAL DE EL COLEGIO,Cundinamarca,El Colegio,Mínima cuantía,Obra,Seleccionado,20200441.0,20200441.0,1,15,día(s),2024-12-09,0.0,0.0,0,15.0
CO1.BDOS.7110250,SAMC.OP-003-2024 (Manifestación de interés (Menor Cuantía)) (Presentación de oferta),MUNICIPIO DE LA CALERA CUNDINAMARCA,Cundinamarca,La Calera,Selección Abreviada de Menor Cuantía,Obra,Seleccionado,124690204.0,117273499.0,3,5,día(s),2024-12-09,-7416705.0,-0.059481055945661936,0,5.0
CO1.BDOS.7158707,CONV_SOL_15_2024,ALCALDIA MUNICIPAL DE VILLETA,Cundinamarca,Villeta,Contratación Directa (con ofertas),Obra,Seleccionado,36001784.0,36001784.0,1,0,día(s),2024-12-09,0.0,0.0,0,0.0
CO1.BDOS.7158904,CONV_SOL_13_2024,ALCALDIA MUNICIPAL DE VILLETA,Cundinamarca,Villeta,Contratación Directa (con ofertas),Obra,Seleccionado,36001784.0,36001784.0,1,0,día(s),2024-12-09,0.0,0.0,0,0.0
CO1.BDOS.7158622,CONV_SOL_17_2024,ALCALDIA MUNICIPAL DE VILLETA,Cundinamarca,Villeta,Contratación Directa (con ofertas),Obra,Seleccionado,36001784.0,36001784.0,1,0,día(s),2024-12-09,0.0,0.0,0,0.0
CO1.BDOS.7072851,SAMC-005 DE 2024 (Manifestación de interés (Menor Cuantía)) (Presentación de oferta),MUNICIPIO DE LENGUAZAQUE,Cundinamarca,Lenguazaque,Selección Abreviada de Menor Cuantía,Obra,Seleccionado,110651914.0,110619142.0,2,1,Mes(es),2024-12-09,-32772.0,-0.0002961720119906828,0,30.0
CO1.BDOS.7088277,LP 003-2024 (Fase de Selección (Presentación de ofertas)),CUNDEPORTES FUNZA,Cundinamarca,Funza,Licitación pública Obra Publica,Obra,Seleccionado,1544675013.0,1452216383.0,21,150,día(s),2024-12-09,-92458630.0,-0.05985636410368995,0,150.0
CO1.BDOS.7081257,LP-001-2024 (Fase de Selección (Presentación de ofertas)),MUNICIPIO DE COGUA,Cundinamarca,Cogua,Licitación pública Obra Publica,Obra,Seleccionado,767240205.0,730322158.0,71,6,Mes(es),2024-12-09,-36918047.0,-0.04811797760259448,0,180.0
CO1.BDOS.7073280,LP-012-2024 (Fase de Selección (Presentación de ofertas)),MUNICIPIO DE TENJO,Cundinamarca,Tenjo,Licitación pública Obra Publica,Obra,Seleccionado,13645501998.0,12980414684.0,22,20,Mes(es),2024-12-09,-665087314.0,-0.04874040647954768,0,600.0
CO1.BDOS.7158711,CONV_SOL_16_2024,ALCALDIA MUNICIPAL DE VILLETA,Cundinamarca,Villeta,Contratación Directa (con ofertas),Obra,Seleccionado,36001784.0,36001784.0,1,0,día(s),2024-12-09,0.0,0.0,0,0.0
CO1.BDOS.7158705,CONV SOL 14 2024,ALCALDIA MUNICIPAL DE VILLETA,Cundinamarca,Villeta,Contratación Directa (con ofertas),Obra,Seleccionado,36001784.0,36001784.0,1,0,día(s),2024-12-09,0.0,0.0,0,0.0
CO1.BDOS.7149631,CONV_SOL_11_2024,ALCALDIA MUNICIPAL DE VILLETA,Cundinamarca,Villeta,Contratación Directa (con ofertas),Obra,Seleccionado,36001784.0,36001784.0,1,0,día(s),2024-12-06,0.0,0.0,0,0.0
CO1.BDOS.7149991,CONV_SOL_12_2024,ALCALDIA MUNICIPAL DE VILLETA,Cundinamarca,Villeta,Contratación Directa (con ofertas),Obra,Seleccionado,36001784.0,36001784.0,1,0,día(s),2024-12-06,0.0,0.0,0,0.0
CO1.BDOS.7153374,CONV_SOL_10_2024,ALCALDIA MUNICIPAL DE VILLETA,Cundinamarca,Villeta,Contratación Directa (con ofertas),Obra,Seleccionado,19071766.0,19071766.0,1,0,día(s),2024-12-06,0.0,0.0,0,0.0
CO1.BDOS.6990579,LP-010-2024 (Fase de Selección (Presentación de ofertas)),CUNDINAMARCA-ALCALDIA MUNICIPIO MOSQUERA,Cundinamarca,Mosquera,Licitación pública Obra Publica,Obra,Seleccionado,860012716.0,815563985.0,37,4,Mes(es),2024-12-05,-44448731.0,-0.051683806731062334,0,120.0
CO1.BDOS.7139673,MC-39-2024,MUNICIPIO DE CHOCONTÁ,Cundinamarca,Chocontá,Mínima cuantía,Obra,Seleccionado,36400000.0,36391345.0,1,10,día(s),2024-12-04,-8655.0,-0.00023777472527472526,0,10.0
CO1.BDOS.7066782,SAMC-014-2024 (Manifestación de interés (Menor Cuantía)) (Presentación de oferta),ALCALDÍA MUNICIPAL DE MADRID CUNDINAMARCA,Cundinamarca,Madrid,Selección Abreviada de Menor Cuantía,Obra,Seleccionado,294547143.0,287772123.0,0,20,día(s),2024-12-03,-6775020.0,-0.023001479257261037,0,20.0
CO1.BDOS.7132779,MC. 032-2024,ALCALDIA MUNICIPAL DE BOJACA,Cundinamarca,Bojacá,Mínima cuantía,Obra,Seleccionado,21676753.0,21676753.0,1,8,día(s),2024-12-03,0.0,0.0,0,8.0
CO1.BDOS.7030910,SA 2024-0719 (Manifestación de interés (Menor Cuantía)) (Presentación de oferta),ALCALDIA MUNICIPAL FUSAGASUGA,Cundinamarca,Fusagasugá,Selección Abreviada de Menor Cuantía,Obra,Seleccionado,158467253.0,158454557.0,1,2,Mes(es),2024-12-03,-12696.0,-8.011749910248019e-05,0,60.0
CO1.BDOS.7132988,MC. 033-2024,ALCALDIA MUNICIPAL DE BOJACA,Cundinamarca,Bojacá,Mínima cuantía,Obra,Seleccionado,36400000.0,36400000.0,1,8,día(s),2024-12-03,0.0,0.0,0,8.0
CO1.BDOS.7130710,MC 044-2024,ALCALDIA MUNICIPIO DE RICAURTE,Cundinamarca,Ricaurte,Mínima cuantía,Obra,Seleccionado,36214517.0,36197280.0,2,0,día(s),2024-12-03,-17237.0,-0.00047596934676776166,0,0.0
CO1.BDOS.7133612,MC. 036-2024,ALCALDIA MUNICIPAL DE BOJACA,Cundinamarca,Bojacá,Mínima cuantía,Obra,Seleccionado,32940587.0,26186682.0,3,10,día(s),2024-12-03,-6753905.0,-0.2050329279195905,0,10.0
CO1.BDOS.7133350,MC. 034-2024,ALCALDIA MUNICIPAL DE BOJACA,Cundinamarca,Bojacá,Mínima cuantía,Obra,Seleccionado,36362000.0,36400000.0,3,8,día(s),2024-12-03,38000.0,0.0010450470271162202,1,8.0
CO1.BDOS.7046022,SAMC. 008-2024 (Manifestación de interés (Menor Cuantía)) (Presentación de oferta),ALCALDIA MUNICIPAL DE BOJACA,Cundinamarca,Bojacá,Selección Abreviada de Menor Cuantía,Obra,Seleccionado,85630405.0,85630394.0,1,10,día(s),2024-12-02,-11.0,-1.2845904442469938e-07,0,10.0
CO1.BDOS.7048129,LP-009-22024 (Fase de Selección (Presentación de ofertas)),MUNICIPIO DE FUNZA - ALCALDÍA DE FUNZA,Cundinamarca,Funza,Licitación pública Obra Publica,Obra,Seleccionado,12234862063.0,11231872495.0,38,6,Mes(es),2024-11-29,-1002989568.0,-0.08197800374335124,0,180.0
CO1.BDOS.7015961,SAMC-012-2024 (Manifestación de interés (Menor Cuantía)) (Presentación de oferta),ALCALDIA MUNICIPAL TAUSA,Cundinamarca,Tausa,Selección Abreviada de Menor Cuantía,Obra,Seleccionado,80000000.0,79200000.0,1,15,día(s),2024-11-28,-800000.0,-0.01,0,15.0
CO1.BDOS.7036459,MA-SAMC-004-2024 (Manifestación de interés (Menor Cuantía)) (Presentación de oferta),ALCALDIA MUNICIPIO DE ANOLAIMA,Cundinamarca,Anolaima,Selección Abreviada de Menor Cuantía,Obra,Seleccionado,149963270.0,142364131.0,1,30,día(s),2024-11-28,-7599139.0,-0.05067333487726695,0,30.0
CO1.BDOS.7039216,LP-010-2024  (Fase de Selección (Presentación de ofertas)),MUNICIPIO DE FUNZA - ALCALDÍA DE FUNZA,Cundinamarca,Funza,Licitación pública Obra Publica,Obra,Seleccionado,5977863038.0,5713639120.0,9,0,día(s),2024-11-28,-264223918.0,-0.044200396750541944,0,0.0
CO1.BDOS.7012029,LP-007-2024 (Fase de Selección (Presentación de ofertas)),MUNICIPIO DE SOACHA..,Cundinamarca,Soacha,Licitación pública Obra Publica,Obra,Seleccionado,3078526000.0,3078526000.0,2,12,Mes(es),2024-11-27,0.0,0.0,0,360.0
CO1.BDOS.6965602,SA-011-2024 (Manifestación de interés (Menor Cuantía)) (Presentación de oferta),MUNICIPIO DE LA MESA,Cundinamarca,La Mesa,Selección Abreviada de Menor Cuantía,Obra,Seleccionado,226762873.0,226762862.0,1,20,día(s),2024-11-27,-11.0,-4.8508822694268825e-08,0,20.0
CO1.BDOS.7103513,MA-MC-037-2024,ALCALDIA MUNICIPIO DE ANOLAIMA,Cundinamarca,Anolaima,Mínima cuantía,Obra,Seleccionado,36358867.0,36200231.0,2,30,día(s),2024-11-27,-158636.0,-0.004363062248336836,0,30.0
CO1.BDOS.7037811,SAMC 007-2024 (Manifestación de interés (Menor Cuantía)) (Presentación de oferta),ALCALDIA MUNICIPIO DE RICAURTE,Cundinamarca,Ricaurte,Selección Abreviada de Menor Cuantía,Obra,Seleccionado,363776487.0,363776487.0,1,6,Mes(es),2024-11-27,0.0,0.0,0,180.0
CO1.BDOS.7017411,SA 2024-0709 (Manifestación de interés (Menor Cuantía)) (Presentación de oferta),ALCALDIA MUNICIPAL FUSAGASUGA,Cundinamarca,Fusagasugá,Selección Abreviada de Menor Cuantía,Obra,Seleccionado,368286366.0,365236312.0,2,2,Mes(es),2024-11-27,-3050054.0,-0.00828174562400173,0,60.0
CO1.BDOS.7031300,SAMC-012-2024 (Manifestación de interés (Menor Cuantía)) (Presentación de oferta),MUNICIPIO DE COGUA,Cundinamarca,Cogua,Selección Abreviada de Menor Cuantía,Obra,Seleccionado,200000000.0,188001331.0,3,2,Mes(es),2024-11-27,-11998669.0,-0.059993345,0,60.0
CO1.BDOS.7093522,INV-MIN- PUB-033-2024,ALCALDIA MUNICIPAL DE SUESCA +,Cundinamarca,Suesca,Mínima cuantía,Obra,Seleccionado,36377849.0,36377849.0,1,20,día(s),2024-11-26,0.0,0.0,0,20.0
CO1.BDOS.7031275,LP-008-2024 (Fase de Selección (Presentación de ofertas)),MUNICIPIO DE FUNZA - ALCALDÍA DE FUNZA,Cundinamarca,Funza,Licitación pública Obra Publica,Obra,Seleccionado,2736826414.0,2573711415.0,45,0,día(s),2024-11-26,-163114999.0,-0.059600052880810876,0,0.0
CO1.BDOS.7018509,MA-SAMC-003-2024 (Manifestación de interés (Menor Cuantía)) (Presentación de oferta),ALCALDIA MUNICIPIO DE ANOLAIMA,Cundinamarca,Anolaima,Selección Abreviada de Menor Cuantía,Obra,Seleccionado,42187600.0,40039650.0,1,30,día(s),2024-11-26,-2147950.0,-0.05091424968474149,0,30.0
CO1.BDOS.7091868,MC. 028-2024,ALCALDIA MUNICIPAL DE BOJACA,Cundinamarca,Bojacá,Mínima cuantía,Obra,Seleccionado,27910000.0,27910000.0,1,5,día(s),2024-11-25,0.0,0.0,0,5.0
CO1.BDOS.7086603,MC-CMC-CDA-023-2024,SENA REGIONAL CUNDINAMARCA Grupo Administrativo CDA,Cundinamarca,Chía,Mínima cuantía,Obra,Seleccionado,45000000.0,45000000.0,2,0,día(s),2024-11-25,0.0,0.0,0,0.0
CO1.BDOS.7092082,IMCTT-MC-016-2024,INSTITUTO MUNICIPAL DE CULTURA Y TURISMO DE TENJO,Cundinamarca,Tenjo,Mínima cuantía,Obra,Seleccionado,35833714.0,35516739.0,3,20,día(s),2024-11-25,-316975.0,-0.008845719983142132,0,20.0
CO1.BDOS.7001130,LP-007-2024 (Fase de Selección (Presentación de ofertas)),MUNICIPIO DE FUNZA - ALCALDÍA DE FUNZA,Cundinamarca,Funza,Licitación pública Obra Publica,Obra,Seleccionado,1065897418.0,997145112.0,59,3,Mes(es),2024-11-22,-68752306.0,-0.0645018036810743,0,90.0
CO1.BDOS.7074431,MA-MC-034-2024,ALCALDIA MUNICIPIO DE ANOLAIMA,Cundinamarca,Anolaima,Mínima cuantía,Obra,Seleccionado,7994711.0,7994600.0,1,30,día(s),2024-11-21,-111.0,-1.3884179177959028e-05,0,30.0
CO1.BDOS.7071577,INV-MIN- PUB-032-2024,ALCALDIA MUNICIPAL DE SUESCA +,Cundinamarca,Suesca,Mínima cuantía,Obra,Seleccionado,35998320.0,35998320.0,1,1,Mes(es),2024-11-21,0.0,0.0,0,30.0
CO1.BDOS.6974964,SAMC-025-2024 (Manifestación de interés (Menor Cuantía)) (Presentación de oferta),ALCALDIA MUNICIPIO DE CAJICA,Cundinamarca,Cajicá,Selección Abreviada de Menor Cuantía,Obra,Seleccionado,581265306.0,581264952.0,2,6,Mes(es),2024-11-20,-354.0,-6.090162208993082e-07,0,180.0
CO1.BDOS.7067326,MC-047-2024,ALCALDIA MUNICIPAL DE GACHETA,Cundinamarca,Gachetá,Mínima cuantía,Obra,Seleccionado,36320861.0,36218653.0,1,30,día(s),2024-11-20,-102208.0,-0.0028140302070482305,0,30.0
CO1.BDOS.6979056,SA 2024-0651 (Manifestación de interés (Menor Cuantía)) (Presentación de oferta),ALCALDIA MUNICIPAL FUSAGASUGA,Cundinamarca,Fusagasugá,Selección Abreviada de Menor Cuantía,Obra,Seleccionado,442662382.0,442534524.0,1,30,día(s),2024-11-20,-127858.0,-0.0002888386391053216,0,30.0
CO1.BDOS.7065589,MC-046-2021,ALCALDIA MUNICIPAL DE GACHETA,Cundinamarca,Gachetá,Mínima cuantía,Obra,Seleccionado,19978095.0,19915991.0,1,30,día(s),2024-11-20,-62104.0,-0.0031086046992969047,0,30.0
CO1.BDOS.6941036,LICITACION PUBLICA 089-2024 (Fase de Selección (Presentación de ofertas)),MUNICIPIO DE ANAPOIMA/,Cundinamarca,No Definido,Licitación pública Obra Publica,Obra,Seleccionado,12685003524.0,12672048881.0,1,11,Mes(es),2024-11-19,-12954643.0,-0.0010212565550722823,0,330.0
CO1.BDOS.6977121,SAMC-027-2024 (Manifestación de interés (Menor Cuantía)) (Presentación de oferta),ALCALDIA MUNICIPIO DE CAJICA,Cundinamarca,Cajicá,Selección Abreviada de Menor Cuantía,Obra,Seleccionado,582000000.0,581708779.0,1,6,día(s),2024-11-19,-291221.0,-0.0005003797250859106,0,6.0
CO1.BDOS.6988499,SAMC 006-2024 (Manifestación de interés (Menor Cuantía)) (Presentación de oferta),ALCALDIA MUNICIPIO DE RICAURTE,Cundinamarca,Ricaurte,Selección Abreviada de Menor Cuantía,Obra,Seleccionado,68449323.0,68449323.0,1,1,Mes(es),2024-11-19,0.0,0.0,0,30.0
CO1.BDOS.6978407,SAMC-028-2024 (Manifestación de interés (Menor Cuantía)) (Presentación de oferta),ALCALDIA MUNICIPIO DE CAJICA,Cundinamarca,Cajicá,Selección Abreviada de Menor Cuantía,Obra,Seleccionado,223500550.0,162066056.0,0,3,Mes(es),2024-11-19,-61434494.0,-0.27487401708854853,0,90.0
CO1.BDOS.7057724,MC-070-2024,MUNICIPIO DE VILLAPINZON,Cundinamarca,Villapinzón,Mínima cuantía,Obra,Seleccionado,36400000.0,36400000.0,1,0,día(s),2024-11-19,0.0,0.0,0,0.0
CO1.BDOS.6897414,SA 2024-0598 (Manifestación de interés (Menor Cuantía)) (Presentación de oferta),ALCALDIA MUNICIPAL FUSAGASUGA,Cundinamarca,Fusagasugá,Selección Abreviada de Menor Cuantía,Obra,Seleccionado,581620123.0,553988878.0,7,2,Mes(es),2024-11-19,-27631245.0,-0.04750737449983312,0,60.0
CO1.BDOS.6977322,SAMC-003-2024 (Manifestación de interés (Menor Cuantía)) (Presentación de oferta),INSTITUTO MUNICIPAL DE RECREACIÓN Y DEPORTES DE CHIA,Cundinamarca,Chía,Selección Abreviada de Menor Cuantía,Obra,Seleccionado,249081561.0,248705323.0,1,10,día(s),2024-11-19,-376238.0,-0.0015105012128938762,0,10.0
CO1.BDOS.6953509,LP-001-2024 (Fase de Selección (Presentación de ofertas)),INSTITUTO MUNICIPAL DE VIVIENDA DE INTERÉS SOCIAL CAJICA,Cundinamarca,Cajicá,Licitación pública Obra Publica,Obra,Seleccionado,1210117716.0,1208847876.0,1,7,Mes(es),2024-11-18,-1269840.0,-0.0010493524582033307,0,210.0
CO1.BDOS.6979263,SAMC 176-2024 (Manifestación de interés (Menor Cuantía)) (Presentación de oferta),IDERF,Cundinamarca,Fusagasugá,Selección Abreviada de Menor Cuantía,Obra,Seleccionado,163865508.0,161148208.0,1,20,día(s),2024-11-18,-2717300.0,-0.016582501303446972,0,20.0
CO1.BDOS.7055079,MC-029-2024,MUNICIPIO DE ALBAN,Cundinamarca,Albán,Mínima cuantía,Obra,Seleccionado,36377275.0,34941295.0,1,42,día(s),2024-11-18,-1435980.0,-0.03947464454113179,0,42.0
CO1.BDOS.7049688,MC. 025-2024,ALCALDIA MUNICIPAL DE BOJACA,Cundinamarca,Bojacá,Mínima cuantía,Obra,Seleccionado,36400000.0,32439657.0,3,30,día(s),2024-11-18,-3960343.0,-0.10880063186813187,0,30.0
CO1.BDOS.6942755,SA-030-2024 (Manifestación de interés (Menor Cuantía)) (Presentación de oferta),CUNDINAMARCA-ALCALDIA MUNICIPIO MOSQUERA,Cundinamarca,Mosquera,Selección Abreviada de Menor Cuantía,Obra,Seleccionado,381999786.0,378846263.0,1,30,día(s),2024-11-15,-3153523.0,-0.008255300436215427,0,30.0
CO1.BDOS.7023956,SMC 017-2024,ALCALDIA MUNICIPIO DE NOCAIMA,Cundinamarca,Nocaima,Mínima cuantía,Obra,Seleccionado,20000000.0,20000000.0,2,45,día(s),2024-11-13,0.0,0.0,0,45.0
CO1.BDOS.7025944,072-00-M-CAMAN-GRUAL-2024,COMANDO AEREO DE MANTENIMIENTO,Cundinamarca,Madrid,Mínima cuantía,Obra,Seleccionado,25431629.0,25431629.0,3,30,día(s),2024-11-13,0.0,0.0,0,30.0
CO1.BDOS.7028797,IPMC-028-2024,MUNICIPIO DE COGUA,Cundinamarca,Cogua,Mínima cuantía,Obra,Seleccionado,36400000.0,36144672.0,2,1,Mes(es),2024-11-13,-255328.0,-0.007014505494505495,0,30.0
CO1.BDOS.6935911,LP-002-2024 (Fase de Selección (Presentación de ofertas)),IDUVI,Cundinamarca,Chía,Licitación pública Obra Publica,Obra,Seleccionado,1158650551.0,1109429858.0,28,180,día(s),2024-11-13,-49220693.0,-0.04248105087208473,0,180.0
CO1.BDOS.6940560,SAMC-023-2024 (Manifestación de interés (Menor Cuantía)) (Presentación de oferta),ALCALDIA MUNICIPIO DE CAJICA,Cundinamarca,Cajicá,Selección Abreviada de Menor Cuantía,Obra,Seleccionado,154845908.0,154780952.0,1,3,Mes(es),2024-11-12,-64956.0,-0.00041948799835252995,0,90.0
CO1.BDOS.6908261,SAMC-026-2024 (Manifestación de interés (Menor Cuantía)) (Presentación de oferta),ALCALDIA MUNICIPIO DE LA VEGA CUNDINAMARCA,Cundinamarca,La Vega,Selección Abreviada de Menor Cuantía,Obra,Seleccionado,324072427.0,322035188.0,3,1,Mes(es),2024-11-12,-2037239.0,-0.006286369435558305,0,30.0
CO1.BDOS.7021020,SMIN-033-2024,ALCALDIA MUNICIPIO DE ZIPAQUIRA,Cundinamarca,Zipaquirá,Mínima cuantía,Obra,Seleccionado,54172000.0,54137156.0,1,1,Mes(es),2024-11-12,-34844.0,-0.0006432105146570184,0,30.0
CO1.BDOS.6930879,LP-005-2024 (Presentación de oferta),INSTITUTO MUNICIPAL DE RECREACION Y DEPORTE DE COTA CUNDINAMARCA,Cundinamarca,Cota,Licitación pública,Obra,Seleccionado,417600000.0,413408529.0,1,40,día(s),2024-11-12,-4191471.0,-0.010037047413793104,0,40.0
CO1.BDOS.6912871,SAMC-011-2024 (Manifestación de interés (Menor Cuantía)) (Presentación de oferta),ALCALDIA MUNICIPIO DE ZIPAQUIRA,Cundinamarca,Zipaquirá,Selección Abreviada de Menor Cuantía,Obra,Seleccionado,299963583.0,299854985.0,2,5,Mes(es),2024-11-12,-108598.0,-0.00036203728103887864,0,150.0
CO1.BDOS.7009286,MC-069-2024,MUNICIPIO DE VILLAPINZON,Cundinamarca,Villapinzón,Mínima cuantía,Obra,Seleccionado,36400000.0,36400000.0,1,40,día(s),2024-11-12,0.0,0.0,0,40.0
CO1.BDOS.6923510,SA-AMS-2024-0012 (Manifestación de interés (Menor Cuantía)) (Presentación de oferta),ALCALDÍA MUNICIPAL DE SOPO,Cundinamarca,Sopó,Selección Abreviada de Menor Cuantía,Obra,Seleccionado,76041000.0,76040524.0,2,1,Mes(es),2024-11-12,-476.0,-6.259780907668232e-06,0,30.0
CO1.BDOS.6902032,SAMC-025-2024 (Manifestación de interés (Menor Cuantía)) (Presentación de oferta),ALCALDIA MUNICIPIO DE LA VEGA CUNDINAMARCA,Cundinamarca,La Vega,Selección Abreviada de Menor Cuantía,Obra,Seleccionado,333479190.0,333349659.0,2,1,Mes(es),2024-11-08,-129531.0,-0.00038842303773137986,0,30.0
CO1.BDOS.7011353,MC-022 de 2024,ALCALDÍA MUNICIPAL DE SASAIMA,Cundinamarca,Sasaima,Mínima cuantía,Obra,Seleccionado,25924434.0,25537944.0,2,0,día(s),2024-11-08,-386490.0,-0.01490832933903205,0,0.0
CO1.BDOS.6947975,SAMC.OP-002-2024 (Manifestación de interés (Menor Cuantía)) (Presentación de oferta),MUNICIPIO DE LA CALERA CUNDINAMARCA,Cundinamarca,La Calera,Selección Abreviada de Menor Cuantía,Obra,Seleccionado,348443158.0,331521316.0,9,45,día(s),2024-11-08,-16921842.0,-0.04856413911849576,0,45.0
CO1.BDOS.6920711,LP 010-2024 (Fase de Selección (Presentación de ofertas)),ALCALDIA MUNICIPIO DE CAJICA,Cundinamarca,Cajicá,Licitación pública Obra Publica,Obra,Seleccionado,1963016500.0,1962962275.0,1,7,Mes(es),2024-11-07,-54225.0,-2.7623303217267914e-05,0,210.0
CO1.BDOS.6919525,SAMC-019-2024 (Manifestación de interés (Menor Cuantía)) (Presentación de oferta),ALCALDIA MUNICIPIO DE CAJICA,Cundinamarca,Cajicá,Selección Abreviada de Menor Cuantía,Obra,Seleccionado,352939866.0,352764182.0,1,7,Mes(es),2024-11-07,-175684.0,-0.0004977731815651565,0,210.0
CO1.BDOS.7002574,MC-037-2024,ALCALDIA DE SESQUILE,Cundinamarca,Sesquilé,Mínima cuantía,Obra,Seleccionado,29989909.0,23628200.0,4,30,día(s),2024-11-07,-6361709.0,-0.21212831956242348,0,30.0
CO1.BDOS.6911602,SAMC-010-2024 (Manifestación de interés (Menor Cuantía)) (Presentación de oferta),ALCALDIA MUNICIPIO DE ZIPAQUIRA,Cundinamarca,Zipaquirá,Selección Abreviada de Menor Cuantía,Obra,Seleccionado,184992730.0,184926371.0,1,5,Mes(es),2024-11-06,-66359.0,-0.0003587113936855789,0,150.0
CO1.BDOS.6898146,LP-001-2024 (Fase de Selección (Presentación de ofertas)),IDUVI,Cundinamarca,Chía,Licitación pública Obra Publica,Obra,Seleccionado,1499999365.0,1499999310.0,1,180,día(s),2024-11-05,-55.0,-3.666668218889546e-08,0,180.0
CO1.BDOS.6892178,SAMC 005 2024 (Manifestación de interés (Menor Cuantía)) (Presentación de oferta),ALCALDIA MUNICIPAL DE EL COLEGIO,Cundinamarca,El Colegio,Selección Abreviada de Menor Cuantía,Obra,Seleccionado,87000000.0,86987519.0,1,30,día(s),2024-11-05,-12481.0,-0.00014345977011494252,0,30.0
CO1.BDOS.6904323,SA 2024-0603 (Manifestación de interés (Menor Cuantía)) (Presentación de oferta),ALCALDIA MUNICIPAL FUSAGASUGA,Cundinamarca,Fusagasugá,Selección Abreviada de Menor Cuantía,Obra,Seleccionado,214518593.0,210164099.0,2,2,Mes(es),2024-11-05,-4354494.0,-0.020298911805747298,0,60.0
CO1.BDOS.6890642,SA 2024-0590 (Manifestación de interés (Menor Cuantía)) (Presentación de oferta),ALCALDIA MUNICIPAL FUSAGASUGA,Cundinamarca,Fusagasugá,Selección Abreviada de Menor Cuantía,Obra,Seleccionado,249839763.0,241013042.0,4,2,Mes(es),2024-11-05,-8826721.0,-0.03532952839056287,0,60.0
CO1.BDOS.6875868,SAMC-010-2024 (Manifestación de interés (Menor Cuantía)) (Presentación de oferta),ALCALDIA MUNICIPAL TAUSA,Cundinamarca,Tausa,Selección Abreviada de Menor Cuantía,Obra,Seleccionado,190438500.0,186142894.0,2,2,Mes(es),2024-10-31,-4295606.0,-0.022556394846630277,0,60.0
CO1.BDOS.6885070,SAMC-011-2024   (Manifestación de interés (Menor Cuantía)) (Presentación de oferta),MUNICIPIO DE UBATE,Cundinamarca,Villa De San Diego De Ubate,Selección Abreviada de Menor Cuantía,Obra,Seleccionado,348887311.0,348877138.0,2,1,Mes(es),2024-10-31,-10173.0,-2.9158412126946056e-05,0,30.0
CO1.BDOS.6890585,SAMC-012-2024 (Manifestación de interés (Menor Cuantía)) (Presentación de oferta),MUNICIPIO DE UBATE,Cundinamarca,Villa De San Diego De Ubate,Selección Abreviada de Menor Cuantía,Obra,Seleccionado,359258346.0,359244165.0,1,1,Mes(es),2024-10-31,-14181.0,-3.947298694071258e-05,0,30.0
CO1.BDOS.6877021,SAMC-011-2024 (Manifestación de interés (Menor Cuantía)) (Presentación de oferta),ALCALDIA MUNICIPAL TAUSA,Cundinamarca,Tausa,Selección Abreviada de Menor Cuantía,Obra,Seleccionado,160000000.0,160000000.0,1,2,Mes(es),2024-10-31,0.0,0.0,0,60.0
CO1.BDOS.6884958,LP-009-2024 (Fase de Selección (Presentación de ofertas)),ALCALDIA MUNICIPIO DE CAJICA,Cundinamarca,Cajicá,Licitación pública Obra Publica,Obra,Seleccionado,700236051.0,666267515.0,45,8,Mes(es),2024-10-31,-33968536.0,-0.048510121624686244,0,240.0
CO1.BDOS.6956802,SMC 019 DE 2024,ALCALDIA DE GAMA,Cundinamarca,Gama,Mínima cuantía,Obra,Seleccionado,36400000.0,36160029.0,4,2,Mes(es),2024-10-30,-239971.0,-0.0065926098901098905,0,60.0
CO1.BDOS.6841802,SAMC-023-2024 (Manifestación de interés (Menor Cuantía)) (Presentación de oferta),ALCALDIA MUNICIPIO DE LA VEGA CUNDINAMARCA,Cundinamarca,La Vega,Selección Abreviada de Menor Cuantía,Obra,Seleccionado,208548610.0,208508050.0,2,45,día(s),2024-10-30,-40560.0,-0.00019448703110512222,0,45.0
CO1.BDOS.6883140,LP -008 DE 2024 (Fase de Selección (Presentación de ofertas)),ALCALDIA MUNICIPIO DE CAJICA,Cundinamarca,Cajicá,Licitación pública Obra Publica,Obra,Seleccionado,841121495.0,800738618.0,33,5,Mes(es),2024-10-30,-40382877.0,-0.048010753785337514,0,150.0
CO1.BDOS.6960293,IPMC-030-2024,ALCALDIA DE TABIO,Cundinamarca,Tabio,Mínima cuantía,Obra,Seleccionado,36199194.0,33499271.0,3,30,día(s),2024-10-30,-2699923.0,-0.07458516894050182,0,30.0
CO1.BDOS.6890342,SAMC-009-2024 (Manifestación de interés (Menor Cuantía)) (Presentación de oferta),MUNICIPIO DE VILLAPINZON,Cundinamarca,Villapinzón,Selección Abreviada de Menor Cuantía,Obra,Seleccionado,50000000.0,50000000.0,1,0,día(s),2024-10-29,0.0,0.0,0,0.0
CO1.BDOS.6774222,SAMC-020-2024 (Manifestación de interés (Menor Cuantía)) (Presentación de oferta),ALCALDIA MUNICIPIO DE LA VEGA CUNDINAMARCA,Cundinamarca,La Vega,Selección Abreviada de Menor Cuantía,Obra,Seleccionado,350354237.0,331085753.0,4,2,Mes(es),2024-10-29,-19268484.0,-0.05499714850030485,0,60.0
CO1.BDOS.6846739,SA-002-2024 (Manifestación de interés (Menor Cuantía)) (Presentación de oferta),MUNICIPIO DE AGUA DE DIOS,Cundinamarca,Agua De Dios,Selección Abreviada de Menor Cuantía,Obra,Seleccionado,160301016.0,160301016.0,1,2,Mes(es),2024-10-28,0.0,0.0,0,60.0
CO1.BDOS.6888721,SAMC-008-2024 (Manifestación de interés (Menor Cuantía)) (Presentación de oferta),MUNICIPIO DE VILLAPINZON,Cundinamarca,Villapinzón,Selección Abreviada de Menor Cuantía,Obra,Seleccionado,363980636.0,363980636.0,1,0,día(s),2024-10-28,0.0,0.0,0,0.0
CO1.BDOS.6820426,SAMC-022-2024 (Manifestación de interés (Menor Cuantía)) (Presentación de oferta),ALCALDIA MUNICIPIO DE LA VEGA CUNDINAMARCA,Cundinamarca,La Vega,Selección Abreviada de Menor Cuantía,Obra,Seleccionado,223677199.0,208801858.0,4,45,día(s),2024-10-28,-14875341.0,-0.06650360906924625,0,45.0
CO1.BDOS.6862617,SAMC 169-2024 (Manifestación de interés (Menor Cuantía)) (Presentación de oferta),IDERF,Cundinamarca,Fusagasugá,Selección Abreviada de Menor Cuantía,Obra,Seleccionado,297262752.0,293670000.0,1,75,día(s),2024-10-24,-3592752.0,-0.012086115652996445,0,75.0
CO1.BDOS.6852133,SAMC-009-2024 (Manifestación de interés (Menor Cuantía)) (Presentación de oferta),ALCALDIA MUNICIPAL TAUSA,Cundinamarca,Tausa,Selección Abreviada de Menor Cuantía,Obra,Seleccionado,128109754.0,128014854.0,3,45,día(s),2024-10-24,-94900.0,-0.0007407710735280938,0,45.0
CO1.BDOS.6859313,SAMC-002-2024 (Manifestación de interés (Menor Cuantía)) (Presentación de oferta),IDUVI,Cundinamarca,Chía,Selección Abreviada de Menor Cuantía,Obra,Seleccionado,364000000.0,364000000.0,1,60,día(s),2024-10-23,0.0,0.0,0,60.0
CO1.BDOS.6620011,FACATATIVA-LP-594-24 (Fase de Selección (Presentación de ofertas)),ALCALDIA MUNICIPAL DE FACATATIVA,Cundinamarca,Facatativá,Licitación pública Obra Publica,Obra,Seleccionado,4000000000.0,3783078312.0,56,3,Mes(es),2024-10-23,-216921688.0,-0.054230422,0,90.0
CO1.BDOS.6912768,MC-062-2024,MUNICIPIO DE VILLAPINZON,Cundinamarca,Villapinzón,Mínima cuantía,Obra,Seleccionado,25000000.0,25000000.0,3,0,día(s),2024-10-22,0.0,0.0,0,0.0
CO1.BDOS.6847472,SAMC-01-2024 (Manifestación de interés (Menor Cuantía)) (Presentación de oferta),IDUVI,Cundinamarca,Chía,Selección Abreviada de Menor Cuantía,Obra,Seleccionado,363999551.0,362246105.0,1,60,día(s),2024-10-22,-1753446.0,-0.004817165282712121,0,60.0
CO1.BDOS.6912685,MC-098-CENACTELEMATICA-2024,CENTRAL ADMINISTRATIVA Y CONTABLE TELEMATICA,Cundinamarca,Facatativá,Mínima cuantía,Obra,Seleccionado,48060033.0,32373108.0,12,0,día(s),2024-10-21,-15686925.0,-0.32640270971099833,0,0.0
CO1.BDOS.6821223,SA-023-2024 (Manifestación de interés (Menor Cuantía)) (Presentación de oferta),CUNDINAMARCA-ALCALDIA MUNICIPIO MOSQUERA,Cundinamarca,Mosquera,Selección Abreviada de Menor Cuantía,Obra,Seleccionado,584756436.0,559588878.0,2,45,día(s),2024-10-18,-25167558.0,-0.043039386059873994,0,45.0
CO1.BDOS.6819963,IMDERS-SAMC-02-2024 (Manifestación de interés (Menor Cuantía)) (Presentación de oferta),IMDERS SIBATÉ,Cundinamarca,Sibaté,Selección Abreviada de Menor Cuantía,Obra,Seleccionado,314670880.0,314670880.0,1,2,Mes(es),2024-10-18,0.0,0.0,0,60.0
CO1.BDOS.6827074,SAMC-015-2024 (Manifestación de interés (Menor Cuantía)) (Presentación de oferta),ALCALDIA MUNICIPAL DE CHIA,Cundinamarca,Chía,Selección Abreviada de Menor Cuantía,Obra,Seleccionado,548629166.0,514062172.0,5,1,Mes(es),2024-10-18,-34566994.0,-0.06300611805242597,0,30.0
CO1.BDOS.6888986,MC 2024-0589,ALCALDIA MUNICIPAL FUSAGASUGA,Cundinamarca,Fusagasugá,Mínima cuantía,Obra,Seleccionado,58499992.0,53186259.0,15,1,Mes(es),2024-10-16,-5313733.0,-0.09083305515665711,0,30.0
CO1.BDOS.6891895,SMC 173-2024,IDERF,Cundinamarca,Fusagasugá,Mínima cuantía,Obra,Seleccionado,35281601.0,30418483.0,1,45,día(s),2024-10-16,-4863118.0,-0.13783722569732593,0,45.0
CO1.BDOS.6754960,SAMC 009-2024 (Manifestación de interés (Menor Cuantía)) (Presentación de oferta),ALCALDIA MUNICIPIO DE NOCAIMA,Cundinamarca,Nocaima,Selección Abreviada de Menor Cuantía,Obra,Seleccionado,215752413.0,215752413.0,2,3,Mes(es),2024-10-15,0.0,0.0,0,90.0
CO1.BDOS.6791506,SAMC - 004 DE 2024  (Manifestación de interés (Menor Cuantía)) (Presentación de oferta),ALCALDÍA MUNICIPAL DE SASAIMA,Cundinamarca,Sasaima,Selección Abreviada de Menor Cuantía,Obra,Seleccionado,342961336.0,342456995.0,1,0,día(s),2024-10-12,-504341.0,-0.001470547688792535,0,0.0
CO1.BDOS.6775039,LP-001-2024. (Fase de Selección (Presentación de ofertas)),ALCALDIA MUNICIPAL DE PUERTO SALGAR,Cundinamarca,Puerto Salgar,Licitación pública Obra Publica,Obra,Seleccionado,544549000.0,544549000.0,1,2,Mes(es),2024-10-11,0.0,0.0,0,60.0
CO1.BDOS.6780851,SAMC-005-2024 (Manifestación de interés (Menor Cuantía)) (Presentación de oferta),MUNICIPIO DE PACHO,Cundinamarca,Pacho,Selección Abreviada de Menor Cuantía,Obra,Seleccionado,239000000.0,237788609.0,1,2,Mes(es),2024-10-11,-1211391.0,-0.005068581589958159,0,60.0
CO1.BDOS.6761296,SAMC-002-2024 (Manifestación de interés (Menor Cuantía)) (Presentación de oferta),INSTITUTO MUNICIPAL DE VIVIENDA DE INTERÉS SOCIAL CAJICA,Cundinamarca,Cajicá,Selección Abreviada de Menor Cuantía,Obra,Seleccionado,219991823.0,219991823.0,1,2,Mes(es),2024-10-09,0.0,0.0,0,60.0
CO1.BDOS.6746478,SAMC-011-2024 (Manifestación de interés (Menor Cuantía)) (Presentación de oferta),MUNICIPIO DE COGUA,Cundinamarca,Cogua,Selección Abreviada de Menor Cuantía,Obra,Seleccionado,260000000.0,250673295.0,6,75,día(s),2024-10-07,-9326705.0,-0.035871942307692306,0,75.0
CO1.BDOS.6734244,SAMC-004-2024 (Manifestación de interés (Menor Cuantía)) (Presentación de oferta),MUNICIPIO DE PACHO,Cundinamarca,Pacho,Selección Abreviada de Menor Cuantía,Obra,Seleccionado,190000000.0,189953545.0,1,3,Mes(es),2024-10-07,-46455.0,-0.0002445,0,90.0
CO1.BDOS.6705204,SAMC-007-2024 (Manifestación de interés (Menor Cuantía)) (Presentación de oferta),ALCALDIA MUNICIPAL TAUSA,Cundinamarca,Tausa,Selección Abreviada de Menor Cuantía,Obra,Seleccionado,300000000.0,299950142.0,1,2,Mes(es),2024-10-07,-49858.0,-0.00016619333333333332,0,60.0
CO1.BDOS.6808728,RE 010.1 2024,INSTITUCION EDUCATIVA DEPARTAMENTAL FRANCISCO JULIAN OLAYA,Cundinamarca,La Mesa,Contratación régimen especial (con ofertas),Obra,Abierto,26000000.0,19920660.0,3,30,día(s),2024-10-02,-6079340.0,-0.23382076923076922,0,30.0
CO1.BDOS.6698912,SAMC-006-2024 (Manifestación de interés (Menor Cuantía)) (Presentación de oferta),ALCALDIA MUNICIPAL TAUSA,Cundinamarca,Tausa,Selección Abreviada de Menor Cuantía,Obra,Seleccionado,310538690.0,306378361.0,1,3,Mes(es),2024-10-02,-4160329.0,-0.013397135796508964,0,90.0
CO1.BDOS.6810243,CMC-031-2024,ALCALDIA MUNICIPAL DE PUERTO SALGAR,Cundinamarca,Puerto Salgar,Mínima cuantía,Obra,Seleccionado,36000000.0,36000000.0,2,60,día(s),2024-10-02,0.0,0.0,0,60.0
CO1.BDOS.6793327,RE 011 2024,INSTITUCION EDUCATIVA DEPARTAMENTAL FRANCISCO JULIAN OLAYA,Cundinamarca,La Mesa,Contratación régimen especial (con ofertas),Obra,Abierto,13000000.0,11499999.0,4,30,día(s),2024-10-01,-1500001.0,-0.11538469230769231,0,30.0
CO1.BDOS.6788619,M.C. 002-2024,INSTITUCION EDUCATIVA ROBERTO VELANDIA,Cundinamarca,Mosquera,Mínima cuantía,Obra,Seleccionado,28984977.0,23477831.0,7,45,día(s),2024-09-30,-5507146.0,-0.1900000127652335,0,45.0
CO1.BDOS.6798126,MC 032-2024,ALCALDIA MUNICIPIO DE RICAURTE,Cundinamarca,Ricaurte,Mínima cuantía,Obra,Seleccionado,33699159.0,33698946.0,1,1,Mes(es),2024-09-30,-213.0,-6.320632511927078e-06,0,30.0
CO1.BDOS.6678234,067-SAMC-CENACTOLEMAIDA-2024 (Manifestación de interés (Menor Cuantía)) (Presentación de oferta),CENAC TOLEMAIDA,Cundinamarca,Nilo,Selección Abreviada de Menor Cuantía,Obra,Seleccionado,159999000.0,154254480.0,25,40,día(s),2024-09-27,-5744520.0,-0.03590347439671498,0,40.0
CO1.BDOS.6288575,SAMC-CMC-CBA-005-2024 (Manifestación de interés (Menor Cuantía)) (Presentación de oferta),SENA REGIONAL CUNDINAMARCA Grupo Administrativo CBA,Cundinamarca,Mosquera,Selección Abreviada de Menor Cuantía,Obra,Seleccionado,1169820153.0,989960399.0,2,3,Mes(es),2024-09-27,-179859754.0,-0.1537499191980496,0,90.0
CO1.BDOS.6719287,SAMC-007-2024 (Manifestación de interés (Menor Cuantía)) (Presentación de oferta),MUNICIPIO DE VILLAPINZON,Cundinamarca,Villapinzón,Selección Abreviada de Menor Cuantía,Obra,Seleccionado,150000000.0,149913260.0,4,2,Mes(es),2024-09-26,-86740.0,-0.0005782666666666667,0,60.0
CO1.BDOS.6683198,SAMC-008-2024 (Manifestación de interés (Menor Cuantía)) (Presentación de oferta),MUNICIPIO DE UBATE,Cundinamarca,Villa De San Diego De Ubate,Selección Abreviada de Menor Cuantía,Obra,Seleccionado,360000000.0,359997259.0,3,60,día(s),2024-09-24,-2741.0,-7.613888888888889e-06,0,60.0
CO1.BDOS.6755960,SMIN-029-2024,ALCALDIA MUNICIPIO DE ZIPAQUIRA,Cundinamarca,Zipaquirá,Mínima cuantía,Obra,Seleccionado,48916720.0,48916720.0,1,3,Mes(es),2024-09-23,0.0,0.0,0,90.0
CO1.BDOS.6728612,MC-053-2024,MUNICIPIO DE VILLAPINZON,Cundinamarca,Villapinzón,Mínima cuantía,Obra,Seleccionado,35000000.0,35000000.0,1,2,Mes(es),2024-09-17,0.0,0.0,0,60.0
CO1.BDOS.6559788,061-SMC-CENACTOLEMAIDA-2024 (Manifestación de interés (Menor Cuantía)) (Presentación de oferta),CENAC TOLEMAIDA,Cundinamarca,Nilo,Selección Abreviada de Menor Cuantía,Obra,Seleccionado,590299640.0,572590425.0,16,60,día(s),2024-09-12,-17709215.0,-0.030000382517597336,0,60.0
CO1.BDOS.6679052,ID-MC-004-2024,"INSTITUTO MUNICIPAL PARA EL DEPORTE, LA RECREACIÓN, LA EDUCACIÓN Y LA EDUCACIÓN FÍSICA EXTRAESCOLAR",Cundinamarca,Villapinzón,Mínima cuantía,Obra,Seleccionado,5000000.0,5000000.0,2,20,día(s),2024-09-09,0.0,0.0,0,20.0
CO1.BDOS.6584285,SAMC-008-2024 (Manifestación de interés (Menor Cuantía)) (Presentación de oferta),ALCALDIA MUNICIPIO DE ZIPAQUIRA,Cundinamarca,Zipaquirá,Selección Abreviada de Menor Cuantía,Obra,Seleccionado,100000000.0,99937289.0,1,3,Mes(es),2024-09-09,-62711.0,-0.00062711,0,90.0
CO1.BDOS.6675516,RE 009 2024,INSTITUCION EDUCATIVA DEPARTAMENTAL FRANCISCO JULIAN OLAYA,Cundinamarca,La Mesa,Contratación régimen especial (con ofertas),Obra,Abierto,8000000.0,6041000.0,1,30,día(s),2024-09-09,-1959000.0,-0.244875,0,30.0
CO1.BDOS.6556233,060-LP-CENACTOLEMAIDA-2024 (Fase de Selección (Presentación de ofertas)),CENAC TOLEMAIDA,Cundinamarca,Nilo,Licitación pública Obra Publica,Obra,Seleccionado,1878669053.0,1810002035.0,20,60,día(s),2024-09-05,-68667018.0,-0.036550885793507557,0,60.0
CO1.BDOS.6516850,LP - 04 - 2024 (Fase de Selección (Presentación de ofertas)),MUNICIPIO DE LA MESA,Cundinamarca,La Mesa,Licitación pública Obra Publica,Obra,Seleccionado,499360452.0,494367679.0,1,4,Mes(es),2024-09-03,-4992773.0,-0.009998334830087826,0,120.0
CO1.BDOS.6643367,MC-051-2024,MUNICIPIO DE VILLAPINZON,Cundinamarca,Villapinzón,Mínima cuantía,Obra,Seleccionado,36400000.0,36399886.0,1,0,día(s),2024-09-03,-114.0,-3.131868131868132e-06,0,0.0
CO1.BDOS.6539079,AML-SAMC- 004 DE 2024 (Manifestación de interés (Menor Cuantía)) (Presentación de oferta),MUNICIPIO DE LENGUAZAQUE,Cundinamarca,Lenguazaque,Selección Abreviada de Menor Cuantía,Obra,Seleccionado,200000000.0,199973578.0,3,1,Mes(es),2024-08-29,-26422.0,-0.00013211,0,30.0
CO1.BDOS.6370515,050-SAMC-CENACTOLEMAIDA-2024 (Manifestación de interés (Menor Cuantía)) (Presentación de oferta),CENAC TOLEMAIDA,Cundinamarca,Nilo,Selección Abreviada de Menor Cuantía,Obra,Seleccionado,196047334.0,190558009.0,6,0,día(s),2024-08-23,-5489325.0,-0.027999998204515243,0,0.0
CO1.BDOS.6573775,MC-046-2024,MUNICIPIO DE VILLAPINZON,Cundinamarca,Villapinzón,Mínima cuantía,Obra,Seleccionado,30000000.0,30000000.0,2,0,día(s),2024-08-21,0.0,0.0,0,0.0
CO1.BDOS.6261224,LP-001 DE 2024 (Fase de Selección (Presentación de ofertas)),ALCALDÍA MUNICIPAL DE SASAIMA,Cundinamarca,Sasaima,Licitación pública Obra Publica,Obra,Seleccionado,1212779433.0,1137356530.0,81,0,día(s),2024-08-18,-75422903.0,-0.06219012373373584,0,0.0
CO1.BDOS.6412301,051-SAMC-CENACTOLEMAIDA-2024 (Manifestación de interés (Menor Cuantía)) (Presentación de oferta),CENAC TOLEMAIDA,Cundinamarca,Nilo,Selección Abreviada de Menor Cuantía,Obra,Seleccionado,310040020.0,295359853.0,4,0,día(s),2024-08-01,-14680167.0,-0.04734926478201105,0,0.0
CO1.BDOS.6379926,SAMC-003 DE 2024 (Manifestación de interés (Menor Cuantía)) (Presentación de oferta),MUNICIPIO DE LENGUAZAQUE,Cundinamarca,Lenguazaque,Selección Abreviada de Menor Cuantía,Obra,Seleccionado,363850169.0,363821843.0,1,3,Mes(es),2024-07-29,-28326.0,-7.785072651704609e-05,0,90.0
CO1.BDOS.6371321,SAMC-006-2024 (Manifestación de interés (Menor Cuantía)) (Presentación de oferta),ALCALDIA MUNICIPIO DE ZIPAQUIRA,Cundinamarca,Zipaquirá,Selección Abreviada de Menor Cuantía,Obra,Seleccionado,508495493.0,507422093.0,1,4,Mes(es),2024-07-26,-1073400.0,-0.002110933164160808,0,120.0
CO1.BDOS.6314620,LP-006-2024 (Fase de Selección (Presentación de ofertas)),ALCALDÍA MUNICIPAL DE MADRID CUNDINAMARCA,Cundinamarca,Madrid,Licitación pública Obra Publica,Obra,Seleccionado,3633499273.0,3180477841.0,7,0,día(s),2024-07-26,-453021432.0,-0.12467910352049216,0,0.0
CO1.BDOS.6342777,SAMC-004-2024 (Manifestación de interés (Menor Cuantía)) (Presentación de oferta),ALCALDIA MUNICIPIO DE ZIPAQUIRA,Cundinamarca,Zipaquirá,Selección Abreviada de Menor Cuantía,Obra,Seleccionado,186723948.0,182977502.0,1,4,Mes(es),2024-07-23,-3746446.0,-0.02006408947608584,0,120.0
CO1.BDOS.6206901,PN ESJIM SA MC 002 2024 (Manifestación de interés (Menor Cuantía)) (Presentación de oferta),ESCUELA DE SUBOFICIALES Y NIVEL EJECUTIVO  GONZALO JIMENEZ DE QUESADA,Cundinamarca,Sibaté,Selección Abreviada de Menor Cuantía,Obra,Seleccionado,2819826006.0,2238826006.0,7,100,día(s),2024-07-23,-581000000.0,-0.2060410815290566,0,100.0
CO1.BDOS.6282185,FACATATIVA-LP-543-24 (Fase de Selección (Presentación de ofertas)),ALCALDIA MUNICIPAL DE FACATATIVA,Cundinamarca,Facatativá,Licitación pública Obra Publica,Obra,Seleccionado,1280014840.0,1218651201.0,2,4,Mes(es),2024-07-19,-61363639.0,-0.04793978716684254,0,120.0
CO1.BDOS.6355407,SAMC 006-2024 (Manifestación de interés (Menor Cuantía)) (Presentación de oferta),ALCALDIA MUNICIPIO DE NOCAIMA,Cundinamarca,Nocaima,Selección Abreviada de Menor Cuantía,Obra,Seleccionado,150630466.0,150033487.0,1,4,Mes(es),2024-07-19,-596979.0,-0.0039632022382510585,0,120.0
CO1.BDOS.6208414,SAMC-008-2024 (Manifestación de interés (Menor Cuantía)) (Presentación de oferta),ALCALDIA MUNICIPAL DE CHIA,Cundinamarca,Chía,Selección Abreviada de Menor Cuantía,Obra,Seleccionado,579953649.0,540717694.0,49,3,Mes(es),2024-07-19,-39235955.0,-0.0676536048486868,0,90.0
CO1.BDOS.6370501,047-MC-CENACTOLEMAIDA-2024,CENAC TOLEMAIDA,Cundinamarca,Nilo,Mínima cuantía,Obra,Seleccionado,49299984.0,49299984.0,8,60,día(s),2024-07-11,0.0,0.0,0,60.0
CO1.BDOS.6286206,SAMC-003-2024. (Manifestación de interés (Menor Cuantía)) (Presentación de oferta),MUNICIPIO DE PACHO,Cundinamarca,Pacho,Selección Abreviada de Menor Cuantía,Obra,Seleccionado,289507491.0,289487663.0,1,3,Mes(es),2024-07-09,-19828.0,-6.848872867334546e-05,0,90.0
CO1.BDOS.6270066,MC-001-2024,INSTITUCION EDUCATIVA DEPARTAMENTAL FRANCISCO JULIAN OLAYA,Cundinamarca,La Mesa,Mínima cuantía,Obra,Seleccionado,33000000.0,20806440.0,19,30,día(s),2024-07-06,-12193560.0,-0.3695018181818182,0,30.0
CO1.BDOS.6278410,SAMC 084-2024 (Manifestación de interés (Menor Cuantía)) (Presentación de oferta),IDERF,Cundinamarca,Fusagasugá,Selección Abreviada de Menor Cuantía,Obra,Seleccionado,200000000.0,200000000.0,1,180,día(s),2024-07-05,0.0,0.0,0,180.0
CO1.BDOS.6305405,MC-028-2024,MUNICIPIO DE VILLAPINZON,Cundinamarca,Villapinzón,Mínima cuantía,Obra,Abierto,25000000.0,22250313.0,2,0,día(s),2024-06-26,-2749687.0,-0.10998748,0,0.0
CO1.BDOS.6177257,SAMC-004-2024 (Manifestación de interés (Menor Cuantía)) (Presentación de oferta),MUNICIPIO DE FUNZA - ALCALDÍA DE FUNZA,Cundinamarca,Funza,Selección Abreviada de Menor Cuantía,Obra,Seleccionado,300000000.0,300000000.0,3,5,Mes(es),2024-06-20,0.0,0.0,0,150.0
CO1.BDOS.6216777,SAMC 01 DE 2024 MANTENBIEMIENTO AREAS AQRUTECTONIC (Manifestación de interés (Menor Cuantía)) (Presentación de oferta),ESCUELA DE FORMACION INPEC,Cundinamarca,No Definido,Selección Abreviada de Menor Cuantía,Obra,Seleccionado,749902455.0,599921948.0,13,3,Mes(es),2024-06-19,-149980507.0,-0.2000000213361083,0,90.0
CO1.BDOS.6230631,SAMC-005-2024 (Manifestación de interés (Menor Cuantía)) (Presentación de oferta),MUNICIPIO DE FUNZA - ALCALDÍA DE FUNZA,Cundinamarca,Funza,Selección Abreviada de Menor Cuantía,Obra,Seleccionado,583300000.0,583300000.0,1,6,Mes(es),2024-06-19,0.0,0.0,0,180.0
CO1.BDOS.6198272,SAMC-009-2024 (Manifestación de interés (Menor Cuantía)) (Presentación de oferta),MUNICIPIO DE COGUA,Cundinamarca,Cogua,Selección Abreviada de Menor Cuantía,Obra,Seleccionado,198924835.0,193025214.0,1,2,Mes(es),2024-06-17,-5899621.0,-0.029657538738187217,0,60.0
CO1.BDOS.5908674,016-00-K-ESUFA-GRUAL-2024 (Manifestación de interés (Menor Cuantía)) (Presentación de oferta),ESCUELA DE SUBOFICIALES  FAC CT ANDRES M DIAZ,Cundinamarca,No Definido,Selección Abreviada de Menor Cuantía,Obra,Seleccionado,764840867.0,744666914.0,8,205,día(s),2024-06-06,-20173953.0,-0.02637666718716274,0,205.0
CO1.BDOS.6133262,SAMC-CMC-CDA-001-2024 (Manifestación de interés (Menor Cuantía)) (Presentación de oferta),SENA REGIONAL CUNDINAMARCA Grupo Administrativo CDA,Cundinamarca,Chía,Selección Abreviada de Menor Cuantía,Obra,Seleccionado,625456000.0,625456000.0,1,0,día(s),2024-06-04,0.0,0.0,0,0.0
CO1.BDOS.6127451,PN ESCAR SA MC 048 2024 (Manifestación de interés (Menor Cuantía)) (Presentación de oferta),ESCUELA NACIONAL DE CARABINEROS POLICIA NACIONAL,Cundinamarca,Facatativá,Selección Abreviada de Menor Cuantía,Obra,Seleccionado,1235000000.0,1235000000.0,6,150,día(s),2024-06-04,0.0,0.0,0,150.0
CO1.BDOS.6098589,LP 02 DE 2024  (Fase de Selección (Presentación de ofertas)),ALCALDIA MUNICIPAL DE VILLETA,Cundinamarca,Villeta,Licitación pública Obra Publica,Obra,Seleccionado,462359651.0,462357977.0,4,0,día(s),2024-05-28,-1674.0,-3.620558144248621e-06,0,0.0
CO1.BDOS.6080096,SAMC 004 MT 2024 (Manifestación de interés (Menor Cuantía)) (Presentación de oferta),MUNICIPIO DE TOCANCIPA,Cundinamarca,Tocancipá,Selección Abreviada de Menor Cuantía,Obra,Seleccionado,500000000.0,499973125.0,3,4,Mes(es),2024-05-27,-26875.0,-5.375e-05,0,120.0
CO1.BDOS.6025686,PN ESSUM SA MC 034 2024 (Manifestación de interés (Menor Cuantía)) (Presentación de oferta),ESCUELA DE POLICIA DE PROVINCIA DE SUMAPAZ INTENDENTE MARITZA BONILLA RUIZ,Cundinamarca,Fusagasugá,Selección Abreviada de Menor Cuantía,Obra,Seleccionado,3400000000.0,2500000000.0,7,200,día(s),2024-05-23,-900000000.0,-0.2647058823529412,0,200.0
CO1.BDOS.6148238,MC-024-2024,ALCALDIA MUNICIPAL DE EL COLEGIO,Cundinamarca,El Colegio,Mínima cuantía,Obra,Seleccionado,36000000.0,29419881.0,2,60,día(s),2024-05-21,-6580119.0,-0.18278108333333334,0,60.0
CO1.BDOS.5996797,031-00-M-CAMAN-GRUAL-2024 (Manifestación de interés (Menor Cuantía)) (Presentación de oferta),COMANDO AEREO DE MANTENIMIENTO,Cundinamarca,Madrid,Selección Abreviada de Menor Cuantía,Obra,Seleccionado,1299000000.0,1298856723.0,5,5,Mes(es),2024-05-21,-143277.0,-0.00011029792147806005,0,150.0
CO1.BDOS.6062659,SAMC-CMC-CTDPE-001-2024 (Manifestación de interés (Menor Cuantía)) (Presentación de oferta),SENA REGIONAL CUNDINAMARCA Grupo Administrativo CTDPE,Cundinamarca,Girardot,Selección Abreviada de Menor Cuantía,Obra,Seleccionado,409931219.0,407425347.0,2,7,Mes(es),2024-05-20,-2505872.0,-0.006112908419399987,0,210.0
CO1.BDOS.5993598,LP-001-2024 (Fase de Selección (Presentación de ofertas)),EMPRESA DE SERVICIOS PUBLICOS MUNICIPIO DE VILLETA*,Cundinamarca,Villeta,Licitación pública Obra Publica,Obra,Seleccionado,533717654.0,513562079.0,20,4,Mes(es),2024-05-17,-20155575.0,-0.037764489986310254,0,120.0
CO1.BDOS.6053060,CQ- SAMC-03-2024   (Presentación de oferta),MUNICIPIO DE CAQUEZA,Cundinamarca,Caqueza,Seleccion Abreviada Menor Cuantia Sin Manifestacion Interes,Obra,Seleccionado,1769690265.0,1693647795.0,5,6,Mes(es),2024-05-09,-76042470.0,-0.04296936673265816,0,180.0
CO1.BDOS.6083369,MC-024-2024,MUNICIPIO DE VILLAPINZON,Cundinamarca,Villapinzón,Mínima cuantía,Obra,Seleccionado,12000000.0,12000000.0,1,2,Mes(es),2024-05-08,0.0,0.0,0,60.0
CO1.BDOS.6009372,SAMC-001-2024 (Manifestación de interés (Menor Cuantía)) (Presentación de oferta),INSTITUTO MUNICIPAL DE VIVIENDA DE INTERÉS SOCIAL CAJICA,Cundinamarca,Cajicá,Selección Abreviada de Menor Cuantía,Obra,Seleccionado,273998227.0,273998227.0,1,4,Mes(es),2024-05-08,0.0,0.0,0,120.0
CO1.BDOS.6061860,MC 2024 - 0316,ALCALDIA MUNICIPAL FUSAGASUGA,Cundinamarca,Fusagasugá,Mínima cuantía,Obra,Seleccionado,55715124.0,55714398.0,5,2,Mes(es),2024-05-03,-726.0,-1.30305731707606e-05,0,60.0
CO1.BDOS.5966559,SAMC 030-2024 (Manifestación de interés (Menor Cuantía)) (Presentación de oferta),MUNICIPIO DE ANAPOIMA/,Cundinamarca,No Definido,Selección Abreviada de Menor Cuantía,Obra,Seleccionado,338998643.0,324420765.0,5,3,Mes(es),2024-05-03,-14577878.0,-0.04300276210840171,0,90.0
CO1.BDOS.6047136,MC-018-2024,ALCALDIA MUNICIPIO DE LA VEGA CUNDINAMARCA,Cundinamarca,La Vega,Mínima cuantía,Obra,Seleccionado,36386012.0,31655831.0,3,30,día(s),2024-04-30,-4730181.0,-0.12999998460947026,0,30.0
CO1.BDOS.6040497,MC-009-2024,MUNICIPIO DE SOACHA..,Cundinamarca,Soacha,Mínima cuantía,Obra,Seleccionado,84365882.0,63738600.0,15,1,Mes(es),2024-04-29,-20627282.0,-0.24449791208251695,0,30.0
CO1.BDOS.6039058,MC-2024-0010,MUNICIPIO DE GACHANCIPA,Cundinamarca,Gachancipá,Mínima cuantía,Obra,Seleccionado,36313750.0,36297011.0,2,1,Mes(es),2024-04-29,-16739.0,-0.0004609548724656638,0,30.0
CO1.BDOS.5353036,LPO-011-2023 (Fase de Selección (Presentación de ofertas)),MUNICIPIO DE LA CALERA CUNDINAMARCA,Cundinamarca,La Calera,Licitación pública Obra Publica,Obra,Seleccionado,1060952383.0,1013737100.0,79,7,Mes(es),2024-04-24,-47215283.0,-0.0445027352372703,0,210.0
CO1.BDOS.6018409,MC-016-CENACTELEMATICA-2024,CENTRAL ADMINISTRATIVA Y CONTABLE TELEMATICA,Cundinamarca,Facatativá,Mínima cuantía,Obra,Seleccionado,103999968.0,103999968.0,35,7,Mes(es),2024-04-24,0.0,0.0,0,210.0
CO1.BDOS.6001033,CONV SOL 02 DE 2024,ALCALDÍA MUNICIPAL DE SASAIMA,Cundinamarca,Sasaima,Contratación Directa (con ofertas),Obra,Seleccionado,56543025.0,56543025.0,1,0,día(s),2024-04-19,0.0,0.0,0,0.0
CO1.BDOS.5979436,MC 2024 - 0258,ALCALDIA MUNICIPAL FUSAGASUGA,Cundinamarca,Fusagasugá,Mínima cuantía,Obra,Seleccionado,49675149.0,49670017.0,13,2,Mes(es),2024-04-16,-5132.0,-0.000103311215030276,0,60.0
CO1.BDOS.5975417,CMC-010-2024,ALCALDIA MUNICIPAL TAUSA,Cundinamarca,Tausa,Mínima cuantía,Obra,Seleccionado,33452321.0,24754717.0,14,10,día(s),2024-04-15,-8697604.0,-0.26000001614237767,0,10.0
CO1.BDOS.5891508,SAMC-002-2024 (Manifestación de interés (Menor Cuantía)) (Presentación de oferta),MUNICIPIO DE VILLAPINZON,Cundinamarca,Villapinzón,Selección Abreviada de Menor Cuantía,Obra,Seleccionado,240000000.0,227156280.0,8,3,Mes(es),2024-04-11,-12843720.0,-0.0535155,0,90.0
CO1.BDOS.5879183,SAMC-2024-0003 (Manifestación de interés (Menor Cuantía)) (Presentación de oferta),MUNICIPIO DE GACHANCIPA,Cundinamarca,Gachancipá,Selección Abreviada de Menor Cuantía,Obra,Seleccionado,270347898.0,270347898.0,1,4,Mes(es),2024-04-10,0.0,0.0,0,120.0
CO1.BDOS.5822532,SAMC 024-2024 (Manifestación de interés (Menor Cuantía)) (Presentación de oferta),MUNICIPIO DE ANAPOIMA/,Cundinamarca,No Definido,Selección Abreviada de Menor Cuantía,Obra,Seleccionado,352998691.0,352857889.0,1,3,Mes(es),2024-04-03,-140802.0,-0.0003988740003571288,0,90.0
CO1.BDOS.5914929,MC-012-2024,ALCALDIA MUNICIPAL DE EL COLEGIO,Cundinamarca,El Colegio,Mínima cuantía,Obra,Seleccionado,21497681.0,20049786.0,2,30,día(s),2024-04-02,-1447895.0,-0.0673512180220741,0,30.0
CO1.BDOS.5909513,MC-003-2024,ALCALDÍA MUNICIPAL COTA,Cundinamarca,Cota,Mínima cuantía,Obra,Seleccionado,57788370.0,47583114.0,7,1,Mes(es),2024-04-01,-10205256.0,-0.1765970557743712,0,30.0
CO1.BDOS.5907502,MC-011-2024,ALCALDIA MUNICIPIO DE LA VEGA CUNDINAMARCA,Cundinamarca,La Vega,Mínima cuantía,Obra,Seleccionado,36345055.0,31604929.0,3,30,día(s),2024-04-01,-4740126.0,-0.13042010804495963,0,30.0
CO1.BDOS.5825513,MC-013-2024,MUNICIPIO DE VILLAPINZON,Cundinamarca,Villapinzón,Mínima cuantía,Obra,Seleccionado,36400000.0,36400000.0,1,2,Mes(es),2024-03-13,0.0,0.0,0,60.0
CO1.BDOS.5687434,058-SAMC-CENACINTELIGENCIA-2024 (Manifestación de interés (Menor Cuantía)) (Presentación de oferta),CENTRAL ADMINISTRATIVA Y CONTABLE ESPECIALIZADA INTELIGENCIA,Cundinamarca,No Definido,Selección Abreviada de Menor Cuantía,Obra,Seleccionado,191999964.0,191999964.0,7,8,Mes(es),2024-03-12,0.0,0.0,0,240.0
CO1.BDOS.5669226,SAMC 016-2024 (Manifestación de interés (Menor Cuantía)) (Presentación de oferta),MUNICIPIO DE ANAPOIMA/,Cundinamarca,No Definido,Selección Abreviada de Menor Cuantía,Obra,Seleccionado,218999354.0,218914496.0,1,3,Mes(es),2024-03-04,-84858.0,-0.00038748059503408396,0,90.0
CO1.BDOS.5734935,MC-002-2024,MUNICIPIO DE SOACHA..,Cundinamarca,Soacha,Mínima cuantía,Obra,Seleccionado,83232199.0,59398670.0,36,1,Mes(es),2024-02-27,-23833529.0,-0.28634986563313075,0,30.0
CO1.BDOS.5681174,MC-009-2024,MUNICIPIO DE VILLAPINZON,Cundinamarca,Villapinzón,Mínima cuantía,Obra,Seleccionado,36399186.0,23999666.0,14,0,día(s),2024-02-20,-12399520.0,-0.340653771762918,0,0.0
CO1.BDOS.5614284,CONVOCATORIA PÚBLICA N° 008 DE 2024,empresa social del estado región de salud soacha.,Cundinamarca,Soacha,Contratación régimen especial (con ofertas),Obra,Seleccionado,150517275253.0,150516221003.0,2,23,Mes(es),2024-02-09,-1054250.0,-7.004179408828273e-06,0,690.0
CO1.BDOS.5586317,SGG-MC-001-2024,MUNICIPIO DE EL ROSAL,Cundinamarca,El Rosal,Mínima cuantía,Obra,Seleccionado,36399999.0,29601766.0,22,1,Mes(es),2024-02-05,-6798233.0,-0.18676464798803977,0,30.0
CO1.BDOS.5582714,MC-005-2024,MUNICIPIO DE VILLAPINZON,Cundinamarca,Villapinzón,Mínima cuantía,Obra,Seleccionado,36400000.0,36400000.0,1,0,día(s),2024-02-05,0.0,0.0,0,0.0
CO1.BDOS.5349093,SAMC-IMVIUR-003-2023 (Manifestación de interés (Menor Cuantía)) (Presentación de oferta),INSTITUTO MUNICIPAL DE VIVIENDA URBANA Y RURAL IMVIUR,Cundinamarca,La Calera,Selección Abreviada de Menor Cuantía,Obra,Seleccionado,409101897.0,405506296.0,4,2,Mes(es),2024-01-29,-3595601.0,-0.008789010821917553,0,60.0
CO1.BDOS.5308326,SAMC-19 DE 2023 (Manifestación de interés (Menor Cuantía)) (Presentación de oferta),ALCALDIA DE GAMA,Cundinamarca,Gama,Selección Abreviada de Menor Cuantía,Obra,Seleccionado,171608386.0,171574256.0,1,5,Mes(es),2023-12-28,-34130.0,-0.00019888305458452363,0,150.0
CO1.BDOS.5309886,MC-CMC-050-CBA-2023,SENA REGIONAL CUNDINAMARCA Grupo Administrativo CBA,Cundinamarca,Mosquera,Mínima cuantía,Obra,Seleccionado,61593976.0,60460838.0,2,5,día(s),2023-12-15,-1133138.0,-0.01839689647572029,0,5.0
CO1.BDOS.5300420,CONVENIO INTERADMINISTRATIVO # 2023005 DE 2023,ALCALDIA MUNICIPIO DE LA VEGA CUNDINAMARCA,Cundinamarca,La Vega,Contratación Directa (con ofertas),Obra,Seleccionado,161978249.0,161978249.0,1,30,día(s),2023-12-13,0.0,0.0,0,30.0
CO1.BDOS.5245165,SAMC-SM-017-2023 (Presentación de oferta),ALCALDIA MUNICIPIO DE NOCAIMA,Cundinamarca,Nocaima,Seleccion Abreviada Menor Cuantia Sin Manifestacion Interes,Obra,Seleccionado,732363423.0,698816818.0,21,180,día(s),2023-12-13,-33546605.0,-0.04580595363785665,0,180.0
CO1.BDOS.5264206,SAMC 030-2023 (Manifestación de interés (Menor Cuantía)) (Presentación de oferta),MUNICIPIO DE ALBAN,Cundinamarca,Albán,Selección Abreviada de Menor Cuantía,Obra,Seleccionado,275565736.0,275559639.0,1,1,Mes(es),2023-12-13,-6097.0,-2.2125392251234022e-05,0,30.0
CO1.BDOS.5267522,SMC 028-2023,ALCALDIA MUNICIPIO DE NOCAIMA,Cundinamarca,Nocaima,Mínima cuantía,Obra,Seleccionado,30929599.0,29992416.0,4,20,día(s),2023-12-12,-937183.0,-0.0303005221632521,0,20.0
CO1.BDOS.5227235,SAMC 031 DE 2023 (Manifestación de interés (Menor Cuantía)) (Presentación de oferta),MUNICIPIO DE SUBACHOQUE,Cundinamarca,Subachoque,Selección Abreviada de Menor Cuantía,Obra,Seleccionado,324527762.0,324468958.0,1,3,Mes(es),2023-12-11,-58804.0,-0.00018119867353597933,0,90.0
CO1.BDOS.5275345,SPU-MIC-052-2023,MUNICIPIO DE UBATE,Cundinamarca,Villa De San Diego De Ubate,Mínima cuantía,Obra,Seleccionado,24062483.0,21354466.0,1,0,día(s),2023-12-11,-2708017.0,-0.11254104574328426,0,0.0
CO1.BDOS.5287573,CUN-MC-08-2023,INSTITUTO COLOMBIANO AGROPECUARIO - SECCIONAL CUNDINAMARCA,Cundinamarca,Mosquera,Mínima cuantía,Obra,Seleccionado,20000000.0,18805689.0,3,30,día(s),2023-12-11,-1194311.0,-0.05971555,0,30.0
CO1.BDOS.5291423,SSP-MC-080-2023,MUNICIPIO DE VILLAPINZON,Cundinamarca,Villapinzón,Mínima cuantía,Obra,Seleccionado,32480000.0,31926924.0,1,8,día(s),2023-12-11,-553076.0,-0.01702820197044335,0,8.0
CO1.BDOS.5275810,MC 060-2023,ALCALDIA MUNICIPAL DE CHIA,Cundinamarca,Chía,Mínima cuantía,Obra,Seleccionado,51594064.0,47904129.0,2,0,día(s),2023-12-06,-3689935.0,-0.07151859562759003,0,0.0
CO1.BDOS.5209750,SAMC-053-2023 (Manifestación de interés (Menor Cuantía)) (Presentación de oferta),ALCALDIA MUNICIPIO DE ZIPAQUIRA,Cundinamarca,Zipaquirá,Selección Abreviada de Menor Cuantía,Obra,Seleccionado,74000000.0,73977121.0,1,15,día(s),2023-12-06,-22879.0,-0.0003091756756756757,0,15.0
CO1.BDOS.5201122,SAMC_29_2023 (Manifestación de interés (Menor Cuantía)) (Presentación de oferta),ALCALDIA MUNICIPAL DE VILLETA,Cundinamarca,Villeta,Selección Abreviada de Menor Cuantía,Obra,Seleccionado,302262600.0,249761601.0,1,16,día(s),2023-12-05,-52500999.0,-0.17369333486842237,0,16.0
CO1.BDOS.5219529,SAMC 029-2023 (Manifestación de interés (Menor Cuantía)) (Presentación de oferta),MUNICIPIO DE ALBAN,Cundinamarca,Albán,Selección Abreviada de Menor Cuantía,Obra,Seleccionado,262128626.0,262122942.0,1,30,día(s),2023-12-05,-5684.0,-2.168401096338101e-05,0,30.0
CO1.BDOS.5203479,SAMC-30-2023 (Manifestación de interés (Menor Cuantía)) (Presentación de oferta),ALCALDIA MUNICIPAL DE VILLETA,Cundinamarca,Villeta,Selección Abreviada de Menor Cuantía,Obra,Seleccionado,296618822.0,296618821.0,1,15,día(s),2023-12-05,-1.0,-3.3713302252950084e-09,0,15.0
CO1.BDOS.5264864,IPMC 060-2023,MUNICIPIO DE ALBAN,Cundinamarca,Albán,Mínima cuantía,Obra,Seleccionado,10318475.0,10317776.0,1,2,Mes(es),2023-12-04,-699.0,-6.77425685481624e-05,0,60.0
CO1.BDOS.5242086,MA-SAMC-OED-SP-019-2023 (Presentación de oferta),ALCALDIA MUNICIPIO DE ANOLAIMA,Cundinamarca,Anolaima,Seleccion Abreviada Menor Cuantia Sin Manifestacion Interes,Obra,Seleccionado,200000000.0,191622848.0,3,60,día(s),2023-12-01,-8377152.0,-0.04188576,0,60.0
CO1.BDOS.5194447,SAMC-052-2023 (Manifestación de interés (Menor Cuantía)) (Presentación de oferta),ALCALDIA MUNICIPIO DE ZIPAQUIRA,Cundinamarca,Zipaquirá,Selección Abreviada de Menor Cuantía,Obra,Seleccionado,454000000.0,453519057.0,1,15,día(s),2023-12-01,-480943.0,-0.0010593458149779735,0,15.0
CO1.BDOS.5182729,SAMC-050-2023 (Manifestación de interés (Menor Cuantía)) (Presentación de oferta),ALCALDIA MUNICIPIO DE ZIPAQUIRA,Cundinamarca,Zipaquirá,Selección Abreviada de Menor Cuantía,Obra,Seleccionado,451650645.0,451650645.0,1,15,día(s),2023-11-30,0.0,0.0,0,15.0
CO1.BDOS.5171981,SAMC-051-2023 (Manifestación de interés (Menor Cuantía)) (Presentación de oferta),ALCALDIA MUNICIPIO DE ZIPAQUIRA,Cundinamarca,Zipaquirá,Selección Abreviada de Menor Cuantía,Obra,Seleccionado,170000000.0,168515771.0,1,15,día(s),2023-11-30,-1484229.0,-0.008730758823529411,0,15.0
CO1.BDOS.5085021,LIC 001 ESPT 2023 (Fase de Selección (Presentación de ofertas)),EMPRESA DE SERVICIOS PUBLICOS DE TOCANCIPA S.A. E.S.P.,Cundinamarca,Tocancipá,Licitación pública Obra Publica,Obra,Seleccionado,25148359268.0,25116584000.0,2,12,Mes(es),2023-11-29,-31775268.0,-0.0012635125680120374,0,360.0
CO1.BDOS.5236753,MC 057 DE 2023,ALCALDIA MUNICIPAL DE CHIA,Cundinamarca,Chía,Mínima cuantía,Obra,Seleccionado,51982752.0,48343959.0,4,20,día(s),2023-11-28,-3638793.0,-0.07000000692537402,0,20.0
CO1.BDOS.5237304,FACATATIVA-MC-068-23,ALCALDIA MUNICIPAL DE FACATATIVA,Cundinamarca,Facatativá,Mínima cuantía,Obra,Seleccionado,52039000.0,46280000.0,6,7,día(s),2023-11-28,-5759000.0,-0.11066699975018736,0,7.0
CO1.BDOS.5111853,MA-SAMC-OPITPH-SP-015-2023 (Manifestación de interés (Menor Cuantía)) (Presentación de oferta),ALCALDIA MUNICIPIO DE ANOLAIMA,Cundinamarca,Anolaima,Selección Abreviada de Menor Cuantía,Obra,Seleccionado,134418577.0,133075407.0,2,2,Mes(es),2023-11-28,-1343170.0,-0.009992443232009516,0,60.0
CO1.BDOS.5228161,ESAP -TCUN MIN 006 DE 2023,ESAP TERRITORIAL CUNDINAMARCA,Cundinamarca,Fusagasugá,Mínima cuantía,Obra,Seleccionado,9274289.0,7962815.0,1,8,día(s),2023-11-27,-1311474.0,-0.14140965415246387,0,8.0
CO1.BDOS.5146481,SAMC 028-2023 (Manifestación de interés (Menor Cuantía)) (Presentación de oferta),MUNICIPIO DE ALBAN,Cundinamarca,Albán,Selección Abreviada de Menor Cuantía,Obra,Seleccionado,262059364.0,262044039.0,1,2,Mes(es),2023-11-24,-15325.0,-5.847911620513587e-05,0,60.0
CO1.BDOS.5217501,CUN-MC-07-2023,INSTITUTO COLOMBIANO AGROPECUARIO - SECCIONAL CUNDINAMARCA,Cundinamarca,Mosquera,Mínima cuantía,Obra,Seleccionado,10800000.0,10800000.0,1,30,día(s),2023-11-24,0.0,0.0,0,30.0
CO1.BDOS.5121954,SIOP-SAMC-0005-2023 (Manifestación de interés (Menor Cuantía)) (Presentación de oferta),ALCALDÍA MUNICIPAL COTA,Cundinamarca,Cota,Selección Abreviada de Menor Cuantía,Obra,Seleccionado,500000000.0,455000256.0,2,0,día(s),2023-11-24,-44999744.0,-0.089999488,0,0.0
CO1.BDOS.5157983,SAMC 28 DE 2023 (Manifestación de interés (Menor Cuantía)) (Presentación de oferta),ALCALDIA MUNICIPAL DE VILLETA,Cundinamarca,Villeta,Selección Abreviada de Menor Cuantía,Obra,Seleccionado,171993848.0,171993848.0,1,30,día(s),2023-11-23,0.0,0.0,0,30.0
CO1.BDOS.5110854,LP-005-2023 (Fase de Selección (Presentación de ofertas)),ALCALDIA DE TABIO,Cundinamarca,Tabio,Licitación pública Obra Publica,Obra,Seleccionado,2154167045.0,2154056103.0,1,12,Mes(es),2023-11-22,-110942.0,-5.1501112811796824e-05,0,360.0
CO1.BDOS.5137399,SAMC - 052 DE 2023 (Manifestación de interés (Menor Cuantía)) (Presentación de oferta),MUNICIPIO DE SOACHA..,Cundinamarca,Soacha,Selección Abreviada de Menor Cuantía,Obra,Seleccionado,545000000.0,545000000.0,1,1,Mes(es),2023-11-22,0.0,0.0,0,30.0
CO1.BDOS.5114256,SA 2023-0921 (Manifestación de interés (Menor Cuantía)) (Presentación de oferta),ALCALDIA MUNICIPAL FUSAGASUGA,Cundinamarca,Fusagasugá,Selección Abreviada de Menor Cuantía,Obra,Seleccionado,389157416.0,383335058.0,2,3,Mes(es),2023-11-21,-5822358.0,-0.014961446860876474,0,90.0
CO1.BDOS.5167038,SOPI-MC-073-2023,MUNICIPIO DE VILLAPINZON,Cundinamarca,Villapinzón,Mínima cuantía,Obra,Seleccionado,31556639.0,31556639.0,2,20,día(s),2023-11-20,0.0,0.0,0,20.0
CO1.BDOS.5113804,SP-SAMC-011-2023 (Manifestación de interés (Menor Cuantía)) (Presentación de oferta),MUNICIPIO DE VILLAPINZON,Cundinamarca,Villapinzón,Selección Abreviada de Menor Cuantía,Obra,Seleccionado,169680931.0,165351645.0,1,0,día(s),2023-11-20,-4329286.0,-0.025514275378415975,0,0.0
CO1.BDOS.5166894,SOPI-MC-074-2023,MUNICIPIO DE VILLAPINZON,Cundinamarca,Villapinzón,Mínima cuantía,Obra,Seleccionado,32480000.0,32480000.0,1,20,día(s),2023-11-20,0.0,0.0,0,20.0
CO1.BDOS.5166337,SOPI-MC-071-2023,MUNICIPIO DE VILLAPINZON,Cundinamarca,Villapinzón,Mínima cuantía,Obra,Seleccionado,15000000.0,15000000.0,1,20,día(s),2023-11-20,0.0,0.0,0,20.0
CO1.BDOS.5165552,SMC 024-2023,ALCALDIA MUNICIPIO DE NOCAIMA,Cundinamarca,Nocaima,Mínima cuantía,Obra,Seleccionado,30000000.0,27495614.0,2,30,día(s),2023-11-20,-2504386.0,-0.08347953333333333,0,30.0
CO1.BDOS.5129453,SAMC 019-2023 (Manifestación de interés (Menor Cuantía)) (Presentación de oferta),ALCALDIA MUNICIPAL DE CHIA,Cundinamarca,Chía,Selección Abreviada de Menor Cuantía,Obra,Seleccionado,180967226.0,180966352.0,4,1,Mes(es),2023-11-20,-874.0,-4.829603786931011e-06,0,30.0
CO1.BDOS.5108101,SA 2023-0903 (Manifestación de interés (Menor Cuantía)) (Presentación de oferta),ALCALDIA MUNICIPAL FUSAGASUGA,Cundinamarca,Fusagasugá,Selección Abreviada de Menor Cuantía,Obra,Seleccionado,100000000.0,94810747.0,11,45,día(s),2023-11-20,-5189253.0,-0.05189253,0,45.0
CO1.BDOS.5194760,IPMC-054-2023,ALCALDIA DE TABIO,Cundinamarca,Tabio,Mínima cuantía,Obra,Seleccionado,32477025.0,31974290.0,1,0,día(s),2023-11-20,-502735.0,-0.015479712196545096,0,0.0
CO1.BDOS.5027704,LP 007-2023 (Fase de Selección (Presentación de ofertas)),ALCALDIA MUNICIPIO DE RICAURTE,Cundinamarca,Ricaurte,Licitación pública Obra Publica,Obra,Seleccionado,2158992101.0,2051948083.0,21,5,Mes(es),2023-11-20,-107044018.0,-0.04958055101286357,0,150.0
CO1.BDOS.4992637,MA-SAMC-OPBA-SP-012-2023 (Manifestación de interés (Menor Cuantía)) (Presentación de oferta),ALCALDIA MUNICIPIO DE ANOLAIMA,Cundinamarca,Anolaima,Selección Abreviada de Menor Cuantía,Obra,Seleccionado,210000000.0,204510001.0,1,2,Mes(es),2023-11-17,-5489999.0,-0.026142852380952382,0,60.0
CO1.BDOS.5138186,IMRD SAMC 005 2023 (Presentación de oferta),INSTITUTO MUNICIPAL DE RECREACIÓN Y DEPORTES DE CHIA,Cundinamarca,Chía,Seleccion Abreviada Menor Cuantia Sin Manifestacion Interes,Obra,Seleccionado,94813726.0,94678097.0,2,0,día(s),2023-11-17,-135629.0,-0.0014304785364093802,0,0.0
CO1.BDOS.5116310,SAMC_27_2023 (Manifestación de interés (Menor Cuantía)) (Presentación de oferta),ALCALDIA MUNICIPAL DE VILLETA,Cundinamarca,Villeta,Selección Abreviada de Menor Cuantía,Obra,Seleccionado,323410139.0,323410139.0,1,25,día(s),2023-11-17,0.0,0.0,0,25.0
CO1.BDOS.5108512,SAMC 013-2023 (Manifestación de interés (Menor Cuantía)) (Presentación de oferta),ALCALDIA MUNICIPAL TAUSA,Cundinamarca,Tausa,Selección Abreviada de Menor Cuantía,Obra,Seleccionado,89293874.0,85811335.0,4,30,día(s),2023-11-17,-3482539.0,-0.03900087255705806,0,30.0
CO1.BDOS.5111702,SAMC-049-2023 (Manifestación de interés (Menor Cuantía)) (Presentación de oferta),ALCALDIA MUNICIPIO DE ZIPAQUIRA,Cundinamarca,Zipaquirá,Selección Abreviada de Menor Cuantía,Obra,Seleccionado,349999999.0,349436633.0,1,1,Mes(es),2023-11-16,-563366.0,-0.001609617147456049,0,30.0
CO1.BDOS.5038389,MA-SAMC-OPITVU-SP-013-2023 (Manifestación de interés (Menor Cuantía)) (Presentación de oferta),ALCALDIA MUNICIPIO DE ANOLAIMA,Cundinamarca,Anolaima,Selección Abreviada de Menor Cuantía,Obra,Seleccionado,181818852.0,174000250.0,5,3,Mes(es),2023-11-15,-7818602.0,-0.04300215249406591,0,90.0
CO1.BDOS.5096273,SA  021 MT 2023 (Manifestación de interés (Menor Cuantía)) (Presentación de oferta),MUNICIPIO DE TOCANCIPA,Cundinamarca,Tocancipá,Selección Abreviada de Menor Cuantía,Obra,Seleccionado,81105687.0,81007320.0,2,30,día(s),2023-11-15,-98367.0,-0.001212824940376869,0,30.0
CO1.BDOS.5165462,IPMC 057-2023,MUNICIPIO DE ALBAN,Cundinamarca,Albán,Mínima cuantía,Obra,Seleccionado,29997559.0,29875377.0,2,1,Mes(es),2023-11-15,-122182.0,-0.004073064745034755,0,30.0
CO1.BDOS.5087243,SAMC-014-2023 (Manifestación de interés (Menor Cuantía)) (Presentación de oferta),ALCALDIA MUNICIPIO DE RICAURTE,Cundinamarca,Ricaurte,Selección Abreviada de Menor Cuantía,Obra,Seleccionado,203559367.0,203559367.0,1,2,Mes(es),2023-11-14,0.0,0.0,0,60.0
CO1.BDOS.5158284,IMC-SP-035-2023,ALCALDIA MUNICIPIO DE ANOLAIMA,Cundinamarca,Anolaima,Mínima cuantía,Obra,Seleccionado,6274367.0,5350723.0,5,30,día(s),2023-11-13,-923644.0,-0.14720911288740363,0,30.0
CO1.BDOS.5143847,CONVOCATORIA 022,ESE HOSPITAL SAN RAFAEL DE FUSAGASUGÁ,Cundinamarca,Fusagasugá,Contratación régimen especial (con ofertas),Obra,Seleccionado,219980354907.0,219980354894.0,1,48,Mes(es),2023-11-08,-13.0,-5.909618613669364e-11,0,1440.0
CO1.BDOS.5128483,SMC 043-2023,ALCALDIA MUNICIPAL TAUSA,Cundinamarca,Tausa,Mínima cuantía,Obra,Seleccionado,22549869.0,18265394.0,2,10,día(s),2023-11-07,-4284475.0,-0.1899999951219229,0,10.0
CO1.BDOS.5133525,017_2023,EMPRESAS PUBLICAS DE NILO S.A.S. E.S.P. - EMPUNILO S.A.S. E.S.P.,Cundinamarca,Nilo,Contratación régimen especial (con ofertas),Obra,Seleccionado,303821951.0,303813576.0,1,30,día(s),2023-11-07,-8375.0,-2.7565486866352194e-05,0,30.0
CO1.BDOS.5076924,SAMC 23 DE 2023 (Manifestación de interés (Menor Cuantía)) (Presentación de oferta),ALCALDIA MUNICIPAL DE VILLETA,Cundinamarca,Villeta,Selección Abreviada de Menor Cuantía,Obra,Seleccionado,179939124.0,179939124.0,1,30,día(s),2023-11-03,0.0,0.0,0,30.0
CO1.BDOS.5067346,SAMC 013 -2023 (Manifestación de interés (Menor Cuantía)) (Presentación de oferta),MUNICIPIO DE COGUA,Cundinamarca,Cogua,Selección Abreviada de Menor Cuantía,Obra,Seleccionado,71250549.0,68599688.0,1,1,Mes(es),2023-11-03,-2650861.0,-0.03720477999404608,0,30.0
CO1.BDOS.5063074,SA 2023-0902 (Manifestación de interés (Menor Cuantía)) (Presentación de oferta),ALCALDIA MUNICIPAL FUSAGASUGA,Cundinamarca,Fusagasugá,Selección Abreviada de Menor Cuantía,Obra,Seleccionado,89999787.0,89979932.0,2,2,Mes(es),2023-11-02,-19855.0,-0.00022061163322530973,0,60.0
CO1.BDOS.5121595,016_2023,EMPRESAS PUBLICAS DE NILO S.A.S. E.S.P. - EMPUNILO S.A.S. E.S.P.,Cundinamarca,Nilo,Contratación régimen especial (con ofertas),Obra,Seleccionado,201692171.0,201688703.0,1,40,día(s),2023-11-02,-3468.0,-1.7194519662342273e-05,0,40.0
CO1.BDOS.5116895,CUN-MC-05-2023,INSTITUTO COLOMBIANO AGROPECUARIO - SECCIONAL CUNDINAMARCA,Cundinamarca,Mosquera,Mínima cuantía,Obra,Seleccionado,5620370.0,3345090.0,9,60,día(s),2023-11-02,-2275280.0,-0.4048274401863223,0,60.0
CO1.BDOS.5037368,LICITACION PUBLICA 099-2023 (Fase de Selección (Presentación de ofertas)),MUNICIPIO DE ANAPOIMA/,Cundinamarca,No Definido,Licitación pública Obra Publica,Obra,Seleccionado,1095706571.0,1095698559.0,1,4,Mes(es),2023-10-31,-8012.0,-7.312176646606968e-06,0,120.0
CO1.BDOS.5109321,MC-071-2023,ALCALDIA MUNICIPAL DE PUERTO SALGAR,Cundinamarca,Puerto Salgar,Mínima cuantía,Obra,Seleccionado,20000000.0,19250000.0,2,25,día(s),2023-10-31,-750000.0,-0.0375,0,25.0
CO1.BDOS.5060635,SAMC 013-2023 (Manifestación de interés (Menor Cuantía)) (Presentación de oferta),ALCALDIA MUNICIPIO DE RICAURTE,Cundinamarca,Ricaurte,Selección Abreviada de Menor Cuantía,Obra,Seleccionado,158294426.0,158294426.0,1,2,Mes(es),2023-10-30,0.0,0.0,0,60.0
CO1.BDOS.4994555,LP 2023-0882 (Fase de Selección (Presentación de ofertas)),ALCALDIA MUNICIPAL FUSAGASUGA,Cundinamarca,Fusagasugá,Licitación pública Obra Publica,Obra,Seleccionado,780656414.0,729512577.0,1,7,Mes(es),2023-10-30,-51143837.0,-0.06551388816232796,0,210.0
CO1.BDOS.5044100,SA-MC-029-2023 (Manifestación de interés (Menor Cuantía)) (Presentación de oferta),MUNICIPIO DE UBATE,Cundinamarca,Villa De San Diego De Ubate,Selección Abreviada de Menor Cuantía,Obra,Seleccionado,270664680.0,270664680.0,1,0,día(s),2023-10-27,0.0,0.0,0,0.0
CO1.BDOS.5015355,SAMC 21 DE 2023 (Manifestación de interés (Menor Cuantía)) (Presentación de oferta),ALCALDIA MUNICIPAL DE VILLETA,Cundinamarca,Villeta,Selección Abreviada de Menor Cuantía,Obra,Seleccionado,58433954.0,58422833.0,2,45,día(s),2023-10-27,-11121.0,-0.0001903174308553551,0,45.0
CO1.BDOS.5065749,IMRD SAMC 004 2023 (Fase de ofertas),INSTITUTO MUNICIPAL DE RECREACIÓN Y DEPORTES DE CHIA,Cundinamarca,Chía,Seleccion Abreviada Menor Cuantia Sin Manifestacion Interes,Obra,Seleccionado,66760587.0,53550000.0,2,0,día(s),2023-10-26,-13210587.0,-0.19788003062345752,0,0.0
CO1.BDOS.5008159,SAMC-009-2023 (Manifestación de interés (Menor Cuantía)) (Presentación de oferta),ALCALDIA DE TABIO,Cundinamarca,Tabio,Selección Abreviada de Menor Cuantía,Obra,Seleccionado,200000000.0,198299463.0,3,3,día(s),2023-10-26,-1700537.0,-0.008502685,0,3.0
CO1.BDOS.5089794,MC 2023-0913,ALCALDIA MUNICIPAL FUSAGASUGA,Cundinamarca,Fusagasugá,Mínima cuantía,Obra,Seleccionado,23893962.0,23893962.0,3,2,Mes(es),2023-10-25,0.0,0.0,0,60.0
CO1.BDOS.5082534,SMIN-073-2023,ALCALDIA MUNICIPIO DE ZIPAQUIRA,Cundinamarca,Zipaquirá,Mínima cuantía,Obra,Seleccionado,51790842.0,51489844.0,2,1,Mes(es),2023-10-24,-300998.0,-0.0058117997000319095,0,30.0
CO1.BDOS.5027085,SAMC 011-2023 (Manifestación de interés (Menor Cuantía)) (Presentación de oferta),ALCALDIA MUNICIPIO DE RICAURTE,Cundinamarca,Ricaurte,Selección Abreviada de Menor Cuantía,Obra,Seleccionado,41979295.0,41979295.0,1,2,Mes(es),2023-10-24,0.0,0.0,0,60.0
CO1.BDOS.5029990,SAMC-048-2023 (Manifestación de interés (Menor Cuantía)) (Presentación de oferta),MUNICIPIO DE SOACHA..,Cundinamarca,Soacha,Selección Abreviada de Menor Cuantía,Obra,Seleccionado,280441428.0,265398840.0,1,1,Mes(es),2023-10-23,-15042588.0,-0.05363896521023278,0,30.0
CO1.BDOS.5002138,SAMC-CMC-CBA-011-2023 (Manifestación de interés (Menor Cuantía)) (Presentación de oferta),SENA REGIONAL CUNDINAMARCA Grupo Administrativo CBA,Cundinamarca,Mosquera,Selección Abreviada de Menor Cuantía,Obra,Seleccionado,450000000.0,449596386.0,2,75,día(s),2023-10-23,-403614.0,-0.00089692,0,75.0
CO1.BDOS.5071344,MC-136-CENACTELEMATICA-2023,CENTRAL ADMINISTRATIVA Y CONTABLE TELEMATICA,Cundinamarca,Facatativá,Mínima cuantía,Obra,Seleccionado,59687055.0,38066593.0,13,0,día(s),2023-10-23,-21620462.0,-0.3622303362094176,0,0.0
CO1.BDOS.5029048,SAMC 012-2023 (Manifestación de interés (Menor Cuantía)) (Presentación de oferta),ALCALDIA MUNICIPIO DE RICAURTE,Cundinamarca,Ricaurte,Selección Abreviada de Menor Cuantía,Obra,Seleccionado,269797635.0,269797635.0,1,3,Mes(es),2023-10-20,0.0,0.0,0,90.0
CO1.BDOS.4986349,SA 2023-0876 (Manifestación de interés (Menor Cuantía)) (Presentación de oferta),ALCALDIA MUNICIPAL FUSAGASUGA,Cundinamarca,Fusagasugá,Selección Abreviada de Menor Cuantía,Obra,Seleccionado,522000000.0,493095562.0,3,4,Mes(es),2023-10-20,-28904438.0,-0.055372486590038315,0,120.0
CO1.BDOS.4988191,SAMC_20_2023 (Manifestación de interés (Menor Cuantía)) (Presentación de oferta),ALCALDIA MUNICIPAL DE VILLETA,Cundinamarca,Villeta,Selección Abreviada de Menor Cuantía,Obra,Seleccionado,61986121.0,61983452.0,1,1,Mes(es),2023-10-19,-2669.0,-4.3058025844204706e-05,0,30.0
CO1.BDOS.5050884,MC-2023-0894,ALCALDIA MUNICIPAL FUSAGASUGA,Cundinamarca,Fusagasugá,Mínima cuantía,Obra,Seleccionado,44498974.0,44498946.0,2,2,Mes(es),2023-10-18,-28.0,-6.292279907397416e-07,0,60.0
CO1.BDOS.5010813,FACATATIVA-SA-033-23 (Manifestación de interés (Menor Cuantía)) (Presentación de oferta),ALCALDIA MUNICIPAL DE FACATATIVA,Cundinamarca,Facatativá,Selección Abreviada de Menor Cuantía,Obra,Seleccionado,95660000.0,95660000.0,12,2,Mes(es),2023-10-18,0.0,0.0,0,60.0
CO1.BDOS.4999799,SAMC-016-2023 (Manifestación de interés (Menor Cuantía)) (Presentación de oferta),ALCALDÍA MUNICIPAL DE MADRID CUNDINAMARCA,Cundinamarca,Madrid,Selección Abreviada de Menor Cuantía,Obra,Seleccionado,300000000.0,278986649.0,8,2,Mes(es),2023-10-17,-21013351.0,-0.07004450333333333,0,60.0
CO1.BDOS.5055513,MC 2023-0898,ALCALDIA MUNICIPAL FUSAGASUGA,Cundinamarca,Fusagasugá,Mínima cuantía,Obra,Seleccionado,51932224.0,51929356.0,1,2,Mes(es),2023-10-17,-2868.0,-5.522582664666932e-05,0,60.0
CO1.BDOS.5054728,MC 040-2023,ALCALDIA MUNICIPAL DE CHIA,Cundinamarca,Chía,Mínima cuantía,Obra,Seleccionado,40070700.0,38022646.0,1,0,día(s),2023-10-17,-2048054.0,-0.05111101128754926,0,0.0
CO1.BDOS.4975524,LPO-010-2023 (Fase de Selección (Presentación de ofertas)),MUNICIPIO DE LA CALERA CUNDINAMARCA,Cundinamarca,La Calera,Licitación pública Obra Publica,Obra,Seleccionado,476882785.0,449791659.0,14,4,Mes(es),2023-10-13,-27091126.0,-0.05680877325022332,0,120.0
CO1.BDOS.4963730,FACATATIVA-SA-029-23 (Manifestación de interés (Menor Cuantía)) (Presentación de oferta),ALCALDIA MUNICIPAL DE FACATATIVA,Cundinamarca,Facatativá,Selección Abreviada de Menor Cuantía,Obra,Seleccionado,119985185.0,118187861.0,5,2,Mes(es),2023-10-13,-1797324.0,-0.01497954935019686,0,60.0
CO1.BDOS.4961999,SA-AMS-2023-0022 (Manifestación de interés (Menor Cuantía)) (Presentación de oferta),ALCALDÍA MUNICIPAL DE SOPO,Cundinamarca,Sopó,Selección Abreviada de Menor Cuantía,Obra,Seleccionado,211701818.0,211634955.0,1,45,día(s),2023-10-12,-66863.0,-0.00031583573835912925,0,45.0
CO1.BDOS.4992315,SIOP-SAMC-0004-2023 (Manifestación de interés (Menor Cuantía)) (Presentación de oferta),ALCALDÍA MUNICIPAL COTA,Cundinamarca,Cota,Selección Abreviada de Menor Cuantía,Obra,Seleccionado,450000000.0,449748024.0,1,0,día(s),2023-10-12,-251976.0,-0.0005599466666666667,0,0.0
CO1.BDOS.4980018,SAMC-008-2023 (Manifestación de interés (Menor Cuantía)) (Presentación de oferta),ALCALDIA DE TABIO,Cundinamarca,Tabio,Selección Abreviada de Menor Cuantía,Obra,Seleccionado,200000000.0,190117481.0,4,3,Mes(es),2023-10-11,-9882519.0,-0.049412595,0,90.0
CO1.BDOS.4987326,LP-013-2023 (Fase de Selección (Presentación de ofertas)),ALCALDIA MUNICIPIO DE CAJICA,Cundinamarca,Cajicá,Licitación pública Obra Publica,Obra,Seleccionado,647962932.0,610860384.0,7,45,día(s),2023-10-11,-37102548.0,-0.057260294019411594,0,45.0
CO1.BDOS.5031958,092-MC-CENACTOLEMAIDA-2023,CENAC TOLEMAIDA,Cundinamarca,Nilo,Mínima cuantía,Obra,Seleccionado,50000000.0,39401434.0,4,0,día(s),2023-10-10,-10598566.0,-0.21197132,0,0.0
CO1.BDOS.4982991,SAMC-005-2023 (Manifestación de interés (Menor Cuantía)) (Presentación de oferta),CORPORACION PRODESARROLLO Y SEGURIDAD DEL MUNICIPIO DE GIRARDOT,Cundinamarca,Girardot,Selección Abreviada de Menor Cuantía,Obra,Seleccionado,275197501.0,275188811.0,1,2,Mes(es),2023-10-10,-8690.0,-3.1577321626914045e-05,0,60.0
CO1.BDOS.4972846,SAMC_18 DE 2023 (Manifestación de interés (Menor Cuantía)) (Presentación de oferta),ALCALDIA MUNICIPAL DE VILLETA,Cundinamarca,Villeta,Selección Abreviada de Menor Cuantía,Obra,Seleccionado,129244884.0,129244884.0,1,45,día(s),2023-10-07,0.0,0.0,0,45.0
CO1.BDOS.4984969,SAMC 19 DE 2023 (Manifestación de interés (Menor Cuantía)) (Presentación de oferta),ALCALDIA MUNICIPAL DE VILLETA,Cundinamarca,Villeta,Selección Abreviada de Menor Cuantía,Obra,Seleccionado,247227380.0,247226286.0,1,60,día(s),2023-10-07,-1094.0,-4.4250762193087185e-06,0,60.0
CO1.BDOS.4955338,LP 11 DE 2023 (Fase de Selección (Presentación de ofertas)),ALCALDIA MUNICIPAL DE VILLETA,Cundinamarca,Villeta,Licitación pública Obra Publica,Obra,Seleccionado,614673838.0,602001895.0,1,45,día(s),2023-10-03,-12671943.0,-0.020615718803376173,0,45.0
CO1.BDOS.4948578,LP-015-2023 (Fase de Selección (Presentación de ofertas)),ALCALDIA MUNICIPIO DE ZIPAQUIRA,Cundinamarca,Zipaquirá,Licitación pública Obra Publica,Obra,Seleccionado,1869112531.0,1765665595.0,24,2,Mes(es),2023-10-03,-103446936.0,-0.055345483101894626,0,60.0
CO1.BDOS.4944607,SAMC-CMC-CBA-008-2023 (Manifestación de interés (Menor Cuantía)) (Presentación de oferta),SENA REGIONAL CUNDINAMARCA Grupo Administrativo CBA,Cundinamarca,Mosquera,Selección Abreviada de Menor Cuantía,Obra,Seleccionado,1159980195.0,1158243163.0,2,3,Mes(es),2023-10-03,-1737032.0,-0.0014974669459766078,0,90.0
CO1.BDOS.4945316,FACATATIVA-SA-027-23 (Manifestación de interés (Menor Cuantía)) (Presentación de oferta),ALCALDIA MUNICIPAL DE FACATATIVA,Cundinamarca,Facatativá,Selección Abreviada de Menor Cuantía,Obra,Seleccionado,80000000.0,78399961.0,3,2,Mes(es),2023-10-02,-1600039.0,-0.0200004875,0,60.0
CO1.BDOS.4944042,SAMC-047-2023 (Manifestación de interés (Menor Cuantía)) (Presentación de oferta),ALCALDIA MUNICIPIO DE ZIPAQUIRA,Cundinamarca,Zipaquirá,Selección Abreviada de Menor Cuantía,Obra,Seleccionado,271259071.0,269933232.0,1,2,Mes(es),2023-10-02,-1325839.0,-0.004887722261645583,0,60.0
CO1.BDOS.5001203,IA-003-2023*,EPUXUA E.I.C.E.,Cundinamarca,Soacha,Contratación régimen especial (con ofertas),Obra,Seleccionado,12440073917.0,12297016642.0,1,8,Mes(es),2023-09-29,-143057275.0,-0.011499712618628808,0,240.0
CO1.BDOS.4939762,LP 2023 - 0863 (Fase de Selección (Presentación de ofertas)),ALCALDIA MUNICIPAL FUSAGASUGA,Cundinamarca,Fusagasugá,Licitación pública Obra Publica,Obra,Seleccionado,1093455253.0,1042360630.0,42,3,Mes(es),2023-09-28,-51094623.0,-0.046727676198744274,0,90.0
CO1.BDOS.4992383,IA-003-2023,EPUXUA E.I.C.E.,Cundinamarca,Soacha,Contratación régimen especial (con ofertas),Obra,Seleccionado,12520311810.0,12219815825.0,1,8,Mes(es),2023-09-27,-300495985.0,-0.024000679021427662,0,240.0
CO1.BDOS.4942933,SAMC-016-2023 (Manifestación de interés (Menor Cuantía)) (Presentación de oferta),MUNICIPIO DE FUNZA - ALCALDÍA DE FUNZA,Cundinamarca,Funza,Selección Abreviada de Menor Cuantía,Obra,Seleccionado,250000000.0,250000000.0,1,5,Mes(es),2023-09-27,0.0,0.0,0,150.0
CO1.BDOS.4936680,SAMC-046-2023 (Manifestación de interés (Menor Cuantía)) (Presentación de oferta),ALCALDIA MUNICIPIO DE ZIPAQUIRA,Cundinamarca,Zipaquirá,Selección Abreviada de Menor Cuantía,Obra,Seleccionado,219971889.0,219951090.0,1,2,Mes(es),2023-09-26,-20799.0,-9.455299081420354e-05,0,60.0
CO1.BDOS.4935645,SAMC 2023 - 115 (Manifestación de interés (Menor Cuantía)) (Presentación de oferta),IDERF,Cundinamarca,Fusagasugá,Selección Abreviada de Menor Cuantía,Obra,Seleccionado,122102571.0,116004521.0,3,45,día(s),2023-09-25,-6098050.0,-0.049942027838218085,0,45.0
CO1.BDOS.4917336,SP-LP-005-2023 (Fase de Selección (Presentación de ofertas)),MUNICIPIO DE VILLAPINZON,Cundinamarca,Villapinzón,Licitación pública Obra Publica,Obra,Seleccionado,480212863.0,451906000.0,17,0,día(s),2023-09-22,-28306863.0,-0.0589464905691208,0,0.0
CO1.BDOS.4924508,SAMC-005-2023 (Manifestación de interés (Menor Cuantía)) (Presentación de oferta),INSTITUTO MUNICIPAL DE TURISMO CULTURA Y FOMENTO DE GIRARDOT,Cundinamarca,Girardot,Selección Abreviada de Menor Cuantía,Obra,Seleccionado,184269592.0,184079080.0,2,45,día(s),2023-09-22,-190512.0,-0.0010338764954773438,0,45.0
CO1.BDOS.4971842,02,IED INSTITUTO AGRICOLA PEÑA NEGRA,Cundinamarca,Cachipay,Contratación régimen especial (con ofertas),Obra,Seleccionado,30000000.0,26494688.0,0,30,día(s),2023-09-22,-3505312.0,-0.11684373333333334,0,30.0
CO1.BDOS.4893390,SA 2023-0847 (Manifestación de interés (Menor Cuantía)) (Presentación de oferta),ALCALDIA MUNICIPAL FUSAGASUGA,Cundinamarca,Fusagasugá,Selección Abreviada de Menor Cuantía,Obra,Seleccionado,300000000.0,285334863.0,18,6,Mes(es),2023-09-22,-14665137.0,-0.04888379,0,180.0
CO1.BDOS.4905723,SP-SAMC-010-2023 (Manifestación de interés (Menor Cuantía)) (Presentación de oferta),MUNICIPIO DE VILLAPINZON,Cundinamarca,Villapinzón,Selección Abreviada de Menor Cuantía,Obra,Seleccionado,305212002.0,305169418.0,3,0,día(s),2023-09-20,-42584.0,-0.00013952269150935945,0,0.0
CO1.BDOS.4410895,LP-004-2023 (Fase de Selección (Presentación de ofertas)),ALCALDIA MUNICIPIO DE CAJICA,Cundinamarca,Cajicá,Licitación pública Obra Publica,Obra,Seleccionado,5598211297.0,5360634579.0,22,180,día(s),2023-09-20,-237576718.0,-0.04243796909332699,0,180.0
CO1.BDOS.4891486,SAMC-CMC-CBA-007-2023 (Manifestación de interés (Menor Cuantía)) (Presentación de oferta),SENA REGIONAL CUNDINAMARCA Grupo Administrativo CBA,Cundinamarca,Mosquera,Selección Abreviada de Menor Cuantía,Obra,Seleccionado,207426460.0,99768820.0,2,3,Mes(es),2023-09-18,-107657640.0,-0.5190159442532066,0,90.0
CO1.BDOS.4920402,SAMC_17 DE 2023 (Manifestación de interés (Menor Cuantía)) (Presentación de oferta),ALCALDIA MUNICIPAL DE VILLETA,Cundinamarca,Villeta,Selección Abreviada de Menor Cuantía,Obra,Seleccionado,204176590.0,204175670.0,1,45,día(s),2023-09-18,-920.0,-4.505903443680786e-06,0,45.0
CO1.BDOS.4874148,SAMC 02 DE 2023 EFINPEC SERVICIO MANT AREAS ARQUIT (Manifestación de interés (Menor Cuantía)) (Presentación de oferta),ESCUELA DE FORMACION INPEC,Cundinamarca,No Definido,Selección Abreviada de Menor Cuantía,Obra,Seleccionado,999983323.0,844367844.0,0,3,Mes(es),2023-09-18,-155615479.0,-0.15561807424262414,0,90.0
CO1.BDOS.4858977,LPO-009-2023 (Fase de Selección (Presentación de ofertas)),MUNICIPIO DE LA CALERA CUNDINAMARCA,Cundinamarca,La Calera,Licitación pública Obra Publica,Obra,Seleccionado,370445308.0,369842082.0,1,0,día(s),2023-09-15,-603226.0,-0.0016283807271220722,0,0.0
CO1.BDOS.4883368,FACATATIVA-SA-022-23 (Manifestación de interés (Menor Cuantía)) (Presentación de oferta),ALCALDIA MUNICIPAL DE FACATATIVA,Cundinamarca,Facatativá,Selección Abreviada de Menor Cuantía,Obra,Seleccionado,200000000.0,184618857.0,3,3,Mes(es),2023-09-14,-15381143.0,-0.076905715,0,90.0
CO1.BDOS.4886218,SAMC.OP-003-2023 (Manifestación de interés (Menor Cuantía)) (Presentación de oferta),MUNICIPIO DE LA CALERA CUNDINAMARCA,Cundinamarca,La Calera,Selección Abreviada de Menor Cuantía,Obra,Seleccionado,106881924.0,101673282.0,10,4,Mes(es),2023-09-14,-5208642.0,-0.04873267438561454,0,120.0
CO1.BDOS.4821596,SAMC-013-2023 (Manifestación de interés (Menor Cuantía)) (Presentación de oferta),ALCALDIA MUNICIPAL DE VILLETA,Cundinamarca,Villeta,Selección Abreviada de Menor Cuantía,Obra,Seleccionado,210482592.0,210468454.0,1,60,día(s),2023-09-14,-14138.0,-6.716945028879158e-05,0,60.0
CO1.BDOS.4934043,MC-049-2023,MUNICIPIO DE SOACHA..,Cundinamarca,Soacha,Mínima cuantía,Obra,Seleccionado,72100000.0,70739550.0,2,3,Mes(es),2023-09-13,-1360450.0,-0.01886893203883495,0,90.0
CO1.BDOS.4873412,SAMC-032-2023 (Manifestación de interés (Menor Cuantía)) (Presentación de oferta),ALCALDIA MUNICIPIO DE CAJICA,Cundinamarca,Cajicá,Selección Abreviada de Menor Cuantía,Obra,Seleccionado,424051758.0,404969426.0,7,2,Mes(es),2023-09-13,-19082332.0,-0.0450000068152058,0,60.0
CO1.BDOS.4878229,SAMC-007-2023 (Manifestación de interés (Menor Cuantía)) (Presentación de oferta),ALCALDIA DE TABIO,Cundinamarca,Tabio,Selección Abreviada de Menor Cuantía,Obra,Seleccionado,300000000.0,286953769.0,6,3,Mes(es),2023-09-12,-13046231.0,-0.043487436666666664,0,90.0
CO1.BDOS.4900940,MA-SAMC-OPITPH-SP-10-2023 (Manifestación de interés (Menor Cuantía)) (Presentación de oferta),ALCALDIA MUNICIPIO DE ANOLAIMA,Cundinamarca,Anolaima,Selección Abreviada de Menor Cuantía,Obra,Seleccionado,200000000.0,188884264.0,6,2,Mes(es),2023-09-12,-11115736.0,-0.05557868,0,60.0
CO1.BDOS.4884081,SA 2023- 0839 (Manifestación de interés (Menor Cuantía)) (Presentación de oferta),ALCALDIA MUNICIPAL FUSAGASUGA,Cundinamarca,Fusagasugá,Selección Abreviada de Menor Cuantía,Obra,Seleccionado,261330812.0,261330812.0,1,4,Mes(es),2023-09-12,0.0,0.0,0,120.0
CO1.BDOS.4881881,SAMC-CMC-CBA-006-2023 (Manifestación de interés (Menor Cuantía)) (Presentación de oferta),SENA REGIONAL CUNDINAMARCA Grupo Administrativo CBA,Cundinamarca,Mosquera,Selección Abreviada de Menor Cuantía,Obra,Seleccionado,290235960.0,284544223.0,2,3,Mes(es),2023-09-12,-5691737.0,-0.019610722944186518,0,90.0
CO1.BDOS.4896286,MA-SP-SAMC-009-2023 (Manifestación de interés (Menor Cuantía)) (Presentación de oferta),ALCALDIA MUNICIPIO DE ANOLAIMA,Cundinamarca,Anolaima,Selección Abreviada de Menor Cuantía,Obra,Seleccionado,300000000.0,283202592.0,6,2,Mes(es),2023-09-11,-16797408.0,-0.05599136,0,60.0
CO1.BDOS.4866592,SP-SAMC-009-2023 (Manifestación de interés (Menor Cuantía)) (Presentación de oferta),MUNICIPIO DE VILLAPINZON,Cundinamarca,Villapinzón,Selección Abreviada de Menor Cuantía,Obra,Seleccionado,206092585.0,206092298.0,3,0,día(s),2023-09-11,-287.0,-1.3925780008048325e-06,0,0.0
CO1.BDOS.4881449,SAMC-045-2023 (Manifestación de interés (Menor Cuantía)) (Presentación de oferta),ALCALDIA MUNICIPIO DE ZIPAQUIRA,Cundinamarca,Zipaquirá,Selección Abreviada de Menor Cuantía,Obra,Seleccionado,300000000.0,299762700.0,1,3,Mes(es),2023-09-11,-237300.0,-0.000791,0,90.0
CO1.BDOS.4886739,FACATATIVA-SA-023-23 (Manifestación de interés (Menor Cuantía)) (Presentación de oferta),ALCALDIA MUNICIPAL DE FACATATIVA,Cundinamarca,Facatativá,Selección Abreviada de Menor Cuantía,Obra,Seleccionado,85728484.0,83747280.0,1,1,Mes(es),2023-09-11,-1981204.0,-0.02311021853600024,0,30.0
CO1.BDOS.4934795,014-2023,EMPRESAS PUBLICAS DE NILO S.A.S. E.S.P. - EMPUNILO S.A.S. E.S.P.,Cundinamarca,Nilo,Contratación régimen especial (con ofertas),Obra,Seleccionado,205351727.0,205000000.0,1,2,Mes(es),2023-09-11,-351727.0,-0.0017128027367405583,0,60.0
CO1.BDOS.4876126,SA 2023-0837 (Manifestación de interés (Menor Cuantía)) (Presentación de oferta),ALCALDIA MUNICIPAL FUSAGASUGA,Cundinamarca,Fusagasugá,Selección Abreviada de Menor Cuantía,Obra,Seleccionado,275494279.0,261389430.0,8,4,Mes(es),2023-09-08,-14104849.0,-0.05119833722572511,0,120.0
CO1.BDOS.4864592,LP 10 DE 2023 (Fase de Selección (Presentación de ofertas)),ALCALDIA MUNICIPAL DE VILLETA,Cundinamarca,Villeta,Licitación pública Obra Publica,Obra,Seleccionado,900000000.0,860324292.0,21,75,día(s),2023-09-08,-39675708.0,-0.04408412,0,75.0
CO1.BDOS.4864998,LP 2023-0831  (Fase de Selección (Presentación de ofertas)),ALCALDIA MUNICIPAL FUSAGASUGA,Cundinamarca,Fusagasugá,Licitación pública Obra Publica,Obra,Seleccionado,1610461681.0,1603373278.0,2,3,Mes(es),2023-09-08,-7088403.0,-0.00440147262342717,0,90.0
CO1.BDOS.4861405,SAMC-043-2023 (Manifestación de interés (Menor Cuantía)) (Presentación de oferta),ALCALDIA MUNICIPIO DE ZIPAQUIRA,Cundinamarca,Zipaquirá,Selección Abreviada de Menor Cuantía,Obra,Seleccionado,232507283.0,231778685.0,1,3,Mes(es),2023-09-08,-728598.0,-0.0031336566777566276,0,90.0
CO1.BDOS.4915794,013-2023,EMPRESAS PUBLICAS DE NILO S.A.S. E.S.P. - EMPUNILO S.A.S. E.S.P.,Cundinamarca,Nilo,Contratación régimen especial (con ofertas),Obra,Seleccionado,121787048.0,121768797.0,1,2,Mes(es),2023-09-07,-18251.0,-0.00014985994241358078,0,60.0
CO1.BDOS.4915967,012-2023,EMPRESAS PUBLICAS DE NILO S.A.S. E.S.P. - EMPUNILO S.A.S. E.S.P.,Cundinamarca,Nilo,Contratación régimen especial (con ofertas),Obra,Seleccionado,172073269.0,172073269.0,1,3,Mes(es),2023-09-07,0.0,0.0,0,90.0
CO1.BDOS.4849507,SP-LP-004-2023 (Fase de Selección (Presentación de ofertas)),MUNICIPIO DE VILLAPINZON,Cundinamarca,Villapinzón,Licitación pública Obra Publica,Obra,Seleccionado,1395104895.0,1329237697.0,7,0,día(s),2023-09-07,-65867198.0,-0.04721307927172028,0,0.0
CO1.BDOS.4900539,083- MC - CENAC TOLEMAIDA- 2023,CENAC TOLEMAIDA,Cundinamarca,Nilo,Mínima cuantía,Obra,Seleccionado,47800000.0,47800000.0,8,0,día(s),2023-09-07,0.0,0.0,0,0.0
CO1.BDOS.4839924,LP-AMS-2023-0013 (Fase de Selección (Presentación de ofertas)),ALCALDÍA MUNICIPAL DE SOPO,Cundinamarca,Sopó,Licitación pública Obra Publica,Obra,Seleccionado,5697793490.0,5522589034.0,7,3,Mes(es),2023-09-07,-175204456.0,-0.030749527217421142,0,90.0
CO1.BDOS.4844801,FACATATIVA-LP-008-23 (Fase de Selección (Presentación de ofertas)),ALCALDIA MUNICIPAL DE FACATATIVA,Cundinamarca,Facatativá,Licitación pública Obra Publica,Obra,Seleccionado,1795652188.0,1708922814.0,22,3,Mes(es),2023-09-07,-86729374.0,-0.04829965100123276,0,90.0
CO1.BDOS.4850308,SAMC-041-2023 (Manifestación de interés (Menor Cuantía)) (Presentación de oferta),ALCALDIA MUNICIPIO DE ZIPAQUIRA,Cundinamarca,Zipaquirá,Selección Abreviada de Menor Cuantía,Obra,Seleccionado,478399907.0,461601110.0,5,2,Mes(es),2023-09-06,-16798797.0,-0.03511454905027814,0,60.0
CO1.BDOS.4828540,010-MDN-CGFM-DIGSA-JEFSA-FAC-CAMAN-2023 (Manifestación de interés (Menor Cuantía)) (Presentación de oferta),ESM COMANDO AÉREO DE MANTENIMIENTO,Cundinamarca,Madrid,Selección Abreviada de Menor Cuantía,Obra,Seleccionado,450000000.0,449999919.0,4,4,Mes(es),2023-09-06,-81.0,-1.8e-07,0,120.0
CO1.BDOS.4913571,ADS-MIC-027-2023,MUNICIPIO DE UBATE,Cundinamarca,Villa De San Diego De Ubate,Mínima cuantía,Obra,Seleccionado,30217959.0,28114074.0,1,1,Mes(es),2023-09-06,-2103885.0,-0.06962366319975483,0,30.0
CO1.BDOS.4876119,SAMC-015-2023 (Presentación de oferta),ALCALDÍA MUNICIPAL DE MADRID CUNDINAMARCA,Cundinamarca,Madrid,Seleccion Abreviada Menor Cuantia Sin Manifestacion Interes,Obra,Seleccionado,1205797102.0,1198108366.0,2,4,Mes(es),2023-09-06,-7688736.0,-0.006376475766318436,0,120.0
CO1.BDOS.4860408,SA-MC-021-2023 (Manifestación de interés (Menor Cuantía)) (Presentación de oferta),MUNICIPIO DE UBATE,Cundinamarca,Villa De San Diego De Ubate,Selección Abreviada de Menor Cuantía,Obra,Seleccionado,100000000.0,99999066.0,1,2,Mes(es),2023-09-05,-934.0,-9.34e-06,0,60.0
CO1.BDOS.4864976,SAMC-002-2023 (Manifestación de interés (Menor Cuantía)) (Presentación de oferta),INSTITUTO MUNICIPAL DE VIVIENDA DE INTERÉS SOCIAL CAJICA,Cundinamarca,Cajicá,Selección Abreviada de Menor Cuantía,Obra,Seleccionado,91559640.0,91559234.0,1,2,Mes(es),2023-09-05,-406.0,-4.434268199394406e-06,0,60.0
CO1.BDOS.4850328,SAMC_14 DE 2023 (Manifestación de interés (Menor Cuantía)) (Presentación de oferta),ALCALDIA MUNICIPAL DE VILLETA,Cundinamarca,Villeta,Selección Abreviada de Menor Cuantía,Obra,Seleccionado,151786942.0,151786942.0,2,60,día(s),2023-09-05,0.0,0.0,0,60.0
CO1.BDOS.4827853,OPTIMIZACIÓN DE LA RED CONDUCCIÓN DEL ACUEDUCTO DE (Fase de Selección (Presentación de ofertas)),MUNICIPIO DE CABRERA,Cundinamarca,No Definido,Licitación pública Obra Publica,Obra,Seleccionado,628953119.0,608142507.0,5,65,día(s),2023-09-04,-20810612.0,-0.033087699816303794,0,65.0
CO1.BDOS.4852140,SAMC-042-2023 (Manifestación de interés (Menor Cuantía)) (Presentación de oferta),ALCALDIA MUNICIPIO DE ZIPAQUIRA,Cundinamarca,Zipaquirá,Selección Abreviada de Menor Cuantía,Obra,Seleccionado,216999777.0,216864318.0,1,2,Mes(es),2023-09-04,-135459.0,-0.0006242356645371114,0,60.0
CO1.BDOS.4876702,MA-SAMC-OPITPH-SP-008-2023 (Manifestación de interés (Menor Cuantía)) (Presentación de oferta),ALCALDIA MUNICIPIO DE ANOLAIMA,Cundinamarca,Anolaima,Selección Abreviada de Menor Cuantía,Obra,Seleccionado,300000000.0,282141327.0,4,2,Mes(es),2023-09-04,-17858673.0,-0.05952891,0,60.0
CO1.BDOS.4858475,SAMC-044-2023 (Manifestación de interés (Menor Cuantía)) (Presentación de oferta),ALCALDIA MUNICIPIO DE ZIPAQUIRA,Cundinamarca,Zipaquirá,Selección Abreviada de Menor Cuantía,Obra,Seleccionado,170000000.0,169859091.0,1,3,Mes(es),2023-09-04,-140909.0,-0.0008288764705882352,0,90.0
CO1.BDOS.4805743,LP-001-2023 (Fase de Selección (Presentación de ofertas)),CENTRO CULTURAL BACATA,Cundinamarca,Funza,Licitación pública Obra Publica,Obra,Seleccionado,714674940.0,663837130.0,39,3,Mes(es),2023-08-31,-50837810.0,-0.0711341718516113,0,90.0
CO1.BDOS.4846469,SA-192-DISAN-EJC-DMTOL-2023 (Manifestación de interés (Menor Cuantía)) (Presentación de oferta),DISPENSARIO MEDICO TOLEMAIDA.,Cundinamarca,Nilo,Selección Abreviada de Menor Cuantía,Obra,Seleccionado,332469170.0,322587834.0,9,3,Mes(es),2023-08-31,-9881336.0,-0.02972105954967193,0,90.0
CO1.BDOS.4836590,LP-011-2023 (Fase de Selección (Presentación de ofertas)),ALCALDÍA MUNICIPAL DE MADRID CUNDINAMARCA,Cundinamarca,Madrid,Licitación pública Obra Publica,Obra,Seleccionado,1755000000.0,1677257684.0,7,4,Mes(es),2023-08-31,-77742316.0,-0.044297615954415955,0,120.0
CO1.BDOS.4827687,SA 2023-0818. (Manifestación de interés (Menor Cuantía)) (Presentación de oferta),ALCALDIA MUNICIPAL FUSAGASUGA,Cundinamarca,Fusagasugá,Selección Abreviada de Menor Cuantía,Obra,Seleccionado,518091780.0,489396387.0,17,2,Mes(es),2023-08-31,-28695393.0,-0.05538669808658227,0,60.0
CO1.BDOS.4824414,LICITACIÓN PÚBLICA No LP 011-2023 (Fase de Selección (Presentación de ofertas)),ALCALDIA MUNICIPAL DE CHIA,Cundinamarca,Chía,Licitación pública Obra Publica,Obra,Seleccionado,2924208903.0,1299697206.0,25,90,día(s),2023-08-30,-1624511697.0,-0.5555388656854794,0,90.0
CO1.BDOS.4826402,LP-010-2023 (Fase de Selección (Presentación de ofertas)),ALCALDÍA MUNICIPAL DE MADRID CUNDINAMARCA,Cundinamarca,Madrid,Licitación pública Obra Publica,Obra,Seleccionado,412919477.0,381660729.0,8,4,Mes(es),2023-08-30,-31258748.0,-0.07570180081381823,0,120.0
CO1.BDOS.4888664,SMIN-060-2023,ALCALDIA MUNICIPIO DE ZIPAQUIRA,Cundinamarca,Zipaquirá,Mínima cuantía,Obra,Seleccionado,49991736.0,48905686.0,1,1,Mes(es),2023-08-30,-1086050.0,-0.021724590640341036,0,30.0
CO1.BDOS.4826101,FACATATIVA-LP-007-23 (Fase de Selección (Presentación de ofertas)),ALCALDIA MUNICIPAL DE FACATATIVA,Cundinamarca,Facatativá,Licitación pública Obra Publica,Obra,Seleccionado,1880000000.0,1795901863.0,2,3,Mes(es),2023-08-30,-84098137.0,-0.04473305159574468,0,90.0
CO1.BDOS.4812440,SAMC-IMVIUR-001-2023 (Manifestación de interés (Menor Cuantía)) (Presentación de oferta),INSTITUTO MUNICIPAL DE VIVIENDA URBANA Y RURAL IMVIUR,Cundinamarca,La Calera,Selección Abreviada de Menor Cuantía,Obra,Seleccionado,156345820.0,155403900.0,3,0,día(s),2023-08-30,-941920.0,-0.0060245934301281605,0,0.0
CO1.BDOS.4821436,CONSTRUCCIÓN DE 50 UNIDADES SANITARIAS EN EL SECTO (Fase de Selección (Presentación de ofertas)),MUNICIPIO DE CABRERA,Cundinamarca,No Definido,Licitación pública Obra Publica,Obra,Seleccionado,842709650.0,800522650.0,2,70,día(s),2023-08-30,-42187000.0,-0.05006113315541124,0,70.0
CO1.BDOS.4882827,MC 2023-0838,ALCALDIA MUNICIPAL FUSAGASUGA,Cundinamarca,Fusagasugá,Mínima cuantía,Obra,Seleccionado,41043300.0,40960010.0,2,2,Mes(es),2023-08-29,-83290.0,-0.0020293202544629696,0,60.0
CO1.BDOS.4828600,SAMC 009-2023 (Manifestación de interés (Menor Cuantía)) (Presentación de oferta),ALCALDIA MUNICIPIO DE RICAURTE,Cundinamarca,Ricaurte,Selección Abreviada de Menor Cuantía,Obra,Seleccionado,41377675.0,41377675.0,1,3,Mes(es),2023-08-29,0.0,0.0,0,90.0
CO1.BDOS.4833283,SA-AMS-2023-0017 (Manifestación de interés (Menor Cuantía)) (Presentación de oferta),ALCALDÍA MUNICIPAL DE SOPO,Cundinamarca,Sopó,Selección Abreviada de Menor Cuantía,Obra,Seleccionado,64553196.0,64531256.0,1,2,Mes(es),2023-08-28,-21940.0,-0.00033987472905291937,0,60.0
CO1.BDOS.4871157,081-MC-CENACTOLEMAIDA-2023,CENAC TOLEMAIDA,Cundinamarca,Nilo,Mínima cuantía,Obra,Seleccionado,85674438.0,83001168.0,2,3,Mes(es),2023-08-28,-2673270.0,-0.031202655802656097,0,90.0
CO1.BDOS.4804110,SAMC-031-2023 (Manifestación de interés (Menor Cuantía)) (Presentación de oferta),ALCALDIA MUNICIPIO DE CAJICA,Cundinamarca,Cajicá,Selección Abreviada de Menor Cuantía,Obra,Seleccionado,300000000.0,287241741.0,6,2,Mes(es),2023-08-28,-12758259.0,-0.04252753,0,60.0
CO1.BDOS.4823873,SAMC-040-2023 (Manifestación de interés (Menor Cuantía)) (Presentación de oferta),ALCALDIA MUNICIPIO DE ZIPAQUIRA,Cundinamarca,Zipaquirá,Selección Abreviada de Menor Cuantía,Obra,Seleccionado,300000000.0,299762700.0,1,3,Mes(es),2023-08-25,-237300.0,-0.000791,0,90.0
CO1.BDOS.4869103,078-MC CENAC TOLEMAIDA,CENAC TOLEMAIDA,Cundinamarca,Nilo,Mínima cuantía,Obra,Seleccionado,65251393.0,65248962.0,7,3,Mes(es),2023-08-25,-2431.0,-3.725590961713262e-05,0,90.0
CO1.BDOS.4807489,SA 2023-0817 (Manifestación de interés (Menor Cuantía)) (Presentación de oferta),ALCALDIA MUNICIPAL FUSAGASUGA,Cundinamarca,Fusagasugá,Selección Abreviada de Menor Cuantía,Obra,Seleccionado,518049225.0,495228267.0,11,2,Mes(es),2023-08-25,-22820958.0,-0.044051717286132414,0,60.0
CO1.BDOS.4811889,LP 09 DE 2023 (Fase de Selección (Presentación de ofertas)),ALCALDIA MUNICIPAL DE VILLETA,Cundinamarca,Villeta,Licitación pública Obra Publica,Obra,Seleccionado,381016828.0,380991950.0,2,75,día(s),2023-08-24,-24878.0,-6.529370403556035e-05,0,75.0
CO1.BDOS.4817488,SAMC-039-2023 (Manifestación de interés (Menor Cuantía)) (Presentación de oferta),ALCALDIA MUNICIPIO DE ZIPAQUIRA,Cundinamarca,Zipaquirá,Selección Abreviada de Menor Cuantía,Obra,Seleccionado,100000000.0,99999658.0,1,3,Mes(es),2023-08-24,-342.0,-3.42e-06,0,90.0
CO1.BDOS.4865204,IMRD IPMC 019 2023,INSTITUTO MUNICIPAL DE RECREACIÓN Y DEPORTES DE CHIA,Cundinamarca,Chía,Mínima cuantía,Obra,Seleccionado,31102237.0,22520750.0,4,0,día(s),2023-08-23,-8581487.0,-0.27591221171647556,0,0.0
CO1.BDOS.4803886,LP 08 DE 2023 (Fase de Selección (Presentación de ofertas)),ALCALDIA MUNICIPAL DE VILLETA,Cundinamarca,Villeta,Licitación pública Obra Publica,Obra,Seleccionado,397350879.0,394890200.0,4,2,Mes(es),2023-08-23,-2460679.0,-0.006192710599238413,0,60.0
CO1.BDOS.4737541,LP-AMS-2023-0011 (Fase de Selección (Presentación de ofertas)),ALCALDÍA MUNICIPAL DE SOPO,Cundinamarca,Sopó,Licitación pública Obra Publica,Obra,Seleccionado,772919544.0,752263364.0,4,0,día(s),2023-08-23,-20656180.0,-0.026724877330828626,0,0.0
CO1.BDOS.4790541,LICITACION PUBLICA 080-2023 (Fase de Selección (Presentación de ofertas)),MUNICIPIO DE ANAPOIMA/,Cundinamarca,No Definido,Licitación pública Obra Publica,Obra,Seleccionado,348561941.0,334697075.0,14,2,Mes(es),2023-08-22,-13864866.0,-0.03977733759521382,0,60.0
CO1.BDOS.4803537,SAMC-037-2023 (Manifestación de interés (Menor Cuantía)) (Presentación de oferta),ALCALDIA MUNICIPIO DE ZIPAQUIRA,Cundinamarca,Zipaquirá,Selección Abreviada de Menor Cuantía,Obra,Seleccionado,100000000.0,99241716.0,1,3,Mes(es),2023-08-22,-758284.0,-0.00758284,0,90.0
CO1.BDOS.4854249,LP 2023-0828 (Fase de Selección (Presentación de ofertas)),ALCALDIA MUNICIPAL FUSAGASUGA,Cundinamarca,Fusagasugá,Licitación pública Obra Publica,Obra,Seleccionado,3375750706.0,3337218695.0,2,7,Mes(es),2023-08-18,-38532011.0,-0.011414353237492887,0,210.0
CO1.BDOS.4788286,FACATATIVA-SA-018-23 (Manifestación de interés (Menor Cuantía)) (Presentación de oferta),ALCALDIA MUNICIPAL DE FACATATIVA,Cundinamarca,Facatativá,Selección Abreviada de Menor Cuantía,Obra,Seleccionado,200437242.0,196412531.0,1,3,Mes(es),2023-08-17,-4024711.0,-0.020079656653826838,0,90.0
CO1.BDOS.4723550,LP-008-2023 (Fase de Selección (Presentación de ofertas)),MUNICIPIO DE FUNZA - ALCALDÍA DE FUNZA,Cundinamarca,Funza,Licitación pública Obra Publica,Obra,Seleccionado,1961799315.0,1867044320.0,20,150,día(s),2023-08-17,-94754995.0,-0.0483000449003623,0,150.0
CO1.BDOS.4796678,SAMC-10 DE 2023 (Manifestación de interés (Menor Cuantía)) (Presentación de oferta),ALCALDIA MUNICIPAL DE VILLETA,Cundinamarca,Villeta,Selección Abreviada de Menor Cuantía,Obra,Seleccionado,246107327.0,246106300.0,1,2,Mes(es),2023-08-17,-1027.0,-4.172976125981003e-06,0,60.0
CO1.BDOS.4843755,071-MC-CENACTOLEMAIDA-2023,CENAC TOLEMAIDA,Cundinamarca,Nilo,Mínima cuantía,Obra,Seleccionado,109311356.0,79940280.0,8,0,día(s),2023-08-17,-29371076.0,-0.2686919005926521,0,0.0
CO1.BDOS.4786037,SAMC 2023 - 109 (Manifestación de interés (Menor Cuantía)) (Presentación de oferta),IDERF,Cundinamarca,Fusagasugá,Selección Abreviada de Menor Cuantía,Obra,Seleccionado,229757658.0,228462780.0,1,4,Mes(es),2023-08-16,-1294878.0,-0.005635842614656179,0,120.0
CO1.BDOS.4770817,LP 07 DE 2023 (Fase de Selección (Presentación de ofertas)),ALCALDIA MUNICIPAL DE VILLETA,Cundinamarca,Villeta,Licitación pública Obra Publica,Obra,Seleccionado,421338636.0,421336994.0,3,3,Mes(es),2023-08-15,-1642.0,-3.89710285196822e-06,0,90.0
CO1.BDOS.4791102,SAMC 11 DE 2023 (Manifestación de interés (Menor Cuantía)) (Presentación de oferta),ALCALDIA MUNICIPAL DE VILLETA,Cundinamarca,Villeta,Selección Abreviada de Menor Cuantía,Obra,Seleccionado,308363901.0,308363304.0,1,2,Mes(es),2023-08-15,-597.0,-1.9360242819084065e-06,0,60.0
CO1.BDOS.4741236,LP-009-2023 (Fase de Selección (Presentación de ofertas)),ALCALDIA MUNICIPIO DE CAJICA,Cundinamarca,Cajicá,Licitación pública Obra Publica,Obra,Seleccionado,719392940.0,683274356.0,26,3,Mes(es),2023-08-15,-36118584.0,-0.05020703150075396,0,90.0
CO1.BDOS.4778011,SA-AMS-2023-0015 (Manifestación de interés (Menor Cuantía)) (Presentación de oferta),ALCALDÍA MUNICIPAL DE SOPO,Cundinamarca,Sopó,Selección Abreviada de Menor Cuantía,Obra,Seleccionado,133774088.0,133673268.0,1,2,Mes(es),2023-08-14,-100820.0,-0.000753658660711632,0,60.0
CO1.BDOS.4832731,IPMC-005-2023,CORPORACION PRODESARROLLO Y SEGURIDAD DEL MUNICIPIO DE GIRARDOT,Cundinamarca,Girardot,Mínima cuantía,Obra,Seleccionado,32388753.0,31995107.0,1,15,día(s),2023-08-14,-393646.0,-0.012153786840759198,0,15.0
CO1.BDOS.4770312,SA-AMS-2023-0016 (Manifestación de interés (Menor Cuantía)) (Presentación de oferta),ALCALDÍA MUNICIPAL DE SOPO,Cundinamarca,Sopó,Selección Abreviada de Menor Cuantía,Obra,Seleccionado,296562412.0,296517571.0,1,3,Mes(es),2023-08-14,-44841.0,-0.0001512025738447258,0,90.0
CO1.BDOS.4776827,SAMC 008-2023 (Manifestación de interés (Menor Cuantía)) (Presentación de oferta),ALCALDIA MUNICIPIO DE RICAURTE,Cundinamarca,Ricaurte,Selección Abreviada de Menor Cuantía,Obra,Seleccionado,101309781.0,101309781.0,1,3,Mes(es),2023-08-11,0.0,0.0,0,90.0
CO1.BDOS.4764645,LICITACION PUBLICA 079-2023 (Fase de Selección (Presentación de ofertas)),MUNICIPIO DE ANAPOIMA/,Cundinamarca,No Definido,Licitación pública Obra Publica,Obra,Seleccionado,859083002.0,822131149.0,15,2,Mes(es),2023-08-11,-36951853.0,-0.0430131348356023,0,60.0
CO1.BDOS.4817155,IA-001-2023,EPUXUA E.I.C.E.,Cundinamarca,Soacha,Contratación régimen especial (con ofertas),Obra,Seleccionado,12478870093.0,12379038691.0,1,23,Mes(es),2023-08-11,-99831402.0,-0.008000035360252709,0,690.0
CO1.BDOS.4757785,LP-011-2023 (Fase de Selección (Presentación de ofertas)),ALCALDIA MUNICIPIO DE CAJICA,Cundinamarca,Cajicá,Licitación pública Obra Publica,Obra,Seleccionado,934579439.0,869909277.0,22,105,día(s),2023-08-11,-64670162.0,-0.0691970733586832,0,105.0
CO1.BDOS.4769870,066-SAMC-CENACTOLEMAIDA-2023 (Manifestación de interés (Menor Cuantía)) (Presentación de oferta),CENAC TOLEMAIDA,Cundinamarca,Nilo,Selección Abreviada de Menor Cuantía,Obra,Seleccionado,400000000.0,399921364.0,2,0,día(s),2023-08-10,-78636.0,-0.00019659,0,0.0
CO1.BDOS.4741066,LP-010-2023 (Fase de Selección (Presentación de ofertas)),ALCALDIA MUNICIPIO DE CAJICA,Cundinamarca,Cajicá,Licitación pública Obra Publica,Obra,Seleccionado,1249202487.0,1180292988.0,10,3,Mes(es),2023-08-10,-68909499.0,-0.055162793636032846,0,90.0
CO1.BDOS.4773058,SAMC-009-2023 (Manifestación de interés (Menor Cuantía)) (Presentación de oferta),ALCALDIA MUNICIPAL DE VILLETA,Cundinamarca,Villeta,Selección Abreviada de Menor Cuantía,Obra,Seleccionado,100000000.0,99994517.0,1,1,Mes(es),2023-08-10,-5483.0,-5.483e-05,0,30.0
CO1.BDOS.4820853,SMC 2023-112,IDERF,Cundinamarca,Fusagasugá,Mínima cuantía,Obra,Seleccionado,31507258.0,28611284.0,6,45,día(s),2023-08-09,-2895974.0,-0.09191450427073025,0,45.0
CO1.BDOS.4760644,SIOP-SAMC-0001-2023 (Manifestación de interés (Menor Cuantía)) (Presentación de oferta),ALCALDÍA MUNICIPAL COTA,Cundinamarca,Cota,Selección Abreviada de Menor Cuantía,Obra,Seleccionado,420000000.0,419961929.0,1,0,día(s),2023-08-09,-38071.0,-9.064523809523809e-05,0,0.0
CO1.BDOS.4768060,SAMC-08-2023 (Manifestación de interés (Menor Cuantía)) (Presentación de oferta),ALCALDIA MUNICIPAL DE VILLETA,Cundinamarca,Villeta,Selección Abreviada de Menor Cuantía,Obra,Seleccionado,100000000.0,99993957.0,1,1,Mes(es),2023-08-09,-6043.0,-6.043e-05,0,30.0
CO1.BDOS.4742302,MENOR CUANTIA 075-2023 (Manifestación de interés (Menor Cuantía)) (Presentación de oferta),MUNICIPIO DE ANAPOIMA/,Cundinamarca,No Definido,Selección Abreviada de Menor Cuantía,Obra,Seleccionado,300000000.0,284230159.0,3,2,Mes(es),2023-08-08,-15769841.0,-0.052566136666666666,0,60.0
CO1.BDOS.4756908,SAMC 07 DE 2023 (Manifestación de interés (Menor Cuantía)) (Presentación de oferta),ALCALDIA MUNICIPAL DE VILLETA,Cundinamarca,Villeta,Selección Abreviada de Menor Cuantía,Obra,Seleccionado,242224451.0,242192323.0,1,75,día(s),2023-08-04,-32128.0,-0.00013263731166429603,0,75.0
CO1.BDOS.4717229,FACATATIVA-SA-016-23 (Manifestación de interés (Menor Cuantía)) (Presentación de oferta),ALCALDIA MUNICIPAL DE FACATATIVA,Cundinamarca,Facatativá,Selección Abreviada de Menor Cuantía,Obra,Seleccionado,247880511.0,241918531.0,1,3,Mes(es),2023-08-04,-5961980.0,-0.024051830359507368,0,90.0
CO1.BDOS.4738620,MENOR CUANTIA 072-2023 (Manifestación de interés (Menor Cuantía)) (Presentación de oferta),MUNICIPIO DE ANAPOIMA/,Cundinamarca,No Definido,Selección Abreviada de Menor Cuantía,Obra,Seleccionado,100000000.0,97865738.0,7,2,Mes(es),2023-08-04,-2134262.0,-0.02134262,0,60.0
CO1.BDOS.4755122,065-SAMC-CENACTOLEMAIDA-2023 (Manifestación de interés (Menor Cuantía)) (Presentación de oferta),CENAC TOLEMAIDA,Cundinamarca,Nilo,Selección Abreviada de Menor Cuantía,Obra,Seleccionado,195000000.0,189290238.0,11,0,día(s),2023-08-03,-5709762.0,-0.02928083076923077,0,0.0
CO1.BDOS.4734107,SAMC-06-2023 (Manifestación de interés (Menor Cuantía)) (Presentación de oferta),ALCALDIA MUNICIPAL DE VILLETA,Cundinamarca,Villeta,Selección Abreviada de Menor Cuantía,Obra,Seleccionado,200000000.0,199996250.0,2,60,día(s),2023-08-03,-3750.0,-1.875e-05,0,60.0
CO1.BDOS.4736993,LP_06_2023 (Fase de Selección (Presentación de ofertas)),ALCALDIA MUNICIPAL DE VILLETA,Cundinamarca,Villeta,Licitación pública Obra Publica,Obra,Seleccionado,390162279.0,390157575.0,2,30,Mes(es),2023-08-02,-4704.0,-1.2056521742841265e-05,0,900.0
CO1.BDOS.4737468,MENOR CUANTIA 071-2023 (Manifestación de interés (Menor Cuantía)) (Presentación de oferta),MUNICIPIO DE ANAPOIMA/,Cundinamarca,No Definido,Selección Abreviada de Menor Cuantía,Obra,Seleccionado,300000000.0,299992878.0,1,2,Mes(es),2023-08-01,-7122.0,-2.374e-05,0,60.0
CO1.BDOS.4719889,SAMC-022-2023 (Manifestación de interés (Menor Cuantía)) (Presentación de oferta),ALCALDIA MUNICIPIO DE CAJICA,Cundinamarca,Cajicá,Selección Abreviada de Menor Cuantía,Obra,Seleccionado,450000000.0,450000000.0,1,4,Mes(es),2023-07-27,0.0,0.0,0,120.0
CO1.BDOS.4711593,FACATATIVA-SA-015-23 (Manifestación de interés (Menor Cuantía)) (Presentación de oferta),ALCALDIA MUNICIPAL DE FACATATIVA,Cundinamarca,Facatativá,Selección Abreviada de Menor Cuantía,Obra,Seleccionado,240420355.0,232472545.0,3,2,Mes(es),2023-07-24,-7947810.0,-0.03305797464611514,0,60.0
CO1.BDOS.4634830,SAMC-009-2023 (Manifestación de interés (Menor Cuantía)) (Presentación de oferta),MUNICIPIO DE FUNZA - ALCALDÍA DE FUNZA,Cundinamarca,Funza,Selección Abreviada de Menor Cuantía,Obra,Seleccionado,520000000.0,520000000.0,2,150,día(s),2023-07-24,0.0,0.0,0,150.0
CO1.BDOS.4709735,SAMC-011-2023 (Manifestación de interés (Menor Cuantía)) (Presentación de oferta),ALCALDÍA MUNICIPAL DE MADRID CUNDINAMARCA,Cundinamarca,Madrid,Selección Abreviada de Menor Cuantía,Obra,Seleccionado,37991701.0,36868672.0,2,60,día(s),2023-07-21,-1123029.0,-0.029559850452602794,0,60.0
CO1.BDOS.4673791,LP-AMS-2023-0010 (Fase de Selección (Presentación de ofertas)),ALCALDÍA MUNICIPAL DE SOPO,Cundinamarca,Sopó,Licitación pública Obra Publica,Obra,Seleccionado,374998642.0,374889224.0,1,3,Mes(es),2023-07-18,-109418.0,-0.00029178238997462825,0,90.0
CO1.BDOS.4678720,SAMC-031-2023 (Manifestación de interés (Menor Cuantía)) (Presentación de oferta),ALCALDIA MUNICIPIO DE ZIPAQUIRA,Cundinamarca,Zipaquirá,Selección Abreviada de Menor Cuantía,Obra,Seleccionado,400000000.0,399994782.0,1,4,Mes(es),2023-07-18,-5218.0,-1.3045e-05,0,120.0
CO1.BDOS.4647463,SA-MC-015-2023 (Manifestación de interés (Menor Cuantía)) (Presentación de oferta),MUNICIPIO DE UBATE,Cundinamarca,Villa De San Diego De Ubate,Selección Abreviada de Menor Cuantía,Obra,Seleccionado,169999959.0,169790425.0,1,2,Mes(es),2023-07-17,-209534.0,-0.0012325532384393103,0,60.0
CO1.BDOS.4685010,SA 2023-0784 (Manifestación de interés (Menor Cuantía)) (Presentación de oferta),ALCALDIA MUNICIPAL FUSAGASUGA,Cundinamarca,Fusagasugá,Selección Abreviada de Menor Cuantía,Obra,Seleccionado,341619076.0,326943185.0,12,6,Mes(es),2023-07-14,-14675891.0,-0.04295981117869425,0,180.0
CO1.BDOS.4561455,LP 006-2023 (Fase de Selección (Presentación de ofertas)),ALCALDIA MUNICIPIO DE RICAURTE,Cundinamarca,Ricaurte,Licitación pública Obra Publica,Obra,Seleccionado,11773123033.0,11302197879.0,6,7,Mes(es),2023-07-13,-470925154.0,-0.04000001976365994,0,210.0
CO1.BDOS.4655199,SA-MC-017-2023 (Manifestación de interés (Menor Cuantía)) (Presentación de oferta),MUNICIPIO DE UBATE,Cundinamarca,Villa De San Diego De Ubate,Selección Abreviada de Menor Cuantía,Obra,Seleccionado,151005324.0,147920183.0,1,3,Mes(es),2023-07-13,-3085141.0,-0.02043067700050099,0,90.0
CO1.BDOS.4640439,SAMC-029-2023 (Manifestación de interés (Menor Cuantía)) (Presentación de oferta),ALCALDIA MUNICIPIO DE ZIPAQUIRA,Cundinamarca,Zipaquirá,Selección Abreviada de Menor Cuantía,Obra,Seleccionado,100000000.0,99994872.0,1,3,Mes(es),2023-07-13,-5128.0,-5.128e-05,0,90.0
CO1.BDOS.4618130,SP-SAMC-006-2023 (Manifestación de interés (Menor Cuantía)) (Presentación de oferta),MUNICIPIO DE VILLAPINZON,Cundinamarca,Villapinzón,Selección Abreviada de Menor Cuantía,Obra,Seleccionado,81038694.0,81038681.0,1,0,día(s),2023-07-12,-13.0,-1.6041719527217455e-07,0,0.0
CO1.BDOS.4716927,MC 043-2023,ALCALDIA MUNICIPIO DE RICAURTE,Cundinamarca,Ricaurte,Mínima cuantía,Obra,Seleccionado,14822696.0,11893388.0,8,1,Mes(es),2023-07-12,-2929308.0,-0.19762315843217726,0,30.0
CO1.BDOS.4628974,SA-AMS-2023-0013 (Manifestación de interés (Menor Cuantía)) (Presentación de oferta),ALCALDÍA MUNICIPAL DE SOPO,Cundinamarca,Sopó,Selección Abreviada de Menor Cuantía,Obra,Seleccionado,324074834.0,324050985.0,1,3,Mes(es),2023-07-12,-23849.0,-7.359102743534846e-05,0,90.0
CO1.BDOS.4634754,SAMC 2023 - 099 (Manifestación de interés (Menor Cuantía)) (Presentación de oferta),IDERF,Cundinamarca,Fusagasugá,Selección Abreviada de Menor Cuantía,Obra,Seleccionado,130000000.0,130000000.0,1,6,Mes(es),2023-07-11,0.0,0.0,0,180.0
CO1.BDOS.4549888,LPO-008-2023 (Fase de Selección (Presentación de ofertas)),MUNICIPIO DE LA CALERA CUNDINAMARCA,Cundinamarca,La Calera,Licitación pública Obra Publica,Obra,Seleccionado,830727090.0,794302720.0,40,6,Mes(es),2023-07-11,-36424370.0,-0.0438463731813537,0,180.0
CO1.BDOS.4531451,LPO-007-2023 (Fase de Selección (Presentación de ofertas)),MUNICIPIO DE LA CALERA CUNDINAMARCA,Cundinamarca,La Calera,Licitación pública Obra Publica,Obra,Seleccionado,564156792.0,539536752.0,35,4,Mes(es),2023-07-10,-24620040.0,-0.043640421154408436,0,120.0
CO1.BDOS.4594861,LP-013-2023 (Fase de Selección (Presentación de ofertas)),ALCALDIA MUNICIPIO DE ZIPAQUIRA,Cundinamarca,Zipaquirá,Licitación pública Obra Publica,Obra,Seleccionado,744055944.0,743622708.0,1,3,Mes(es),2023-07-10,-433236.0,-0.0005822626692167115,0,90.0
CO1.BDOS.4532273,LPO-006-2023 (Fase de Selección (Presentación de ofertas)),MUNICIPIO DE LA CALERA CUNDINAMARCA,Cundinamarca,La Calera,Licitación pública Obra Publica,Obra,Seleccionado,705069878.0,668054581.0,35,4,Mes(es),2023-07-10,-37015297.0,-0.052498763817563056,0,120.0
CO1.BDOS.4599079,LP 009-2023 (Fase de Selección (Presentación de ofertas)),ALCALDIA MUNICIPAL DE CHIA,Cundinamarca,Chía,Licitación pública Obra Publica,Obra,Seleccionado,1021428571.0,976176120.0,30,4,Mes(es),2023-07-10,-45252451.0,-0.04430309889970759,0,120.0
CO1.BDOS.4589099,059-SAMC-CENACTOLEMAIDA-2023  (Manifestación de interés (Menor Cuantía)) (Presentación de oferta),CENAC TOLEMAIDA,Cundinamarca,Nilo,Selección Abreviada de Menor Cuantía,Obra,Seleccionado,418535000.0,417515843.0,11,0,día(s),2023-07-07,-1019157.0,-0.0024350579999283216,0,0.0
CO1.BDOS.4593571,LP-006-2023 (Fase de Selección (Presentación de ofertas)),CUNDINAMARCA-ALCALDIA MUNICIPIO MOSQUERA,Cundinamarca,Mosquera,Licitación pública Obra Publica,Obra,Seleccionado,3984925365.0,3984714221.0,1,4,Mes(es),2023-07-06,-211144.0,-5.2985684965269104e-05,0,120.0
CO1.BDOS.4607391,SAMC-010-2023 (Presentación de oferta),ALCALDÍA MUNICIPAL DE MADRID CUNDINAMARCA,Cundinamarca,Madrid,Seleccion Abreviada Menor Cuantia Sin Manifestacion Interes,Obra,Seleccionado,1173284442.0,1154347166.0,2,6,Mes(es),2023-07-06,-18937276.0,-0.01614039641377943,0,180.0
CO1.BDOS.4551347,LP-003-2023 (Fase de Selección (Presentación de ofertas)),ALCALDIA MUNICIPAL DE GIRARDOT,Cundinamarca,Girardot,Licitación pública Obra Publica,Obra,Seleccionado,1020518343.0,1005969775.0,1,4,Mes(es),2023-07-05,-14548568.0,-0.014256057325958324,0,120.0
CO1.BDOS.4496724,LP-001-2023 (Fase de Selección (Presentación de ofertas)),EMPRESA DE SERVICIOS PUBLICOS DE CAJICA,Cundinamarca,Cajicá,Licitación pública Obra Publica,Obra,Seleccionado,22964934675.0,22654256644.0,2,12,Mes(es),2023-07-05,-310678031.0,-0.013528365544980589,0,360.0
CO1.BDOS.4581068,SAMC 009- 2023 (Manifestación de interés (Menor Cuantía)) (Presentación de oferta),ALCALDIA MUNICIPAL DE CHIA,Cundinamarca,Chía,Selección Abreviada de Menor Cuantía,Obra,Seleccionado,478138864.0,456762881.0,6,2,Mes(es),2023-07-04,-21375983.0,-0.0447066419599809,0,60.0
CO1.BDOS.4505450,LIC 004 MT 2023 (Fase de Selección (Presentación de ofertas)),MUNICIPIO DE TOCANCIPA,Cundinamarca,Tocancipá,Licitación pública Obra Publica,Obra,Seleccionado,6279999994.0,5820874247.0,13,5,Mes(es),2023-06-30,-459125747.0,-0.07310919545201515,0,150.0
CO1.BDOS.4528885,LPO-005-2023 (Fase de Selección (Presentación de ofertas)),MUNICIPIO DE LA CALERA CUNDINAMARCA,Cundinamarca,La Calera,Licitación pública Obra Publica,Obra,Seleccionado,426022052.0,406938045.0,33,4,Mes(es),2023-06-30,-19084007.0,-0.04479581963048242,0,120.0
CO1.BDOS.4525814,SAMC 007-2023_8 (Presentación de oferta),ALCALDIA MUNICIPAL DE CHIA,Cundinamarca,Chía,Selección Abreviada de Menor Cuantía,Obra,Seleccionado,447750139.0,429249943.0,2,2,Mes(es),2023-06-30,-18500196.0,-0.04131812452659004,0,60.0
CO1.BDOS.4573825,SA 003 MT 2023 (Presentación de oferta),MUNICIPIO DE TOCANCIPA,Cundinamarca,Tocancipá,Seleccion Abreviada Menor Cuantia Sin Manifestacion Interes,Obra,Seleccionado,3479455075.0,3315270852.0,14,5,Mes(es),2023-06-29,-164184223.0,-0.04718676328936364,0,150.0
CO1.BDOS.4647339,SOP-MIC-014-2023,MUNICIPIO DE UBATE,Cundinamarca,Villa De San Diego De Ubate,Mínima cuantía,Obra,Seleccionado,13701098.0,12810864.0,1,3,Mes(es),2023-06-28,-890234.0,-0.06497537642603535,0,90.0
CO1.BDOS.4485764,LP-006-2023 (Fase de Selección (Presentación de ofertas)),MUNICIPIO DE FUNZA - ALCALDÍA DE FUNZA,Cundinamarca,Funza,Licitación pública Obra Publica,Obra,Seleccionado,1493891317.0,1374381718.0,7,5,Mes(es),2023-06-28,-119509599.0,-0.0799988577750064,0,150.0
CO1.BDOS.4661353,CONV_SOL_12_2023,ALCALDIA MUNICIPAL DE VILLETA,Cundinamarca,Villeta,Contratación Directa (con ofertas),Obra,Seleccionado,50000000.0,50000000.0,0,60,día(s),2023-06-28,0.0,0.0,0,60.0
CO1.BDOS.4501682,LP-004-2023 (Fase de Selección (Presentación de ofertas)),MUNICIPIO DE SOACHA..,Cundinamarca,Soacha,Licitación pública Obra Publica,Obra,Seleccionado,1578997185.0,1369493635.0,32,6,Mes(es),2023-06-27,-209503550.0,-0.13268139550229788,0,180.0
CO1.BDOS.4638718,MC-CMC-CTDPE-010-2023,SENA REGIONAL CUNDINAMARCA Grupo Administrativo CTDPE,Cundinamarca,Girardot,Mínima cuantía,Obra,Seleccionado,81308676.0,81308676.0,3,2,Mes(es),2023-06-27,0.0,0.0,0,60.0
CO1.BDOS.4546190,SAMC 008-2023 (Manifestación de interés (Menor Cuantía)) (Presentación de oferta),ALCALDIA MUNICIPAL DE CHIA,Cundinamarca,Chía,Selección Abreviada de Menor Cuantía,Obra,Seleccionado,481052001.0,460262373.0,9,2,Mes(es),2023-06-27,-20789628.0,-0.04321700763489808,0,60.0
CO1.BDOS.4632232,CONV_10_2023,ALCALDIA MUNICIPAL DE VILLETA,Cundinamarca,Villeta,Contratación Directa (con ofertas),Obra,Seleccionado,347101613.0,347104613.0,1,90,día(s),2023-06-26,3000.0,8.643002186221475e-06,1,90.0
CO1.BDOS.4628368,CONV_07_2023,ALCALDIA MUNICIPAL DE VILLETA,Cundinamarca,Villeta,Contratación Directa (con ofertas),Obra,Seleccionado,1148041561.0,1148041561.0,1,60,día(s),2023-06-26,0.0,0.0,0,60.0
CO1.BDOS.4506900,FACATATIVA-LP-003-23 (Fase de Selección (Presentación de ofertas)),ALCALDIA MUNICIPAL DE FACATATIVA,Cundinamarca,Facatativá,Licitación pública Obra Publica,Obra,Seleccionado,2139206270.0,2030182940.0,18,0,día(s),2023-06-23,-109023330.0,-0.050964384093732114,0,0.0
CO1.BDOS.4498721,LICITACION PUBLICA 059-2023 (Fase de Selección (Presentación de ofertas)),MUNICIPIO DE ANAPOIMA/,Cundinamarca,No Definido,Licitación pública Obra Publica,Obra,Seleccionado,1925418065.0,1925072061.0,1,4,Mes(es),2023-06-23,-346004.0,-0.0001797033103041962,0,120.0
CO1.BDOS.4516438,SAMC-026-2023 (Manifestación de interés (Menor Cuantía)) (Presentación de oferta),ALCALDIA MUNICIPIO DE ZIPAQUIRA,Cundinamarca,Zipaquirá,Selección Abreviada de Menor Cuantía,Obra,Seleccionado,240000000.0,239667174.0,1,3,Mes(es),2023-06-22,-332826.0,-0.001386775,0,90.0
CO1.BDOS.4524394,SAMC-025-2023 (Manifestación de interés (Menor Cuantía)) (Presentación de oferta),ALCALDIA MUNICIPIO DE ZIPAQUIRA,Cundinamarca,Zipaquirá,Selección Abreviada de Menor Cuantía,Obra,Seleccionado,100000000.0,99983546.0,1,3,Mes(es),2023-06-22,-16454.0,-0.00016454,0,90.0
CO1.BDOS.4520052,SAMC-024-2023 (Manifestación de interés (Menor Cuantía)) (Presentación de oferta),ALCALDIA MUNICIPIO DE ZIPAQUIRA,Cundinamarca,Zipaquirá,Selección Abreviada de Menor Cuantía,Obra,Seleccionado,100000000.0,99983546.0,1,3,Mes(es),2023-06-21,-16454.0,-0.00016454,0,90.0
CO1.BDOS.4517048,SA 2023-0657 (Manifestación de interés (Menor Cuantía)) (Presentación de oferta),ALCALDIA MUNICIPAL FUSAGASUGA,Cundinamarca,Fusagasugá,Selección Abreviada de Menor Cuantía,Obra,Seleccionado,284965000.0,271793407.0,7,5,Mes(es),2023-06-21,-13171593.0,-0.04622179214991315,0,150.0
CO1.BDOS.4507984,SAMC-011-2023 (Manifestación de interés (Menor Cuantía)) (Presentación de oferta),ALCALDIA MUNICIPIO DE CAJICA,Cundinamarca,Cajicá,Selección Abreviada de Menor Cuantía,Obra,Seleccionado,521500000.0,521497650.0,1,4,Mes(es),2023-06-21,-2350.0,-4.506232023010546e-06,0,120.0
CO1.BDOS.4515562,SAMC-023-2023 (Manifestación de interés (Menor Cuantía)) (Presentación de oferta),ALCALDIA MUNICIPIO DE ZIPAQUIRA,Cundinamarca,Zipaquirá,Selección Abreviada de Menor Cuantía,Obra,Seleccionado,100000000.0,99983545.0,1,3,Mes(es),2023-06-20,-16455.0,-0.00016455,0,90.0
CO1.BDOS.4489742,SAMC-022-2023 (Manifestación de interés (Menor Cuantía)) (Presentación de oferta),ALCALDIA MUNICIPIO DE ZIPAQUIRA,Cundinamarca,Zipaquirá,Selección Abreviada de Menor Cuantía,Obra,Seleccionado,100000000.0,99920900.0,1,3,Mes(es),2023-06-20,-79100.0,-0.000791,0,90.0
CO1.BDOS.4427266,LP-009-2023 (Fase de Selección (Presentación de ofertas)),MUNICIPIO DE UBATE,Cundinamarca,Villa De San Diego De Ubate,Licitación pública Obra Publica,Obra,Seleccionado,1141037586.0,1080110132.0,33,3,Mes(es),2023-06-15,-60927454.0,-0.0533965355283222,0,90.0
CO1.BDOS.4489069,SAMC-021-2023 (Manifestación de interés (Menor Cuantía)) (Presentación de oferta),ALCALDIA MUNICIPIO DE ZIPAQUIRA,Cundinamarca,Zipaquirá,Selección Abreviada de Menor Cuantía,Obra,Seleccionado,100000000.0,99920900.0,1,3,Mes(es),2023-06-15,-79100.0,-0.000791,0,90.0
CO1.BDOS.4466344,SAMC-020-2023 (Manifestación de interés (Menor Cuantía)) (Presentación de oferta),ALCALDIA MUNICIPIO DE ZIPAQUIRA,Cundinamarca,Zipaquirá,Selección Abreviada de Menor Cuantía,Obra,Seleccionado,333967296.0,333947292.0,1,4,Mes(es),2023-06-14,-20004.0,-5.989808055936112e-05,0,120.0
CO1.BDOS.4458432,LP 008-2023 (Fase de Selección (Presentación de ofertas)),ALCALDIA MUNICIPAL DE CHIA,Cundinamarca,Chía,Licitación pública Obra Publica,Obra,Seleccionado,1995148464.0,1911285728.0,41,6,Mes(es),2023-06-13,-83862736.0,-0.04203333110953893,0,180.0
CO1.BDOS.4560417,010-2023,EMPRESAS PUBLICAS DE NILO S.A.S. E.S.P. - EMPUNILO S.A.S. E.S.P.,Cundinamarca,Nilo,Contratación régimen especial (con ofertas),Obra,Seleccionado,218510376.0,218509968.0,1,3,Mes(es),2023-06-13,-408.0,-1.8671882199314875e-06,0,90.0
CO1.BDOS.4458978,SAMC-018-2023 (Manifestación de interés (Menor Cuantía)) (Presentación de oferta),ALCALDIA MUNICIPIO DE ZIPAQUIRA,Cundinamarca,Zipaquirá,Selección Abreviada de Menor Cuantía,Obra,Seleccionado,100000000.0,99999989.0,0,3,Mes(es),2023-06-09,-11.0,-1.1e-07,0,90.0
CO1.BDOS.4457895,LP-010-2023 (Fase de Selección (Presentación de ofertas)),ALCALDIA MUNICIPIO DE ZIPAQUIRA,Cundinamarca,Zipaquirá,Licitación pública Obra Publica,Obra,Seleccionado,1600000000.0,1532320084.0,39,4,Mes(es),2023-06-09,-67679916.0,-0.0422999475,0,120.0
CO1.BDOS.4459316,SAMC-019-2023 (Manifestación de interés (Menor Cuantía)) (Presentación de oferta),ALCALDIA MUNICIPIO DE ZIPAQUIRA,Cundinamarca,Zipaquirá,Selección Abreviada de Menor Cuantía,Obra,Seleccionado,443073035.0,441654480.0,1,3,Mes(es),2023-06-08,-1418555.0,-0.003201627921229736,0,90.0
CO1.BDOS.4451752,LP-009-2023 (Fase de Selección (Presentación de ofertas)),ALCALDIA MUNICIPIO DE ZIPAQUIRA,Cundinamarca,Zipaquirá,Licitación pública Obra Publica,Obra,Seleccionado,703132867.0,673462308.0,28,3,Mes(es),2023-06-08,-29670559.0,-0.042197656221921426,0,90.0
CO1.BDOS.4434529,LPO-004-2023 (Fase de Selección (Presentación de ofertas)),MUNICIPIO DE LA CALERA CUNDINAMARCA,Cundinamarca,La Calera,Licitación pública Obra Publica,Obra,Seleccionado,2220999535.0,2110312248.0,38,8,Mes(es),2023-06-08,-110687287.0,-0.04983669976319918,0,240.0
CO1.BDOS.4471060,SAMC 04 DE 2023 (Manifestación de interés (Menor Cuantía)) (Presentación de oferta),ALCALDIA MUNICIPAL DE VILLETA,Cundinamarca,Villeta,Selección Abreviada de Menor Cuantía,Obra,Seleccionado,321819153.0,321812142.0,0,3,Mes(es),2023-06-08,-7011.0,-2.1785527476048014e-05,0,90.0
CO1.BDOS.4431094,FACATATIVA-LP-002-23 (Fase de Selección (Presentación de ofertas)),ALCALDIA MUNICIPAL DE FACATATIVA,Cundinamarca,Facatativá,Licitación pública Obra Publica,Obra,Seleccionado,1254617497.0,1197825321.0,10,4,Mes(es),2023-06-07,-56792176.0,-0.04526652636026485,0,120.0
CO1.BDOS.4446552,014-00-K-ESUFA-GRUAL-2023 (Manifestación de interés (Menor Cuantía)) (Presentación de oferta),ESCUELA DE SUBOFICIALES  FAC CT ANDRES M DIAZ,Cundinamarca,No Definido,Selección Abreviada de Menor Cuantía,Obra,Seleccionado,895364000.0,895364000.0,7,5,Mes(es),2023-06-07,0.0,0.0,0,150.0
CO1.BDOS.4405535,PN ESCAR SA MC 042 2023_4 (Presentación de oferta),ESCUELA NACIONAL DE CARABINEROS POLICIA NACIONAL,Cundinamarca,Facatativá,Selección Abreviada de Menor Cuantía,Obra,Seleccionado,1400002523.0,1400002523.0,3,150,día(s),2023-06-06,0.0,0.0,0,150.0
CO1.BDOS.4430928,LP-008-2023 (Fase de Selección (Presentación de ofertas)),ALCALDIA MUNICIPIO DE ZIPAQUIRA,Cundinamarca,Zipaquirá,Licitación pública Obra Publica,Obra,Seleccionado,3000000000.0,2843400000.0,26,4,Mes(es),2023-06-05,-156600000.0,-0.0522,0,120.0
CO1.BDOS.4518960,MC 017-2023,ALCALDIA MUNICIPAL DE CHIA,Cundinamarca,Chía,Mínima cuantía,Obra,Seleccionado,39740191.0,35170068.0,4,0,día(s),2023-06-05,-4570123.0,-0.11500002604416269,0,0.0
CO1.BDOS.4317170,LP-004-2023 (Fase de Selección (Presentación de ofertas)),ALCALDÍA MUNICIPAL DE MADRID CUNDINAMARCA,Cundinamarca,Madrid,Licitación pública Obra Publica,Obra,Seleccionado,8330963756.0,8015529254.0,6,5,Mes(es),2023-06-01,-315434502.0,-0.03786290653021057,0,150.0
CO1.BDOS.4496943,SG-MC-038-2023,MUNICIPIO DE VILLAPINZON,Cundinamarca,Villapinzón,Mínima cuantía,Obra,Seleccionado,3500000.0,3499984.0,1,30,día(s),2023-05-31,-16.0,-4.571428571428571e-06,0,30.0
CO1.BDOS.4313214,SIOP-LPO-0001-2023 (Fase de Selección (Presentación de ofertas)),ALCALDÍA MUNICIPAL COTA,Cundinamarca,Cota,Licitación pública Obra Publica,Obra,Seleccionado,914258741.0,874214188.0,36,0,día(s),2023-05-31,-40044553.0,-0.04380002203336878,0,0.0
CO1.BDOS.4488933,MC-CMC-CTDPE-004-2023,SENA REGIONAL CUNDINAMARCA Grupo Administrativo CTDPE,Cundinamarca,Girardot,Mínima cuantía,Obra,Seleccionado,51034218.0,51304218.0,2,0,día(s),2023-05-30,270000.0,0.005290567987149328,1,0.0
CO1.BDOS.4398681,LP-007-2023 (Fase de Selección (Presentación de ofertas)),ALCALDIA MUNICIPAL DE CHIA,Cundinamarca,Chía,Licitación pública Obra Publica,Obra,Seleccionado,4650349103.0,4417856739.0,23,6,Mes(es),2023-05-29,-232492364.0,-0.049994604458838625,0,180.0
CO1.BDOS.4410914,MENOR CUANTIA 050-2023* (Manifestación de interés (Menor Cuantía)) (Presentación de oferta),MUNICIPIO DE ANAPOIMA/,Cundinamarca,No Definido,Selección Abreviada de Menor Cuantía,Obra,Seleccionado,100000000.0,99710000.0,1,2,Mes(es),2023-05-29,-290000.0,-0.0029,0,60.0
CO1.BDOS.4394174,SP -SAMC -004-2023 (Manifestación de interés (Menor Cuantía)) (Presentación de oferta),MUNICIPIO DE VILLAPINZON,Cundinamarca,Villapinzón,Selección Abreviada de Menor Cuantía,Obra,Seleccionado,112690316.0,112390160.0,1,3,Mes(es),2023-05-26,-300156.0,-0.0026635474160885304,0,90.0
CO1.BDOS.4190004,MA-SAMC-OPITPH-SP-003-2023 (Manifestación de interés (Menor Cuantía)) (Presentación de oferta),ALCALDIA MUNICIPIO DE ANOLAIMA,Cundinamarca,Anolaima,Selección Abreviada de Menor Cuantía,Obra,Seleccionado,95000000.0,90755981.0,13,3,Mes(es),2023-05-25,-4244019.0,-0.044673884210526316,0,90.0
CO1.BDOS.4385587,LP-AMS-2023-0005 (Fase de Selección (Presentación de ofertas)),ALCALDÍA MUNICIPAL DE SOPO,Cundinamarca,Sopó,Licitación pública Obra Publica,Obra,Seleccionado,6958809577.0,6388334645.0,14,170,día(s),2023-05-25,-570474932.0,-0.08197881055482717,0,170.0
CO1.BDOS.4470314,MC- CMM-026 - 2023,CONCEJO MUNICIPAL DE MADRID,Cundinamarca,Madrid,Mínima cuantía,Obra,Seleccionado,32000000.0,25939518.0,5,20,día(s),2023-05-25,-6060482.0,-0.1893900625,0,20.0
CO1.BDOS.4373685,LP-003-2023 (Fase de Selección (Presentación de ofertas)),ALCALDIA DE TABIO,Cundinamarca,Tabio,Licitación pública Obra Publica,Obra,Seleccionado,995174825.0,952085136.0,21,5,Mes(es),2023-05-25,-43089689.0,-0.04329861238200032,0,150.0
CO1.BDOS.4340326,LP-007-2023 (Fase de Selección (Presentación de ofertas)),MUNICIPIO DE UBATE,Cundinamarca,Villa De San Diego De Ubate,Licitación pública Obra Publica,Obra,Seleccionado,631820473.0,603388490.0,12,3,Mes(es),2023-05-24,-28431983.0,-0.04500009767806305,0,90.0
CO1.BDOS.4457243,MC-CMC-CTDPE-003-2023,SENA REGIONAL CUNDINAMARCA Grupo Administrativo CTDPE,Cundinamarca,Girardot,Mínima cuantía,Obra,Seleccionado,99911350.0,99811323.0,1,2,Mes(es),2023-05-23,-100027.0,-0.0010011575261469293,0,60.0
CO1.BDOS.4364795,SAMC 03 DE 2023 (Manifestación de interés (Menor Cuantía)) (Presentación de oferta),ALCALDIA MUNICIPAL DE VILLETA,Cundinamarca,Villeta,Selección Abreviada de Menor Cuantía,Obra,Seleccionado,289346400.0,289322973.0,1,3,Mes(es),2023-05-19,-23427.0,-8.096523751461916e-05,0,90.0
CO1.BDOS.4365834,LP-02-2023 (Fase de Selección (Presentación de ofertas)),INSTITUTO MUNICIPAL DE VIVIENDA DE INTERÉS SOCIAL CAJICA,Cundinamarca,Cajicá,Licitación pública Obra Publica,Obra,Seleccionado,1028050516.0,1028050516.0,1,5,Mes(es),2023-05-18,0.0,0.0,0,150.0
CO1.BDOS.4277855,SA-MC-010-2023 (Manifestación de interés (Menor Cuantía)) (Presentación de oferta),MUNICIPIO DE UBATE,Cundinamarca,Villa De San Diego De Ubate,Selección Abreviada de Menor Cuantía,Obra,Seleccionado,66159064.0,66098708.0,2,2,Mes(es),2023-05-18,-60356.0,-0.0009122861834925597,0,60.0
CO1.BDOS.4273263,SA-MC-009-2023 (Manifestación de interés (Menor Cuantía)) (Presentación de oferta),MUNICIPIO DE UBATE,Cundinamarca,Villa De San Diego De Ubate,Selección Abreviada de Menor Cuantía,Obra,Seleccionado,285592086.0,285426987.0,2,2,Mes(es),2023-05-18,-165099.0,-0.0005780937501188321,0,60.0
CO1.BDOS.4350202,PN ESJIM SA MC 001 2023 (Manifestación de interés (Menor Cuantía)) (Presentación de oferta),ESCUELA DE SUBOFICIALES Y NIVEL EJECUTIVO  GONZALO JIMENEZ DE QUESADA,Cundinamarca,Sibaté,Selección Abreviada de Menor Cuantía,Obra,Seleccionado,2015440000.0,2015440000.0,3,180,día(s),2023-05-17,0.0,0.0,0,180.0
CO1.BDOS.4337679,LP 2023-0583 (Fase de Selección (Presentación de ofertas)),ALCALDIA MUNICIPAL FUSAGASUGA,Cundinamarca,Fusagasugá,Licitación pública Obra Publica,Obra,Seleccionado,2620113936.0,2500017215.0,44,6,Mes(es),2023-05-16,-120096721.0,-0.045836449839027155,0,180.0
CO1.BDOS.4341610,LP-008-2023 (Fase de Selección (Presentación de ofertas)),MUNICIPIO DE UBATE,Cundinamarca,Villa De San Diego De Ubate,Licitación pública Obra Publica,Obra,Seleccionado,934573426.0,893583846.0,31,3,Mes(es),2023-05-16,-40989580.0,-0.043859132797555066,0,90.0
CO1.BDOS.4330397,LP-005-2023 (Fase de Selección (Presentación de ofertas)),MUNICIPIO DE UBATE,Cundinamarca,Villa De San Diego De Ubate,Licitación pública Obra Publica,Obra,Seleccionado,10022940818.0,10012200000.0,1,1324,día(s),2023-05-16,-10740818.0,-0.0010716234082426964,0,1324.0
CO1.BDOS.4426208,MC-022-2023,ALCALDIA MUNICIPAL DE GIRARDOT,Cundinamarca,Girardot,Mínima cuantía,Obra,Seleccionado,31886729.0,31886729.0,1,2,Mes(es),2023-05-16,0.0,0.0,0,60.0
CO1.BDOS.4303735,SIOP-LPO-0002-2023 (Fase de Selección (Presentación de ofertas)),ALCALDÍA MUNICIPAL COTA,Cundinamarca,Cota,Licitación pública Obra Publica,Obra,Seleccionado,4993082683.0,4795657013.0,19,0,día(s),2023-05-16,-197425670.0,-0.03953983591583156,0,0.0
CO1.BDOS.4340067,LP-006-2023 (Fase de Selección (Presentación de ofertas)),MUNICIPIO DE UBATE,Cundinamarca,Villa De San Diego De Ubate,Licitación pública Obra Publica,Obra,Seleccionado,2282990400.0,2188396047.0,25,195,día(s),2023-05-15,-94594353.0,-0.041434406820107524,0,195.0
CO1.BDOS.4421966,CONVOCATORIA 010 DE 2023,ESE HOSPITAL SALAZAR DE VILLETA,Cundinamarca,No Definido,Contratación régimen especial (con ofertas),Obra,Seleccionado,3694381361.0,3694381361.0,1,345,día(s),2023-05-15,0.0,0.0,0,345.0
CO1.BDOS.4325905,LP-002-2023 (Fase de Selección (Presentación de ofertas)),ALCALDIA DE TABIO,Cundinamarca,Tabio,Licitación pública Obra Publica,Obra,Seleccionado,1199171713.0,1103235537.0,50,5,Mes(es),2023-05-12,-95936176.0,-0.08000203387052376,0,150.0
CO1.BDOS.4148959,LP-003-2023 (Fase de Selección (Presentación de ofertas)),ALCALDIA MUNICIPIO DE ZIPAQUIRA,Cundinamarca,Zipaquirá,Licitación pública Obra Publica,Obra,Seleccionado,44495406872.0,43521153674.0,9,18,Mes(es),2023-05-10,-974253198.0,-0.021895590275253254,0,540.0
CO1.BDOS.4397952,MC 030-2023,ALCALDIA MUNICIPIO DE RICAURTE,Cundinamarca,Ricaurte,Mínima cuantía,Obra,Seleccionado,24450660.0,24414000.0,1,2,Mes(es),2023-05-10,-36660.0,-0.0014993460299231186,0,60.0
CO1.BDOS.4384186,SMIN-036-2023,ALCALDIA MUNICIPIO DE ZIPAQUIRA,Cundinamarca,Zipaquirá,Mínima cuantía,Obra,Seleccionado,26413735.0,26299162.0,1,20,día(s),2023-05-08,-114573.0,-0.004337629646091324,0,20.0
CO1.BDOS.4292645,SAMC-015-2023 (Manifestación de interés (Menor Cuantía)) (Presentación de oferta),ALCALDIA MUNICIPIO DE ZIPAQUIRA,Cundinamarca,Zipaquirá,Selección Abreviada de Menor Cuantía,Obra,Seleccionado,200000000.0,197969175.0,1,2,Mes(es),2023-05-04,-2030825.0,-0.010154125,0,60.0
CO1.BDOS.4269733,SAMC 02 DE 2023 (Manifestación de interés (Menor Cuantía)) (Presentación de oferta),ALCALDIA MUNICIPAL DE VILLETA,Cundinamarca,Villeta,Selección Abreviada de Menor Cuantía,Obra,Seleccionado,51854049.0,51853633.0,1,45,día(s),2023-04-21,-416.0,-8.022517200151525e-06,0,45.0
CO1.BDOS.4246586,SP-LP-002-2023 (Fase de Selección (Presentación de ofertas)),MUNICIPIO DE VILLAPINZON,Cundinamarca,Villapinzón,Licitación pública Obra Publica,Obra,Seleccionado,1146176246.0,1084254395.0,5,6,Mes(es),2023-04-21,-61921851.0,-0.05402472020869293,0,180.0
CO1.BDOS.4236298,PN ESSUM SA MC 011 2023 (Manifestación de interés (Menor Cuantía)) (Presentación de oferta),ESCUELA DE POLICIA DE PROVINCIA DE SUMAPAZ INTENDENTE MARITZA BONILLA RUIZ,Cundinamarca,Fusagasugá,Selección Abreviada de Menor Cuantía,Obra,Seleccionado,876201236.0,876201236.0,5,120,día(s),2023-04-20,0.0,0.0,0,120.0
CO1.BDOS.4233622,LP 004-2023 (Fase de Selección (Presentación de ofertas)),ALCALDIA MUNICIPAL DE CHIA,Cundinamarca,Chía,Licitación pública Obra Publica,Obra,Seleccionado,1645440102.0,1565196878.0,22,7,Mes(es),2023-04-20,-80243224.0,-0.048767028287730406,0,210.0
CO1.BDOS.4229571,014-DIGSA-FAC-JEFSA-CACOM-1-ESM11782-2023 (Manifestación de interés (Menor Cuantía)) (Presentación de oferta),ESM COMANDO AEREO DE COMBATE NO 1,Cundinamarca,Puerto Salgar,Selección Abreviada de Menor Cuantía,Obra,Seleccionado,304746803.0,298724547.0,8,0,día(s),2023-04-19,-6022256.0,-0.01976150673515023,0,0.0
CO1.BDOS.4144638,LP-002-2023 (Fase de Selección (Presentación de ofertas)),ALCALDIA MUNICIPIO DE ZIPAQUIRA,Cundinamarca,Zipaquirá,Licitación pública Obra Publica,Obra,Seleccionado,55120579544.0,55069873243.0,5,24,Mes(es),2023-04-18,-50706301.0,-0.0009199159627761841,0,720.0
CO1.BDOS.4243774,SA-AMS-2023-0007 (Manifestación de interés (Menor Cuantía)) (Presentación de oferta),ALCALDÍA MUNICIPAL DE SOPO,Cundinamarca,Sopó,Selección Abreviada de Menor Cuantía,Obra,Seleccionado,282256467.0,282241681.0,1,5,Mes(es),2023-04-18,-14786.0,-5.238498220131126e-05,0,150.0
CO1.BDOS.4226641,LP-005-2023 (Fase de Selección (Presentación de ofertas)),ALCALDIA MUNICIPIO DE ZIPAQUIRA,Cundinamarca,Zipaquirá,Licitación pública Obra Publica,Obra,Seleccionado,1042195134.0,1039120526.0,1,5,Mes(es),2023-04-17,-3074608.0,-0.0029501269960832497,0,150.0
CO1.BDOS.4216123,MENOR CUANTIA 028-2023* (Manifestación de interés (Menor Cuantía)) (Presentación de oferta),MUNICIPIO DE ANAPOIMA/,Cundinamarca,No Definido,Selección Abreviada de Menor Cuantía,Obra,Seleccionado,100000000.0,99197000.0,3,2,Mes(es),2023-04-14,-803000.0,-0.00803,0,60.0
CO1.BDOS.4218453,LP 02 DE 2023 (Fase de Selección (Presentación de ofertas)),ALCALDIA MUNICIPAL DE VILLETA,Cundinamarca,Villeta,Licitación pública Obra Publica,Obra,Seleccionado,2350000494.0,2248121163.0,23,5,Mes(es),2023-04-14,-101879331.0,-0.043352897695178104,0,150.0
CO1.BDOS.4107647,LP 2023-0379 (Fase de Selección (Presentación de ofertas)),ALCALDIA MUNICIPAL FUSAGASUGA,Cundinamarca,Fusagasugá,Licitación pública Obra Publica,Obra,Seleccionado,4784861042.0,4597889828.0,15,8,Mes(es),2023-04-14,-186971214.0,-0.0390755786550175,0,240.0
CO1.BDOS.4013237,LP 002-2023 (Fase de Selección (Presentación de ofertas)),ALCALDIA MUNICIPIO DE RICAURTE,Cundinamarca,Ricaurte,Licitación pública Obra Publica,Obra,Seleccionado,4763399385.0,4644381531.0,14,7,Mes(es),2023-04-13,-119017854.0,-0.02498590699213436,0,210.0
CO1.BDOS.4258212,MC-023-CENACTELEMATICA-2023,CENTRAL ADMINISTRATIVA Y CONTABLE TELEMATICA,Cundinamarca,Facatativá,Mínima cuantía,Obra,Seleccionado,74707000.0,74707000.0,21,9,Mes(es),2023-04-11,0.0,0.0,0,270.0
CO1.BDOS.4203546,LP 01 DE 2023 (Fase de Selección (Presentación de ofertas)),ALCALDIA MUNICIPAL DE VILLETA,Cundinamarca,Villeta,Licitación pública Obra Publica,Obra,Seleccionado,426132298.0,426086142.0,3,3,Mes(es),2023-04-11,-46156.0,-0.00010831378005522594,0,90.0
CO1.BDOS.4198977,SA-AMS- 2023-0002 (Manifestación de interés (Menor Cuantía)) (Presentación de oferta),ALCALDÍA MUNICIPAL DE SOPO,Cundinamarca,Sopó,Selección Abreviada de Menor Cuantía,Obra,Seleccionado,293898752.0,293898149.0,4,3,Mes(es),2023-04-10,-603.0,-2.0517269838559915e-06,0,90.0
CO1.BDOS.4201381,SP-SAMC-002-2023 (Manifestación de interés (Menor Cuantía)) (Presentación de oferta),MUNICIPIO DE VILLAPINZON,Cundinamarca,Villapinzón,Selección Abreviada de Menor Cuantía,Obra,Seleccionado,140636795.0,138438035.0,4,2,Mes(es),2023-04-10,-2198760.0,-0.015634315329782652,0,60.0
CO1.BDOS.4194212,SA-AMS- 2023-0003 (Manifestación de interés (Menor Cuantía)) (Presentación de oferta),ALCALDÍA MUNICIPAL DE SOPO,Cundinamarca,Sopó,Selección Abreviada de Menor Cuantía,Obra,Seleccionado,148556728.0,148556728.0,4,3,Mes(es),2023-04-10,0.0,0.0,0,90.0
CO1.BDOS.4095595,SAMC-002-2023 (Manifestación de interés (Menor Cuantía)) (Presentación de oferta),MUNICIPIO DE UBATE,Cundinamarca,Villa De San Diego De Ubate,Selección Abreviada de Menor Cuantía,Obra,Seleccionado,80000000.0,79999997.0,1,2,Mes(es),2023-04-10,-3.0,-3.75e-08,0,60.0
CO1.BDOS.4194196,SAMC-002-2023 (Presentación de oferta),EMPRESA DE SERVICIOS PUBLICOS DE COTA SA ESP,Cundinamarca,Cota,Seleccion Abreviada Menor Cuantia Sin Manifestacion Interes,Obra,Seleccionado,47028771204.0,47022914187.0,5,8,Mes(es),2023-04-04,-5857017.0,-0.00012454114470891885,0,240.0
CO1.BDOS.4137927,LP-003-2023 (Fase de Selección (Presentación de ofertas)),CUNDINAMARCA-ALCALDIA MUNICIPIO MOSQUERA,Cundinamarca,Mosquera,Licitación pública Obra Publica,Obra,Seleccionado,5115381103.0,4895419715.0,6,7,Mes(es),2023-03-30,-219961388.0,-0.04300000011162414,0,210.0
CO1.BDOS.4016600,LP 2023-0304 (Fase de Selección (Presentación de ofertas)),ALCALDIA MUNICIPAL FUSAGASUGA,Cundinamarca,Fusagasugá,Licitación pública Obra Publica,Obra,Seleccionado,9300699298.0,8370631493.0,13,9,Mes(es),2023-03-29,-930067805.0,-0.09999977154406009,0,270.0
CO1.BDOS.4169176,FACATATIVA-SA-06-23 (Manifestación de interés (Menor Cuantía)) (Presentación de oferta),ALCALDIA MUNICIPAL DE FACATATIVA,Cundinamarca,Facatativá,Selección Abreviada de Menor Cuantía,Obra,Seleccionado,85969054.0,85969052.0,2,2,Mes(es),2023-03-28,-2.0,-2.3264185272993698e-08,0,60.0
CO1.BDOS.4141000,SAMC_01_2023 (Manifestación de interés (Menor Cuantía)) (Presentación de oferta),ALCALDIA MUNICIPAL DE VILLETA,Cundinamarca,Villeta,Selección Abreviada de Menor Cuantía,Obra,Seleccionado,300000000.0,299999918.0,2,3,Mes(es),2023-03-27,-82.0,-2.7333333333333335e-07,0,90.0
CO1.BDOS.4101190,SAMC-004-2023 (Manifestación de interés (Menor Cuantía)) (Presentación de oferta),MUNICIPIO DE UBATE,Cundinamarca,Villa De San Diego De Ubate,Selección Abreviada de Menor Cuantía,Obra,Seleccionado,279692091.0,279676310.0,1,2,Mes(es),2023-03-27,-15781.0,-5.6422760985400904e-05,0,60.0
CO1.BDOS.4223627,CONVOCATORIA 007 DE 2023,ESE HOSPITAL SALAZAR DE VILLETA,Cundinamarca,No Definido,Contratación régimen especial (con ofertas),Obra,Seleccionado,1907495966.0,1907443319.0,1,0,día(s),2023-03-27,-52647.0,-2.7600058368878355e-05,0,0.0
CO1.BDOS.4102227,SAMC-005-2023 (Manifestación de interés (Menor Cuantía)) (Presentación de oferta),MUNICIPIO DE UBATE,Cundinamarca,Villa De San Diego De Ubate,Selección Abreviada de Menor Cuantía,Obra,Seleccionado,216669166.0,216615314.0,1,2,Mes(es),2023-03-23,-53852.0,-0.00024854482524753894,0,60.0
CO1.BDOS.4087494,LP 003-2023 (Fase de Selección (Presentación de ofertas)),ALCALDIA MUNICIPIO DE RICAURTE,Cundinamarca,Ricaurte,Licitación pública Obra Publica,Obra,Seleccionado,2179637573.0,2081555191.0,41,5,Mes(es),2023-03-23,-98082382.0,-0.044999399540081246,0,150.0
CO1.BDOS.4092325,LP 004-2023 (Fase de Selección (Presentación de ofertas)),ALCALDIA MUNICIPIO DE RICAURTE,Cundinamarca,Ricaurte,Licitación pública Obra Publica,Obra,Seleccionado,1088229208.0,1021725855.0,34,4,Mes(es),2023-03-23,-66503353.0,-0.06111153101856461,0,120.0
CO1.BDOS.4111814,SAMC-001-2023 (Manifestación de interés (Menor Cuantía)) (Presentación de oferta),Concejo Municipal de Soacha,Cundinamarca,Soacha,Selección Abreviada de Menor Cuantía,Obra,Seleccionado,318184625.0,316593513.0,1,3,Mes(es),2023-03-22,-1591112.0,-0.005000593601906441,0,90.0
CO1.BDOS.4199219,IMRD IPMC 006 2023,INSTITUTO MUNICIPAL DE RECREACIÓN Y DEPORTES DE CHIA,Cundinamarca,Chía,Mínima cuantía,Obra,Seleccionado,32288667.0,22198722.0,15,60,día(s),2023-03-22,-10089945.0,-0.31249184117758716,0,60.0
CO1.BDOS.4111999,SAMC-007-2023 (Manifestación de interés (Menor Cuantía)) (Presentación de oferta),ALCALDIA MUNICIPIO DE ZIPAQUIRA,Cundinamarca,Zipaquirá,Selección Abreviada de Menor Cuantía,Obra,Seleccionado,283259692.0,283259121.0,1,2,Mes(es),2023-03-22,-571.0,-2.0158180501022363e-06,0,60.0
CO1.BDOS.4201521,071-MC-CENACINTELIGENCIA-2023,CENTRAL ADMINISTRATIVA Y CONTABLE ESPECIALIZADA INTELIGENCIA,Cundinamarca,No Definido,Mínima cuantía,Obra,Seleccionado,106000000.0,106000000.0,20,8,Mes(es),2023-03-22,0.0,0.0,0,240.0
CO1.BDOS.4109169,SA-MC-006-2023   (Manifestación de interés (Menor Cuantía)) (Presentación de oferta),MUNICIPIO DE UBATE,Cundinamarca,Villa De San Diego De Ubate,Selección Abreviada de Menor Cuantía,Obra,Seleccionado,252593661.0,252271332.0,1,2,Mes(es),2023-03-17,-322329.0,-0.0012760771538126603,0,60.0
CO1.BDOS.4187557,003-2023,EMPRESAS PUBLICAS DE NILO S.A.S. E.S.P. - EMPUNILO S.A.S. E.S.P.,Cundinamarca,Nilo,Contratación régimen especial (con ofertas),Obra,Seleccionado,226144429.0,226144144.0,1,8,Mes(es),2023-03-17,-285.0,-1.260256559315905e-06,0,240.0
CO1.BDOS.4059096,SP-LP-001-2023 (Fase de Selección (Presentación de ofertas)),MUNICIPIO DE VILLAPINZON,Cundinamarca,Villapinzón,Licitación pública Obra Publica,Obra,Seleccionado,974833535.0,974812146.0,1,6,Mes(es),2023-03-10,-21389.0,-2.194118198857408e-05,0,180.0
CO1.BDOS.4144585,MC-002-2023,Concejo Municipal de Soacha,Cundinamarca,Soacha,Mínima cuantía,Obra,Seleccionado,2400000.0,1790000.0,1,5,día(s),2023-03-09,-610000.0,-0.25416666666666665,0,5.0
CO1.BDOS.4122633,SMIN-018-2023,ALCALDIA MUNICIPIO DE ZIPAQUIRA,Cundinamarca,Zipaquirá,Mínima cuantía,Obra,Seleccionado,52195158.0,52148280.0,2,45,día(s),2023-03-06,-46878.0,-0.0008981292862452874,0,45.0
CO1.BDOS.3988237,LP 2023-0286 (Fase de Selección (Presentación de ofertas)),ALCALDIA MUNICIPAL FUSAGASUGA,Cundinamarca,Fusagasugá,Licitación pública Obra Publica,Obra,Seleccionado,2599916552.0,2464770054.0,35,7,Mes(es),2023-03-01,-135146498.0,-0.05198109066078979,0,210.0
CO1.BDOS.3997660,SAMC-004-2023 (Manifestación de interés (Menor Cuantía)) (Presentación de oferta),ALCALDIA MUNICIPIO DE ZIPAQUIRA,Cundinamarca,Zipaquirá,Selección Abreviada de Menor Cuantía,Obra,Seleccionado,180000000.0,179895163.0,3,2,Mes(es),2023-03-01,-104837.0,-0.0005824277777777778,0,60.0
CO1.BDOS.3997577,SAMC-003-2023 (Manifestación de interés (Menor Cuantía)) (Presentación de oferta),ALCALDIA MUNICIPIO DE ZIPAQUIRA,Cundinamarca,Zipaquirá,Selección Abreviada de Menor Cuantía,Obra,Seleccionado,150000000.0,149970347.0,2,2,Mes(es),2023-02-28,-29653.0,-0.00019768666666666667,0,60.0
CO1.BDOS.4088994,SMIN-016-2023,ALCALDIA MUNICIPIO DE ZIPAQUIRA,Cundinamarca,Zipaquirá,Mínima cuantía,Obra,Seleccionado,40000000.0,39849812.0,2,20,día(s),2023-02-28,-150188.0,-0.0037547,0,20.0
CO1.BDOS.3989290,SAMC-002-2023 (Manifestación de interés (Menor Cuantía)) (Presentación de oferta),ALCALDIA MUNICIPIO DE ZIPAQUIRA,Cundinamarca,Zipaquirá,Selección Abreviada de Menor Cuantía,Obra,Seleccionado,244348000.0,244216585.0,2,3,Mes(es),2023-02-27,-131415.0,-0.000537819012228461,0,90.0
CO1.BDOS.3959434,LP-002-2023 (Fase de Selección (Presentación de ofertas)),ALCALDIA MUNICIPAL DE GIRARDOT,Cundinamarca,Girardot,Licitación pública Obra Publica,Obra,Seleccionado,22624820093.0,21496000972.0,10,9,Mes(es),2023-02-23,-1128819121.0,-0.04989295456759237,0,270.0
CO1.BDOS.4052424,MC-003-2023,ALCALDIA MUNICIPAL DE GIRARDOT,Cundinamarca,Girardot,Mínima cuantía,Obra,Seleccionado,37246692.0,35030514.0,4,2,Mes(es),2023-02-22,-2216178.0,-0.0594999953284442,0,60.0
CO1.BDOS.3913838,LP-003-2023 (Fase de Selección (Presentación de ofertas)),MUNICIPIO DE UBATE,Cundinamarca,Villa De San Diego De Ubate,Licitación pública Obra Publica,Obra,Seleccionado,1264593570.0,1212019201.0,9,5,Mes(es),2023-02-20,-52574369.0,-0.04157412329717919,0,150.0
CO1.BDOS.3684233,LP-011-2022 (Fase de Selección (Presentación de ofertas)),ALCALDIA MUNICIPIO DE CAJICA,Cundinamarca,Cajicá,Licitación pública Obra Publica,Obra,Seleccionado,20740578237.0,19220484520.0,13,255,día(s),2023-02-15,-1520093717.0,-0.07329080701753243,0,255.0
CO1.BDOS.3865812,LP-002-2023 (Fase de Selección (Presentación de ofertas)),MUNICIPIO DE UBATE,Cundinamarca,Villa De San Diego De Ubate,Licitación pública Obra Publica,Obra,Seleccionado,1054507610.0,1054220858.0,1,6,Mes(es),2023-02-13,-286752.0,-0.0002719297587620065,0,180.0
CO1.BDOS.3873304,SA-AMS- 2023-0001 (Manifestación de interés (Menor Cuantía)) (Presentación de oferta),ALCALDÍA MUNICIPAL DE SOPO,Cundinamarca,Sopó,Selección Abreviada de Menor Cuantía,Obra,Seleccionado,228740194.0,228603148.0,2,3,Mes(es),2023-02-13,-137046.0,-0.000599133880248436,0,90.0
CO1.BDOS.3651117,FACATATIVA-LP-008-22 (Fase de Selección (Presentación de ofertas)),ALCALDIA MUNICIPAL DE FACATATIVA,Cundinamarca,Facatativá,Licitación pública Obra Publica,Obra,Seleccionado,914351894.0,864300974.0,64,4,Mes(es),2023-01-27,-50050920.0,-0.05473923150204575,0,120.0
CO1.BDOS.3660770,MA-APSB-LP-003-2022 (Fase de Selección (Presentación de ofertas)),ALCALDIA MUNICIPIO DE ANOLAIMA,Cundinamarca,Anolaima,Licitación pública Obra Publica,Obra,Seleccionado,818594427.0,778482395.0,6,3,Mes(es),2023-01-26,-40112032.0,-0.04900110564764448,0,90.0
CO1.BDOS.3825091,INVITACION PUBLICA 01-2023,EMPRESA DE SERVICIOS PÚBLICOS DE PUERTO SALGAR CUNDINAMARCA,Cundinamarca,Puerto Salgar,Contratación régimen especial (con ofertas),Obra,Seleccionado,1273688994.0,1273688989.0,1,0,día(s),2023-01-23,-5.0,-3.9256050916303985e-09,0,0.0
CO1.BDOS.3684813,FACATATIVA-LP-012-22 (Fase de Selección (Presentación de ofertas)),ALCALDIA MUNICIPAL DE FACATATIVA,Cundinamarca,Facatativá,Licitación pública Obra Publica,Obra,Seleccionado,2721000000.0,2524815901.0,14,9,Mes(es),2023-01-20,-196184099.0,-0.07209999963248806,0,270.0
CO1.BDOS.3676269,FACATATIVA-SA-019-22 (Manifestación de interés (Menor Cuantía)) (Presentación de oferta),ALCALDIA MUNICIPAL DE FACATATIVA,Cundinamarca,Facatativá,Selección Abreviada de Menor Cuantía,Obra,Seleccionado,276575080.0,274143405.0,2,4,Mes(es),2023-01-19,-2431675.0,-0.008792097248964006,0,120.0
CO1.BDOS.3676595,SAMC-047-2022 (Manifestación de interés (Menor Cuantía)) (Presentación de oferta),ALCALDIA MUNICIPIO DE ZIPAQUIRA,Cundinamarca,Zipaquirá,Selección Abreviada de Menor Cuantía,Obra,Seleccionado,164106844.0,156760173.0,4,2,Mes(es),2023-01-16,-7346671.0,-0.04476760883903172,0,60.0
CO1.BDOS.3650888,SAMC-007-2022 (Manifestación de interés (Menor Cuantía)) (Presentación de oferta),MUNICIPIO DE LA CALERA CUNDINAMARCA,Cundinamarca,La Calera,Selección Abreviada de Menor Cuantía,Obra,Seleccionado,273665686.0,271203594.0,6,0,día(s),2023-01-10,-2462092.0,-0.008996714334145641,0,0.0
CO1.BDOS.3660149,SA 027 MT 2022 (Manifestación de interés (Menor Cuantía)) (Presentación de oferta),MUNICIPIO DE TOCANCIPA,Cundinamarca,Tocancipá,Selección Abreviada de Menor Cuantía,Obra,Seleccionado,340270000.0,340243474.0,1,90,día(s),2023-01-05,-26526.0,-7.795574102918271e-05,0,90.0
CO1.BDOS.3592127,LP 013-2022 (Fase de Selección (Presentación de ofertas)),ALCALDIA MUNICIPAL DE CHIA,Cundinamarca,Chía,Licitación pública Obra Publica,Obra,Seleccionado,12049808974.0,11568942332.0,9,11,Mes(es),2022-12-30,-480866642.0,-0.03990657802439616,0,330.0
CO1.BDOS.3675208,CONV_06_2022,ALCALDIA MUNICIPAL DE VILLETA,Cundinamarca,Villeta,Contratación Directa (con ofertas),Obra,Seleccionado,220504460.0,220504460.0,0,50,día(s),2022-12-28,0.0,0.0,0,50.0
CO1.BDOS.3614846,SAMC-045-2022 (Manifestación de interés (Menor Cuantía)) (Presentación de oferta),ALCALDIA MUNICIPIO DE ZIPAQUIRA,Cundinamarca,Zipaquirá,Selección Abreviada de Menor Cuantía,Obra,Seleccionado,130000000.0,129520116.0,0,30,día(s),2022-12-23,-479884.0,-0.0036914153846153847,0,30.0
CO1.BDOS.3602959,SA 023 MT 2022 (Manifestación de interés (Menor Cuantía)) (Presentación de oferta),MUNICIPIO DE TOCANCIPA,Cundinamarca,Tocancipá,Selección Abreviada de Menor Cuantía,Obra,Seleccionado,446000000.0,445969040.0,1,3,Mes(es),2022-12-21,-30960.0,-6.94170403587444e-05,0,90.0
CO1.BDOS.3611077,SA 2022-0921 (Manifestación de interés (Menor Cuantía)) (Presentación de oferta),ALCALDIA MUNICIPAL FUSAGASUGA,Cundinamarca,Fusagasugá,Selección Abreviada de Menor Cuantía,Obra,Seleccionado,120000000.0,119652348.0,0,2,Mes(es),2022-12-21,-347652.0,-0.0028971,0,60.0
CO1.BDOS.3612298,SA 024 MT 2022 (Manifestación de interés (Menor Cuantía)) (Presentación de oferta),MUNICIPIO DE TOCANCIPA,Cundinamarca,Tocancipá,Selección Abreviada de Menor Cuantía,Obra,Seleccionado,322309206.0,322200915.0,1,3,Mes(es),2022-12-21,-108291.0,-0.00033598481825554806,0,90.0
CO1.BDOS.3616303,SAMC 020-2022 (Manifestación de interés (Menor Cuantía)) (Presentación de oferta),ALCALDIA MUNICIPIO DE RICAURTE,Cundinamarca,Ricaurte,Selección Abreviada de Menor Cuantía,Obra,Seleccionado,141113198.0,141103337.0,0,3,Mes(es),2022-12-20,-9861.0,-6.988006890751636e-05,0,90.0
CO1.BDOS.3653518,IC-018-2022,CATEDRAL DE SAL DE ZIPAQUIRÁ SASEM,Cundinamarca,Zipaquirá,Contratación régimen especial (con ofertas),Obra,Seleccionado,560000000.0,559025356.0,0,2,Mes(es),2022-12-20,-974644.0,-0.0017404357142857144,0,60.0
CO1.BDOS.3647312,IC-016-2022,CATEDRAL DE SAL DE ZIPAQUIRÁ SASEM,Cundinamarca,Zipaquirá,Contratación régimen especial (con ofertas),Obra,Seleccionado,594126000.0,588140546.0,0,7,Mes(es),2022-12-19,-5985454.0,-0.010074384894786627,0,210.0
CO1.BDOS.3610184,SAMC 019-2022 (Manifestación de interés (Menor Cuantía)) (Presentación de oferta),ALCALDIA MUNICIPIO DE RICAURTE,Cundinamarca,Ricaurte,Selección Abreviada de Menor Cuantía,Obra,Seleccionado,84455358.0,84447046.0,0,2,Mes(es),2022-12-16,-8312.0,-9.841885934578597e-05,0,60.0
CO1.BDOS.3450145,SAMC 017-2022 (Manifestación de interés (Menor Cuantía)) (Presentación de oferta),ALCALDIA MUNICIPIO DE RICAURTE,Cundinamarca,Ricaurte,Selección Abreviada de Menor Cuantía,Obra,Seleccionado,110114020.0,110111795.0,0,2,Mes(es),2022-12-13,-2225.0,-2.0206327949883222e-05,0,60.0
CO1.BDOS.3598857,SAMC_002_2022 (Manifestación de interés (Menor Cuantía)) (Presentación de oferta),"INSTITUTO MUNICIPAL DE CULTURA, RECREACION Y DEPORTE DE ZIPAQUIRA",Cundinamarca,Zipaquirá,Selección Abreviada de Menor Cuantía,Obra,Seleccionado,69000335.0,68347506.0,0,7,día(s),2022-12-13,-652829.0,-0.009461243920047635,0,7.0
CO1.BDOS.3619315,SMIN-079-2022,ALCALDIA MUNICIPIO DE ZIPAQUIRA,Cundinamarca,Zipaquirá,Mínima cuantía,Obra,Seleccionado,45000000.0,44793837.0,0,15,día(s),2022-12-09,-206163.0,-0.0045814,0,15.0
CO1.BDOS.3612553,IC-014-2022,CATEDRAL DE SAL DE ZIPAQUIRÁ SASEM,Cundinamarca,Zipaquirá,Contratación régimen especial (con ofertas),Obra,Seleccionado,700000000.0,698997837.0,1,7,Mes(es),2022-12-07,-1002163.0,-0.0014316614285714287,0,210.0
CO1.BDOS.3536918,SA-AMS-2022-0026 (Manifestación de interés (Menor Cuantía)) (Presentación de oferta),ALCALDÍA MUNICIPAL DE SOPO,Cundinamarca,Sopó,Selección Abreviada de Menor Cuantía,Obra,Seleccionado,279999485.0,273861673.0,0,4,Mes(es),2022-12-06,-6137812.0,-0.02192079746146676,0,120.0
CO1.BDOS.3475882,LP 008-2022 (Fase de Selección (Presentación de ofertas)),ALCALDIA MUNICIPIO DE RICAURTE,Cundinamarca,Ricaurte,Licitación pública Obra Publica,Obra,Seleccionado,1355331355.0,1314671407.0,20,4,Mes(es),2022-12-06,-40659948.0,-0.030000005423028085,0,120.0
CO1.BDOS.3604741,IDRF-MC-021-2022,INSTITUTO DE DEPORTES Y RECREACIÓN DEL MUNICIPIO DE FACATATIVA,Cundinamarca,Facatativá,Mínima cuantía,Obra,Seleccionado,7215000.0,6349200.0,2,15,día(s),2022-12-05,-865800.0,-0.12,0,15.0
CO1.BDOS.3364525,SAMC-020-2022 (Presentación de oferta),ALCALDÍA MUNICIPAL DE MADRID CUNDINAMARCA,Cundinamarca,Madrid,Seleccion Abreviada Menor Cuantia Sin Manifestacion Interes,Obra,Seleccionado,11386861313.0,11342690501.0,0,10,Mes(es),2022-12-02,-44170812.0,-0.0038791033618343677,0,300.0
CO1.BDOS.3485644,SAMC 2022 - 187 (Manifestación de interés (Menor Cuantía)) (Presentación de oferta),IDERF,Cundinamarca,Fusagasugá,Selección Abreviada de Menor Cuantía,Obra,Seleccionado,172935042.0,172764603.0,5,45,día(s),2022-12-01,-170439.0,-0.0009855665921080356,0,45.0
CO1.BDOS.3466554,SAMC 016-2022 (Manifestación de interés (Menor Cuantía)) (Presentación de oferta),ALCALDIA MUNICIPIO DE RICAURTE,Cundinamarca,Ricaurte,Selección Abreviada de Menor Cuantía,Obra,Seleccionado,150826715.0,150804203.0,2,2,Mes(es),2022-12-01,-22512.0,-0.00014925737791212916,0,60.0
CO1.BDOS.3466157,SAMC 015-2022 (Manifestación de interés (Menor Cuantía)) (Presentación de oferta),ALCALDIA MUNICIPIO DE RICAURTE,Cundinamarca,Ricaurte,Selección Abreviada de Menor Cuantía,Obra,Seleccionado,212215940.0,212184217.0,2,2,Mes(es),2022-12-01,-31723.0,-0.0001494845297671796,0,60.0
CO1.BDOS.3487042,LP-020-2022 (Fase de Selección (Presentación de ofertas)),MUNICIPIO DE FUNZA - ALCALDÍA DE FUNZA,Cundinamarca,Funza,Licitación pública Obra Publica,Obra,Seleccionado,1769490844.0,1698564451.0,33,6,Mes(es),2022-11-30,-70926393.0,-0.04008293868289719,0,180.0
CO1.BDOS.3492055,SAMC-018-2022 (Manifestación de interés (Menor Cuantía)) (Presentación de oferta),MUNICIPIO DE FUNZA - ALCALDÍA DE FUNZA,Cundinamarca,Funza,Selección Abreviada de Menor Cuantía,Obra,Seleccionado,449908950.0,449908876.0,1,10,Mes(es),2022-11-30,-74.0,-1.6447772377055402e-07,0,300.0
CO1.BDOS.3579860,SMIN-068-2022,ALCALDIA MUNICIPIO DE ZIPAQUIRA,Cundinamarca,Zipaquirá,Mínima cuantía,Obra,Seleccionado,23159468.0,22703462.0,1,20,día(s),2022-11-29,-456006.0,-0.019689830526331605,0,20.0
CO1.BDOS.3510617,SA 2022-0876 (Manifestación de interés (Menor Cuantía)) (Presentación de oferta),ALCALDIA MUNICIPAL FUSAGASUGA,Cundinamarca,Fusagasugá,Selección Abreviada de Menor Cuantía,Obra,Seleccionado,94261604.0,94260772.0,4,3,Mes(es),2022-11-28,-832.0,-8.826499493897854e-06,0,90.0
CO1.BDOS.3410649,LP-019-2022 (Fase de Selección (Presentación de ofertas)),MUNICIPIO DE FUNZA - ALCALDÍA DE FUNZA,Cundinamarca,Funza,Licitación pública Obra Publica,Obra,Seleccionado,26716464019.0,25401231643.0,1,8,Mes(es),2022-11-28,-1315232376.0,-0.04922928330128731,0,240.0
CO1.BDOS.3544135,SAMC-002-2022 (Manifestación de interés (Menor Cuantía)) (Presentación de oferta),INSTITUTO MUNICIPAL DE VIVIENDA DE INTERÉS SOCIAL CAJICA,Cundinamarca,Cajicá,Selección Abreviada de Menor Cuantía,Obra,Seleccionado,121064637.0,121063535.0,1,4,Mes(es),2022-11-25,-1102.0,-9.102575510964445e-06,0,120.0
CO1.BDOS.3505011,SA 2022-0871 (Manifestación de interés (Menor Cuantía)) (Presentación de oferta),ALCALDIA MUNICIPAL FUSAGASUGA,Cundinamarca,Fusagasugá,Selección Abreviada de Menor Cuantía,Obra,Seleccionado,415409721.0,412501914.0,0,3,Mes(es),2022-11-25,-2907807.0,-0.006999853043881946,0,90.0
CO1.BDOS.3499485,SAMC 15 DE 2022 (Manifestación de interés (Menor Cuantía)) (Presentación de oferta),ALCALDIA MUNICIPAL DE VILLETA,Cundinamarca,Villeta,Selección Abreviada de Menor Cuantía,Obra,Seleccionado,100000000.0,100000000.0,1,25,día(s),2022-11-23,0.0,0.0,0,25.0
CO1.BDOS.3457187,SAMC-002-2022 (Manifestación de interés (Menor Cuantía)) (Presentación de oferta),Concejo Municipal de Soacha,Cundinamarca,Soacha,Selección Abreviada de Menor Cuantía,Obra,Seleccionado,259397440.0,255513072.0,1,2,Mes(es),2022-11-23,-3884368.0,-0.014974581090700047,0,60.0
CO1.BDOS.3481356,SAMC-024-2022 (Manifestación de interés (Menor Cuantía)) (Presentación de oferta),ALCALDIA MUNICIPAL DE GIRARDOT,Cundinamarca,Girardot,Selección Abreviada de Menor Cuantía,Obra,Seleccionado,110039581.0,108752391.0,1,1,Mes(es),2022-11-22,-1287190.0,-0.01169751818666049,0,30.0
CO1.BDOS.3447942,LP 007-2022. (Fase de Selección (Presentación de ofertas)),ALCALDIA MUNICIPIO DE RICAURTE,Cundinamarca,Ricaurte,Licitación pública Obra Publica,Obra,Seleccionado,5754572302.0,5754153814.0,0,7,Mes(es),2022-11-22,-418488.0,-7.272269389239485e-05,0,210.0
CO1.BDOS.3481425,SAMC-042-2022 (Manifestación de interés (Menor Cuantía)) (Presentación de oferta),ALCALDIA MUNICIPIO DE ZIPAQUIRA,Cundinamarca,Zipaquirá,Selección Abreviada de Menor Cuantía,Obra,Seleccionado,110000000.0,109806148.0,1,25,día(s),2022-11-22,-193852.0,-0.001762290909090909,0,25.0
CO1.BDOS.3545921,SMIN-057-2022,ALCALDIA MUNICIPIO DE ZIPAQUIRA,Cundinamarca,Zipaquirá,Mínima cuantía,Obra,Seleccionado,44784706.0,42827597.0,1,30,día(s),2022-11-21,-1957109.0,-0.04370038735991702,0,30.0
CO1.BDOS.3536450,SMC-019-2022,MUNICIPIO DE LA CALERA CUNDINAMARCA,Cundinamarca,La Calera,Mínima cuantía,Obra,Seleccionado,20429459.0,19799987.0,1,0,día(s),2022-11-18,-629472.0,-0.030811975980372264,0,0.0
CO1.BDOS.3460165,SA-057-2022 (Manifestación de interés (Menor Cuantía)) (Presentación de oferta),CUNDINAMARCA-ALCALDIA MUNICIPIO MOSQUERA,Cundinamarca,Mosquera,Selección Abreviada de Menor Cuantía,Obra,Seleccionado,450000000.0,449189598.0,1,0,día(s),2022-11-18,-810402.0,-0.0018008933333333334,0,0.0
CO1.BDOS.3452033,SA-MC-019-2022 (Manifestación de interés (Menor Cuantía)) (Presentación de oferta),MUNICIPIO DE UBATE,Cundinamarca,Villa De San Diego De Ubate,Selección Abreviada de Menor Cuantía,Obra,Seleccionado,158561331.0,158561272.0,1,33,día(s),2022-11-18,-59.0,-3.72095766527086e-07,0,33.0
CO1.BDOS.3451177,SA-MC-018-2022 (Manifestación de interés (Menor Cuantía)) (Presentación de oferta),MUNICIPIO DE UBATE,Cundinamarca,Villa De San Diego De Ubate,Selección Abreviada de Menor Cuantía,Obra,Seleccionado,41639430.0,41616902.0,1,33,día(s),2022-11-18,-22528.0,-0.0005410256576518939,0,33.0
CO1.BDOS.3421907,LP 2022 - 175 (Fase de Selección (Presentación de ofertas)),IDERF,Cundinamarca,Fusagasugá,Licitación pública Obra Publica,Obra,Seleccionado,1496952437.0,1432325232.0,16,4,Mes(es),2022-11-18,-64627205.0,-0.04317251731091574,0,120.0
CO1.BDOS.3465018,SAMC-072-2022 (Manifestación de interés (Menor Cuantía)) (Presentación de oferta),MUNICIPIO DE SOACHA..,Cundinamarca,Soacha,Selección Abreviada de Menor Cuantía,Obra,Seleccionado,830000000.0,826207715.0,2,1,Mes(es),2022-11-18,-3792285.0,-0.004569018072289157,0,30.0
CO1.BDOS.3464254,SA2022-0843 (Manifestación de interés (Menor Cuantía)) (Presentación de oferta),ALCALDIA MUNICIPAL FUSAGASUGA,Cundinamarca,Fusagasugá,Selección Abreviada de Menor Cuantía,Obra,Seleccionado,99216135.0,99143680.0,2,45,día(s),2022-11-17,-72455.0,-0.0007302743651524019,0,45.0
CO1.BDOS.3408729,LP-018-2022 (Fase de Selección (Presentación de ofertas)),MUNICIPIO DE FUNZA - ALCALDÍA DE FUNZA,Cundinamarca,Funza,Licitación pública Obra Publica,Obra,Seleccionado,8599648502.0,8000879663.0,18,9,Mes(es),2022-11-17,-598768839.0,-0.06962712939496839,0,270.0
CO1.BDOS.3461104,SAMC 2022 - 182 (Manifestación de interés (Menor Cuantía)) (Presentación de oferta),IDERF,Cundinamarca,Fusagasugá,Selección Abreviada de Menor Cuantía,Obra,Seleccionado,150106420.0,149043026.0,1,15,día(s),2022-11-17,-1063394.0,-0.007084267281839111,0,15.0
CO1.BDOS.3460296,SAMC 2022 - 181 (Manifestación de interés (Menor Cuantía)) (Presentación de oferta),IDERF,Cundinamarca,Fusagasugá,Selección Abreviada de Menor Cuantía,Obra,Seleccionado,197167828.0,192534205.0,3,2,Mes(es),2022-11-17,-4633623.0,-0.023500908069038526,0,60.0
CO1.BDOS.3465517,SAMC-IMVIUR-001-2022 (Manifestación de interés (Menor Cuantía)) (Presentación de oferta),INSTITUTO MUNICIPAL DE VIVIENDA URBANA Y RURAL IMVIUR,Cundinamarca,La Calera,Selección Abreviada de Menor Cuantía,Obra,Seleccionado,822696829.0,822561834.0,1,10,Mes(es),2022-11-17,-134995.0,-0.00016408839227457386,0,300.0
CO1.BDOS.3286781,SAMC-006-2022 (Manifestación de interés (Menor Cuantía)) (Presentación de oferta),MUNICIPIO DE LA CALERA CUNDINAMARCA,Cundinamarca,La Calera,Selección Abreviada de Menor Cuantía,Obra,Seleccionado,240000000.0,236397984.0,1,1,Mes(es),2022-11-16,-3602016.0,-0.0150084,0,30.0
CO1.BDOS.3223022,SAMC-005-2022 (Manifestación de interés (Menor Cuantía)) (Presentación de oferta),MUNICIPIO DE LA CALERA CUNDINAMARCA,Cundinamarca,La Calera,Selección Abreviada de Menor Cuantía,Obra,Seleccionado,278359585.0,277969585.0,1,6,Mes(es),2022-11-15,-390000.0,-0.0014010654599876631,0,180.0
CO1.BDOS.3413450,MA-SAMC-SP-09-2022 (Manifestación de interés (Menor Cuantía)) (Presentación de oferta),ALCALDIA MUNICIPIO DE ANOLAIMA,Cundinamarca,Anolaima,Selección Abreviada de Menor Cuantía,Obra,Seleccionado,56858110.0,56858110.0,1,2,Mes(es),2022-11-09,0.0,0.0,0,60.0
CO1.BDOS.3426607,SASI-038-2022 (Manifestación de interés (Menor Cuantía)) (Presentación de oferta),ALCALDIA MUNICIPIO DE ZIPAQUIRA,Cundinamarca,Zipaquirá,Selección Abreviada de Menor Cuantía,Obra,Seleccionado,123314425.0,121862000.0,1,20,día(s),2022-11-09,-1452425.0,-0.01177822464808963,0,20.0
CO1.BDOS.3436864,SAMC-034-2022 (Manifestación de interés (Menor Cuantía)) (Presentación de oferta),ALCALDIA MUNICIPIO DE ZIPAQUIRA,Cundinamarca,Zipaquirá,Selección Abreviada de Menor Cuantía,Obra,Seleccionado,159990283.0,159983367.0,1,30,día(s),2022-11-08,-6916.0,-4.322762526771704e-05,0,30.0
CO1.BDOS.3384629,LP-013-2022 (Fase de Selección (Presentación de ofertas)),ALCALDÍA MUNICIPAL DE MADRID CUNDINAMARCA,Cundinamarca,Madrid,Licitación pública Obra Publica,Obra,Seleccionado,710000000.0,676749066.0,9,5,Mes(es),2022-11-03,-33250934.0,-0.046832301408450704,0,150.0
CO1.BDOS.3436990,SA-054-2022 (Presentación de oferta),CUNDINAMARCA-ALCALDIA MUNICIPIO MOSQUERA,Cundinamarca,Mosquera,Seleccion Abreviada Menor Cuantia Sin Manifestacion Interes,Obra,Seleccionado,590001885.0,589900446.0,1,30,día(s),2022-11-02,-101439.0,-0.00017192995917292704,0,30.0
CO1.BDOS.3408367,SA-MC-015-2022 (Manifestación de interés (Menor Cuantía)) (Presentación de oferta),MUNICIPIO DE UBATE,Cundinamarca,Villa De San Diego De Ubate,Selección Abreviada de Menor Cuantía,Obra,Seleccionado,140142219.0,140142219.0,1,40,día(s),2022-11-02,0.0,0.0,0,40.0
CO1.BDOS.3332374,LP-012-2022 (Fase de Selección (Presentación de ofertas)),ALCALDÍA MUNICIPAL DE MADRID CUNDINAMARCA,Cundinamarca,Madrid,Licitación pública Obra Publica,Obra,Seleccionado,1290510908.0,1239402676.0,0,5,Mes(es),2022-11-01,-51108232.0,-0.03960309958108467,0,150.0
CO1.BDOS.3463744,050-00-K-ESUFA-GRUAL-2022,ESCUELA DE SUBOFICIALES  FAC CT ANDRES M DIAZ,Cundinamarca,No Definido,Mínima cuantía,Obra,Seleccionado,50000000.0,37499874.0,0,30,día(s),2022-11-01,-12500126.0,-0.25000252,0,30.0
CO1.BDOS.3458003,SMIN-055-2022,ALCALDIA MUNICIPIO DE ZIPAQUIRA,Cundinamarca,Zipaquirá,Mínima cuantía,Obra,Seleccionado,44999986.0,44926258.0,0,1,Mes(es),2022-10-31,-73728.0,-0.001638400509724603,0,30.0
CO1.BDOS.3403358,SAMC - 173 (Manifestación de interés (Menor Cuantía)) (Presentación de oferta),IDERF,Cundinamarca,Fusagasugá,Selección Abreviada de Menor Cuantía,Obra,Seleccionado,46167731.0,45444654.0,0,1,Mes(es),2022-10-31,-723077.0,-0.015661956616408113,0,30.0
CO1.BDOS.3446992,MC-140-CENACTELEMATICA-2022,CENTRAL ADMINISTRATIVA Y CONTABLE TELEMATICA,Cundinamarca,Facatativá,Mínima cuantía,Obra,Seleccionado,99993659.0,64757410.0,0,1,Mes(es),2022-10-28,-35236249.0,-0.35238483472236976,0,30.0
CO1.BDOS.3383074,SAMC-003 (Manifestación de interés (Menor Cuantía)) (Presentación de oferta),INSTITUCION EDUCATIVA CIUDAD VERDE,Cundinamarca,Soacha,Selección Abreviada de Menor Cuantía,Obra,Seleccionado,78565058.0,76429648.0,0,40,día(s),2022-10-27,-2135410.0,-0.027180149221044298,0,40.0
CO1.BDOS.3441874,MC 2022-0828,ALCALDIA MUNICIPAL FUSAGASUGA,Cundinamarca,Fusagasugá,Mínima cuantía,Obra,Seleccionado,12775308.0,10599474.0,0,2,Mes(es),2022-10-26,-2175834.0,-0.17031558064979724,0,60.0
CO1.BDOS.3431920,IPMC-042-2022,ALCALDIA DE TABIO,Cundinamarca,Tabio,Mínima cuantía,Obra,Seleccionado,23157057.0,19804878.0,0,45,día(s),2022-10-24,-3352179.0,-0.14475842072677889,0,45.0
CO1.BDOS.3422595,IC-009-2022,CATEDRAL DE SAL DE ZIPAQUIRÁ SASEM,Cundinamarca,Zipaquirá,Contratación régimen especial (con ofertas),Obra,Seleccionado,979197990.0,979197990.0,0,2,Mes(es),2022-10-21,0.0,0.0,0,60.0
CO1.BDOS.3412982,MC-CTDPE-020-2022,SENA REGIONAL CUNDINAMARCA Grupo Administrativo CTDPE,Cundinamarca,Girardot,Mínima cuantía,Obra,Seleccionado,90615663.0,83766409.0,6,0,día(s),2022-10-20,-6849254.0,-0.07558576269535212,0,0.0
CO1.BDOS.3336404,LP-017-2022 (Fase de Selección (Presentación de ofertas)),MUNICIPIO DE FUNZA - ALCALDÍA DE FUNZA,Cundinamarca,Funza,Licitación pública Obra Publica,Obra,Seleccionado,1855942459.0,1778954111.0,28,6,Mes(es),2022-10-19,-76988348.0,-0.04148207700441428,0,180.0
CO1.BDOS.3342162,lP-014-2022 (Fase de Selección (Presentación de ofertas)),MUNICIPIO DE FUNZA - ALCALDÍA DE FUNZA,Cundinamarca,Funza,Licitación pública Obra Publica,Obra,Seleccionado,1497689025.0,1402250845.0,5,180,día(s),2022-10-19,-95438180.0,-0.06372362914257183,0,180.0
CO1.BDOS.3310237,SAMC 014-2022 (Manifestación de interés (Menor Cuantía)) (Presentación de oferta),ALCALDIA MUNICIPIO DE RICAURTE,Cundinamarca,Ricaurte,Selección Abreviada de Menor Cuantía,Obra,Seleccionado,156567444.0,156506500.0,0,2,Mes(es),2022-10-19,-60944.0,-0.0003892507819186216,0,60.0
CO1.BDOS.3412796,IMC-SDE-052-2022,ALCALDIA MUNICIPIO DE ANOLAIMA,Cundinamarca,Anolaima,Mínima cuantía,Obra,Seleccionado,27400000.0,27274000.0,0,2,Mes(es),2022-10-19,-126000.0,-0.004598540145985402,0,60.0
CO1.BDOS.3319209,MA-SAMC-SP-07-2022 (Manifestación de interés (Menor Cuantía)) (Presentación de oferta),ALCALDIA MUNICIPIO DE ANOLAIMA,Cundinamarca,Anolaima,Selección Abreviada de Menor Cuantía,Obra,Seleccionado,85307393.0,85275001.0,1,3,Mes(es),2022-10-18,-32392.0,-0.00037970917714013366,0,90.0
CO1.BDOS.3331365,SA 2022-0757 (Manifestación de interés (Menor Cuantía)) (Presentación de oferta),ALCALDIA MUNICIPAL FUSAGASUGA,Cundinamarca,Fusagasugá,Selección Abreviada de Menor Cuantía,Obra,Seleccionado,354517342.0,352567544.0,1,75,día(s),2022-10-14,-1949798.0,-0.005499866350684757,0,75.0
CO1.BDOS.3326869,SAMC-015-2021 (Manifestación de interés (Menor Cuantía)) (Presentación de oferta),MUNICIPIO DE FUNZA - ALCALDÍA DE FUNZA,Cundinamarca,Funza,Selección Abreviada de Menor Cuantía,Obra,Seleccionado,252000000.0,252000000.0,0,3,Mes(es),2022-10-12,0.0,0.0,0,90.0
CO1.BDOS.3365222,MC-113 CENAC TOLEMAIDA 2022,CENAC TOLEMAIDA,Cundinamarca,Nilo,Mínima cuantía,Obra,Seleccionado,100000000.0,95609260.0,0,0,día(s),2022-10-06,-4390740.0,-0.0439074,0,0.0
CO1.BDOS.3358168,INVITACION PRIVADA No. 017 de 2022,EMPRESA DE SERVICIOS PUBLICOS DE CHIA E.S.P.,Cundinamarca,Chía,Contratación régimen especial (con ofertas),Obra,Seleccionado,619207907.0,619207907.0,0,60,día(s),2022-10-05,0.0,0.0,0,60.0
CO1.BDOS.3294980,SAMC 029-2022 (Manifestación de interés (Menor Cuantía)) (Presentación de oferta),MUNICIPIO DE SOACHA..,Cundinamarca,Soacha,Selección Abreviada de Menor Cuantía,Obra,Seleccionado,699348131.0,699348131.0,0,45,día(s),2022-10-03,0.0,0.0,0,45.0
CO1.BDOS.3210755,LP-007-2022 (Fase de Selección (Presentación de ofertas)),ALCALDIA MUNICIPIO DE CAJICA,Cundinamarca,Cajicá,Licitación pública Obra Publica,Obra,Seleccionado,2351435235.0,2223528268.0,48,6,Mes(es),2022-10-03,-127906967.0,-0.05439527531788474,0,180.0
CO1.BDOS.3288765,SAMC-031-2022 (Manifestación de interés (Menor Cuantía)) (Presentación de oferta),MUNICIPIO DE SOACHA..,Cundinamarca,Soacha,Selección Abreviada de Menor Cuantía,Obra,Seleccionado,258086043.0,257254332.0,0,2,Mes(es),2022-09-30,-831711.0,-0.0032226113056411966,0,60.0
CO1.BDOS.3339172,INVITACION PUBLICA No. 001 DE 2022,EMPRESA DE SERVICIOS PUBLICOS DE CHIA E.S.P.,Cundinamarca,Chía,Contratación régimen especial (con ofertas),Obra,Seleccionado,1231884217.0,1207241063.0,0,61,día(s),2022-09-30,-24643154.0,-0.02000444007636799,0,61.0
CO1.BDOS.3323849,MC-030-2022,ALCALDIA MUNICIPAL DE GIRARDOT,Cundinamarca,Girardot,Mínima cuantía,Obra,Seleccionado,45000000.0,40489373.0,0,2,Mes(es),2022-09-29,-4510627.0,-0.10023615555555555,0,60.0
CO1.BDOS.3281356,IMRD SAMC 003 2022 (Presentación de oferta),INSTITUTO MUNICIPAL DE RECREACIÓN Y DEPORTES DE CHIA,Cundinamarca,Chía,Seleccion Abreviada Menor Cuantia Sin Manifestacion Interes,Obra,Seleccionado,100000000.0,98316819.0,0,30,día(s),2022-09-27,-1683181.0,-0.01683181,0,30.0
CO1.BDOS.3321831,SMC 2022-167,IDERF,Cundinamarca,Fusagasugá,Mínima cuantía,Obra,Seleccionado,27895907.0,26126100.0,0,2,Mes(es),2022-09-26,-1769807.0,-0.06344324993627201,0,60.0
CO1.BDOS.3242787,SAMC-031-2022 (Manifestación de interés (Menor Cuantía)) (Presentación de oferta),ALCALDIA MUNICIPIO DE CAJICA,Cundinamarca,Cajicá,Selección Abreviada de Menor Cuantía,Obra,Seleccionado,350815096.0,349727568.0,0,2,Mes(es),2022-09-23,-1087528.0,-0.0031000034274465773,0,60.0
CO1.BDOS.3223423,LP-020-2022 (Fase de Selección (Presentación de ofertas)),ALCALDÍA MUNICIPAL DE MADRID CUNDINAMARCA,Cundinamarca,Madrid,Licitación pública Obra Publica,Obra,Seleccionado,1023120000.0,1023120000.0,0,5,Mes(es),2022-09-23,0.0,0.0,0,150.0
CO1.BDOS.3073380,SIOP-SAMC-0001-2022 (Manifestación de interés (Menor Cuantía)) (Presentación de oferta),ALCALDÍA MUNICIPAL COTA,Cundinamarca,Cota,Selección Abreviada de Menor Cuantía,Obra,Seleccionado,399987941.0,391203307.0,0,0,día(s),2022-09-22,-8784634.0,-0.021962247106844652,0,0.0
CO1.BDOS.3306201,MC-108 CENAC TOLEMAIDA 2022,CENAC TOLEMAIDA,Cundinamarca,Nilo,Mínima cuantía,Obra,Seleccionado,50000000.0,49982491.0,0,60,día(s),2022-09-22,-17509.0,-0.00035018,0,60.0
CO1.BDOS.3218558,SAMC-030-2022 (Manifestación de interés (Menor Cuantía)) (Presentación de oferta),ALCALDIA MUNICIPIO DE CAJICA,Cundinamarca,Cajicá,Selección Abreviada de Menor Cuantía,Obra,Seleccionado,321771393.0,321614130.0,0,75,día(s),2022-09-20,-157263.0,-0.000488741396597677,0,75.0
CO1.BDOS.3194094,LP-010-2022 (Fase de Selección (Presentación de ofertas)),ALCALDÍA MUNICIPAL DE MADRID CUNDINAMARCA,Cundinamarca,Madrid,Licitación pública Obra Publica,Obra,Seleccionado,4744525535.0,4511001127.0,1,6,Mes(es),2022-09-20,-233524408.0,-0.04921975996910722,0,180.0
CO1.BDOS.3239881,LP-008-2022 (Fase de Selección (Presentación de ofertas)),ALCALDIA MUNICIPAL DE GIRARDOT,Cundinamarca,Girardot,Licitación pública Obra Publica,Obra,Seleccionado,607476636.0,604487392.0,0,3,Mes(es),2022-09-19,-2989244.0,-0.0049207555037557036,0,90.0
CO1.BDOS.3238229,SAMC 016-2022 (Manifestación de interés (Menor Cuantía)) (Presentación de oferta),ALCALDIA MUNICIPAL DE CHIA,Cundinamarca,Chía,Selección Abreviada de Menor Cuantía,Obra,Seleccionado,449995570.0,449995498.0,0,60,día(s),2022-09-16,-72.0,-1.6000157512661737e-07,0,60.0
CO1.BDOS.3203819,SAMC 2022 - 157 (Manifestación de interés (Menor Cuantía)) (Presentación de oferta),IDERF,Cundinamarca,Fusagasugá,Selección Abreviada de Menor Cuantía,Obra,Seleccionado,74324545.0,74324545.0,0,105,día(s),2022-09-12,0.0,0.0,0,105.0
CO1.BDOS.3167338,MA-SAMC-SP-06-2022 (Manifestación de interés (Menor Cuantía)) (Presentación de oferta),ALCALDIA MUNICIPIO DE ANOLAIMA,Cundinamarca,Anolaima,Selección Abreviada de Menor Cuantía,Obra,Seleccionado,147840000.0,144480037.0,0,3,Mes(es),2022-09-08,-3359963.0,-0.022727022456709958,0,90.0
CO1.BDOS.3249749,MC-CMC-CDA-039-2022,SENA REGIONAL CUNDINAMARCA Grupo Administrativo CDA,Cundinamarca,Chía,Mínima cuantía,Obra,Seleccionado,11985526.0,11733565.0,2,2,Mes(es),2022-09-08,-251961.0,-0.021022106163717805,0,60.0
CO1.BDOS.3157984,LP-006-2022 (Fase de Selección (Presentación de ofertas)),ALCALDIA MUNICIPIO DE CAJICA,Cundinamarca,Cajicá,Licitación pública Obra Publica,Obra,Seleccionado,5710179687.0,5470186487.0,0,11,Mes(es),2022-09-07,-239993200.0,-0.04202901014592888,0,330.0
CO1.BDOS.3180689,SAMC-027-2022 (Manifestación de interés (Menor Cuantía)) (Presentación de oferta),ALCALDIA MUNICIPIO DE ZIPAQUIRA,Cundinamarca,Zipaquirá,Selección Abreviada de Menor Cuantía,Obra,Seleccionado,406779462.0,406693788.0,1,3,Mes(es),2022-09-06,-85674.0,-0.00021061535304356147,0,90.0
CO1.BDOS.3130992,LP-001-2022 (Fase de Selección (Presentación de ofertas)),INSTITUCION EDUCATIVA BUENOS AIRES,Cundinamarca,Soacha,Licitación pública Obra Publica,Obra,Seleccionado,472291971.0,422214852.0,37,90,día(s),2022-09-05,-50077119.0,-0.10603000278401938,0,90.0
CO1.BDOS.3171916,SAMC-093 CENAC TOLEMAIDA 2022 (Manifestación de interés (Menor Cuantía)) (Presentación de oferta),CENAC TOLEMAIDA,Cundinamarca,Nilo,Selección Abreviada de Menor Cuantía,Obra,Seleccionado,470000000.0,468586049.0,12,0,día(s),2022-09-02,-1413951.0,-0.0030084063829787233,0,0.0
CO1.BDOS.3046814,LP 2022-0631 (Fase de Selección (Presentación de ofertas)),ALCALDIA MUNICIPAL FUSAGASUGA,Cundinamarca,Fusagasugá,Licitación pública Obra Publica,Obra,Seleccionado,1506751037.0,1439671595.0,89,4,Mes(es),2022-08-26,-67079442.0,-0.04451926054987676,0,120.0
CO1.BDOS.3043732,PN ESSUM SA MC 022 2022 (Manifestación de interés (Menor Cuantía)) (Presentación de oferta),ESCUELA DE POLICIA DE PROVINCIA DE SUMAPAZ INTENDENTE MARITZA BONILLA RUIZ,Cundinamarca,Fusagasugá,Selección Abreviada de Menor Cuantía,Obra,Seleccionado,311027000.0,311027000.0,6,120,día(s),2022-08-23,0.0,0.0,0,120.0
CO1.BDOS.3106639,SAMC-024-2022 (Manifestación de interés (Menor Cuantía)) (Presentación de oferta),ALCALDIA MUNICIPIO DE CAJICA,Cundinamarca,Cajicá,Selección Abreviada de Menor Cuantía,Obra,Seleccionado,300000000.0,299966592.0,3,3,Mes(es),2022-08-22,-33408.0,-0.00011136,0,90.0
CO1.BDOS.3172138,MC-094 - CENAC TOLEMAIDA 2022,CENAC TOLEMAIDA,Cundinamarca,Nilo,Mínima cuantía,Obra,Seleccionado,47500000.0,47499184.0,10,75,día(s),2022-08-22,-816.0,-1.7178947368421054e-05,0,75.0
CO1.BDOS.3122705,SAMC-11-2022 (Presentación de oferta),MUNICIPIO DE FUNZA - ALCALDÍA DE FUNZA,Cundinamarca,Funza,Seleccion Abreviada Menor Cuantia Sin Manifestacion Interes,Obra,Seleccionado,6146521067.0,6140098547.0,2,10,Mes(es),2022-08-19,-6422520.0,-0.001044903276177122,0,300.0
CO1.BDOS.3025162,SIOP-LPO-0002-2022 (Fase de Selección (Presentación de ofertas)),ALCALDÍA MUNICIPAL COTA,Cundinamarca,Cota,Licitación pública Obra Publica,Obra,Seleccionado,7511832069.0,7168352263.0,33,0,día(s),2022-08-19,-343479806.0,-0.04572517101619994,0,0.0
CO1.BDOS.3021782,LIC 016 MT 2022 (Presentación de oferta),MUNICIPIO DE TOCANCIPA,Cundinamarca,Tocancipá,Licitación pública,Obra,Seleccionado,2688816856.0,2686128039.0,3,0,día(s),2022-08-19,-2688817.0,-0.0010000000535551536,0,0.0
CO1.BDOS.3094745,SA-MC-026-2022 (Manifestación de interés (Menor Cuantía)) (Presentación de oferta),ALCALDIA MUNICIPIO DE ZIPAQUIRA,Cundinamarca,Zipaquirá,Selección Abreviada de Menor Cuantía,Obra,Seleccionado,300000000.0,288711886.0,6,3,Mes(es),2022-08-18,-11288114.0,-0.037627046666666664,0,90.0
CO1.BDOS.3154668,MC-CMC-CDA-037-2022,SENA REGIONAL CUNDINAMARCA Grupo Administrativo CDA,Cundinamarca,Chía,Mínima cuantía,Obra,Seleccionado,41905052.0,33261648.0,5,1,Mes(es),2022-08-17,-8643404.0,-0.20626162210704332,0,30.0
CO1.BDOS.3087561,SAMC-025-2022 (Manifestación de interés (Menor Cuantía)) (Presentación de oferta),ALCALDIA MUNICIPIO DE CAJICA,Cundinamarca,Cajicá,Selección Abreviada de Menor Cuantía,Obra,Seleccionado,130000000.0,129985327.0,1,2,Mes(es),2022-08-17,-14673.0,-0.00011286923076923077,0,60.0
CO1.BDOS.2977475,SA No. 2022-0162 (Manifestación de interés (Menor Cuantía)) (Presentación de oferta),ALCALDIA MUNICIPAL FUSAGASUGA,Cundinamarca,Fusagasugá,Selección Abreviada de Menor Cuantía,Obra,Seleccionado,214628789.0,193122951.0,6,6,Mes(es),2022-08-12,-21505838.0,-0.10020015534821845,0,180.0
CO1.BDOS.3057195,LP 2022-0644 (Fase de Selección (Presentación de ofertas)),ALCALDIA MUNICIPAL FUSAGASUGA,Cundinamarca,Fusagasugá,Licitación pública Obra Publica,Obra,Seleccionado,13168878519.0,13169446661.0,2,4,Mes(es),2022-08-12,568142.0,4.314277781363745e-05,1,120.0
CO1.BDOS.3070735,SAMC 013-2022 (Manifestación de interés (Menor Cuantía)) (Presentación de oferta),ALCALDIA MUNICIPIO DE RICAURTE,Cundinamarca,Ricaurte,Selección Abreviada de Menor Cuantía,Obra,Seleccionado,89820699.0,88029892.0,5,3,Mes(es),2022-08-11,-1790807.0,-0.019937575858767254,0,90.0
CO1.BDOS.3027806,LP-007-2022 (Fase de Selección (Presentación de ofertas)),ALCALDIA MUNICIPIO DE ZIPAQUIRA,Cundinamarca,Zipaquirá,Licitación pública Obra Publica,Obra,Seleccionado,5369658480.0,5098580930.0,49,10,Mes(es),2022-08-10,-271077550.0,-0.050483201307804586,0,300.0
CO1.BDOS.3068732,SAMC 012-2022 (Manifestación de interés (Menor Cuantía)) (Presentación de oferta),ALCALDIA MUNICIPIO DE RICAURTE,Cundinamarca,Ricaurte,Selección Abreviada de Menor Cuantía,Obra,Seleccionado,279762471.0,279762471.0,1,2,Mes(es),2022-08-10,0.0,0.0,0,60.0
CO1.BDOS.2884931,lP-005-2022 (Fase de Selección (Presentación de ofertas)),MUNICIPIO DE FUNZA - ALCALDÍA DE FUNZA,Cundinamarca,Funza,Licitación pública Obra Publica,Obra,Seleccionado,10758579951.0,10673962681.0,1,12,Mes(es),2022-08-10,-84617270.0,-0.007865096544840465,0,360.0
CO1.BDOS.3052557,SA 2022-0641 (Manifestación de interés (Menor Cuantía)) (Presentación de oferta),ALCALDIA MUNICIPAL FUSAGASUGA,Cundinamarca,Fusagasugá,Selección Abreviada de Menor Cuantía,Obra,Seleccionado,51969426.0,51709508.0,1,3,Mes(es),2022-08-08,-259918.0,-0.005001363686410545,0,90.0
CO1.BDOS.3040096,SIOP-LPO-0003-2022 (Fase de Selección (Presentación de ofertas)),ALCALDÍA MUNICIPAL COTA,Cundinamarca,Cota,Licitación pública Obra Publica,Obra,Seleccionado,910000000.0,900900917.0,1,0,día(s),2022-08-04,-9099083.0,-0.009998992307692307,0,0.0
CO1.BDOS.3034479,SA 2022-0630 (Manifestación de interés (Menor Cuantía)) (Presentación de oferta),ALCALDIA MUNICIPAL FUSAGASUGA,Cundinamarca,Fusagasugá,Selección Abreviada de Menor Cuantía,Obra,Seleccionado,323748052.0,322812376.0,4,4,Mes(es),2022-08-03,-935676.0,-0.0028901363088356126,0,120.0
CO1.BDOS.2996047,FACATATIVA-LP-005-22 (Fase de Selección (Presentación de ofertas)),ALCALDIA MUNICIPAL DE FACATATIVA,Cundinamarca,Facatativá,Licitación pública Obra Publica,Obra,Seleccionado,873034091.0,776301914.0,38,3,Mes(es),2022-08-01,-96732177.0,-0.11079999967607221,0,90.0
CO1.BDOS.3089932,MC 2022-0653,ALCALDIA MUNICIPAL FUSAGASUGA,Cundinamarca,Fusagasugá,Mínima cuantía,Obra,Seleccionado,11082681.0,10392070.0,5,2,Mes(es),2022-08-01,-690611.0,-0.062314434566870594,0,60.0
CO1.BDOS.3023571,LP-004-2022 (Fase de Selección (Presentación de ofertas)),ALCALDIA MUNICIPIO DE CAJICA,Cundinamarca,Cajicá,Licitación pública Obra Publica,Obra,Seleccionado,804687903.0,804686095.0,1,0,día(s),2022-07-28,-1808.0,-2.2468338262070283e-06,0,0.0
CO1.BDOS.2993802,FACATATIVA-LP-003-22 (Fase de Selección (Presentación de ofertas)),ALCALDIA MUNICIPAL DE FACATATIVA,Cundinamarca,Facatativá,Licitación pública Obra Publica,Obra,Seleccionado,1403739294.0,1341613352.0,4,3,Mes(es),2022-07-27,-62125942.0,-0.044257464520331365,0,90.0
CO1.BDOS.3010320,PN ESJIM SA MC 001 2022 (Manifestación de interés (Menor Cuantía)) (Presentación de oferta),ESCUELA DE SUBOFICIALES Y NIVEL EJECUTIVO  GONZALO JIMENEZ DE QUESADA,Cundinamarca,Sibaté,Selección Abreviada de Menor Cuantía,Obra,Seleccionado,430000000.0,430000000.0,7,100,día(s),2022-07-24,0.0,0.0,0,100.0
CO1.BDOS.2987285,SAMC 023-2022 (Manifestación de interés (Menor Cuantía)) (Presentación de oferta),MUNICIPIO DE SOACHA..,Cundinamarca,Soacha,Selección Abreviada de Menor Cuantía,Obra,Seleccionado,849995912.0,802597984.0,19,5,Mes(es),2022-07-22,-47397928.0,-0.05576253642029281,0,150.0
CO1.BDOS.3016563,SA 2022-0624 (Manifestación de interés (Menor Cuantía)) (Presentación de oferta),ALCALDIA MUNICIPAL FUSAGASUGA,Cundinamarca,Fusagasugá,Selección Abreviada de Menor Cuantía,Obra,Seleccionado,87836319.0,85595385.0,2,3,Mes(es),2022-07-22,-2240934.0,-0.025512612840708864,0,90.0
CO1.BDOS.2880804,LP-002-2022 (Fase de Selección (Presentación de ofertas)),MUNICIPIO DE FUNZA - ALCALDÍA DE FUNZA,Cundinamarca,Funza,Licitación pública Obra Publica,Obra,Seleccionado,41087304846.0,41070430107.0,1,18,Mes(es),2022-07-21,-16874739.0,-0.0004107044514905148,0,540.0
CO1.BDOS.3009819,LP 004-2022 (Fase de Selección (Presentación de ofertas)),ALCALDIA MUNICIPIO DE RICAURTE,Cundinamarca,Ricaurte,Licitación pública Obra Publica,Obra,Seleccionado,634408926.0,605226077.0,60,3,Mes(es),2022-07-21,-29182849.0,-0.04600006053508774,0,90.0
CO1.BDOS.3001042,SAMC-015-2022 (Manifestación de interés (Menor Cuantía)) (Presentación de oferta),ALCALDIA MUNICIPAL DE GIRARDOT,Cundinamarca,Girardot,Selección Abreviada de Menor Cuantía,Obra,Seleccionado,150000000.0,149999945.0,1,4,Mes(es),2022-07-19,-55.0,-3.6666666666666667e-07,0,120.0
CO1.BDOS.3048168,MC-46 de 2022,ALCALDIA MUNICIPAL DE VILLETA,Cundinamarca,Villeta,Mínima cuantía,Obra,Seleccionado,20816732.0,18736550.0,7,5,Mes(es),2022-07-19,-2080182.0,-0.09992836531689989,0,150.0
CO1.BDOS.3045808,IMC-SP-035-2022,ALCALDIA MUNICIPIO DE ANOLAIMA,Cundinamarca,Anolaima,Mínima cuantía,Obra,Seleccionado,27941027.0,22242518.0,2,4,Mes(es),2022-07-18,-5698509.0,-0.2039477289077456,0,120.0
CO1.BDOS.2996653,FACATATIVA-SA-011-22 (Manifestación de interés (Menor Cuantía)) (Presentación de oferta),ALCALDIA MUNICIPAL DE FACATATIVA,Cundinamarca,Facatativá,Selección Abreviada de Menor Cuantía,Obra,Seleccionado,144029626.0,143124943.0,1,3,Mes(es),2022-07-18,-904683.0,-0.006281228557796852,0,90.0
CO1.BDOS.3044800,IMC-SP-034-2022,ALCALDIA MUNICIPIO DE ANOLAIMA,Cundinamarca,Anolaima,Mínima cuantía,Obra,Seleccionado,10639160.0,8754498.0,4,30,día(s),2022-07-18,-1884662.0,-0.177143872260592,0,30.0
CO1.BDOS.2473223,LP 020-2021 (Fase de Selección (Presentación de ofertas)),ALCALDIA MUNICIPIO DE ZIPAQUIRA,Cundinamarca,Zipaquirá,Licitación pública Obra Publica,Obra,Seleccionado,24140809610.0,24122315188.0,1,10,Mes(es),2022-07-14,-18494422.0,-0.00076610612066378,0,300.0
CO1.BDOS.2471905,FACATATIVA-LP-009-21 (Fase de Selección (Presentación de ofertas)),ALCALDIA MUNICIPAL DE FACATATIVA,Cundinamarca,Facatativá,Licitación pública Obra Publica,Obra,Seleccionado,1700578079.0,1697176922.0,1,6,Mes(es),2022-07-14,-3401157.0,-0.002000000495125752,0,180.0
CO1.BDOS.2985573,LP-009-2022 (Fase de Selección (Presentación de ofertas)),MUNICIPIO DE FUNZA - ALCALDÍA DE FUNZA,Cundinamarca,Funza,Licitación pública Obra Publica,Obra,Seleccionado,3424978350.0,3336272645.0,2,15,Mes(es),2022-07-13,-88705705.0,-0.025899639628378966,0,450.0
CO1.BDOS.2886114,LIC 011 MT 2022 (Fase de Selección (Presentación de ofertas)),MUNICIPIO DE TOCANCIPA,Cundinamarca,Tocancipá,Licitación pública Obra Publica,Obra,Seleccionado,11999999998.0,11999999997.0,1,12,Mes(es),2022-07-13,-1.0,-8.333333334722222e-11,0,360.0
CO1.BDOS.3028502,MC-079 CENAC TOLEMAIDA-2022,CENAC TOLEMAIDA,Cundinamarca,Nilo,Mínima cuantía,Obra,Seleccionado,95000000.0,94989055.0,9,0,día(s),2022-07-13,-10945.0,-0.00011521052631578947,0,0.0
CO1.BDOS.2966656,LP-007-2022 (Fase de Selección (Presentación de ofertas)),ALCALDIA MUNICIPAL DE GIRARDOT,Cundinamarca,Girardot,Licitación pública Obra Publica,Obra,Seleccionado,757960621.0,756004119.0,1,4,Mes(es),2022-07-12,-1956502.0,-0.002581271303275266,0,120.0
CO1.BDOS.2987420,SA-034-2022 (Manifestación de interés (Menor Cuantía)) (Presentación de oferta),CUNDINAMARCA-ALCALDIA MUNICIPIO MOSQUERA,Cundinamarca,Mosquera,Selección Abreviada de Menor Cuantía,Obra,Seleccionado,5072520000.0,5068008013.0,1,13,Mes(es),2022-07-12,-4511987.0,-0.000889496147871275,0,390.0
CO1.BDOS.3012964,MC No. 159-DGSM-EJC-DMTOL-2022,DISPENSARIO MEDICO TOLEMAIDA.,Cundinamarca,Nilo,Mínima cuantía,Obra,Seleccionado,11000000.0,11000000.0,10,5,Mes(es),2022-07-08,0.0,0.0,0,150.0
CO1.BDOS.2973448,FACATATIVA-LP-004-22 (Fase de Selección (Presentación de ofertas)),ALCALDIA MUNICIPAL DE FACATATIVA,Cundinamarca,Facatativá,Licitación pública Obra Publica,Obra,Seleccionado,812873762.0,748030032.0,35,5,Mes(es),2022-07-07,-64843730.0,-0.07977097186709294,0,150.0
CO1.BDOS.2966822,LP 008-2022 (Fase de Selección (Presentación de ofertas)),ALCALDIA MUNICIPAL DE CHIA,Cundinamarca,Chía,Licitación pública Obra Publica,Obra,Seleccionado,587708880.0,560381442.0,31,4,Mes(es),2022-06-30,-27327438.0,-0.046498256075354856,0,120.0
CO1.BDOS.2956456,LP 007-2022 (Fase de Selección (Presentación de ofertas)),ALCALDIA MUNICIPAL DE CHIA,Cundinamarca,Chía,Licitación pública Obra Publica,Obra,Seleccionado,864095876.0,827605218.0,43,150,día(s),2022-06-22,-36490658.0,-0.042229871723169755,0,150.0
CO1.BDOS.2964606,SAMC 010 DE 2022 (Manifestación de interés (Menor Cuantía)) (Presentación de oferta),ALCALDIA MUNICIPAL DE VILLETA,Cundinamarca,Villeta,Selección Abreviada de Menor Cuantía,Obra,Seleccionado,100000000.0,95799980.0,9,2,Mes(es),2022-06-21,-4200020.0,-0.0420002,0,60.0
CO1.BDOS.2950918,SAMC 2022-078 (Manifestación de interés (Menor Cuantía)) (Presentación de oferta),IDERF,Cundinamarca,Fusagasugá,Selección Abreviada de Menor Cuantía,Obra,Seleccionado,136445599.0,133610753.0,1,45,día(s),2022-06-17,-2834846.0,-0.02077638282785508,0,45.0
CO1.BDOS.2868528,LP 2022-0499 (Fase de Selección (Presentación de ofertas)),ALCALDIA MUNICIPAL FUSAGASUGA,Cundinamarca,Fusagasugá,Licitación pública Obra Publica,Obra,Seleccionado,1720229952.0,1685055996.0,6,5,Mes(es),2022-06-15,-35173956.0,-0.020447240765169516,0,150.0
CO1.BDOS.2942502,LP 005-2022 (Fase de Selección (Presentación de ofertas)),ALCALDIA MUNICIPAL DE CHIA,Cundinamarca,Chía,Licitación pública Obra Publica,Obra,Seleccionado,758193072.0,733927252.0,37,4,Mes(es),2022-06-13,-24265820.0,-0.032004803124869495,0,120.0
CO1.BDOS.2950927,SAMC 09 DE 2022 (Manifestación de interés (Menor Cuantía)) (Presentación de oferta),ALCALDIA MUNICIPAL DE VILLETA,Cundinamarca,Villeta,Selección Abreviada de Menor Cuantía,Obra,Seleccionado,100000000.0,94516794.0,10,2,Mes(es),2022-06-13,-5483206.0,-0.05483206,0,60.0
CO1.BDOS.2950004,SAMC 005-2022 (Manifestación de interés (Menor Cuantía)) (Presentación de oferta),ALCALDIA MUNICIPAL DE CHIA,Cundinamarca,Chía,Selección Abreviada de Menor Cuantía,Obra,Seleccionado,150000000.0,144210000.0,2,2,Mes(es),2022-06-13,-5790000.0,-0.0386,0,60.0
CO1.BDOS.2930837,LP OBRA PUBLICA-004-2022 (Fase de Selección (Presentación de ofertas)),MUNICIPIO DE LA CALERA CUNDINAMARCA,Cundinamarca,La Calera,Licitación pública Obra Publica,Obra,Seleccionado,399991302.0,372602079.0,40,3,Mes(es),2022-06-10,-27389223.0,-0.06847454647901319,0,90.0
CO1.BDOS.2883781,LP-003-2022 (Fase de Selección (Presentación de ofertas)),MUNICIPIO DE FUNZA - ALCALDÍA DE FUNZA,Cundinamarca,Funza,Licitación pública Obra Publica,Obra,Seleccionado,12098219638.0,12027067806.0,1,14,Mes(es),2022-06-09,-71151832.0,-0.005881182035786082,0,420.0
CO1.BDOS.2926308,MA-SAMC-OPIT-SP-03-2022 (Manifestación de interés (Menor Cuantía)) (Presentación de oferta),ALCALDIA MUNICIPIO DE ANOLAIMA,Cundinamarca,Anolaima,Selección Abreviada de Menor Cuantía,Obra,Seleccionado,100000000.0,95673259.0,6,3,Mes(es),2022-06-08,-4326741.0,-0.04326741,0,90.0
CO1.BDOS.2924766,SA-MC-007-2022 (Manifestación de interés (Menor Cuantía)) (Presentación de oferta),MUNICIPIO DE UBATE,Cundinamarca,Villa De San Diego De Ubate,Selección Abreviada de Menor Cuantía,Obra,Seleccionado,217582690.0,217473370.0,1,3,Mes(es),2022-06-07,-109320.0,-0.0005024296739782011,0,90.0
CO1.BDOS.2924648,SA-MC-006-2022 (Manifestación de interés (Menor Cuantía)) (Presentación de oferta),MUNICIPIO DE UBATE,Cundinamarca,Villa De San Diego De Ubate,Selección Abreviada de Menor Cuantía,Obra,Seleccionado,217582690.0,217473370.0,1,3,Mes(es),2022-06-07,-109320.0,-0.0005024296739782011,0,90.0
CO1.BDOS.2965257,IP-012-2022,ALCALDÍA MUNICIPAL DE MADRID CUNDINAMARCA,Cundinamarca,Madrid,Mínima cuantía,Obra,Seleccionado,20296923.0,15124345.0,2,20,día(s),2022-06-07,-5172578.0,-0.254845426570323,0,20.0
CO1.BDOS.2924344,SA-MC-005-2022 (Manifestación de interés (Menor Cuantía)) (Presentación de oferta),MUNICIPIO DE UBATE,Cundinamarca,Villa De San Diego De Ubate,Selección Abreviada de Menor Cuantía,Obra,Seleccionado,215582240.0,215473661.0,1,3,Mes(es),2022-06-07,-108579.0,-0.000503654660977639,0,90.0
CO1.BDOS.2924483,SA-MC-009-2022 (Manifestación de interés (Menor Cuantía)) (Presentación de oferta),MUNICIPIO DE UBATE,Cundinamarca,Villa De San Diego De Ubate,Selección Abreviada de Menor Cuantía,Obra,Seleccionado,217582690.0,217473370.0,1,3,Mes(es),2022-06-07,-109320.0,-0.0005024296739782011,0,90.0
CO1.BDOS.2938704,SAMC-006-2022 (Manifestación de interés (Menor Cuantía)) (Presentación de oferta),MUNICIPIO DE FUNZA - ALCALDÍA DE FUNZA,Cundinamarca,Funza,Selección Abreviada de Menor Cuantía,Obra,Seleccionado,250000000.0,250000000.0,1,180,día(s),2022-06-07,0.0,0.0,0,180.0
CO1.BDOS.2924684,SA-MC-008-2022 (Manifestación de interés (Menor Cuantía)) (Presentación de oferta),MUNICIPIO DE UBATE,Cundinamarca,Villa De San Diego De Ubate,Selección Abreviada de Menor Cuantía,Obra,Seleccionado,217582690.0,217473370.0,1,3,Mes(es),2022-06-07,-109320.0,-0.0005024296739782011,0,90.0
CO1.BDOS.2900123,SA-AMS-2022-0006 (Manifestación de interés (Menor Cuantía)) (Presentación de oferta),ALCALDÍA MUNICIPAL DE SOPO,Cundinamarca,Sopó,Selección Abreviada de Menor Cuantía,Obra,Seleccionado,278945121.0,278777050.0,1,120,día(s),2022-06-06,-168071.0,-0.0006025235336523416,0,120.0
CO1.BDOS.2942828,SAMC 08 DE 2022 (Manifestación de interés (Menor Cuantía)) (Presentación de oferta),ALCALDIA MUNICIPAL DE VILLETA,Cundinamarca,Villeta,Selección Abreviada de Menor Cuantía,Obra,Seleccionado,100000000.0,95372990.0,9,2,Mes(es),2022-06-06,-4627010.0,-0.0462701,0,60.0
CO1.BDOS.2932132,SA 2022-0590 (Manifestación de interés (Menor Cuantía)) (Presentación de oferta),ALCALDIA MUNICIPAL FUSAGASUGA,Cundinamarca,Fusagasugá,Selección Abreviada de Menor Cuantía,Obra,Seleccionado,415409721.0,415409721.0,2,3,Mes(es),2022-06-03,0.0,0.0,0,90.0
CO1.BDOS.2933062,SAMC-093-CENACINTELIGENCIA-2022  (Manifestación de interés (Menor Cuantía)) (Presentación de oferta),CENTRAL ADMINISTRATIVA Y CONTABLE ESPECIALIZADA INTELIGENCIA,Cundinamarca,No Definido,Selección Abreviada de Menor Cuantía,Obra,Seleccionado,145650812.0,145650812.0,4,5,Mes(es),2022-06-01,0.0,0.0,0,150.0
CO1.BDOS.2930250,LP-005-2022 (Fase de Selección (Presentación de ofertas)),ALCALDIA MUNICIPIO DE ZIPAQUIRA,Cundinamarca,Zipaquirá,Licitación pública Obra Publica,Obra,Seleccionado,2000000000.0,1911200639.0,56,4,Mes(es),2022-06-01,-88799361.0,-0.0443996805,0,120.0
CO1.BDOS.2934462,LP 004-2022 (Fase de Selección (Presentación de ofertas)),ALCALDIA MUNICIPAL DE CHIA,Cundinamarca,Chía,Licitación pública Obra Publica,Obra,Seleccionado,1141957118.0,1082340439.0,10,4,Mes(es),2022-06-01,-59616679.0,-0.052205707254937395,0,120.0
CO1.BDOS.2924374,SAMC-010-2022 (Manifestación de interés (Menor Cuantía)) (Presentación de oferta),ALCALDIA MUNICIPIO DE CAJICA,Cundinamarca,Cajicá,Selección Abreviada de Menor Cuantía,Obra,Seleccionado,200000000.0,200000000.0,3,3,Mes(es),2022-06-01,0.0,0.0,0,90.0
CO1.BDOS.2883863,LP-009-2022 (Fase de Selección (Presentación de ofertas)),CUNDINAMARCA-ALCALDIA MUNICIPIO MOSQUERA,Cundinamarca,Mosquera,Licitación pública Obra Publica,Obra,Seleccionado,16528000000.0,16523436819.0,1,420,día(s),2022-06-01,-4563181.0,-0.0002760879114230397,0,420.0
CO1.BDOS.2898514,LP-007-2022 (Fase de Selección (Presentación de ofertas)),MUNICIPIO DE UBATE,Cundinamarca,Villa De San Diego De Ubate,Licitación pública Obra Publica,Obra,Seleccionado,949094896.0,949094896.0,38,6,Mes(es),2022-05-31,0.0,0.0,0,180.0
CO1.BDOS.2846649,LP-002-2022 (Fase de Selección (Presentación de ofertas)),MUNICIPIO DE UBATE,Cundinamarca,Villa De San Diego De Ubate,Licitación pública Obra Publica,Obra,Seleccionado,1637853146.0,1624060556.0,2,6,Mes(es),2022-05-31,-13792590.0,-0.008421139608080589,0,180.0
CO1.BDOS.2891316,LP-002-2022 (Fase de Selección (Presentación de ofertas)),ALCALDIA MUNICIPIO DE CAJICA,Cundinamarca,Cajicá,Licitación pública Obra Publica,Obra,Seleccionado,5049340644.0,4799748580.0,14,7,Mes(es),2022-05-31,-249592064.0,-0.04943062502558304,0,210.0
CO1.BDOS.2893403,LP-003-2022 (Fase de Selección (Presentación de ofertas)),ALCALDIA MUNICIPIO DE CAJICA,Cundinamarca,Cajicá,Licitación pública Obra Publica,Obra,Seleccionado,1057746911.0,1014377253.0,29,7,Mes(es),2022-05-31,-43369658.0,-0.04100192356884132,0,210.0
CO1.BDOS.2928954,LP-004-2022 (Fase de Selección (Presentación de ofertas)),ALCALDIA MUNICIPIO DE ZIPAQUIRA,Cundinamarca,Zipaquirá,Licitación pública Obra Publica,Obra,Seleccionado,668717686.0,639865170.0,18,5,Mes(es),2022-05-26,-28852516.0,-0.04314603397524019,0,150.0
CO1.BDOS.2925603,SAMC 07 DE 2022 (Manifestación de interés (Menor Cuantía)) (Presentación de oferta),ALCALDIA MUNICIPAL DE VILLETA,Cundinamarca,Villeta,Selección Abreviada de Menor Cuantía,Obra,Seleccionado,100000000.0,95297556.0,10,60,día(s),2022-05-23,-4702444.0,-0.04702444,0,60.0
CO1.BDOS.2941948,MC-040-CENACTELEMATICA-2022,CENTRAL ADMINISTRATIVA Y CONTABLE TELEMATICA,Cundinamarca,Facatativá,Mínima cuantía,Obra,Seleccionado,55437180.0,55437180.0,17,7,Mes(es),2022-05-20,0.0,0.0,0,210.0
CO1.BDOS.2920901,SA 2022-0587 (Manifestación de interés (Menor Cuantía)) (Presentación de oferta),ALCALDIA MUNICIPAL FUSAGASUGA,Cundinamarca,Fusagasugá,Selección Abreviada de Menor Cuantía,Obra,Seleccionado,100000000.0,95100101.0,19,2,Mes(es),2022-05-18,-4899899.0,-0.04899899,0,60.0
CO1.BDOS.2919974,SAMC 010-2022 (Manifestación de interés (Menor Cuantía)) (Presentación de oferta),ALCALDIA MUNICIPIO DE RICAURTE,Cundinamarca,Ricaurte,Selección Abreviada de Menor Cuantía,Obra,Seleccionado,118064906.0,118014026.0,1,2,Mes(es),2022-05-16,-50880.0,-0.0004309493965971565,0,60.0
CO1.BDOS.2907204,LP 06 DE 2022 (Fase de Selección (Presentación de ofertas)),ALCALDIA MUNICIPAL DE VILLETA,Cundinamarca,Villeta,Licitación pública Obra Publica,Obra,Seleccionado,597104895.0,595952778.0,1,4,Mes(es),2022-05-13,-1152117.0,-0.0019295052002546386,0,120.0
CO1.BDOS.2874310,LP-008-2022 (Fase de Selección (Presentación de ofertas)),CUNDINAMARCA-ALCALDIA MUNICIPIO MOSQUERA,Cundinamarca,Mosquera,Licitación pública Obra Publica,Obra,Seleccionado,3777985075.0,3770308120.0,1,8,Mes(es),2022-05-13,-7676955.0,-0.002032023644243751,0,240.0
CO1.BDOS.2935401,IPMC-FPS - 006 - 2022,FONDO DE PASIVO SOCIAL DE FERROCARRILES NACIONALES DE COLOMBIA ENTIDAD,Cundinamarca,No Definido,Mínima cuantía,Obra,Seleccionado,64968525.0,58670815.0,5,66,día(s),2022-05-13,-6297710.0,-0.09693478495933223,0,66.0
CO1.BDOS.2916706,SAMC 009-2022 (Presentación de oferta),ALCALDIA MUNICIPIO DE RICAURTE,Cundinamarca,Ricaurte,Seleccion Abreviada Menor Cuantia Sin Manifestacion Interes,Obra,Seleccionado,2070000000.0,2066667000.0,2,5,Mes(es),2022-05-13,-3333000.0,-0.0016101449275362318,0,150.0
CO1.BDOS.2911104,PN ESCAR SA MC 024 2022 (Manifestación de interés (Menor Cuantía)) (Presentación de oferta),ESCUELA NACIONAL DE CARABINEROS POLICIA NACIONAL,Cundinamarca,Facatativá,Selección Abreviada de Menor Cuantía,Obra,Seleccionado,630000000.0,630000000.0,9,120,día(s),2022-05-12,0.0,0.0,0,120.0
CO1.BDOS.2878284,LP OBRA PUBLICA 003-2022 (Fase de Selección (Presentación de ofertas)),MUNICIPIO DE LA CALERA CUNDINAMARCA,Cundinamarca,La Calera,Licitación pública Obra Publica,Obra,Seleccionado,1044203911.0,1002161549.0,46,6,Mes(es),2022-05-10,-42042362.0,-0.04026259771402063,0,180.0
CO1.BDOS.2912107,SAMC-057 CENAC TOLEMAIDA-2022 (Manifestación de interés (Menor Cuantía)) (Presentación de oferta),CENAC TOLEMAIDA,Cundinamarca,Nilo,Selección Abreviada de Menor Cuantía,Obra,Seleccionado,335576184.0,335576184.0,21,0,día(s),2022-05-09,0.0,0.0,0,0.0
CO1.BDOS.2885645,LP-006-2022 (Fase de Selección (Presentación de ofertas)),MUNICIPIO DE UBATE,Cundinamarca,Villa De San Diego De Ubate,Licitación pública Obra Publica,Obra,Seleccionado,400233768.0,400233759.0,1,6,Mes(es),2022-05-06,-9.0,-2.2486858230313042e-08,0,180.0
CO1.BDOS.2841989,LP-003-2022 (Fase de Selección (Presentación de ofertas)),CUNDINAMARCA-ALCALDIA MUNICIPIO MOSQUERA,Cundinamarca,Mosquera,Licitación pública Obra Publica,Obra,Seleccionado,6746900000.0,6742839786.0,1,330,día(s),2022-05-06,-4060214.0,-0.0006017895626139413,0,330.0
CO1.BDOS.2906232,LP 001-2022 (Fase de Selección (Presentación de ofertas)),INSTITUTO MUNICIPAL DE VIVIENDA DE INTERÉS SOCIAL CAJICA,Cundinamarca,Cajicá,Licitación pública Obra Publica,Obra,Seleccionado,426123641.0,424370576.0,1,4,Mes(es),2022-05-06,-1753065.0,-0.004113982026169724,0,120.0
CO1.BDOS.2865271,LP-007-2022 (Fase de Selección (Presentación de ofertas)),CUNDINAMARCA-ALCALDIA MUNICIPIO MOSQUERA,Cundinamarca,Mosquera,Licitación pública Obra Publica,Obra,Seleccionado,42410549395.0,41759663461.0,1,16,Mes(es),2022-05-05,-650885934.0,-0.015347264850021875,0,480.0
CO1.BDOS.2847316,LP-004-2022 (Fase de Selección (Presentación de ofertas)),MUNICIPIO DE UBATE,Cundinamarca,Villa De San Diego De Ubate,Licitación pública Obra Publica,Obra,Seleccionado,744510408.0,744102652.0,1,4,Mes(es),2022-05-04,-407756.0,-0.0005476834112975893,0,120.0
CO1.BDOS.2889653,022-00-K-ESUFA-GRUAL-2022 (Fase de Selección (Presentación de ofertas)),ESCUELA DE SUBOFICIALES  FAC CT ANDRES M DIAZ,Cundinamarca,No Definido,Licitación pública Obra Publica,Obra,Seleccionado,1246700000.0,1221048288.0,62,204,día(s),2022-05-04,-25651712.0,-0.02057568942006898,0,204.0
CO1.BDOS.2900902,SAMC 06 DE 2022 (Manifestación de interés (Menor Cuantía)) (Presentación de oferta),ALCALDIA MUNICIPAL DE VILLETA,Cundinamarca,Villeta,Selección Abreviada de Menor Cuantía,Obra,Seleccionado,100000000.0,94752200.0,10,2,Mes(es),2022-05-02,-5247800.0,-0.052478,0,60.0
CO1.BDOS.2885368,LP 2022-0579 (Fase de Selección (Presentación de ofertas)),ALCALDIA MUNICIPAL FUSAGASUGA,Cundinamarca,Fusagasugá,Licitación pública Obra Publica,Obra,Seleccionado,9125070710.0,9123209137.0,2,7,Mes(es),2022-04-29,-1861573.0,-0.00020400641914587422,0,210.0
CO1.BDOS.2845080,LP-005-2022 (Fase de Selección (Presentación de ofertas)),CUNDINAMARCA-ALCALDIA MUNICIPIO MOSQUERA,Cundinamarca,Mosquera,Licitación pública Obra Publica,Obra,Seleccionado,7900000000.0,7888576434.0,1,10,Mes(es),2022-04-27,-11423566.0,-0.0014460210126582278,0,300.0
CO1.BDOS.2914703,IPMC-007-2022,CORPORACION PRODESARROLLO Y SEGURIDAD DEL MUNICIPIO DE GIRARDOT,Cundinamarca,Girardot,Mínima cuantía,Obra,Seleccionado,27614585.0,22108806.0,14,20,día(s),2022-04-26,-5505779.0,-0.19937938592957308,0,20.0
CO1.BDOS.2841016,LP-OBRA PUBLICA-001-2022 (Fase de Selección (Presentación de ofertas)),MUNICIPIO DE LA CALERA CUNDINAMARCA,Cundinamarca,La Calera,Licitación pública Obra Publica,Obra,Seleccionado,1324000000.0,1229595722.0,38,7,Mes(es),2022-04-25,-94404278.0,-0.0713023247734139,0,210.0
CO1.BDOS.2888927,SAMC-052 CENAC TOLEMAIDA-2022 (Manifestación de interés (Menor Cuantía)) (Presentación de oferta),CENAC TOLEMAIDA,Cundinamarca,Nilo,Selección Abreviada de Menor Cuantía,Obra,Seleccionado,379539940.0,191933180.0,13,6,Mes(es),2022-04-25,-187606760.0,-0.4943004417400709,0,180.0
CO1.BDOS.2845261,LP-006-2022 (Fase de Selección (Presentación de ofertas)),CUNDINAMARCA-ALCALDIA MUNICIPIO MOSQUERA,Cundinamarca,Mosquera,Licitación pública Obra Publica,Obra,Seleccionado,4523715000.0,4514080319.0,1,390,día(s),2022-04-25,-9634681.0,-0.0021298160914204364,0,390.0
CO1.BDOS.2889554,SA-MC-013-2022 (Manifestación de interés (Menor Cuantía)) (Presentación de oferta),ALCALDIA MUNICIPIO DE ZIPAQUIRA,Cundinamarca,Zipaquirá,Selección Abreviada de Menor Cuantía,Obra,Seleccionado,405000000.0,389244622.0,10,3,Mes(es),2022-04-22,-15755378.0,-0.03890216790123457,0,90.0
CO1.BDOS.2891616,SA-MC-014-2022 (Manifestación de interés (Menor Cuantía)) (Presentación de oferta),ALCALDIA MUNICIPIO DE ZIPAQUIRA,Cundinamarca,Zipaquirá,Selección Abreviada de Menor Cuantía,Obra,Seleccionado,150000000.0,144748722.0,8,3,Mes(es),2022-04-22,-5251278.0,-0.03500852,0,90.0
CO1.BDOS.2884075,LIC 007 MT 2022 (Fase de Selección (Presentación de ofertas)),MUNICIPIO DE TOCANCIPA,Cundinamarca,Tocancipá,Licitación pública Obra Publica,Obra,Seleccionado,1497789258.0,1497378804.0,1,12,Mes(es),2022-04-20,-410454.0,-0.0002740398876595495,0,360.0
CO1.BDOS.2884224,LIC 008 MT 2022 (Fase de Selección (Presentación de ofertas)),MUNICIPIO DE TOCANCIPA,Cundinamarca,Tocancipá,Licitación pública Obra Publica,Obra,Seleccionado,544512006.0,544512005.0,1,6,Mes(es),2022-04-20,-1.0,-1.8365067968767615e-09,0,180.0
CO1.BDOS.2884340,LIC 009 MT 2022 (Fase de Selección (Presentación de ofertas)),MUNICIPIO DE TOCANCIPA,Cundinamarca,Tocancipá,Licitación pública Obra Publica,Obra,Seleccionado,3228660366.0,3228657397.0,1,6,Mes(es),2022-04-20,-2969.0,-9.195764383474951e-07,0,180.0
CO1.BDOS.2880901,LIC 006 MT 2022 (Fase de Selección (Presentación de ofertas)),MUNICIPIO DE TOCANCIPA,Cundinamarca,Tocancipá,Licitación pública Obra Publica,Obra,Seleccionado,18518518518.0,18518517963.0,1,12,Mes(es),2022-04-20,-555.0,-2.997000000083916e-08,0,360.0
CO1.BDOS.2889839,SAMC 02 DE 2022 (Manifestación de interés (Menor Cuantía)) (Presentación de oferta),ALCALDIA MUNICIPAL DE VILLETA,Cundinamarca,Villeta,Selección Abreviada de Menor Cuantía,Obra,Seleccionado,100000000.0,94650235.0,8,60,día(s),2022-04-19,-5349765.0,-0.05349765,0,60.0
CO1.BDOS.2868169,LP-003-2022 (Fase de Selección (Presentación de ofertas)),ALCALDIA MUNICIPIO DE ZIPAQUIRA,Cundinamarca,Zipaquirá,Licitación pública Obra Publica,Obra,Seleccionado,791601118.0,791596047.0,1,5,Mes(es),2022-04-18,-5071.0,-6.406004090560165e-06,0,150.0
CO1.BDOS.2885390,SA-MC-002-2022 (Manifestación de interés (Menor Cuantía)) (Presentación de oferta),MUNICIPIO DE UBATE,Cundinamarca,Villa De San Diego De Ubate,Selección Abreviada de Menor Cuantía,Obra,Seleccionado,123280319.0,123269225.0,1,3,Mes(es),2022-04-13,-11094.0,-8.99900332022989e-05,0,90.0
CO1.BDOS.2870035,LP 2022-074 (Fase de Selección (Presentación de ofertas)),IDERF,Cundinamarca,Fusagasugá,Licitación pública Obra Publica,Obra,Seleccionado,1150000000.0,1121095072.0,6,4,Mes(es),2022-04-12,-28904928.0,-0.02513472,0,120.0
CO1.BDOS.2877304,SAMC 04 DE 2022 (Manifestación de interés (Menor Cuantía)) (Presentación de oferta),ALCALDIA MUNICIPAL DE VILLETA,Cundinamarca,Villeta,Selección Abreviada de Menor Cuantía,Obra,Seleccionado,86451049.0,86002258.0,2,2,Mes(es),2022-04-08,-448791.0,-0.005191273040538814,0,60.0
CO1.BDOS.2872607,SAMC 03 DE 2022  (Manifestación de interés (Menor Cuantía)) (Presentación de oferta),ALCALDIA MUNICIPAL DE VILLETA,Cundinamarca,Villeta,Selección Abreviada de Menor Cuantía,Obra,Seleccionado,100000000.0,95518677.0,9,60,día(s),2022-04-06,-4481323.0,-0.04481323,0,60.0
CO1.BDOS.2869015,SAMC-004-2022 (Presentación de oferta),ALCALDÍA MUNICIPAL DE MADRID CUNDINAMARCA,Cundinamarca,Madrid,Seleccion Abreviada Menor Cuantia Sin Manifestacion Interes,Obra,Seleccionado,4405066983.0,4404922142.0,1,8,Mes(es),2022-04-04,-144841.0,-3.288054428206637e-05,0,240.0
CO1.BDOS.2870405,SAMC-003-2022 (Manifestación de interés (Menor Cuantía)) (Presentación de oferta),ALCALDIA MUNICIPAL DE GIRARDOT,Cundinamarca,Girardot,Selección Abreviada de Menor Cuantía,Obra,Seleccionado,135000000.0,134998814.0,2,4,Mes(es),2022-04-01,-1186.0,-8.785185185185184e-06,0,120.0
CO1.BDOS.2865737,SA 2022-0498 (Manifestación de interés (Menor Cuantía)) (Presentación de oferta),ALCALDIA MUNICIPAL FUSAGASUGA,Cundinamarca,Fusagasugá,Selección Abreviada de Menor Cuantía,Obra,Seleccionado,262048437.0,262048437.0,1,3,Mes(es),2022-03-31,0.0,0.0,0,90.0
CO1.BDOS.2821035,LP 002-2022 (Fase de Selección (Presentación de ofertas)),ALCALDIA MUNICIPIO DE RICAURTE,Cundinamarca,Ricaurte,Licitación pública Obra Publica,Obra,Seleccionado,464294040.0,446419020.0,35,4,Mes(es),2022-03-30,-17875020.0,-0.0384993526946846,0,120.0
CO1.BDOS.2846651,LP-003-2022 (Fase de Selección (Presentación de ofertas)),MUNICIPIO DE UBATE,Cundinamarca,Villa De San Diego De Ubate,Licitación pública Obra Publica,Obra,Seleccionado,820321646.0,820135167.0,2,6,Mes(es),2022-03-30,-186479.0,-0.00022732424642126292,0,180.0
CO1.BDOS.2875115,MC-015-2022,ALCALDIA MUNICIPAL DE CHIA,Cundinamarca,Chía,Mínima cuantía,Obra,Seleccionado,45000000.0,44979419.0,5,1,Mes(es),2022-03-23,-20581.0,-0.00045735555555555555,0,30.0
CO1.BDOS.2854148,SA-MC-007-2022 (Manifestación de interés (Menor Cuantía)) (Presentación de oferta),ALCALDIA MUNICIPIO DE ZIPAQUIRA,Cundinamarca,Zipaquirá,Selección Abreviada de Menor Cuantía,Obra,Seleccionado,239997176.0,239767592.0,2,60,día(s),2022-03-23,-229584.0,-0.0009566112561257804,0,60.0
CO1.BDOS.2859523,SAMC-003-2022 (Presentación de oferta),ALCALDÍA MUNICIPAL DE MADRID CUNDINAMARCA,Cundinamarca,Madrid,Seleccion Abreviada Menor Cuantia Sin Manifestacion Interes,Obra,Seleccionado,1138686130.0,1135526403.0,3,4,Mes(es),2022-03-23,-3159727.0,-0.002774888458507877,0,120.0
CO1.BDOS.2873452,IMC-08-SP-2022,ALCALDIA MUNICIPIO DE ANOLAIMA,Cundinamarca,Anolaima,Mínima cuantía,Obra,Seleccionado,11175070.0,9421030.0,6,30,día(s),2022-03-22,-1754040.0,-0.15696009063030478,0,30.0
CO1.BDOS.2840732,SIOP-LPO-0001 (Fase de Selección (Presentación de ofertas)),ALCALDÍA MUNICIPAL COTA,Cundinamarca,Cota,Licitación pública Obra Publica,Obra,Seleccionado,27037084166.0,27029500000.0,1,0,día(s),2022-03-18,-7584166.0,-0.0002805097603512043,0,0.0
CO1.BDOS.2847163,SA-MC-006-2022 (Manifestación de interés (Menor Cuantía)) (Presentación de oferta),ALCALDIA MUNICIPIO DE ZIPAQUIRA,Cundinamarca,Zipaquirá,Selección Abreviada de Menor Cuantía,Obra,Seleccionado,100000000.0,96179638.0,5,3,Mes(es),2022-03-18,-3820362.0,-0.03820362,0,90.0
CO1.BDOS.2848396,LP-005-2022 (Fase de Selección (Presentación de ofertas)),MUNICIPIO DE UBATE,Cundinamarca,Villa De San Diego De Ubate,Licitación pública Obra Publica,Obra,Seleccionado,6934581975.0,6929060346.0,1,6,Mes(es),2022-03-18,-5521629.0,-0.000796245400213904,0,180.0
CO1.BDOS.2845119,LIC 003 MT 2022 (Fase de Selección (Presentación de ofertas)),MUNICIPIO DE TOCANCIPA,Cundinamarca,Tocancipá,Licitación pública Obra Publica,Obra,Seleccionado,16457550577.0,16376116616.0,1,18,Mes(es),2022-03-16,-81433961.0,-0.0049481215700352636,0,540.0
CO1.BDOS.2846638,SA-MC-005-2022 (Manifestación de interés (Menor Cuantía)) (Presentación de oferta),ALCALDIA MUNICIPIO DE ZIPAQUIRA,Cundinamarca,Zipaquirá,Selección Abreviada de Menor Cuantía,Obra,Seleccionado,150000000.0,144085569.0,7,3,Mes(es),2022-03-16,-5914431.0,-0.03942954,0,90.0
CO1.BDOS.2846216,SA-MC-004-2022 (Manifestación de interés (Menor Cuantía)) (Presentación de oferta),ALCALDIA MUNICIPIO DE ZIPAQUIRA,Cundinamarca,Zipaquirá,Selección Abreviada de Menor Cuantía,Obra,Seleccionado,100000000.0,96051843.0,8,3,Mes(es),2022-03-16,-3948157.0,-0.03948157,0,90.0
CO1.BDOS.2866302,MC-002-2022,CONCEJO MUNICIPAL CHIA,Cundinamarca,Chía,Mínima cuantía,Obra,Seleccionado,20000000.0,13200000.0,10,30,día(s),2022-03-15,-6800000.0,-0.34,0,30.0
CO1.BDOS.2473902,FACATATIVA-SA-034-21 (Manifestación de interés (Menor Cuantía)) (Presentación de oferta),ALCALDIA MUNICIPAL DE FACATATIVA,Cundinamarca,Facatativá,Selección Abreviada de Menor Cuantía,Obra,Seleccionado,158000000.0,146922582.0,1,3,Mes(es),2022-03-08,-11077418.0,-0.07011024050632911,0,90.0
CO1.BDOS.2828167,SA-MC-003-2022 (Manifestación de interés (Menor Cuantía)) (Presentación de oferta),ALCALDIA MUNICIPIO DE ZIPAQUIRA,Cundinamarca,Zipaquirá,Selección Abreviada de Menor Cuantía,Obra,Seleccionado,100000000.0,96101003.0,4,3,Mes(es),2022-03-08,-3898997.0,-0.03898997,0,90.0
CO1.BDOS.2815001,LP 2022-0490 (Fase de Selección (Presentación de ofertas)),ALCALDIA MUNICIPAL FUSAGASUGA,Cundinamarca,Fusagasugá,Licitación pública Obra Publica,Obra,Seleccionado,539438539.0,533343275.0,4,4,Mes(es),2022-03-08,-6095264.0,-0.01129927426264218,0,120.0
CO1.BDOS.2474002,FACATATIVA-SA-036-21 (Manifestación de interés (Menor Cuantía)) (Presentación de oferta),ALCALDIA MUNICIPAL DE FACATATIVA,Cundinamarca,Facatativá,Selección Abreviada de Menor Cuantía,Obra,Seleccionado,262700000.0,243571457.0,1,3,Mes(es),2022-03-08,-19128543.0,-0.07281516178149981,0,90.0
CO1.BDOS.2473903,FACATATIVA-SA-035-21 (Manifestación de interés (Menor Cuantía)) (Presentación de oferta),ALCALDIA MUNICIPAL DE FACATATIVA,Cundinamarca,Facatativá,Selección Abreviada de Menor Cuantía,Obra,Seleccionado,306400000.0,283965743.0,1,3,Mes(es),2022-03-08,-22434257.0,-0.0732188544386423,0,90.0
CO1.BDOS.2473719,FACATATIVA-SA-032-21 (Manifestación de interés (Menor Cuantía)) (Presentación de oferta),ALCALDIA MUNICIPAL DE FACATATIVA,Cundinamarca,Facatativá,Selección Abreviada de Menor Cuantía,Obra,Seleccionado,142500000.0,132531438.0,1,3,Mes(es),2022-03-07,-9968562.0,-0.06995482105263158,0,90.0
CO1.BDOS.2473373,FACATATIVA-SA-031-21 (Manifestación de interés (Menor Cuantía)) (Presentación de oferta),ALCALDIA MUNICIPAL DE FACATATIVA,Cundinamarca,Facatativá,Selección Abreviada de Menor Cuantía,Obra,Seleccionado,137500000.0,127597302.0,1,3,Mes(es),2022-03-07,-9902698.0,-0.07201962181818182,0,90.0
CO1.BDOS.2473566,FACATATIVA-SA-033-21 (Manifestación de interés (Menor Cuantía)) (Presentación de oferta),ALCALDIA MUNICIPAL DE FACATATIVA,Cundinamarca,Facatativá,Selección Abreviada de Menor Cuantía,Obra,Seleccionado,146600000.0,136342198.0,1,3,Mes(es),2022-03-07,-10257802.0,-0.06997136425648022,0,90.0
CO1.BDOS.2392169,SAMC-038-2021 (Manifestación de interés (Menor Cuantía)) (Presentación de oferta),ALCALDIA MUNICIPIO DE ZIPAQUIRA,Cundinamarca,Zipaquirá,Selección Abreviada de Menor Cuantía,Obra,Seleccionado,198581616.0,198580248.0,3,20,día(s),2022-03-04,-1368.0,-6.888855210041196e-06,0,20.0
CO1.BDOS.2472955,LPO-13-2021 (Fase de Selección (Presentación de ofertas)),ALCALDÍA MUNICIPAL COTA,Cundinamarca,Cota,Licitación pública Obra Publica,Obra,Seleccionado,1333033690.0,1271205500.0,2,4,Mes(es),2022-03-03,-61828190.0,-0.04638156594526879,0,120.0
CO1.BDOS.2817701,LIC 001 MT 2022 (Fase de Selección (Presentación de ofertas)),MUNICIPIO DE TOCANCIPA,Cundinamarca,Tocancipá,Licitación pública Obra Publica,Obra,Seleccionado,605000000.0,557212089.0,63,4,Mes(es),2022-03-01,-47787911.0,-0.0789882826446281,0,120.0
CO1.BDOS.2471122,licitación 008 de 2021 (Fase de Selección (Presentación de ofertas)),ALCALDIA MUNICIPIO DE CAJICA,Cundinamarca,Cajicá,Licitación pública Obra Publica,Obra,Seleccionado,587962262.0,587708029.0,2,7,Mes(es),2022-03-01,-254233.0,-0.0004323967989632641,0,210.0
CO1.BDOS.2846017,SMC 2022 - 069,IDERF,Cundinamarca,Fusagasugá,Mínima cuantía,Obra,Seleccionado,27997583.0,23545860.0,2,1,Mes(es),2022-02-28,-4451723.0,-0.15900383258083386,0,30.0
CO1.BDOS.2822306,SA-MC-001-2022 (Manifestación de interés (Menor Cuantía)) (Presentación de oferta),ALCALDIA MUNICIPIO DE ZIPAQUIRA,Cundinamarca,Zipaquirá,Selección Abreviada de Menor Cuantía,Obra,Seleccionado,138000000.0,132895873.0,7,3,Mes(es),2022-02-23,-5104127.0,-0.03698642753623188,0,90.0
CO1.BDOS.2468677,FACATATIVA-SA-029-21 (Manifestación de interés (Menor Cuantía)) (Presentación de oferta),ALCALDIA MUNICIPAL DE FACATATIVA,Cundinamarca,Facatativá,Selección Abreviada de Menor Cuantía,Obra,Seleccionado,160000000.0,154000106.0,3,3,Mes(es),2022-02-22,-5999894.0,-0.0374993375,0,90.0
CO1.BDOS.2826642,SAMC 002-2022 (Presentación de oferta),ALCALDIA MUNICIPIO DE RICAURTE,Cundinamarca,Ricaurte,Seleccion Abreviada Menor Cuantia Sin Manifestacion Interes,Obra,Seleccionado,793798734.0,793727825.0,1,5,Mes(es),2022-02-22,-70909.0,-8.932868870007545e-05,0,150.0
CO1.BDOS.2830414,MC-042 CENAC TOLEMAIDA-2022,CENAC TOLEMAIDA,Cundinamarca,Nilo,Mínima cuantía,Obra,Seleccionado,34494696.0,34494696.0,6,10,Mes(es),2022-02-18,0.0,0.0,0,300.0
CO1.BDOS.2368031,LP-017-2021 (Fase de Selección (Presentación de ofertas)),MUNICIPIO DE UBATE,Cundinamarca,Villa De San Diego De Ubate,Licitación pública Obra Publica,Obra,Seleccionado,474999830.0,450354745.0,33,3,Mes(es),2022-02-17,-24645085.0,-0.05188440804284077,0,90.0
CO1.BDOS.2831612,SOP-MIC-004-2022,MUNICIPIO DE UBATE,Cundinamarca,Villa De San Diego De Ubate,Mínima cuantía,Obra,Seleccionado,12370500.0,12300000.0,3,10,Mes(es),2022-02-17,-70500.0,-0.00569904207590639,0,300.0
CO1.BDOS.2473132,SAMC 029 - 2021 (Manifestación de interés (Menor Cuantía)) (Presentación de oferta),ALCALDIA MUNICIPIO DE CAJICA,Cundinamarca,Cajicá,Selección Abreviada de Menor Cuantía,Obra,Seleccionado,116687497.0,112307025.0,7,30,día(s),2022-02-11,-4380472.0,-0.03754020021528099,0,30.0
CO1.BDOS.2348718,LIC 011 MT 2021 (Fase de Selección (Presentación de ofertas)),MUNICIPIO DE TOCANCIPA,Cundinamarca,Tocancipá,Licitación pública Obra Publica,Obra,Seleccionado,14930618509.0,14930608712.0,1,18,Mes(es),2022-02-10,-9797.0,-6.561683961112853e-07,0,540.0
CO1.BDOS.2561094,LP-001-2022 (Fase de Selección (Presentación de ofertas)),CUNDINAMARCA-ALCALDIA MUNICIPIO MOSQUERA,Cundinamarca,Mosquera,Licitación pública Obra Publica,Obra,Seleccionado,68340789147.0,68329645268.0,1,350,día(s),2022-02-03,-11143879.0,-0.00016306336434057975,0,350.0
CO1.BDOS.2439652,FACATATIVA-LP-007-21 (Fase de Selección (Presentación de ofertas)),ALCALDIA MUNICIPAL DE FACATATIVA,Cundinamarca,Facatativá,Licitación pública Obra Publica,Obra,Seleccionado,2070000000.0,2021462363.0,3,7,Mes(es),2022-02-02,-48537637.0,-0.02344813381642512,0,210.0
CO1.BDOS.2435720,LP-021-2021 (Fase de Selección (Presentación de ofertas)),ALCALDÍA MUNICIPAL DE MADRID CUNDINAMARCA,Cundinamarca,Madrid,Licitación pública Obra Publica,Obra,Seleccionado,2070000000.0,2069902788.0,1,7,Mes(es),2022-01-19,-97212.0,-4.6962318840579713e-05,0,210.0
CO1.BDOS.2474250,SAMC-007-2021 (Presentación de oferta),MUNICIPIO DE LA CALERA CUNDINAMARCA,Cundinamarca,La Calera,Seleccion Abreviada Menor Cuantia Sin Manifestacion Interes,Obra,Seleccionado,381247213.0,380327029.0,1,0,día(s),2021-12-31,-920184.0,-0.0024136150209706584,0,0.0
CO1.BDOS.2427316,LP-OBRA 007-2021 (Fase de Selección (Presentación de ofertas)),MUNICIPIO DE LA CALERA CUNDINAMARCA,Cundinamarca,La Calera,Licitación pública Obra Publica,Obra,Seleccionado,1125000000.0,1091480196.0,1,6,Mes(es),2021-12-30,-33519804.0,-0.029795381333333332,0,180.0
CO1.BDOS.2423511,LP-019-2021 (Fase de Selección (Presentación de ofertas)),ALCALDIA MUNICIPIO DE ZIPAQUIRA,Cundinamarca,Zipaquirá,Licitación pública Obra Publica,Obra,Seleccionado,3511282702.0,3371434797.0,62,6,Mes(es),2021-12-30,-139847905.0,-0.039828153090704914,0,180.0
CO1.BDOS.2472306,MC-072-2021,ALCALDÍA MUNICIPAL COTA,Cundinamarca,Cota,Mínima cuantía,Obra,Seleccionado,40793877.0,36955490.0,3,3,Mes(es),2021-12-30,-3838387.0,-0.09409223349866942,0,90.0
CO1.BDOS.2326444,LIC 008 MT 2021 (Fase de Selección (Presentación de ofertas)),MUNICIPIO DE TOCANCIPA,Cundinamarca,Tocancipá,Licitación pública Obra Publica,Obra,Seleccionado,484713094.0,484449894.0,1,0,día(s),2021-12-29,-263200.0,-0.0005430016297434705,0,0.0
CO1.BDOS.2438266,LP-030-2021 (Fase de Selección (Presentación de ofertas)),MUNICIPIO DE FUNZA - ALCALDÍA DE FUNZA,Cundinamarca,Funza,Licitación pública Obra Publica,Obra,Seleccionado,4716694257.0,4712602855.0,1,10,Mes(es),2021-12-27,-4091402.0,-0.0008674299789366228,0,300.0
CO1.BDOS.2463606,SAMC-025-2021 (Presentación de oferta),ALCALDÍA MUNICIPAL COTA,Cundinamarca,Cota,Seleccion Abreviada Menor Cuantia Sin Manifestacion Interes,Obra,Seleccionado,420000000.0,419670364.0,1,0,día(s),2021-12-24,-329636.0,-0.000784847619047619,0,0.0
CO1.BDOS.2426966,SA 2021-0915 (Manifestación de interés (Menor Cuantía)) (Presentación de oferta),ALCALDIA MUNICIPAL FUSAGASUGA,Cundinamarca,Fusagasugá,Selección Abreviada de Menor Cuantía,Obra,Seleccionado,158414189.0,154149191.0,1,1,Mes(es),2021-12-20,-4264998.0,-0.026923080734895535,0,30.0
CO1.BDOS.2451283,IMC-0061-2021,ALCALDIA MUNICIPIO DE ANOLAIMA,Cundinamarca,Anolaima,Mínima cuantía,Obra,Seleccionado,24572221.0,19909818.0,3,60,día(s),2021-12-17,-4662403.0,-0.1897428400957325,0,60.0
CO1.BDOS.2334680,SAMC-013-2021 (Manifestación de interés (Menor Cuantía)) (Presentación de oferta),ALCALDÍA MUNICIPAL COTA,Cundinamarca,Cota,Selección Abreviada de Menor Cuantía,Obra,Seleccionado,322913623.0,313554195.0,1,0,día(s),2021-12-16,-9359428.0,-0.028984308289774444,0,0.0
CO1.BDOS.2420457,SA-AMS-2021-0021 (Manifestación de interés (Menor Cuantía)) (Presentación de oferta),ALCALDÍA MUNICIPAL DE SOPO,Cundinamarca,Sopó,Selección Abreviada de Menor Cuantía,Obra,Seleccionado,237973472.0,235760322.0,1,4,Mes(es),2021-12-15,-2213150.0,-0.009299986176610476,0,120.0
CO1.BDOS.2408590,SAMC-041-2021 (Manifestación de interés (Menor Cuantía)) (Presentación de oferta),ALCALDIA MUNICIPIO DE ZIPAQUIRA,Cundinamarca,Zipaquirá,Selección Abreviada de Menor Cuantía,Obra,Seleccionado,286587080.0,286534873.0,1,3,Mes(es),2021-12-10,-52207.0,-0.00018216801678568343,0,90.0
CO1.BDOS.2403647,LP-016-2021 (Fase de Selección (Presentación de ofertas)),ALCALDIA MUNICIPIO DE ZIPAQUIRA,Cundinamarca,Zipaquirá,Licitación pública Obra Publica,Obra,Seleccionado,806256106.0,806113000.0,3,6,Mes(es),2021-12-10,-143106.0,-0.0001774944697287043,0,180.0
CO1.BDOS.2406589,SAMC-FPS-004-2021 (Manifestación de interés (Menor Cuantía)) (Presentación de oferta),FONDO DE PASIVO SOCIAL DE FERROCARRILES NACIONALES DE COLOMBIA ENTIDAD,Cundinamarca,No Definido,Selección Abreviada de Menor Cuantía,Obra,Seleccionado,107373264.0,105078261.0,7,6,día(s),2021-12-10,-2295003.0,-0.021374063845167265,0,6.0
CO1.BDOS.2403841,LP-029-2021 (Fase de Selección (Presentación de ofertas)),MUNICIPIO DE FUNZA - ALCALDÍA DE FUNZA,Cundinamarca,Funza,Licitación pública Obra Publica,Obra,Seleccionado,994429610.0,994426691.0,1,10,Mes(es),2021-12-09,-2919.0,-2.935351050136168e-06,0,300.0
CO1.BDOS.2400787,SA 2021-0877 (Manifestación de interés (Menor Cuantía)) (Presentación de oferta),ALCALDIA MUNICIPAL FUSAGASUGA,Cundinamarca,Fusagasugá,Selección Abreviada de Menor Cuantía,Obra,Seleccionado,211836505.0,206296165.0,2,40,día(s),2021-12-06,-5540340.0,-0.02615384916778154,0,40.0
CO1.BDOS.2393859,LPO-010-2021 (Fase de Selección (Presentación de ofertas)),ALCALDÍA MUNICIPAL COTA,Cundinamarca,Cota,Licitación pública Obra Publica,Obra,Seleccionado,5417678926.0,5146794187.0,44,0,día(s),2021-12-05,-270884739.0,-0.05000014631727181,0,0.0
CO1.BDOS.2429703,MC-57-2021,ALCALDIA MUNICIPAL DE VILLETA,Cundinamarca,Villeta,Mínima cuantía,Obra,Seleccionado,25430065.0,20541597.0,2,15,día(s),2021-12-05,-4888468.0,-0.19223183267522123,0,15.0
CO1.BDOS.2424804,IA 001-2021,EPUXUA E.I.C.E.,Cundinamarca,Soacha,Contratación régimen especial (con ofertas),Obra,Seleccionado,21396602878.0,21289991965.0,1,12,Mes(es),2021-12-02,-106610913.0,-0.004982609323913629,0,360.0
CO1.BDOS.2391118,SA-MC-014-2021 (Manifestación de interés (Menor Cuantía)) (Presentación de oferta),MUNICIPIO DE UBATE,Cundinamarca,Villa De San Diego De Ubate,Selección Abreviada de Menor Cuantía,Obra,Seleccionado,39999981.0,39999980.0,1,25,día(s),2021-12-02,-1.0,-2.500001187500564e-08,0,25.0
CO1.BDOS.2401516,SAMC 06 - 2021 (Manifestación de interés (Menor Cuantía)) (Presentación de oferta),INSTITUTO MUNICIPAL DE CULTURA Y TURISMO DE CAJICA,Cundinamarca,Cajicá,Selección Abreviada de Menor Cuantía,Obra,Seleccionado,84800470.0,77061780.0,2,15,día(s),2021-12-02,-7738690.0,-0.09125763100133762,0,15.0
CO1.BDOS.2375981,LPO-009-2021 (Fase de Selección (Presentación de ofertas)),ALCALDÍA MUNICIPAL COTA,Cundinamarca,Cota,Licitación pública Obra Publica,Obra,Seleccionado,2106136601.0,2104060774.0,1,0,día(s),2021-12-02,-2075827.0,-0.000985608910179136,0,0.0
CO1.BDOS.2421431,SOP-MIC-045-2021,MUNICIPIO DE UBATE,Cundinamarca,Villa De San Diego De Ubate,Mínima cuantía,Obra,Seleccionado,20000000.0,19999999.0,2,15,día(s),2021-12-01,-1.0,-5e-08,0,15.0
CO1.BDOS.2421719,SOP-MIC-046-2021,MUNICIPIO DE UBATE,Cundinamarca,Villa De San Diego De Ubate,Mínima cuantía,Obra,Seleccionado,13948489.0,13948488.0,2,15,día(s),2021-12-01,-1.0,-7.169235320040759e-08,0,15.0
CO1.BDOS.2345799,LP-014-2021 (Fase de Selección (Presentación de ofertas)),MUNICIPIO DE UBATE,Cundinamarca,Villa De San Diego De Ubate,Licitación pública Obra Publica,Obra,Seleccionado,930069930.0,930048979.0,1,7,Mes(es),2021-11-30,-20951.0,-2.252626315958844e-05,0,210.0
CO1.BDOS.2203198,LP-004-2021 (Fase de Selección (Presentación de ofertas)),ALCALDÍA MUNICIPAL COTA,Cundinamarca,Cota,Licitación pública Obra Publica,Obra,Seleccionado,2070000000.0,2040903440.0,1,5,Mes(es),2021-11-30,-29096560.0,-0.014056309178743962,0,150.0
CO1.BDOS.2418788,MC-058-2021,ALCALDÍA MUNICIPAL COTA,Cundinamarca,Cota,Mínima cuantía,Obra,Seleccionado,40831711.0,39810918.0,1,0,día(s),2021-11-30,-1020793.0,-0.025000005510423015,0,0.0
CO1.BDOS.2367770,LP-024-2021 (Fase de Selección (Presentación de ofertas)),MUNICIPIO DE SOACHA..,Cundinamarca,Soacha,Licitación pública Obra Publica,Obra,Seleccionado,122433862460.0,119314324301.0,3,20,Mes(es),2021-11-29,-3119538159.0,-0.02547937389477666,0,600.0
CO1.BDOS.2315566,LPO-006-2021 (Fase de Selección (Presentación de ofertas)),ALCALDÍA MUNICIPAL COTA,Cundinamarca,Cota,Licitación pública Obra Publica,Obra,Seleccionado,564094894.0,550038792.0,3,0,día(s),2021-11-29,-14056102.0,-0.0249179741733312,0,0.0
CO1.BDOS.2348601,LP-AMS-2021-0013 (Fase de Selección (Presentación de ofertas)),ALCALDÍA MUNICIPAL DE SOPO,Cundinamarca,Sopó,Licitación pública Obra Publica,Obra,Seleccionado,1503615101.0,1499146984.0,1,10,Mes(es),2021-11-29,-4468117.0,-0.002971582951666565,0,300.0
CO1.BDOS.2346994,LP-018-2021 (Fase de Selección (Presentación de ofertas)),CUNDINAMARCA-ALCALDIA MUNICIPIO MOSQUERA,Cundinamarca,Mosquera,Licitación pública Obra Publica,Obra,Seleccionado,2573811324.0,2562234784.0,1,6,Mes(es),2021-11-25,-11576540.0,-0.004497819980840212,0,180.0
CO1.BDOS.2347922,LP-020-2021 (Fase de Selección (Presentación de ofertas)),CUNDINAMARCA-ALCALDIA MUNICIPIO MOSQUERA,Cundinamarca,Mosquera,Licitación pública Obra Publica,Obra,Seleccionado,12649803827.0,12595240778.0,2,14,Mes(es),2021-11-25,-54563049.0,-0.004313351396291183,0,420.0
CO1.BDOS.2366566,SAMC 026-2021 (Manifestación de interés (Menor Cuantía)) (Presentación de oferta),ALCALDIA MUNICIPAL DE CHIA,Cundinamarca,Chía,Selección Abreviada de Menor Cuantía,Obra,Seleccionado,105600000.0,101734654.0,1,25,día(s),2021-11-25,-3865346.0,-0.0366036553030303,0,25.0
CO1.BDOS.2346499,LP-019-2021 (Fase de Selección (Presentación de ofertas)),CUNDINAMARCA-ALCALDIA MUNICIPIO MOSQUERA,Cundinamarca,Mosquera,Licitación pública Obra Publica,Obra,Seleccionado,27286693334.0,27252795610.0,1,14,Mes(es),2021-11-24,-33897724.0,-0.0012422803886523864,0,420.0
CO1.BDOS.2333115,LP-027-2021 (Fase de Selección (Presentación de ofertas)),MUNICIPIO DE FUNZA - ALCALDÍA DE FUNZA,Cundinamarca,Funza,Licitación pública Obra Publica,Obra,Seleccionado,15773798028.0,15600250792.0,1,15,Mes(es),2021-11-23,-173547236.0,-0.011002247885508427,0,450.0
CO1.BDOS.2368876,LP-004-2021 (Fase de Selección (Presentación de ofertas)),INSTITUTO MUNICIPAL DE RECREACION Y DEPORTE DE COTA CUNDINAMARCA,Cundinamarca,Cota,Licitación pública Obra Publica,Obra,Seleccionado,1600791815.0,1599125967.0,1,6,Mes(es),2021-11-23,-1665848.0,-0.001040640003522257,0,180.0
CO1.BDOS.2368225,SAMC-036-2021 (Manifestación de interés (Menor Cuantía)) (Presentación de oferta),ALCALDIA MUNICIPIO DE ZIPAQUIRA,Cundinamarca,Zipaquirá,Selección Abreviada de Menor Cuantía,Obra,Seleccionado,53921751.0,53921751.0,1,1,Mes(es),2021-11-23,0.0,0.0,0,30.0
CO1.BDOS.2330158,LP-017-2021 (Fase de Selección (Presentación de ofertas)),CUNDINAMARCA-ALCALDIA MUNICIPIO MOSQUERA,Cundinamarca,Mosquera,Licitación pública Obra Publica,Obra,Seleccionado,999993440.0,999421973.0,1,4,Mes(es),2021-11-22,-571467.0,-0.0005714707488481125,0,120.0
CO1.BDOS.2392035,IMC-0047-2021,ALCALDIA MUNICIPIO DE ANOLAIMA,Cundinamarca,Anolaima,Mínima cuantía,Obra,Seleccionado,17000000.0,13435884.0,4,20,día(s),2021-11-18,-3564116.0,-0.2096538823529412,0,20.0
CO1.BDOS.2348237,LP 010-2021 (Fase de Selección (Presentación de ofertas)),ALCALDIA MUNICIPIO DE RICAURTE,Cundinamarca,Ricaurte,Licitación pública Obra Publica,Obra,Seleccionado,2260756966.0,2255985866.0,1,5,Mes(es),2021-11-17,-4771100.0,-0.0021103993360425633,0,150.0
CO1.BDOS.2389651,157-CENACINTELIGENCIA-2021,CENTRAL ADMINISTRATIVA Y CONTABLE ESPECIALIZADA INTELIGENCIA,Cundinamarca,No Definido,Mínima cuantía,Obra,Seleccionado,15000000.0,12804750.0,3,15,día(s),2021-11-17,-2195250.0,-0.14635,0,15.0
CO1.BDOS.2388435,MC 072-2021,ALCALDIA MUNICIPAL DE CHIA,Cundinamarca,Chía,Mínima cuantía,Obra,Seleccionado,40000000.0,39949931.0,4,30,día(s),2021-11-17,-50069.0,-0.001251725,0,30.0
CO1.BDOS.2341532,LP 09 DE 2021 (Fase de Selección (Presentación de ofertas)),ALCALDIA MUNICIPAL DE VILLETA,Cundinamarca,Villeta,Licitación pública Obra Publica,Obra,Seleccionado,2561700178.0,2433605849.0,70,180,día(s),2021-11-16,-128094329.0,-0.05000363824778561,0,180.0
CO1.BDOS.2387458,SOP - MIC- 035  2021,MUNICIPIO DE UBATE,Cundinamarca,Villa De San Diego De Ubate,Mínima cuantía,Obra,Seleccionado,19999799.0,19999799.0,1,1,Mes(es),2021-11-16,0.0,0.0,0,30.0
CO1.BDOS.2387769,SOP-MIC-034-2021,MUNICIPIO DE UBATE,Cundinamarca,Villa De San Diego De Ubate,Mínima cuantía,Obra,Seleccionado,23075617.0,23075593.0,1,30,día(s),2021-11-16,-24.0,-1.0400588638648318e-06,0,30.0
CO1.BDOS.2347879,SAMC 11 DE 2021 (Manifestación de interés (Menor Cuantía)) (Presentación de oferta),ALCALDIA MUNICIPAL DE VILLETA,Cundinamarca,Villeta,Selección Abreviada de Menor Cuantía,Obra,Seleccionado,100000000.0,96281392.0,7,30,día(s),2021-11-11,-3718608.0,-0.03718608,0,30.0
CO1.BDOS.2305954,LP-025-2021 (Fase de Selección (Presentación de ofertas)),MUNICIPIO DE FUNZA - ALCALDÍA DE FUNZA,Cundinamarca,Funza,Licitación pública Obra Publica,Obra,Seleccionado,5409518103.0,5400185465.0,1,12,Mes(es),2021-11-10,-9332638.0,-0.0017252253938893972,0,360.0
CO1.BDOS.2372337,CD-043-2021,MUNICIPIO DE FUNZA - ALCALDÍA DE FUNZA,Cundinamarca,Funza,Contratación Directa (con ofertas),Obra,Seleccionado,68492000.0,68492000.0,1,2,Mes(es),2021-11-10,0.0,0.0,0,60.0
CO1.BDOS.2324519,FACATATIVA-LP-006-21 (Fase de Selección (Presentación de ofertas)),ALCALDIA MUNICIPAL DE FACATATIVA,Cundinamarca,Facatativá,Licitación pública Obra Publica,Obra,Seleccionado,437998890.0,419225899.0,41,1,Mes(es),2021-11-09,-18772991.0,-0.04286081866554502,0,30.0
CO1.BDOS.2204611,LP-016-2021 (Fase de Selección (Presentación de ofertas)),ALCALDÍA MUNICIPAL DE MADRID CUNDINAMARCA,Cundinamarca,Madrid,Licitación pública Obra Publica,Obra,Seleccionado,2159471142.0,2148112532.0,1,6,Mes(es),2021-11-08,-11358610.0,-0.005259903584300827,0,180.0
CO1.BDOS.2360493,MC 062-2021,ALCALDIA MUNICIPAL DE CHIA,Cundinamarca,Chía,Mínima cuantía,Obra,Seleccionado,39999616.0,39867459.0,5,0,día(s),2021-11-05,-132157.0,-0.003303956717984493,0,0.0
CO1.BDOS.2295544,LP-016-2021 (Fase de Selección (Presentación de ofertas)),CUNDINAMARCA-ALCALDIA MUNICIPIO MOSQUERA,Cundinamarca,Mosquera,Licitación pública Obra Publica,Obra,Seleccionado,4000000000.0,3993861922.0,1,6,Mes(es),2021-11-03,-6138078.0,-0.0015345195,0,180.0
CO1.BDOS.2324477,SAMC 013-2021 (Manifestación de interés (Menor Cuantía)) (Presentación de oferta),ALCALDIA MUNICIPIO DE RICAURTE,Cundinamarca,Ricaurte,Selección Abreviada de Menor Cuantía,Obra,Seleccionado,92901002.0,92819812.0,1,2,Mes(es),2021-11-03,-81190.0,-0.0008739410582460672,0,60.0
CO1.BDOS.2352403,MC-058-2021,ALCALDIA MUNICIPAL DE GIRARDOT,Cundinamarca,Girardot,Mínima cuantía,Obra,Seleccionado,17999131.0,14320656.0,3,53,día(s),2021-11-02,-3678475.0,-0.20436958873181155,0,53.0
CO1.BDOS.2322508,SAMC-024-2021 (Manifestación de interés (Menor Cuantía)) (Presentación de oferta),ALCALDIA MUNICIPAL DE GIRARDOT,Cundinamarca,Girardot,Selección Abreviada de Menor Cuantía,Obra,Seleccionado,94146329.0,94146329.0,2,1,Mes(es),2021-11-02,0.0,0.0,0,30.0
CO1.BDOS.2352205,MC-057-2021,ALCALDIA MUNICIPAL DE GIRARDOT,Cundinamarca,Girardot,Mínima cuantía,Obra,Seleccionado,39293796.0,24220027.0,2,53,día(s),2021-11-02,-15073769.0,-0.3836170218830474,0,53.0
CO1.BDOS.2337563,MC-037-2021,ALCALDÍA MUNICIPAL COTA,Cundinamarca,Cota,Mínima cuantía,Obra,Seleccionado,40793877.0,37144059.0,2,0,día(s),2021-10-26,-3649818.0,-0.0894697505706555,0,0.0
CO1.BDOS.2334785,MC 2021 - 0787,ALCALDIA MUNICIPAL FUSAGASUGA,Cundinamarca,Fusagasugá,Mínima cuantía,Obra,Seleccionado,18271221.0,14979314.0,6,2,Mes(es),2021-10-25,-3291907.0,-0.18016896626667697,0,60.0
CO1.BDOS.2246260,SAMC-004-2021 (Manifestación de interés (Menor Cuantía)) (Presentación de oferta),MUNICIPIO DE LA CALERA CUNDINAMARCA,Cundinamarca,La Calera,Selección Abreviada de Menor Cuantía,Obra,Seleccionado,38776335.0,37907799.0,3,0,día(s),2021-10-25,-868536.0,-0.022398609873779975,0,0.0
CO1.BDOS.2323212,MC-026-2021,"INSTITUTO MUNICIPAL DE CULTURA, RECREACION Y DEPORTE DE ZIPAQUIRA",Cundinamarca,Zipaquirá,Mínima cuantía,Obra,Seleccionado,25000000.0,19442643.0,10,1,Mes(es),2021-10-20,-5557357.0,-0.22229428,0,30.0
CO1.BDOS.2235447,LP-021-2021 (Fase de Selección (Presentación de ofertas)),MUNICIPIO DE FUNZA - ALCALDÍA DE FUNZA,Cundinamarca,Funza,Licitación pública Obra Publica,Obra,Seleccionado,8797580273.0,8762412173.0,1,11,Mes(es),2021-10-15,-35168100.0,-0.0039974741813873305,0,330.0
CO1.BDOS.2204512,LP-014-2021 (Fase de Selección (Presentación de ofertas)),ALCALDÍA MUNICIPAL DE MADRID CUNDINAMARCA,Cundinamarca,Madrid,Licitación pública Obra Publica,Obra,Seleccionado,5693429295.0,5677927035.0,1,10,Mes(es),2021-10-15,-15502260.0,-0.002722833497487036,0,300.0
CO1.BDOS.2275292,SA-034-2021 (Manifestación de interés (Menor Cuantía)) (Presentación de oferta),CUNDINAMARCA-ALCALDIA MUNICIPIO MOSQUERA,Cundinamarca,Mosquera,Selección Abreviada de Menor Cuantía,Obra,Seleccionado,406278635.0,404804745.0,3,45,día(s),2021-10-14,-1473890.0,-0.003627781214732101,0,45.0
CO1.BDOS.2205234,LC 007-2021 (Fase de Selección (Presentación de ofertas)),ALCALDIA MUNICIPIO DE RICAURTE,Cundinamarca,Ricaurte,Licitación pública Obra Publica,Obra,Seleccionado,473815384.0,473784066.0,1,4,Mes(es),2021-10-13,-31318.0,-6.609747394778553e-05,0,120.0
CO1.BDOS.2201305,SAMC-015-2021 (Manifestación de interés (Menor Cuantía)) (Presentación de oferta),ALCALDIA MUNICIPAL DE GIRARDOT,Cundinamarca,Girardot,Selección Abreviada de Menor Cuantía,Obra,Seleccionado,393006277.0,392798250.0,2,3,Mes(es),2021-10-13,-208027.0,-0.0005293223344623577,0,90.0
CO1.BDOS.2169201,LP-010-2021 (Fase de Selección (Presentación de ofertas)),ALCALDIA MUNICIPIO DE ZIPAQUIRA,Cundinamarca,Zipaquirá,Licitación pública Obra Publica,Obra,Seleccionado,2806949911.0,2798778503.0,1,6,Mes(es),2021-10-12,-8171408.0,-0.0029111342414688355,0,180.0
CO1.BDOS.2197499,LP-AMS-2021-0010 (Fase de Selección (Presentación de ofertas)),ALCALDÍA MUNICIPAL DE SOPO,Cundinamarca,Sopó,Licitación pública Obra Publica,Obra,Seleccionado,7032076884.0,6977915705.0,1,10,Mes(es),2021-10-12,-54161179.0,-0.007702017468442684,0,300.0
CO1.BDOS.2300010,IMC-0038-2021,ALCALDIA MUNICIPIO DE ANOLAIMA,Cundinamarca,Anolaima,Mínima cuantía,Obra,Seleccionado,24578000.0,16958819.0,15,15,día(s),2021-10-08,-7619181.0,-0.31000004068679304,0,15.0
CO1.BDOS.2264440,LP-012-2021 (Fase de Selección (Presentación de ofertas)),ALCALDIA MUNICIPIO DE ZIPAQUIRA,Cundinamarca,Zipaquirá,Licitación pública Obra Publica,Obra,Seleccionado,648038940.0,602471647.0,32,45,día(s),2021-10-08,-45567293.0,-0.07031567115395874,0,45.0
CO1.BDOS.2227687,LP 2021-0647 (Fase de Selección (Presentación de ofertas)),ALCALDIA MUNICIPAL FUSAGASUGA,Cundinamarca,Fusagasugá,Licitación pública Obra Publica,Obra,Seleccionado,1544053039.0,1441419999.0,68,2,Mes(es),2021-10-08,-102633040.0,-0.06646989281305381,0,60.0
CO1.BDOS.2243854,SAMC-011-2021 (Manifestación de interés (Menor Cuantía)) (Presentación de oferta),MUNICIPIO DE FUNZA - ALCALDÍA DE FUNZA,Cundinamarca,Funza,Selección Abreviada de Menor Cuantía,Obra,Seleccionado,299999028.0,295498397.0,1,3,Mes(es),2021-10-07,-4500631.0,-0.01500215194030562,0,90.0
CO1.BDOS.2247941,SA-MC-028-2021 (Manifestación de interés (Menor Cuantía)) (Presentación de oferta),ALCALDIA MUNICIPIO DE ZIPAQUIRA,Cundinamarca,Zipaquirá,Selección Abreviada de Menor Cuantía,Obra,Seleccionado,100000000.0,96583455.0,4,2,Mes(es),2021-10-05,-3416545.0,-0.03416545,0,60.0
CO1.BDOS.2249180,LP 2021-0665 (Fase de Selección (Presentación de ofertas)),ALCALDIA MUNICIPAL FUSAGASUGA,Cundinamarca,Fusagasugá,Licitación pública Obra Publica,Obra,Seleccionado,1230000000.0,1174705619.0,50,3,Mes(es),2021-10-01,-55294381.0,-0.044954781300813006,0,90.0
CO1.BDOS.2243478,SA 014 MT 2021 (Manifestación de interés (Menor Cuantía)) (Presentación de oferta),MUNICIPIO DE TOCANCIPA,Cundinamarca,Tocancipá,Selección Abreviada de Menor Cuantía,Obra,Seleccionado,400000000.0,383517106.0,2,75,día(s),2021-10-01,-16482894.0,-0.041207235,0,75.0
CO1.BDOS.2244067,SA 017 MT 2021 (Manifestación de interés (Menor Cuantía)) (Presentación de oferta),MUNICIPIO DE TOCANCIPA,Cundinamarca,Tocancipá,Selección Abreviada de Menor Cuantía,Obra,Seleccionado,250000000.0,246988789.0,1,75,día(s),2021-09-29,-3011211.0,-0.012044844,0,75.0
CO1.BDOS.2243626,SA 016 MT 2021 (Manifestación de interés (Menor Cuantía)) (Presentación de oferta),MUNICIPIO DE TOCANCIPA,Cundinamarca,Tocancipá,Selección Abreviada de Menor Cuantía,Obra,Seleccionado,324000000.0,310190168.0,1,75,día(s),2021-09-29,-13809832.0,-0.04262293827160494,0,75.0
CO1.BDOS.2244175,SA 018 MT 2021 (Manifestación de interés (Menor Cuantía)) (Presentación de oferta),MUNICIPIO DE TOCANCIPA,Cundinamarca,Tocancipá,Selección Abreviada de Menor Cuantía,Obra,Seleccionado,269000000.0,268263476.0,1,75,día(s),2021-09-29,-736524.0,-0.002738007434944238,0,75.0
CO1.BDOS.2205806,LP 2021 -0633 (Fase de Selección (Presentación de ofertas)),ALCALDIA MUNICIPAL FUSAGASUGA,Cundinamarca,Fusagasugá,Licitación pública Obra Publica,Obra,Seleccionado,655113034.0,655112979.0,4,90,día(s),2021-09-28,-55.0,-8.395497745508144e-08,0,90.0
CO1.BDOS.2271549,MC-093 CENAC TOLEMAIDA-2021,CENAC TOLEMAIDA,Cundinamarca,Nilo,Mínima cuantía,Obra,Seleccionado,70000000.0,56275212.0,7,60,día(s),2021-09-27,-13724788.0,-0.1960684,0,60.0
CO1.BDOS.2245935,SAMC 015-2021 (Manifestación de interés (Menor Cuantía)) (Presentación de oferta),ALCALDIA MUNICIPAL DE CHIA,Cundinamarca,Chía,Selección Abreviada de Menor Cuantía,Obra,Seleccionado,100988034.0,99366468.0,1,20,día(s),2021-09-24,-1621566.0,-0.016057011269275723,0,20.0
CO1.BDOS.2218613,LP-012-2021 (Fase de Selección (Presentación de ofertas)),CUNDINAMARCA-ALCALDIA MUNICIPIO MOSQUERA,Cundinamarca,Mosquera,Licitación pública Obra Publica,Obra,Seleccionado,14999999391.0,14128489209.0,27,12,Mes(es),2021-09-21,-871510182.0,-0.058100681158887654,0,360.0
CO1.BDOS.2210502,SAMC-037-2021 (Manifestación de interés (Menor Cuantía)) (Presentación de oferta),MUNICIPIO DE SOACHA..,Cundinamarca,Soacha,Selección Abreviada de Menor Cuantía,Obra,Seleccionado,450684860.0,441532349.0,7,3,Mes(es),2021-09-20,-9152511.0,-0.02030800635282046,0,90.0
CO1.BDOS.2207251,SAMC 034-2021 (Manifestación de interés (Menor Cuantía)) (Presentación de oferta),MUNICIPIO DE SOACHA..,Cundinamarca,Soacha,Selección Abreviada de Menor Cuantía,Obra,Seleccionado,79795699.0,79795678.0,1,90,día(s),2021-09-17,-21.0,-2.631720789863624e-07,0,90.0
CO1.BDOS.2204173,SAMC-035-2021 (Presentación de oferta),MUNICIPIO DE SOACHA..,Cundinamarca,Soacha,Seleccion Abreviada Menor Cuantia Sin Manifestacion Interes,Obra,Seleccionado,19599968750.0,19520481484.0,1,18,Mes(es),2021-09-16,-79487266.0,-0.004055479221108452,0,540.0
CO1.BDOS.2179840,SAMC-010-2021 (Manifestación de interés (Menor Cuantía)) (Presentación de oferta),MUNICIPIO DE FUNZA - ALCALDÍA DE FUNZA,Cundinamarca,Funza,Selección Abreviada de Menor Cuantía,Obra,Seleccionado,220000000.0,220000000.0,1,3,Mes(es),2021-09-16,0.0,0.0,0,90.0
CO1.BDOS.2215632,SAMC-040-2021 (Manifestación de interés (Menor Cuantía)) (Presentación de oferta),MUNICIPIO DE SOACHA..,Cundinamarca,Soacha,Selección Abreviada de Menor Cuantía,Obra,Seleccionado,406282564.0,390483732.0,8,2,Mes(es),2021-09-16,-15798832.0,-0.03888631558404756,0,60.0
CO1.BDOS.2217595,SAMC-014-2021 (Manifestación de interés (Menor Cuantía)) (Presentación de oferta),ALCALDIA MUNICIPAL DE CHIA,Cundinamarca,Chía,Selección Abreviada de Menor Cuantía,Obra,Seleccionado,149992299.0,149992299.0,1,3,Mes(es),2021-09-16,0.0,0.0,0,90.0
CO1.BDOS.2214374,SAMC-041-2021 (Manifestación de interés (Menor Cuantía)) (Presentación de oferta),MUNICIPIO DE SOACHA..,Cundinamarca,Soacha,Selección Abreviada de Menor Cuantía,Obra,Seleccionado,282000000.0,282000000.0,2,3,Mes(es),2021-09-14,0.0,0.0,0,90.0
CO1.BDOS.2244343,MC-087 CENAC TOLEMAIDA-2021,CENAC TOLEMAIDA,Cundinamarca,Nilo,Mínima cuantía,Obra,Seleccionado,21000000.0,17993768.0,2,60,día(s),2021-09-14,-3006232.0,-0.14315390476190476,0,60.0
CO1.BDOS.2026517,SAMC-005-2021 (Manifestación de interés (Menor Cuantía)) (Presentación de oferta),MUNICIPIO DE UBATE,Cundinamarca,Villa De San Diego De Ubate,Selección Abreviada de Menor Cuantía,Obra,Seleccionado,254387274.0,246250984.0,3,2,Mes(es),2021-09-13,-8136290.0,-0.03198387196051324,0,60.0
CO1.BDOS.2183967,LP-015-2021 (Fase de Selección (Presentación de ofertas)),MUNICIPIO DE SOACHA..,Cundinamarca,Soacha,Licitación pública Obra Publica,Obra,Seleccionado,37458900600.0,37421739744.0,1,18,Mes(es),2021-09-10,-37160856.0,-0.000992043423719702,0,540.0
CO1.BDOS.2090651,SAMC-006-2021 (Manifestación de interés (Menor Cuantía)) (Presentación de oferta),MUNICIPIO DE FUNZA - ALCALDÍA DE FUNZA,Cundinamarca,Funza,Selección Abreviada de Menor Cuantía,Obra,Seleccionado,200000000.0,200000000.0,1,4,Mes(es),2021-09-08,0.0,0.0,0,120.0
CO1.BDOS.2221894,MC-084 CENAC TOLEMAIDA-2021,CENAC TOLEMAIDA,Cundinamarca,Nilo,Mínima cuantía,Obra,Seleccionado,90000000.0,74266994.0,6,60,día(s),2021-09-06,-15733006.0,-0.17481117777777777,0,60.0
CO1.BDOS.2119486,LP-013-2021 (Fase de Selección (Presentación de ofertas)),MUNICIPIO DE FUNZA - ALCALDÍA DE FUNZA,Cundinamarca,Funza,Licitación pública Obra Publica,Obra,Seleccionado,3713674114.0,3564316825.0,42,4,Mes(es),2021-09-06,-149357289.0,-0.04021820020150535,0,120.0
CO1.BDOS.2159119,LP-013-2021 (Fase de Selección (Presentación de ofertas)),MUNICIPIO DE SOACHA..,Cundinamarca,Soacha,Licitación pública Obra Publica,Obra,Seleccionado,17592562840.0,17592562840.0,33,20,Mes(es),2021-09-03,0.0,0.0,0,600.0
CO1.BDOS.2214039,SOP  MIC-026-2021,MUNICIPIO DE UBATE,Cundinamarca,Villa De San Diego De Ubate,Mínima cuantía,Obra,Seleccionado,20000000.0,19949349.0,3,112,día(s),2021-09-01,-50651.0,-0.00253255,0,112.0
CO1.BDOS.2165064,LP-009-2021 (Fase de Selección (Presentación de ofertas)),ALCALDIA MUNICIPIO DE ZIPAQUIRA,Cundinamarca,Zipaquirá,Licitación pública Obra Publica,Obra,Seleccionado,6739762063.0,6472546244.0,50,9,Mes(es),2021-09-01,-267215819.0,-0.03964766359734916,0,270.0
CO1.BDOS.2114424,LP 06 DE 2021 (Fase de Selección (Presentación de ofertas)),ALCALDIA MUNICIPAL DE VILLETA,Cundinamarca,Villeta,Licitación pública Obra Publica,Obra,Seleccionado,1803708000.0,1791043022.0,1,6,Mes(es),2021-08-30,-12664978.0,-0.007021634322185187,0,180.0
CO1.BDOS.2030508,LP 2021-0503  (Fase de Selección (Presentación de ofertas)),ALCALDIA MUNICIPAL FUSAGASUGA,Cundinamarca,Fusagasugá,Licitación pública Obra Publica,Obra,Seleccionado,1921848578.0,1764850362.0,55,3,Mes(es),2021-08-27,-156998216.0,-0.08169125174439211,0,90.0
CO1.BDOS.2038463,LP-010-2021 (Fase de Selección (Presentación de ofertas)),MUNICIPIO DE SOACHA..,Cundinamarca,Soacha,Licitación pública Obra Publica,Obra,Seleccionado,7856736728.0,7856736728.0,44,4,Mes(es),2021-08-26,0.0,0.0,0,120.0
CO1.BDOS.2133616,SAMC-011-2021 (Manifestación de interés (Menor Cuantía)) (Presentación de oferta),MUNICIPIO DE UBATE,Cundinamarca,Villa De San Diego De Ubate,Selección Abreviada de Menor Cuantía,Obra,Seleccionado,87977151.0,77419893.0,9,15,día(s),2021-08-25,-10557258.0,-0.11999999863600948,0,15.0
CO1.BDOS.2191839,MC-048 DE 2021,MUNICIPIO DE SOACHA..,Cundinamarca,Soacha,Mínima cuantía,Obra,Seleccionado,42041250.0,39939189.0,5,2,Mes(es),2021-08-24,-2102061.0,-0.0499999643207564,0,60.0
CO1.BDOS.2163618,SA-MC-024-2021 (Presentación de oferta),ALCALDIA MUNICIPIO DE ZIPAQUIRA,Cundinamarca,Zipaquirá,Seleccion Abreviada Menor Cuantia Sin Manifestacion Interes,Obra,Seleccionado,930069930.0,928860845.0,2,4,Mes(es),2021-08-20,-1209085.0,-0.0012999936467142851,0,120.0
CO1.BDOS.2166340,IMC-0028-2021,ALCALDIA MUNICIPIO DE ANOLAIMA,Cundinamarca,Anolaima,Mínima cuantía,Obra,Seleccionado,24430114.0,16782990.0,9,60,día(s),2021-08-19,-7647124.0,-0.31302039769441925,0,60.0
CO1.BDOS.2110735,LP OBRA 004-2021 (Fase de Selección (Presentación de ofertas)),MUNICIPIO DE LA CALERA CUNDINAMARCA,Cundinamarca,La Calera,Licitación pública Obra Publica,Obra,Seleccionado,1035953626.0,995817834.0,104,4,Mes(es),2021-08-18,-40135792.0,-0.03874284619763472,0,120.0
CO1.BDOS.2126884,SA-2021-0585 (Manifestación de interés (Menor Cuantía)) (Presentación de oferta),ALCALDIA MUNICIPAL FUSAGASUGA,Cundinamarca,Fusagasugá,Selección Abreviada de Menor Cuantía,Obra,Seleccionado,367901360.0,364663652.0,2,3,Mes(es),2021-08-13,-3237708.0,-0.00880047847607848,0,90.0
CO1.BDOS.2051176,LP-012-2021 (Fase de Selección (Presentación de ofertas)),MUNICIPIO DE SOACHA..,Cundinamarca,Soacha,Licitación pública Obra Publica,Obra,Seleccionado,16106119702.0,16106119702.0,40,18,Mes(es),2021-08-11,0.0,0.0,0,540.0
CO1.BDOS.2111623,LP 2021-0577 (Fase de Selección (Presentación de ofertas)),ALCALDIA MUNICIPAL FUSAGASUGA,Cundinamarca,Fusagasugá,Licitación pública Obra Publica,Obra,Seleccionado,1125000000.0,1080007875.0,8,5,Mes(es),2021-08-09,-44992125.0,-0.039993,0,150.0
CO1.BDOS.2119298,SA-MC-023-2021 (Manifestación de interés (Menor Cuantía)) (Presentación de oferta),ALCALDIA MUNICIPIO DE ZIPAQUIRA,Cundinamarca,Zipaquirá,Selección Abreviada de Menor Cuantía,Obra,Seleccionado,100000000.0,96855712.0,6,2,Mes(es),2021-08-06,-3144288.0,-0.03144288,0,60.0
CO1.BDOS.2149221,MC-CTDPE-017-2021,SENA REGIONAL CUNDINAMARCA Grupo Administrativo CTDPE,Cundinamarca,Girardot,Mínima cuantía,Obra,Seleccionado,87710347.0,69291086.0,6,3,Mes(es),2021-08-06,-18419261.0,-0.21000100478453243,0,90.0
CO1.BDOS.2106771,SAMC-008-2021 (Manifestación de interés (Menor Cuantía)) (Presentación de oferta),ALCALDIA MUNICIPAL DE CHIA,Cundinamarca,Chía,Selección Abreviada de Menor Cuantía,Obra,Seleccionado,193123524.0,193123524.0,2,4,Mes(es),2021-08-05,0.0,0.0,0,120.0
CO1.BDOS.2149233,IPMC - FPS - 008  DE 2021,FONDO DE PASIVO SOCIAL DE FERROCARRILES NACIONALES DE COLOMBIA ENTIDAD,Cundinamarca,No Definido,Mínima cuantía,Obra,Seleccionado,22929812.0,14048098.0,4,1,Mes(es),2021-08-04,-8881714.0,-0.3873435159433492,0,30.0
CO1.BDOS.2062758,LP-012-2021 (Fase de Selección (Presentación de ofertas)),MUNICIPIO DE UBATE,Cundinamarca,Villa De San Diego De Ubate,Licitación pública Obra Publica,Obra,Seleccionado,2334160736.0,2334160701.0,1,4,Mes(es),2021-07-28,-35.0,-1.4994682868318115e-08,0,120.0
CO1.BDOS.2059050,LP-010-2021 (Fase de Selección (Presentación de ofertas)),MUNICIPIO DE FUNZA - ALCALDÍA DE FUNZA,Cundinamarca,Funza,Licitación pública Obra Publica,Obra,Seleccionado,11972539279.0,11915840799.0,1,19,Mes(es),2021-07-27,-56698480.0,-0.004735710502069508,0,570.0
CO1.BDOS.2076957,LP-011-2021 (Fase de Selección (Presentación de ofertas)),MUNICIPIO DE FUNZA - ALCALDÍA DE FUNZA,Cundinamarca,Funza,Licitación pública Obra Publica,Obra,Seleccionado,541858658.0,539501882.0,2,4,Mes(es),2021-07-26,-2356776.0,-0.004349429441062839,0,120.0
CO1.BDOS.2080057,LP-012-2021 (Fase de Selección (Presentación de ofertas)),MUNICIPIO DE FUNZA - ALCALDÍA DE FUNZA,Cundinamarca,Funza,Licitación pública Obra Publica,Obra,Seleccionado,1850186622.0,1771921546.0,7,6,Mes(es),2021-07-26,-78265076.0,-0.04230117928071366,0,180.0
CO1.BDOS.2058950,SAMC 01 DE 2021 SERVICIOS DE MANTENIEMINETO ARQUIT (Manifestación de interés (Menor Cuantía)) (Fase de ofertas),ESCUELA DE FORMACION INPEC,Cundinamarca,No Definido,Selección Abreviada de Menor Cuantía,Obra,Seleccionado,749994922.0,636496021.0,4,3,Mes(es),2021-07-21,-113498901.0,-0.15133289262457167,0,90.0
CO1.BDOS.1989926,LP-011-2021 (Fase de Selección (Presentación de ofertas)),ALCALDÍA MUNICIPAL DE MADRID CUNDINAMARCA,Cundinamarca,Madrid,Licitación pública Obra Publica,Obra,Seleccionado,562607758.0,562572944.0,2,6,Mes(es),2021-07-21,-34814.0,-6.187970127493335e-05,0,180.0
CO1.BDOS.2063479,SAMC 09 DE 2021 (Manifestación de interés (Menor Cuantía)) (Presentación de oferta),ALCALDIA MUNICIPAL DE VILLETA,Cundinamarca,Villeta,Selección Abreviada de Menor Cuantía,Obra,Seleccionado,60000000.0,59825565.0,2,2,Mes(es),2021-07-15,-174435.0,-0.00290725,0,60.0
CO1.BDOS.2000128,SAMC 016-2021 (Manifestación de interés (Menor Cuantía)) (Presentación de oferta),MUNICIPIO DE SOACHA..,Cundinamarca,Soacha,Selección Abreviada de Menor Cuantía,Obra,Seleccionado,403820984.0,394712240.0,2,4,Mes(es),2021-07-12,-9108744.0,-0.022556390977443608,0,120.0
CO1.BDOS.2037613,LP-011-2021* (Fase de Selección (Presentación de ofertas)),MUNICIPIO DE SOACHA..,Cundinamarca,Soacha,Licitación pública Obra Publica,Obra,Seleccionado,1140000000.0,1075798559.0,40,3,Mes(es),2021-07-09,-64201441.0,-0.05631705350877193,0,90.0
CO1.BDOS.2007437,060-00-M-CAMAN-GRUAL-2021 (Manifestación de interés (Menor Cuantía)) (Presentación de oferta),COMANDO AEREO DE MANTENIMIENTO,Cundinamarca,Madrid,Selección Abreviada de Menor Cuantía,Obra,Seleccionado,146278000.0,144068570.0,3,120,día(s),2021-07-07,-2209430.0,-0.015104321907600596,0,120.0
CO1.BDOS.1924519,LP-008-2021 (Fase de Selección (Presentación de ofertas)),MUNICIPIO DE SOACHA..,Cundinamarca,Soacha,Licitación pública Obra Publica,Obra,Seleccionado,28906572304.0,28906572304.0,24,6,Mes(es),2021-07-01,0.0,0.0,0,180.0
CO1.BDOS.2060542,IPMC-FPS - 006 DE 2021,FONDO DE PASIVO SOCIAL DE FERROCARRILES NACIONALES DE COLOMBIA ENTIDAD,Cundinamarca,No Definido,Mínima cuantía,Obra,Seleccionado,8295000.0,6908664.0,4,30,día(s),2021-06-29,-1386336.0,-0.16712911392405064,0,30.0
CO1.BDOS.2011653,036-00-K-ESUFA-GRUAL-2021  (Manifestación de interés (Menor Cuantía)) (Presentación de oferta),ESCUELA DE SUBOFICIALES  FAC CT ANDRES M DIAZ,Cundinamarca,No Definido,Selección Abreviada de Menor Cuantía,Obra,Seleccionado,482573816.0,472727561.0,7,170,día(s),2021-06-25,-9846255.0,-0.020403624634288072,0,170.0
CO1.BDOS.2016397,SAMC 08-2021 (Manifestación de interés (Menor Cuantía)) (Presentación de oferta),ALCALDIA MUNICIPAL DE VILLETA,Cundinamarca,Villeta,Selección Abreviada de Menor Cuantía,Obra,Seleccionado,210048047.0,209775386.0,1,5,Mes(es),2021-06-24,-272661.0,-0.0012980887177684638,0,150.0
CO1.BDOS.2024178,SAMC-021-2021 (Manifestación de interés (Menor Cuantía)) (Presentación de oferta),MUNICIPIO DE SOACHA..,Cundinamarca,Soacha,Selección Abreviada de Menor Cuantía,Obra,Seleccionado,84332148.0,82823780.0,8,2,Mes(es),2021-06-23,-1508368.0,-0.01788603795553743,0,60.0
CO1.BDOS.2004259,LP-012-2021 (Fase de Selección (Presentación de ofertas)),ALCALDÍA MUNICIPAL DE MADRID CUNDINAMARCA,Cundinamarca,Madrid,Licitación pública Obra Publica,Obra,Seleccionado,769080000.0,769080000.0,2,4,Mes(es),2021-06-22,0.0,0.0,0,120.0
CO1.BDOS.2042004,MC-057 CENAC TOLEMAIDA-2021,CENAC TOLEMAIDA,Cundinamarca,Nilo,Mínima cuantía,Obra,Seleccionado,12405104.0,12399641.0,2,50,día(s),2021-06-21,-5463.0,-0.00044038324870150224,0,50.0
CO1.BDOS.1988604,LP-010-2021 (Fase de Selección (Presentación de ofertas)),ALCALDÍA MUNICIPAL DE MADRID CUNDINAMARCA,Cundinamarca,Madrid,Licitación pública Obra Publica,Obra,Seleccionado,533109435.0,533105385.0,2,6,Mes(es),2021-06-15,-4050.0,-7.596939266325309e-06,0,180.0
CO1.BDOS.2022402,MC 2021-0500,ALCALDIA MUNICIPAL FUSAGASUGA,Cundinamarca,Fusagasugá,Mínima cuantía,Obra,Seleccionado,16818079.0,11674685.0,8,30,día(s),2021-06-08,-5143394.0,-0.3058252966941111,0,30.0
CO1.BDOS.1981523,096-CENACINTELIGENCIA-2021 (Manifestación de interés (Menor Cuantía)) (Presentación de oferta),CENTRAL ADMINISTRATIVA Y CONTABLE ESPECIALIZADA INTELIGENCIA,Cundinamarca,No Definido,Selección Abreviada de Menor Cuantía,Obra,Seleccionado,204708008.0,204708008.0,6,5,Mes(es),2021-06-04,0.0,0.0,0,150.0
CO1.BDOS.1980618,PN ESSUM SA MC 025 2021 (Manifestación de interés (Menor Cuantía)) (Presentación de oferta),ESCUELA DE POLICIA DE PROVINCIA DE SUMAPAZ INTENDENTE MARITZA BONILLA RUIZ,Cundinamarca,Fusagasugá,Selección Abreviada de Menor Cuantía,Obra,Seleccionado,576397887.0,576397887.0,8,120,día(s),2021-06-03,0.0,0.0,0,120.0
CO1.BDOS.1999955,MC-038-COADE-DICRE-CENAC-TELEMATICA-2021,CENTRAL ADMINISTRATIVA Y CONTABLE TELEMATICA,Cundinamarca,Facatativá,Mínima cuantía,Obra,Seleccionado,25000000.0,25000000.0,18,7,Mes(es),2021-05-27,0.0,0.0,0,210.0
CO1.BDOS.1958636,LP-008-2021 (Fase de Selección (Presentación de ofertas)),ALCALDÍA MUNICIPAL DE MADRID CUNDINAMARCA,Cundinamarca,Madrid,Licitación pública Obra Publica,Obra,Seleccionado,1230224671.0,1230149500.0,1,6,día(s),2021-05-26,-75171.0,-6.110347302570068e-05,0,6.0
CO1.BDOS.1950065,LP-006-2021 (Fase de Selección (Presentación de ofertas)),ALCALDÍA MUNICIPAL DE MADRID CUNDINAMARCA,Cundinamarca,Madrid,Licitación pública Obra Publica,Obra,Seleccionado,622529115.0,622307513.0,2,6,Mes(es),2021-05-20,-221602.0,-0.0003559704994681253,0,180.0
CO1.BDOS.1986580,MC-020-2021,ALCALDIA MUNICIPAL DE CHIA,Cundinamarca,Chía,Mínima cuantía,Obra,Seleccionado,9600000.0,9599745.0,2,1,Mes(es),2021-05-20,-255.0,-2.65625e-05,0,30.0
CO1.BDOS.1975260,MC-CTDPE-009-2021,SENA REGIONAL CUNDINAMARCA Grupo Administrativo CTDPE,Cundinamarca,Girardot,Mínima cuantía,Obra,Seleccionado,57976440.0,43482560.0,17,2,Mes(es),2021-05-18,-14493880.0,-0.24999603287128358,0,60.0
CO1.BDOS.1943612,LP-009-2021 (Fase de Selección (Presentación de ofertas)),MUNICIPIO DE SOACHA..,Cundinamarca,Soacha,Licitación pública Obra Publica,Obra,Seleccionado,1599298686.0,1571554598.0,4,6,Mes(es),2021-05-14,-27744088.0,-0.017347658847510616,0,180.0
CO1.BDOS.1971695,MC-018-2021,MUNICIPIO DE SOACHA..,Cundinamarca,Soacha,Mínima cuantía,Obra,Seleccionado,21363769.0,12968640.0,21,30,día(s),2021-05-13,-8395129.0,-0.39296104540355214,0,30.0
CO1.BDOS.1938915,LP 2021-0432 (Fase de Selección (Presentación de ofertas)),ALCALDIA MUNICIPAL FUSAGASUGA,Cundinamarca,Fusagasugá,Licitación pública Obra Publica,Obra,Seleccionado,1454311752.0,1369098122.0,121,5,Mes(es),2021-05-13,-85213630.0,-0.058593784917719625,0,150.0
CO1.BDOS.1916791,LP-006-2021 (Fase de Selección (Presentación de ofertas)),MUNICIPIO DE FUNZA - ALCALDÍA DE FUNZA,Cundinamarca,Funza,Licitación pública Obra Publica,Obra,Seleccionado,1669918715.0,1504762006.0,94,5,Mes(es),2021-05-11,-165156709.0,-0.09890104680933527,0,150.0
CO1.BDOS.1902072,021-00-M-CAMAN-GRUAL-2021 (Manifestación de interés (Menor Cuantía)) (Presentación de oferta),COMANDO AEREO DE MANTENIMIENTO,Cundinamarca,Madrid,Selección Abreviada de Menor Cuantía,Obra,Seleccionado,461616849.0,451344552.0,6,120,día(s),2021-05-06,-10272297.0,-0.022252864084690287,0,120.0
CO1.BDOS.1949302,MC 2021-0440,ALCALDIA MUNICIPAL FUSAGASUGA,Cundinamarca,Fusagasugá,Mínima cuantía,Obra,Seleccionado,40631209.0,29902578.0,10,20,día(s),2021-04-30,-10728631.0,-0.26404902202147124,0,20.0
CO1.BDOS.1919537,MC-046 CENAC TOLEMAIDA-2021,CENAC TOLEMAIDA,Cundinamarca,Nilo,Mínima cuantía,Obra,Seleccionado,32998138.0,32998138.0,3,240,día(s),2021-04-19,0.0,0.0,0,240.0
CO1.BDOS.1848215,SAMC-041 CENAC TOLEMAIDA-2021 (Manifestación de interés (Menor Cuantía)) (Presentación de oferta),CENAC TOLEMAIDA,Cundinamarca,Nilo,Selección Abreviada de Menor Cuantía,Obra,Seleccionado,176008933.0,176008933.0,5,0,día(s),2021-03-29,0.0,0.0,0,0.0
CO1.BDOS.1606808,MC-212 CENAC TOLEMAIDA-2020,CENAC TOLEMAIDA,Cundinamarca,Nilo,Mínima cuantía,Obra,Seleccionado,87000000.0,65738750.0,7,60,día(s),2020-12-13,-21261250.0,-0.24438218390804597,0,60.0
CO1.BDOS.1519771,SAM TCUN -03-001 DE 2020 (Manifestación de interés (Menor Cuantía)) (Presentación de oferta),ESAP TERRITORIAL CUNDINAMARCA,Cundinamarca,Fusagasugá,Selección Abreviada de Menor Cuantía,Obra,Seleccionado,113920988.0,101379545.0,6,30,día(s),2020-11-06,-12541443.0,-0.11008895920038896,0,30.0
CO1.BDOS.1513290,CUN-MC-14-2020,INSTITUTO COLOMBIANO AGROPECUARIO - SECCIONAL CUNDINAMARCA,Cundinamarca,Mosquera,Mínima cuantía,Obra,Seleccionado,9021200.0,6178744.0,4,30,día(s),2020-10-20,-2842456.0,-0.31508624129827517,0,30.0
CO1.BDOS.1471105,SAMC-173 CENAC TOLEMAIDA-2020 (Manifestación de interés (Menor Cuantía)) (Presentación de oferta),CENAC TOLEMAIDA,Cundinamarca,Nilo,Selección Abreviada de Menor Cuantía,Obra,Seleccionado,279991980.0,240347584.0,14,45,día(s),2020-10-08,-39644396.0,-0.1415911841474888,0,45.0
CO1.BDOS.1446014,199 CENACINTELIGENCIA 2020 (Manifestación de interés (Menor Cuantía)) (Presentación de oferta),CENTRAL ADMINISTRATIVA Y CONTABLE ESPECIALIZADA INTELIGENCIA,Cundinamarca,No Definido,Selección Abreviada de Menor Cuantía,Obra,Seleccionado,188473454.0,188473454.0,3,2,Mes(es),2020-09-30,0.0,0.0,0,60.0
CO1.BDOS.1431066,LP-01-2020 (Fase de Selección (Presentación de ofertas)),ALCALDIA MUNICIPAL PARATEBUENO,Cundinamarca,Paratebueno,Licitación pública Obra Publica,Obra,Seleccionado,3268346856.0,3161559682.0,73,8,Mes(es),2020-09-28,-106787174.0,-0.032673145998553095,0,240.0
CO1.BDOS.1442326,SAMC-167 CENAC TOLEMAIDA-2020 (Manifestación de interés (Menor Cuantía)) (Presentación de oferta),CENAC TOLEMAIDA,Cundinamarca,Nilo,Selección Abreviada de Menor Cuantía,Obra,Seleccionado,340500000.0,340498550.0,15,50,día(s),2020-09-25,-1450.0,-4.258443465491924e-06,0,50.0
CO1.BDOS.1442424,SAMC-168 CENAC TOLEMAIDA-2020 (Manifestación de interés (Menor Cuantía)) (Presentación de oferta),CENAC TOLEMAIDA,Cundinamarca,Nilo,Selección Abreviada de Menor Cuantía,Obra,Seleccionado,250000000.0,249997075.0,3,60,día(s),2020-09-25,-2925.0,-1.17e-05,0,60.0
CO1.BDOS.1436785,SAMC-166 CENAC TOLEMAIDA-2020 (Manifestación de interés (Menor Cuantía)) (Presentación de oferta),CENAC TOLEMAIDA,Cundinamarca,Nilo,Selección Abreviada de Menor Cuantía,Obra,Seleccionado,101975328.0,98700000.0,2,2,Mes(es),2020-09-24,-3275328.0,-0.03211882780117167,0,60.0
CO1.BDOS.1464741,IPMC-FPS-015-2020,FONDO DE PASIVO SOCIAL DE FERROCARRILES NACIONALES DE COLOMBIA ENTIDAD,Cundinamarca,No Definido,Mínima cuantía,Obra,Seleccionado,56329580.0,24968822.0,5,100,día(s),2020-09-22,-31360758.0,-0.5567369399878359,0,100.0
CO1.BDOS.1451485,MC-170 CENAC TOLAMAIDA-2020,CENAC TOLEMAIDA,Cundinamarca,Nilo,Mínima cuantía,Obra,Seleccionado,65500000.0,65485156.0,4,4,Mes(es),2020-09-16,-14844.0,-0.0002266259541984733,0,120.0
CO1.BDOS.1428506,SAMC-CMC-CAE-0217-2020 (Manifestación de interés (Menor Cuantía)) (Presentación de oferta),SENA REGIONAL CUNDINAMARCA Grupo Administrativo CAE,Cundinamarca,Fusagasugá,Selección Abreviada de Menor Cuantía,Obra,Seleccionado,233340549.0,233310530.0,1,3,Mes(es),2020-09-14,-30019.0,-0.0001286488787681733,0,90.0
CO1.BDOS.1429588,MC-164 CENAC TOLEMAIDA-2020,CENAC TOLEMAIDA,Cundinamarca,Nilo,Mínima cuantía,Obra,Seleccionado,65000000.0,48146915.0,6,90,día(s),2020-09-03,-16853085.0,-0.2592782307692308,0,90.0
CO1.BDOS.1414858,MC-162 CENAC TOLEMAIDA-2020,CENAC TOLEMAIDA,Cundinamarca,Nilo,Mínima cuantía,Obra,Seleccionado,37200000.0,31856250.0,2,60,día(s),2020-08-31,-5343750.0,-0.1436491935483871,0,60.0
CO1.BDOS.1374806,PN ESJIM SA MC 001 2020 (Manifestación de interés (Menor Cuantía)) (Presentación de oferta),ESCUELA DE SUBOFICIALES Y NIVEL EJECUTIVO  GONZALO JIMENEZ DE QUESADA,Cundinamarca,Sibaté,Selección Abreviada de Menor Cuantía,Obra,Seleccionado,1200000000.0,1200000000.0,7,90,día(s),2020-08-24,0.0,0.0,0,90.0
CO1.BDOS.1375133,SAMC-147 CENAC TOLEMAIDA-2020 (Manifestación de interés (Menor Cuantía)) (Presentación de oferta),CENAC TOLEMAIDA,Cundinamarca,Nilo,Selección Abreviada de Menor Cuantía,Obra,Seleccionado,100000000.0,99997749.0,11,2,Mes(es),2020-08-19,-2251.0,-2.251e-05,0,60.0
CO1.BDOS.1402524,MC-158 CENAC TOLEMAIDA-2020,CENAC TOLEMAIDA,Cundinamarca,Nilo,Mínima cuantía,Obra,Seleccionado,20000000.0,19985170.0,1,4,Mes(es),2020-08-19,-14830.0,-0.0007415,0,120.0
CO1.BDOS.1381285,MC-152 CENAC TOLEMAIDA-2020,CENAC TOLEMAIDA,Cundinamarca,Nilo,Mínima cuantía,Obra,Seleccionado,49000000.0,48989128.0,10,30,día(s),2020-08-10,-10872.0,-0.00022187755102040817,0,30.0
CO1.BDOS.1343644,SAMC-140 CENAC TOLEMAIDA 2020 (Manifestación de interés (Menor Cuantía)) (Presentación de oferta),CENAC TOLEMAIDA,Cundinamarca,Nilo,Selección Abreviada de Menor Cuantía,Obra,Seleccionado,280572993.0,280572993.0,20,4,Mes(es),2020-08-04,0.0,0.0,0,120.0
CO1.BDOS.1374722,MC-146 CENAC TOLEMAIDA-2020,CENAC TOLEMAIDA,Cundinamarca,Nilo,Mínima cuantía,Obra,Seleccionado,55000000.0,54990430.0,7,60,día(s),2020-08-03,-9570.0,-0.000174,0,60.0
CO1.BDOS.1287833,046-00-K-ESUFA-GRUAL-2020 (Manifestación de interés (Menor Cuantía)) (Presentación de oferta),ESCUELA DE SUBOFICIALES  FAC CT ANDRES M DIAZ,Cundinamarca,No Definido,Selección Abreviada de Menor Cuantía,Obra,Seleccionado,120208191.0,116481736.0,6,5,Mes(es),2020-07-13,-3726455.0,-0.031000008976093816,0,150.0
CO1.BDOS.1290327,SAMC-122 CENAC TOLEMAIDA-2020 (Manifestación de interés (Menor Cuantía)) (Presentación de oferta),CENAC TOLEMAIDA,Cundinamarca,Nilo,Selección Abreviada de Menor Cuantía,Obra,Seleccionado,429674788.0,429674788.0,9,0,Mes(es),2020-07-03,0.0,0.0,0,0.0
CO1.BDOS.1320826,MC-132 CENAC TOELMAIDA-2020,CENAC TOLEMAIDA,Cundinamarca,Nilo,Mínima cuantía,Obra,Seleccionado,60000000.0,46978805.0,4,60,día(s),2020-07-03,-13021195.0,-0.21701991666666667,0,60.0
CO1.BDOS.1319963,MC 2020-0393,ALCALDIA MUNICIPAL FUSAGASUGA,Cundinamarca,Fusagasugá,Mínima cuantía,Obra,Seleccionado,33886627.0,25674468.0,27,1,Mes(es),2020-07-02,-8212159.0,-0.24234217822859738,0,30.0
CO1.BDOS.1311444,163-CENACINTELIGENCIA-2020,CENTRAL ADMINISTRATIVA Y CONTABLE ESPECIALIZADA INTELIGENCIA,Cundinamarca,No Definido,Mínima cuantía,Obra,Seleccionado,21000000.0,20999454.0,6,90,día(s),2020-06-26,-546.0,-2.6e-05,0,90.0
CO1.BDOS.1259482,SAMCEF 01 DE 2020 ADEC MANT ÁREAS ARQUITECTÓNICAS  (Manifestación de interés (Menor Cuantía)) (Presentación de oferta),ESCUELA DE FORMACION INPEC,Cundinamarca,No Definido,Selección Abreviada de Menor Cuantía,Obra,Seleccionado,349238071.0,310519216.0,4,4,Mes(es),2020-06-09,-38718855.0,-0.11086665004514928,0,120.0
CO1.BDOS.1268400,SAMC-117 CENAC TOLEMAIDA-2020 (Manifestación de interés (Menor Cuantía)) (Presentación de oferta),CENAC TOLEMAIDA,Cundinamarca,Nilo,Selección Abreviada de Menor Cuantía,Obra,Seleccionado,160000000.0,147697864.0,19,90,día(s),2020-06-08,-12302136.0,-0.07688835,0,90.0
CO1.BDOS.1274158,056-00-K-ESUFA-GRUAL-2020,ESCUELA DE SUBOFICIALES  FAC CT ANDRES M DIAZ,Cundinamarca,No Definido,Mínima cuantía,Obra,Seleccionado,42000000.0,25166138.0,29,3,Mes(es),2020-06-01,-16833862.0,-0.4008062380952381,0,90.0
CO1.BDOS.1213568,040-00-M-CAMAN-GRUAL-2020 (Manifestación de interés (Menor Cuantía)) (Presentación de oferta),COMANDO AEREO DE MANTENIMIENTO,Cundinamarca,Madrid,Selección Abreviada de Menor Cuantía,Obra,Seleccionado,534800000.0,531479514.0,4,160,día(s),2020-05-28,-3320486.0,-0.006208836948391922,0,160.0
CO1.BDOS.1224826,PN ESCAR SA MC 029 2020 (Manifestación de interés (Menor Cuantía)) (Presentación de oferta),ESCUELA NACIONAL DE CARABINEROS POLICIA NACIONAL,Cundinamarca,Facatativá,Selección Abreviada de Menor Cuantía,Obra,Seleccionado,2794133703.0,2794133703.0,1,190,día(s),2020-05-19,0.0,0.0,0,190.0
CO1.BDOS.1157016,PN ESSUM SA MENOR CUANTIA 006 2020 (Manifestación de interés (Menor Cuantía)) (Presentación de oferta),ESCUELA DE POLICIA DE PROVINCIA DE SUMAPAZ INTENDENTE MARITZA BONILLA RUIZ,Cundinamarca,Fusagasugá,Selección Abreviada de Menor Cuantía,Obra,Seleccionado,396264483.0,396264483.0,4,4,Mes(es),2020-03-31,0.0,0.0,0,120.0
CO1.BDOS.1184136,MC- 007 -COADE-DICRE- CENAC- TELEMÁTICA-2020,CENTRAL ADMINISTRATIVA Y CONTABLE TELEMATICA,Cundinamarca,Facatativá,Mínima cuantía,Obra,Seleccionado,52324648.0,52324648.0,56,9,Mes(es),2020-03-30,0.0,0.0,0,270.0
CO1.BDOS.1064378,013-00-M-CAMAN-GRUAL-2020 (Manifestación de interés (Menor Cuantía)) (Presentación de oferta),COMANDO AEREO DE MANTENIMIENTO,Cundinamarca,Madrid,Selección Abreviada de Menor Cuantía,Obra,Seleccionado,434400050.0,430144266.0,5,150,día(s),2020-02-28,-4255784.0,-0.00979692336591582,0,150.0
CO1.BDOS.1135958,024-COADE-DICRE-CENAC- TELEMÁTICA-2020,CENTRAL ADMINISTRATIVA Y CONTABLE TELEMATICA,Cundinamarca,Facatativá,Mínima cuantía,Obra,Seleccionado,16462544.0,16462544.0,20,10,Mes(es),2020-02-26,0.0,0.0,0,300.0
CO1.BDOS.992853,MC 2019-0502,ALCALDIA MUNICIPAL FUSAGASUGA,Cundinamarca,Fusagasugá,Mínima cuantía,Obra,Seleccionado,25403053.0,22821929.0,2,15,día(s),2019-12-04,-2581124.0,-0.10160684229568785,0,15.0
CO1.BDOS.989037,MC-252-DIADQ-CADCO-CENAC TELEMÁTICA-2019,CENTRAL ADMINISTRATIVA Y CONTABLE TELEMATICA,Cundinamarca,Facatativá,Mínima cuantía,Obra,Seleccionado,16347697.0,16324560.0,9,30,día(s),2019-11-29,-23137.0,-0.001415306388416668,0,30.0
CO1.BDOS.987335,MC-220 CENAC TOLEMAIDA-2019,CENAC TOLEMAIDA,Cundinamarca,Nilo,Mínima cuantía,Obra,Seleccionado,80000000.0,79199314.0,3,15,día(s),2019-11-27,-800686.0,-0.010008575,0,15.0
CO1.BDOS.965242,276-CENACINTELIGENCIA-2019,CENTRAL ADMINISTRATIVA Y CONTABLE ESPECIALIZADA INTELIGENCIA,Cundinamarca,No Definido,Mínima cuantía,Obra,Seleccionado,19840958.0,19975260.0,4,30,día(s),2019-11-05,134302.0,0.006768927185874795,1,30.0
CO1.BDOS.960230,SH-MINC- 003-2019,DEPARTAMENTO DE CUNDINAMARCA-SECRETARIA DE HACIENDA,Cundinamarca,No Definido,Mínima cuantía,Obra,Seleccionado,66709971.0,60900000.0,2,1,Mes(es),2019-10-23,-5809971.0,-0.08709299244036547,0,30.0
CO1.BDOS.928733,SAMC-187 CENAC TOLEMAIDA-2019 (Manifestación de interés (Menor Cuantía)) (Presentación de oferta),CENAC TOLEMAIDA,Cundinamarca,Nilo,Selección Abreviada de Menor Cuantía,Obra,Seleccionado,605980478.0,85980379.0,6,30,día(s),2019-10-18,-520000099.0,-0.858113615666675,0,30.0
CO1.BDOS.937133,LP 2019-0454 (Fase de Selección (Presentación de ofertas)),ALCALDIA MUNICIPAL FUSAGASUGA,Cundinamarca,Fusagasugá,Licitación pública Obra Publica,Obra,Seleccionado,890000000.0,863128513.0,18,2,Mes(es),2019-10-10,-26871487.0,-0.03019268202247191,0,60.0
CO1.BDOS.943641,MC-186DIADQ-CADCO-CENAC TELEMÁTICA-2019,CENTRAL ADMINISTRATIVA Y CONTABLE TELEMATICA,Cundinamarca,Facatativá,Mínima cuantía,Obra,Seleccionado,77000000.0,60672302.0,27,45,día(s),2019-10-01,-16327698.0,-0.21204802597402597,0,45.0
CO1.BDOS.920226,SAMC-182 CENAC TOLEMAIDA-2019 (Manifestación de interés (Menor Cuantía)) (Presentación de oferta),CENAC TOLEMAIDA,Cundinamarca,Nilo,Selección Abreviada de Menor Cuantía,Obra,Seleccionado,701871922.0,195864774.0,3,0,día(s),2019-09-18,-506007148.0,-0.7209394365828471,0,0.0
CO1.BDOS.923924,MC 2019-0441,ALCALDIA MUNICIPAL FUSAGASUGA,Cundinamarca,Fusagasugá,Mínima cuantía,Obra,Seleccionado,33386570.0,27603043.0,6,2,Mes(es),2019-09-09,-5783527.0,-0.17322914573135245,0,60.0
CO1.BDOS.908034,LP 2019-0413 (Fase de Selección (Presentación de ofertas)),ALCALDIA MUNICIPAL FUSAGASUGA,Cundinamarca,Fusagasugá,Licitación pública Obra Publica,Obra,Seleccionado,652152422.0,652152400.0,1,3,Mes(es),2019-09-05,-22.0,-3.373444498224987e-08,0,90.0
CO1.BDOS.916451,MC-164DIADQ-CADCO CENAC TELEMÁTICA-2019,CENTRAL ADMINISTRATIVA Y CONTABLE TELEMATICA,Cundinamarca,Facatativá,Mínima cuantía,Obra,Seleccionado,24789505.0,17239709.0,9,30,día(s),2019-08-30,-7549796.0,-0.3045561418027508,0,30.0
CO1.BDOS.899132,SA 2019-0399 (Manifestación de interés (Menor Cuantía)) (Presentación de oferta),ALCALDIA MUNICIPAL FUSAGASUGA,Cundinamarca,Fusagasugá,Selección Abreviada de Menor Cuantía,Obra,Seleccionado,372639099.0,371233687.0,1,90,día(s),2019-08-28,-1405412.0,-0.0037715097631233806,0,90.0
CO1.BDOS.892602,SAMC EFINPEC 02 DE 2019 ESTACIÓN DE BOMBEO  (Manifestación de interés (Menor Cuantía)) (Presentación de oferta),ESCUELA DE FORMACION INPEC,Cundinamarca,No Definido,Selección Abreviada de Menor Cuantía,Obra,Seleccionado,293833255.0,272317834.0,2,3,Mes(es),2019-08-15,-21515421.0,-0.07322323336070316,0,90.0
CO1.BDOS.904827,MC-167 CENAC TOLEMAIDA-2019,CENAC TOLEMAIDA,Cundinamarca,Nilo,Mínima cuantía,Obra,Seleccionado,72000000.0,56017051.0,7,2,Mes(es),2019-08-14,-15982949.0,-0.22198540277777778,0,60.0
CO1.BDOS.885051,SAMC-163 CENAC TOLEMAIDA-2019 (Manifestación de interés (Menor Cuantía)) (Presentación de oferta),CENAC TOLEMAIDA,Cundinamarca,Nilo,Selección Abreviada de Menor Cuantía,Obra,Seleccionado,495000000.0,297447833.0,1,120,día(s),2019-08-05,-197552167.0,-0.3990952868686869,0,120.0
CO1.BDOS.884815,LP 2019-0390 (Fase de Selección (Presentación de ofertas)),ALCALDIA MUNICIPAL FUSAGASUGA,Cundinamarca,Fusagasugá,Licitación pública Obra Publica,Obra,Seleccionado,857036341.0,828668438.0,8,5,Mes(es),2019-08-02,-28367903.0,-0.03310000013173304,0,150.0
CO1.BDOS.879012,MC 2019-0378,ALCALDIA MUNICIPAL FUSAGASUGA,Cundinamarca,Fusagasugá,Mínima cuantía,Obra,Seleccionado,37263773.0,30399265.0,5,60,día(s),2019-07-24,-6864508.0,-0.1842139817672247,0,60.0
CO1.BDOS.883133,MC-116-DIADQ-CADCO-CENACTELEMATICA-2019,CENTRAL ADMINISTRATIVA Y CONTABLE TELEMATICA,Cundinamarca,Facatativá,Mínima cuantía,Obra,Seleccionado,18617697.0,18611887.0,9,20,día(s),2019-07-15,-5810.0,-0.00031206867315543914,0,20.0
CO1.BDOS.854528,MC 2019-0359,ALCALDIA MUNICIPAL FUSAGASUGA,Cundinamarca,Fusagasugá,Mínima cuantía,Obra,Seleccionado,37262892.0,31300859.0,10,2,Mes(es),2019-07-11,-5962033.0,-0.15999920242368734,0,60.0
CO1.BDOS.873525,MC-152 CENAC TOLEMAIDA-2019,CENAC TOLEMAIDA,Cundinamarca,Nilo,Mínima cuantía,Obra,Seleccionado,77000000.0,74106515.0,6,60,día(s),2019-07-04,-2893485.0,-0.03757772727272727,0,60.0
CO1.BDOS.843153,PN ESCAR SA MC 031 2019_5 (Presentación de oferta),ESCUELA NACIONAL DE CARABINEROS POLICIA NACIONAL,Cundinamarca,Facatativá,Selección Abreviada de Menor Cuantía,Obra,Seleccionado,1580000000.0,1580000000.0,3,5,Mes(es),2019-06-20,0.0,0.0,0,150.0
CO1.BDOS.849806,SA 2019-0351 (Presentación de oferta),ALCALDIA MUNICIPAL FUSAGASUGA,Cundinamarca,Fusagasugá,Seleccion Abreviada Menor Cuantia Sin Manifestacion Interes,Obra,Seleccionado,1610918998.0,1610663160.0,1,2,Mes(es),2019-06-14,-255838.0,-0.00015881493750935329,0,60.0
CO1.BDOS.851622,MC-084-DIADQ-CADCO-CENAC-TELEMATICA-2019,CENTRAL ADMINISTRATIVA Y CONTABLE TELEMATICA,Cundinamarca,Facatativá,Mínima cuantía,Obra,Seleccionado,6054624.0,6054624.0,2,6,Mes(es),2019-06-04,0.0,0.0,0,180.0
CO1.BDOS.829227,039-00-M-CAMAN-GRUAL-2019 (Manifestación de interés (Menor Cuantía)) (Presentación de oferta),COMANDO AEREO DE MANTENIMIENTO,Cundinamarca,Madrid,Selección Abreviada de Menor Cuantía,Obra,Seleccionado,250000000.0,244051749.0,8,90,día(s),2019-05-29,-5948251.0,-0.023793004,0,90.0
CO1.BDOS.847809,MC-057  DIADQ-CADCO CENAC TELEMÁTICA - 2019,CENTRAL ADMINISTRATIVA Y CONTABLE TELEMATICA,Cundinamarca,Facatativá,Mínima cuantía,Obra,Seleccionado,50000000.0,30210494.0,18,45,día(s),2019-05-29,-19789506.0,-0.39579012,0,45.0
CO1.BDOS.832114,053-00-K-ESUFA-GRUAL-2019 (Manifestación de interés (Menor Cuantía)) (Presentación de oferta),ESCUELA DE SUBOFICIALES  FAC CT ANDRES M DIAZ,Cundinamarca,No Definido,Selección Abreviada de Menor Cuantía,Obra,Seleccionado,145000000.0,144999898.0,5,3,Mes(es),2019-05-28,-102.0,-7.03448275862069e-07,0,90.0
CO1.BDOS.830123,PN ESJIM SA MC 001 2019 (Manifestación de interés (Menor Cuantía)) (Presentación de oferta),ESCUELA DE SUBOFICIALES Y NIVEL EJECUTIVO  GONZALO JIMENEZ DE QUESADA,Cundinamarca,Sibaté,Selección Abreviada de Menor Cuantía,Obra,Seleccionado,800000000.0,800000000.0,6,165,día(s),2019-05-27,0.0,0.0,0,165.0
CO1.BDOS.842941,MC-046  DIADQ-CADCO CENAC TELEMÁTICA - 2019,CENTRAL ADMINISTRATIVA Y CONTABLE TELEMATICA,Cundinamarca,Facatativá,Mínima cuantía,Obra,Seleccionado,8971512.0,8971512.0,3,6,Mes(es),2019-05-23,0.0,0.0,0,180.0
CO1.BDOS.823504,MC 2019-0324,ALCALDIA MUNICIPAL FUSAGASUGA,Cundinamarca,Fusagasugá,Mínima cuantía,Obra,Seleccionado,19938702.0,16947927.0,9,1,Mes(es),2019-04-30,-2990775.0,-0.14999848034240143,0,30.0
CO1.BDOS.802235,SAMC-106 CENAC TOLEMAIDA-2019 (Manifestación de interés (Menor Cuantía)) (Presentación de oferta),CENAC TOLEMAIDA,Cundinamarca,Nilo,Selección Abreviada de Menor Cuantía,Obra,Seleccionado,327023352.0,327023352.0,5,8,Mes(es),2019-04-24,0.0,0.0,0,240.0
CO1.BDOS.801737,LP 2019-0303 (Fase de Selección (Presentación de ofertas)),ALCALDIA MUNICIPAL FUSAGASUGA,Cundinamarca,Fusagasugá,Licitación pública Obra Publica,Obra,Seleccionado,1334391345.0,1334072523.0,1,5,Mes(es),2019-04-22,-318822.0,-0.00023892690940677526,0,150.0
CO1.BDOS.790430,LP 2019-0294  (Fase de Selección (Presentación de ofertas)),ALCALDIA MUNICIPAL FUSAGASUGA,Cundinamarca,Fusagasugá,Licitación pública Obra Publica,Obra,Seleccionado,4738515338.0,4727251553.0,3,6,Mes(es),2019-04-22,-11263785.0,-0.0023770704949863347,0,180.0
CO1.BDOS.799201,PN ESSUM SA MC 011 2019 (Manifestación de interés (Menor Cuantía)) (Presentación de oferta),ESCUELA DE POLICIA DE PROVINCIA DE SUMAPAZ INTENDENTE MARITZA BONILLA RUIZ,Cundinamarca,Fusagasugá,Selección Abreviada de Menor Cuantía,Obra,Seleccionado,531732491.0,531732491.0,8,6,Mes(es),2019-04-17,0.0,0.0,0,180.0
CO1.BDOS.814175,MC-065DIADQ-CADCO-CENAC-TELEMÁTICA - 2019,CENTRAL ADMINISTRATIVA Y CONTABLE TELEMATICA,Cundinamarca,Facatativá,Mínima cuantía,Obra,Seleccionado,40276128.0,40276128.0,14,8,Mes(es),2019-04-12,0.0,0.0,0,240.0
CO1.BDOS.800737,LP 2019-0302 (Fase de Selección (Presentación de ofertas)),ALCALDIA MUNICIPAL FUSAGASUGA,Cundinamarca,Fusagasugá,Licitación pública Obra Publica,Obra,Seleccionado,3204426290.0,3201736493.0,1,5,Mes(es),2019-04-12,-2689797.0,-0.0008394004906257339,0,150.0
CO1.BDOS.790140,SA 2019-0295 (Manifestación de interés (Menor Cuantía)) (Presentación de oferta),ALCALDIA MUNICIPAL FUSAGASUGA,Cundinamarca,Fusagasugá,Selección Abreviada de Menor Cuantía,Obra,Seleccionado,250000000.0,250000000.0,1,4,Mes(es),2019-04-09,0.0,0.0,0,120.0
CO1.BDOS.807833,150-CENACINTELIGENCIA-2019,CENTRAL ADMINISTRATIVA Y CONTABLE ESPECIALIZADA INTELIGENCIA,Cundinamarca,No Definido,Mínima cuantía,Obra,Seleccionado,28909104.0,28860765.0,12,90,día(s),2019-04-06,-48339.0,-0.0016721030164061812,0,90.0
CO1.BDOS.806843,MC 2019-0311,ALCALDIA MUNICIPAL FUSAGASUGA,Cundinamarca,Fusagasugá,Mínima cuantía,Obra,Seleccionado,37263801.0,34655321.0,13,1,Mes(es),2019-04-05,-2608480.0,-0.07000037382123203,0,30.0
CO1.BDOS.791355,034-00-K-ESUFA-GRUAL-2019 (Manifestación de interés (Menor Cuantía)) (Presentación de oferta),ESCUELA DE SUBOFICIALES  FAC CT ANDRES M DIAZ,Cundinamarca,No Definido,Selección Abreviada de Menor Cuantía,Obra,Seleccionado,780000000.0,757883613.0,3,4,Mes(es),2019-04-04,-22116387.0,-0.028354342307692307,0,120.0
CO1.BDOS.805808,MC-041DIADQ-CADCO CENAC TELEMÁTICA-2019,CENTRAL ADMINISTRATIVA Y CONTABLE TELEMATICA,Cundinamarca,Facatativá,Mínima cuantía,Obra,Seleccionado,60000000.0,41382302.0,24,30,día(s),2019-04-03,-18617698.0,-0.31029496666666667,0,30.0
CO1.BDOS.779345,004-00-M-CAMAN-GRUAL-2019 (Manifestación de interés (Menor Cuantía)) (Presentación de oferta),COMANDO AEREO DE MANTENIMIENTO,Cundinamarca,Madrid,Selección Abreviada de Menor Cuantía,Obra,Seleccionado,737506845.0,717289482.0,4,80,día(s),2019-04-02,-20217363.0,-0.02741311912840619,0,80.0
CO1.BDOS.778263,031-00-K-ESUFA-GRUAL-2019 (Manifestación de interés (Menor Cuantía)) (Presentación de oferta),ESCUELA DE SUBOFICIALES  FAC CT ANDRES M DIAZ,Cundinamarca,No Definido,Selección Abreviada de Menor Cuantía,Obra,Seleccionado,245000000.0,226961297.0,6,3,Mes(es),2019-03-27,-18038703.0,-0.07362735918367347,0,90.0
CO1.BDOS.751643,SAMC_001 DE 2019 (Manifestación de interés (Menor Cuantía)) (Presentación de oferta),ALCALDIA ZIPACON,Cundinamarca,Zipacón,Selección Abreviada de Menor Cuantía,Obra,Seleccionado,82444519.0,82444519.0,1,3,Mes(es),2019-03-14,0.0,0.0,0,90.0
CO1.BDOS.631441,ESAL-007-2018,ALCALDIA MUNICIPAL DE GACHETA,Cundinamarca,Gachetá,Contratación Directa (con ofertas),Obra,Seleccionado,13800000.0,13764886.0,1,10,día(s),2018-12-12,-35114.0,-0.0025444927536231884,0,10.0
CO1.BDOS.622894,MC - 213 CENAC TOLEMAIDA - 2018,CENAC TOLEMAIDA,Cundinamarca,Nilo,Mínima cuantía,Obra,Seleccionado,78000000.0,67806780.0,1,10,día(s),2018-12-05,-10193220.0,-0.13068230769230768,0,10.0
CO1.BDOS.622197,MC - 212 CENAC TOLEMAIDA - 2018,CENAC TOLEMAIDA,Cundinamarca,Nilo,Mínima cuantía,Obra,Seleccionado,50291399.0,43527179.0,2,10,día(s),2018-12-05,-6764220.0,-0.13450053358030464,0,10.0
CO1.BDOS.611558,MC - 202 CENAC TOLEMAIDA - 2018,CENAC TOLEMAIDA,Cundinamarca,Nilo,Mínima cuantía,Obra,Seleccionado,78000000.0,77992953.0,8,15,día(s),2018-11-27,-7047.0,-9.034615384615384e-05,0,15.0
CO1.BDOS.582835,SAMC - 186 CENAC TOLEMAIDA - 2018 (Manifestación de interés (Menor Cuantía)) (Presentación de oferta),CENAC TOLEMAIDA,Cundinamarca,Nilo,Selección Abreviada de Menor Cuantía,Obra,Seleccionado,160000000.0,151172214.0,5,15,día(s),2018-11-15,-8827786.0,-0.0551736625,0,15.0
CO1.BDOS.580149,SAMC - 185 CENAC TOLEMAIDA - 2018 (Manifestación de interés (Menor Cuantía)) (Presentación de oferta),CENAC TOLEMAIDA,Cundinamarca,Nilo,Selección Abreviada de Menor Cuantía,Obra,Seleccionado,160000000.0,134470353.0,4,20,día(s),2018-11-14,-25529647.0,-0.15956029375,0,20.0
CO1.BDOS.576562,SAMC - 178 CENAC TOLEMAIDA - 2018 (Manifestación de interés (Menor Cuantía)) (Presentación de oferta),CENAC TOLEMAIDA,Cundinamarca,Nilo,Selección Abreviada de Menor Cuantía,Obra,Seleccionado,100000000.0,97979272.0,3,30,día(s),2018-11-13,-2020728.0,-0.02020728,0,30.0
CO1.BDOS.586386,MC - 190 CENAC TOLEMAIDA - 2018,CENAC TOLEMAIDA,Cundinamarca,Nilo,Mínima cuantía,Obra,Seleccionado,70959913.0,70949006.0,5,30,día(s),2018-11-01,-10907.0,-0.00015370650186676525,0,30.0
CO1.BDOS.585514,264-CENACINTELIGENCIA-2018,CENTRAL ADMINISTRATIVA Y CONTABLE ESPECIALIZADA INTELIGENCIA,Cundinamarca,No Definido,Mínima cuantía,Obra,Seleccionado,60000000.0,56141710.0,18,20,día(s),2018-10-31,-3858290.0,-0.06430483333333334,0,20.0
CO1.BDOS.577939,MC - 182 CENAC TOLEMAIDA - 2018,CENAC TOLEMAIDA,Cundinamarca,Nilo,Mínima cuantía,Obra,Seleccionado,76000000.0,75971354.0,9,20,día(s),2018-10-24,-28646.0,-0.00037692105263157895,0,20.0
CO1.BDOS.487036,061-00-K-ESUFA-GRUAL-2018 (Manifestación de interés (Menor Cuantía)) (Presentación de oferta),ESCUELA DE SUBOFICIALES  FAC CT ANDRES M DIAZ,Cundinamarca,No Definido,Selección Abreviada de Menor Cuantía,Obra,Seleccionado,220000000.0,213975203.0,4,2,Mes(es),2018-08-22,-6024797.0,-0.02738544090909091,0,60.0
CO1.BDOS.477917,194-CENACINTELIGENCIA-2018 (Manifestación de interés (Menor Cuantía)) (Presentación de oferta),CENTRAL ADMINISTRATIVA Y CONTABLE ESPECIALIZADA INTELIGENCIA,Cundinamarca,No Definido,Selección Abreviada de Menor Cuantía,Obra,Seleccionado,545657775.0,19597242.0,9,110,día(s),2018-08-13,-526060533.0,-0.964085104441149,0,110.0
CO1.BDOS.481942,050-00-K-ESUFA-GRUAL-2018 (Manifestación de interés (Menor Cuantía)) (Presentación de oferta),ESCUELA DE SUBOFICIALES  FAC CT ANDRES M DIAZ,Cundinamarca,No Definido,Selección Abreviada de Menor Cuantía,Obra,Seleccionado,241000000.0,234555540.0,8,75,día(s),2018-08-13,-6444460.0,-0.026740497925311205,0,75.0
CO1.BDOS.448826,PN ESJIM SA MC 003 2018 (Manifestación de interés (Menor Cuantía)) (Presentación de oferta),ESCUELA DE SUBOFICIALES Y NIVEL EJECUTIVO  GONZALO JIMENEZ DE QUESADA,Cundinamarca,Sibaté,Selección Abreviada de Menor Cuantía,Obra,Seleccionado,500000000.0,490025848.0,1,5,Mes(es),2018-07-06,-9974152.0,-0.019948304,0,150.0
CO1.BDOS.438055,184-CENACINTELIGENCIA-2018 (Manifestación de interés (Menor Cuantía)) (Presentación de oferta),CENTRAL ADMINISTRATIVA Y CONTABLE ESPECIALIZADA INTELIGENCIA,Cundinamarca,No Definido,Selección Abreviada de Menor Cuantía,Obra,Seleccionado,96615864.0,96615864.0,4,5,Mes(es),2018-06-28,0.0,0.0,0,150.0
CO1.BDOS.436010,SAMC N° 115 CENAC TOLEMAIDA 2018 (Manifestación de interés (Menor Cuantía)) (Presentación de oferta),CENAC TOLEMAIDA,Cundinamarca,Nilo,Selección Abreviada de Menor Cuantía,Obra,Seleccionado,150499799.0,146194634.0,2,60,día(s),2018-06-26,-4305165.0,-0.028605785712710486,0,60.0
CO1.BDOS.435258,SAMC 114 CENAC TOLEMAIDA 2018 (Manifestación de interés (Menor Cuantía)) (Presentación de oferta),CENAC TOLEMAIDA,Cundinamarca,Nilo,Selección Abreviada de Menor Cuantía,Obra,Seleccionado,541500000.0,541495544.0,5,3,Mes(es),2018-06-21,-4456.0,-8.22899353647276e-06,0,90.0
CO1.BDOS.427807,PN ESJIM SA MC 002 2018 (Manifestación de interés (Menor Cuantía)) (Presentación de oferta),ESCUELA DE SUBOFICIALES Y NIVEL EJECUTIVO  GONZALO JIMENEZ DE QUESADA,Cundinamarca,Sibaté,Selección Abreviada de Menor Cuantía,Obra,Seleccionado,738896104.0,88815543.0,7,150,día(s),2018-06-14,-650080561.0,-0.8797996869665454,0,150.0
CO1.BDOS.422703,SAMC - 101 - CENAC TOLEMAIDA - 2018 (Manifestación de interés (Menor Cuantía)) (Presentación de oferta),CENAC TOLEMAIDA,Cundinamarca,Nilo,Selección Abreviada de Menor Cuantía,Obra,Seleccionado,253576140.0,253576140.0,5,180,día(s),2018-06-05,0.0,0.0,0,180.0
CO1.BDOS.432076,MÍNIMA CUANTÍA N° 029- MDN-CGFM-DGSM-DMTOL-2018,DISPENSARIO MEDICO TOLEMAIDA.,Cundinamarca,Nilo,Mínima cuantía,Obra,Seleccionado,50000000.0,31999538.0,14,30,día(s),2018-05-31,-18000462.0,-0.36000924,0,30.0
CO1.BDOS.390460,MC- 068- DIADQ- CADCO- CENAC TELEMÁTICA- 2018,CENTRAL ADMINISTRATIVA Y CONTABLE TELEMATICA,Cundinamarca,Facatativá,Mínima cuantía,Obra,Seleccionado,47492575.0,47488472.0,25,60,día(s),2018-04-16,-4103.0,-8.639245187274011e-05,0,60.0
CO1.BDOS.374217,MC-062-DIADQ-CADCO-CENAC TELEMÁTICA-2018,CENTRAL ADMINISTRATIVA Y CONTABLE TELEMATICA,Cundinamarca,Facatativá,Mínima cuantía,Obra,Seleccionado,47305716.0,47305716.0,3,9,Mes(es),2018-03-14,0.0,0.0,0,270.0
CO1.BDOS.262950,MC - 502 - CENAC TOLEMAIDA - 2017,CENAC TOLEMAIDA,Cundinamarca,Nilo,Mínima cuantía,Obra,Seleccionado,60000000.0,47638380.0,4,10,día(s),2017-12-11,-12361620.0,-0.206027,0,10.0
CO1.BDOS.231604,113-00-M-CAMAN-GRUAL-2017,COMANDO AEREO DE MANTENIMIENTO,Cundinamarca,Madrid,Mínima cuantía,Obra,Seleccionado,7000000.0,6632700.0,4,3,Mes(es),2017-10-20,-367300.0,-0.05247142857142857,0,90.0
