id_del_portafolio,referencia_del_proceso,entidad,departamento_entidad,ciudad_entidad,modalidad_de_contratacion,tipo_de_contrato,estado_del_procedimiento,precio_base,valor_total_adjudicacion,proveedores_unicos_con,duracion,unidad_de_duracion,fecha_de_publicacion_del
CO1.BDOS.10090460,PN ESSUM SA MC 029 2026_5 (Presentación de oferta),ESCUELA DE POLICIA DE PROVINCIA DE SUMAPAZ INTENDENTE MARITZA BONILLA RUIZ,Cundinamarca,Fusagasugá,Selección Abreviada de Menor Cuantía,Obra,Seleccionado,624723361,308381400,8,45,día(s),
CO1.BDOS.10074073,SA-MC-005-2026 (Manifestación de interés (Menor Cuantía)) (Presentación de oferta),ALCALDIA MUNICIPAL DE SUESCA +,Cundinamarca,Suesca,Selección Abreviada de Menor Cuantía,Obra,Seleccionado,220000000,206800206,3,2,Mes(es),
CO1.BDOS.10124875,SAMC-005-2026 (Manifestación de interés (Menor Cuantía)) (Presentación de oferta),ALCALDIA DE SESQUILE,Cundinamarca,Sesquilé,Selección Abreviada de Menor Cuantía,Obra,Seleccionado,98631116,93437448,6,120,día(s),
CO1.BDOS.10163521,CQ-SAMC-010-2026 (Manifestación de interés (Menor Cuantía)) (Presentación de oferta),MUNICIPIO DE CAQUEZA,Cundinamarca,Caqueza,Selección Abreviada de Menor Cuantía,Obra,Seleccionado,100000000,99999993,2,1,Mes(es),
CO1.BDOS.10128723,SAMC.OP.002-2026 (Manifestación de interés (Menor Cuantía)) (Presentación de oferta),MUNICIPIO DE LA CALERA CUNDINAMARCA,Cundinamarca,La Calera,Selección Abreviada de Menor Cuantía,Obra,Seleccionado,350000000,331556511,5,30,día(s),
CO1.BDOS.10158964,SAMC-002-2026 (Manifestación de interés (Menor Cuantía)) (Presentación de oferta),MUNICIPIO DE LENGUAZAQUE,Cundinamarca,Lenguazaque,Selección Abreviada de Menor Cuantía,Obra,Seleccionado,200000000,200000000,1,2,Mes(es),
CO1.BDOS.10156720,MSIL-SAMC-012-2026 (Manifestación de interés (Menor Cuantía)) (Presentación de oferta),MUNICIPIO DE SILVANIA,Cundinamarca,Silvania,Selección Abreviada de Menor Cuantía,Obra,Seleccionado,247085339,247082233,1,4,Mes(es),
CO1.BDOS.10126131,PSACC-003-2026 (Manifestación de interés (Menor Cuantía)) (Presentación de oferta),ALCALDIA MUNICIPIO CARMEN DE CARUPA,Cundinamarca,No Definido,Selección Abreviada de Menor Cuantía,Obra,Seleccionado,200000000,200000000,2,0,día(s),
CO1.BDOS.10117016,PN ESSUM SA MC. 026 2026 (Manifestación de interés (Menor Cuantía)) (Presentación de oferta),ESCUELA DE POLICIA DE PROVINCIA DE SUMAPAZ INTENDENTE MARITZA BONILLA RUIZ,Cundinamarca,Fusagasugá,Selección Abreviada de Menor Cuantía,Obra,Seleccionado,2882230492,2777597674,4,6,Mes(es),
CO1.BDOS.10154912,SAMC 039-2026 (Manifestación de interés (Menor Cuantía)) (Presentación de oferta),MUNICIPIO DE ANAPOIMA/,Cundinamarca,No Definido,Selección Abreviada de Menor Cuantía,Obra,Seleccionado,153646036,153640325,3,2,Mes(es),
CO1.BDOS.10135743,SAMC-003-2026 (Manifestación de interés (Menor Cuantía)) (Presentación de oferta),ALCALDIA MUNICIPAL DE VIOTÁ,Cundinamarca,Viotá,Selección Abreviada de Menor Cuantía,Obra,Seleccionado,100000000,99993703,3,3,Mes(es),
CO1.BDOS.10103499,SAMC No 001-2026 (Manifestación de interés (Menor Cuantía)) (Presentación de oferta),EMPRESA SOCIAL DEL ESTADO HOSPITAL SAN FRANCISCO DE VIOTA,Cundinamarca,Viotá,Selección Abreviada de Menor Cuantía,Obra,Seleccionado,569343065,569335625,1,4,Mes(es),
CO1.BDOS.10173604,INVITACIÓN PÚBLICA DE OFERTAS,EMPRESAS PUBLICAS MUNICIPALES DE SIBATE S.C.A. E.S.P.,Cundinamarca,Sibaté,Contratación régimen especial (con ofertas),Obra,Seleccionado,318289474,317994834,0,4,Mes(es),
CO1.BDOS.10193737,MC 015-2026,ALCALDIA MUNICIPIO DE RICAURTE,Cundinamarca,Ricaurte,Mínima cuantía,Obra,Seleccionado,48620071,48573418,1,2,Mes(es),
CO1.BDOS.10173913,SAMC-CMC-CBA-003-2026 (Manifestación de interés (Menor Cuantía)) (Presentación de oferta),SENA REGIONAL CUNDINAMARCA Grupo Administrativo CBA,Cundinamarca,Mosquera,Selección Abreviada de Menor Cuantía,Obra,Seleccionado,427028339,69698776,1,7,Mes(es),
CO1.BDOS.10173230,SAMC-004-2026  (Manifestación de interés (Menor Cuantía)) (Presentación de oferta),MUNICIPIO DE LENGUAZAQUE,Cundinamarca,Lenguazaque,Selección Abreviada de Menor Cuantía,Obra,Seleccionado,100000000,100000000,1,2,Mes(es),
CO1.BDOS.9333148,SAMC-037-2025 (Manifestación de interés (Menor Cuantía)) (Presentación de oferta),MUNICIPIO DE COGUA,Cundinamarca,Cogua,Selección Abreviada de Menor Cuantía,Obra,Seleccionado,200000000,199975470,1,3,Mes(es),
CO1.BDOS.10165097,MC-027-2026,MUNICIPIO DE VILLAPINZON,Cundinamarca,Villapinzón,Mínima cuantía,Obra,Seleccionado,42000000,42000000,2,0,día(s),
CO1.BDOS.10152613,LP-004-2026 (Fase de Selección (Presentación de ofertas)),ALCALDIA MUNICIPAL DE GUADUAS,Cundinamarca,Guaduas,Licitación pública Obra Publica,Obra,Seleccionado,509592575,482649308,7,135,día(s),
CO1.BDOS.10116807,SAMC-009-2026 (Manifestación de interés (Menor Cuantía)) (Presentación de oferta),MUNICIPIO DE VILLAGÓMEZ*,Cundinamarca,Villagómez,Selección Abreviada de Menor Cuantía,Obra,Seleccionado,255000000,254868290,2,3,Mes(es),
CO1.BDOS.10090460,PN ESSUM SA MC 029 2026_5 (Presentación de oferta),ESCUELA DE POLICIA DE PROVINCIA DE SUMAPAZ INTENDENTE MARITZA BONILLA RUIZ,Cundinamarca,Fusagasugá,Selección Abreviada de Menor Cuantía,Obra,Seleccionado,624723361,316341961,8,45,día(s),
CO1.BDOS.10123852,SAMC-004-2026 (Manifestación de interés (Menor Cuantía)) (Presentación de oferta),ALCALDIA DE SESQUILE,Cundinamarca,Sesquilé,Selección Abreviada de Menor Cuantía,Obra,Seleccionado,100000000,94742618,3,120,día(s),
CO1.BDOS.10129519,SA-MC-004-2026 (Manifestación de interés (Menor Cuantía)) (Presentación de oferta),MUNICIPIO MANTA CUNDINAMARCA,Cundinamarca,Manta,Selección Abreviada de Menor Cuantía,Obra,Seleccionado,340000000,339119761,1,2,Mes(es),
CO1.BDOS.10130607,FACATATIVA-SA-003-26 (Manifestación de interés (Menor Cuantía)) (Presentación de oferta),ALCALDIA MUNICIPAL DE FACATATIVA,Cundinamarca,Facatativá,Selección Abreviada de Menor Cuantía,Obra,Seleccionado,337860978,337523373,1,0,día(s),
CO1.BDOS.10051793,SAMC-003-2026 (Manifestación de interés (Menor Cuantía)) (Presentación de oferta),ALCALDIA MUNICIPAL DE EL COLEGIO,Cundinamarca,El Colegio,Selección Abreviada de Menor Cuantía,Obra,Seleccionado,256217569,245209400,1,3,Mes(es),
CO1.BDOS.10144773,SAMC-010-2026 (Manifestación de interés (Menor Cuantía)) (Presentación de oferta),MUNICIPIO DE VILLAGÓMEZ*,Cundinamarca,Villagómez,Selección Abreviada de Menor Cuantía,Obra,Seleccionado,295000000,294996401,1,3,Mes(es),
CO1.BDOS.10112129,SAMC 029-2026 (Manifestación de interés (Menor Cuantía)) (Presentación de oferta),MUNICIPIO DE ANAPOIMA/,Cundinamarca,No Definido,Selección Abreviada de Menor Cuantía,Obra,Seleccionado,130000000,129978257,3,3,Mes(es),
CO1.BDOS.10193092,ID-MC-005-2026,"INSTITUTO MUNICIPAL PARA EL DEPORTE, LA RECREACIÓN, LA EDUCACIÓN Y LA EDUCACIÓN FÍSICA EXTRAESCOLAR",Cundinamarca,Villapinzón,Mínima cuantía,Obra,Seleccionado,21955103,21955103,1,2,Mes(es),
CO1.BDOS.10166533,SAMC-007-2026 (Manifestación de interés (Menor Cuantía)) (Presentación de oferta),MUNICIPIO DE VILLAPINZON,Cundinamarca,Villapinzón,Selección Abreviada de Menor Cuantía,Obra,Seleccionado,489288547,489280636,2,0,día(s),
CO1.BDOS.10050554,SAMC-002-2026 (Manifestación de interés (Menor Cuantía)) (Presentación de oferta),ALCALDIA MUNICIPAL DE EL COLEGIO,Cundinamarca,El Colegio,Selección Abreviada de Menor Cuantía,Obra,Seleccionado,291917886,291776178,1,3,Mes(es),
CO1.BDOS.10151819,SAMC-007-2025 (Manifestación de interés (Menor Cuantía)) (Presentación de oferta),MUNICIPIO DE GACHANCIPA,Cundinamarca,Gachancipá,Selección Abreviada de Menor Cuantía,Obra,Seleccionado,359723776,359634594,2,0,día(s),
CO1.BDOS.10166192,SAMC-006-2026 (Manifestación de interés (Menor Cuantía)) (Presentación de oferta),ALCALDIA DE SESQUILE,Cundinamarca,Sesquilé,Selección Abreviada de Menor Cuantía,Obra,Seleccionado,100000000,99999974,1,90,día(s),
CO1.BDOS.10135675,SAMC-004-2026 (Manifestación de interés (Menor Cuantía)) (Presentación de oferta),ALCALDIA MUNICIPAL DE VIOTÁ,Cundinamarca,Viotá,Selección Abreviada de Menor Cuantía,Obra,Seleccionado,100000000,99994119,2,3,Mes(es),
CO1.BDOS.10211890,ID-MC-007-2026,"INSTITUTO MUNICIPAL PARA EL DEPORTE, LA RECREACIÓN, LA EDUCACIÓN Y LA EDUCACIÓN FÍSICA EXTRAESCOLAR",Cundinamarca,Villapinzón,Mínima cuantía,Obra,Seleccionado,13998414,13998414,2,1,Mes(es),
CO1.BDOS.10157620,CQ-SAMC-009-DE 2026 (Manifestación de interés (Menor Cuantía)) (Presentación de oferta),MUNICIPIO DE CAQUEZA,Cundinamarca,Caqueza,Selección Abreviada de Menor Cuantía,Obra,Seleccionado,148149207,148144944,2,2,Mes(es),
CO1.BDOS.10133672,SAMC-002-2026 (Manifestación de interés (Menor Cuantía)) (Presentación de oferta),ALCALDIA MUNICIPAL DE VIOTÁ,Cundinamarca,Viotá,Selección Abreviada de Menor Cuantía,Obra,Seleccionado,100000000,94657917,4,3,Mes(es),
CO1.BDOS.10158686,SAMC-004-2026 (Manifestación de interés (Menor Cuantía)) (Presentación de oferta),MUNICIPIO DE AGUA DE DIOS,Cundinamarca,Agua De Dios,Selección Abreviada de Menor Cuantía,Obra,Seleccionado,350000000,349994748,1,0,día(s),
CO1.BDOS.10135680,SAMC-005-2026 (Manifestación de interés (Menor Cuantía)) (Presentación de oferta),ALCALDIA MUNICIPAL DE VIOTÁ,Cundinamarca,Viotá,Selección Abreviada de Menor Cuantía,Obra,Seleccionado,100000000,93699603,1,3,Mes(es),
CO1.BDOS.10132039,SA-MC-005-2026 (Manifestación de interés (Menor Cuantía)) (Presentación de oferta),MUNICIPIO MANTA CUNDINAMARCA,Cundinamarca,Manta,Selección Abreviada de Menor Cuantía,Obra,Seleccionado,75000000,74472798,1,2,Mes(es),
CO1.BDOS.10844548,PMC-041-2026,MUNICIPIO DE TIBIRITA,Cundinamarca,Tibirita,Mínima cuantía,Obra,Seleccionado,25000000,21680000,2,3,día(s),2026-09-11T00:00:00.000
CO1.BDOS.10825533,SMIN-024-2026,ALCALDIA MUNICIPIO DE ZIPAQUIRA,Cundinamarca,Zipaquirá,Mínima cuantía,Obra,Seleccionado,48000000,47999961,1,2,Mes(es),2026-09-09T00:00:00.000
CO1.BDOS.10821148,MP-MC-013-2026,MUNICIPIO DE PANDI,Cundinamarca,No Definido,Mínima cuantía,Obra,Seleccionado,38985298,37493433,2,90,día(s),2026-09-08T00:00:00.000
CO1.BDOS.10694407,SAMC-017-2026 (Manifestación de interés (Menor Cuantía)) (Presentación de oferta),ALCALDIA DE SESQUILE,Cundinamarca,Sesquilé,Selección Abreviada de Menor Cuantía,Obra,Abierto,163675687,155682163,1,90,día(s),2026-09-07T00:00:00.000
CO1.BDOS.10443371,AMS-SAMC007-2026 (Manifestación de interés (Menor Cuantía)) (Presentación de oferta),MUNICIPIO DE SUBACHOQUE,Cundinamarca,Subachoque,Selección Abreviada de Menor Cuantía,Obra,Seleccionado,131681473,131681346,1,4,Mes(es),2026-09-03T00:00:00.000
CO1.BDOS.10789612,MC-032-2026,MUNICIPIO DE MACHETA,Cundinamarca,Macheta,Mínima cuantía,Obra,Seleccionado,34253389,34253389,1,1,Mes(es),2026-09-02T00:00:00.000
CO1.BDOS.10714350,SA-MC-009-2026 (Manifestación de interés (Menor Cuantía)) (Presentación de oferta),MUNICIPIO MANTA CUNDINAMARCA,Cundinamarca,Manta,Selección Abreviada de Menor Cuantía,Obra,Seleccionado,225774881,225772623,3,2,Mes(es),2026-09-02T00:00:00.000
CO1.BDOS.10770556,RE-04-2026,INSTITUCION EDUCATIVA DEPARTAMENTAL FRANCISCO JULIAN OLAYA,Cundinamarca,La Mesa,Contratación régimen especial (con ofertas),Obra,Abierto,29551166,28922354,3,30,día(s),2026-09-01T00:00:00.000
CO1.BDOS.10317881,SAMC 012-2026 (Manifestación de interés (Menor Cuantía)) (Presentación de oferta),ALCALDIA MUNICIPIO DE NOCAIMA,Cundinamarca,Nocaima,Selección Abreviada de Menor Cuantía,Obra,Abierto,489851148,489579240,1,4,Mes(es),2026-09-01T00:00:00.000
CO1.BDOS.10752903,CD-116-CENAC TELEMÁTICA-2026,CENTRAL ADMINISTRATIVA Y CONTABLE TELEMATICA,Cundinamarca,Facatativá,Contratación Directa (con ofertas),Obra,Seleccionado,238050395,238050395,1,0,día(s),2026-09-01T00:00:00.000
CO1.BDOS.10616086,SAMC-008-2026 (Manifestación de interés (Menor Cuantía)) (Presentación de oferta),ALCALDIA MUNICIPIO DE ZIPAQUIRA,Cundinamarca,Zipaquirá,Selección Abreviada de Menor Cuantía,Obra,Seleccionado,310921130,310921130,1,119,día(s),2026-08-26T00:00:00.000
CO1.BDOS.10616086,SAMC-008-2026 (Manifestación de interés (Menor Cuantía)) (Presentación de oferta),ALCALDIA MUNICIPIO DE ZIPAQUIRA,Cundinamarca,Zipaquirá,Selección Abreviada de Menor Cuantía,Obra,Seleccionado,310921130,310921130,1,119,día(s),2026-08-26T00:00:00.000
CO1.BDOS.10732929,MC-015-2026,MUNICIPIO DE SAN FRANCISCO,Cundinamarca,San Francisco,Mínima cuantía,Obra,Seleccionado,41511868,39734010,4,1,Mes(es),2026-08-25T00:00:00.000
CO1.BDOS.10732929,MC-015-2026,MUNICIPIO DE SAN FRANCISCO,Cundinamarca,San Francisco,Mínima cuantía,Obra,Seleccionado,41511868,39734010,4,1,Mes(es),2026-08-25T00:00:00.000
CO1.BDOS.10623151,SAMC-016-2026 (Manifestación de interés (Menor Cuantía)) (Presentación de oferta),MUNICIPIO DE VILLAGÓMEZ*,Cundinamarca,Villagómez,Selección Abreviada de Menor Cuantía,Obra,Seleccionado,152000000,151938254,2,3,Mes(es),2026-08-21T00:00:00.000
CO1.BDOS.10712028,MC 2026-0624,ALCALDIA MUNICIPAL FUSAGASUGA,Cundinamarca,Fusagasugá,Mínima cuantía,Obra,Seleccionado,28571420,24428564,2,3,Mes(es),2026-08-21T00:00:00.000
CO1.BDOS.10613570,FTIC-SAMC-016-2026 (Manifestación de interés (Menor Cuantía)) (Presentación de oferta),ALCALDÍA MUNICIPAL DE SASAIMA,Cundinamarca,Sasaima,Selección Abreviada de Menor Cuantía,Obra,Seleccionado,490000000,489946423,2,0,día(s),2026-08-21T00:00:00.000
CO1.BDOS.10631103,SAMC-022-2026 (Manifestación de interés (Menor Cuantía)) (Presentación de oferta),ALCALDIA MUNICIPIO DE CAJICA,Cundinamarca,Cajicá,Selección Abreviada de Menor Cuantía,Obra,Seleccionado,509471934,476356249,2,4,Mes(es),2026-08-20T00:00:00.000
CO1.BDOS.10625403,SAMC-013-2026 (Manifestación de interés (Menor Cuantía)) (Presentación de oferta),MUNICIPIO DE LA CALERA CUNDINAMARCA,Cundinamarca,La Calera,Selección Abreviada de Menor Cuantía,Obra,Seleccionado,169037038,157246980,3,2,Mes(es),2026-08-19T00:00:00.000
CO1.BDOS.10575616,SAMC-014-2026 (Manifestación de interés (Menor Cuantía)) (Presentación de oferta),MUNICIPIO DE COGUA,Cundinamarca,Cogua,Selección Abreviada de Menor Cuantía,Obra,Seleccionado,161150400,161149728,1,3,Mes(es),2026-08-19T00:00:00.000
CO1.BDOS.10618315,SAMC-017-2026 (Manifestación de interés (Menor Cuantía)) (Presentación de oferta),MUNICIPIO DE VILLAPINZON,Cundinamarca,Villapinzón,Selección Abreviada de Menor Cuantía,Obra,Seleccionado,70202289,70202289,2,2,Mes(es),2026-08-19T00:00:00.000
CO1.BDOS.10565366,SAMC 008-2026 (Manifestación de interés (Menor Cuantía)) (Presentación de oferta),ALCALDIA MUNICIPAL DE GUASCA,Cundinamarca,Guasca,Selección Abreviada de Menor Cuantía,Obra,Seleccionado,340521836,340521836,1,4,Mes(es),2026-08-18T00:00:00.000
CO1.BDOS.10685013,MIC-SP-003-2026,MUNICIPIO DE SIBATE,Cundinamarca,Sibaté,Mínima cuantía,Obra,Seleccionado,11035699,9853310,2,2,Mes(es),2026-08-18T00:00:00.000
CO1.BDOS.10575703,SAMC-009-2026 (Manifestación de interés (Menor Cuantía)) (Presentación de oferta),MUNICIPIO DE SAN FRANCISCO,Cundinamarca,San Francisco,Selección Abreviada de Menor Cuantía,Obra,Seleccionado,434904387,434898324,2,3,Mes(es),2026-08-13T00:00:00.000
CO1.BDOS.10517683,LP-002-2026 (Fase de Selección (Presentación de ofertas)),ALCALDIA MUNICIPAL DE EL COLEGIO,Cundinamarca,El Colegio,Licitación pública Obra Publica,Obra,Seleccionado,4635454545,4343525473,2,6,Mes(es),2026-08-11T00:00:00.000
CO1.BDOS.10604801,CD-CI-133-2026,ALCALDIA MUNICIPIO DE NOCAIMA,Cundinamarca,Nocaima,Contratación Directa (con ofertas),Obra,Seleccionado,49893739,49893739,1,5,Mes(es),2026-08-11T00:00:00.000
CO1.BDOS.10641462,MIC-065-2026,Alcaldía Municipal de Gachalá,Cundinamarca,Gachala,Mínima cuantía,Obra,Seleccionado,35000000,34999328,1,4,Mes(es),2026-08-10T00:00:00.000
CO1.BDOS.10529363,SAMC-011-2026 (Manifestación de interés (Menor Cuantía)) (Presentación de oferta),ALCALDIA DE TABIO,Cundinamarca,Tabio,Selección Abreviada de Menor Cuantía,Obra,Seleccionado,299979365,299451798,3,120,día(s),2026-08-10T00:00:00.000
CO1.BDOS.10547424,SAMC-004-2026 (Manifestación de interés (Menor Cuantía)) (Presentación de oferta),MUNICIPIO DE TIBIRITA,Cundinamarca,Tibirita,Selección Abreviada de Menor Cuantía,Obra,Seleccionado,292144635,288600919,1,5,Mes(es),2026-08-10T00:00:00.000
CO1.BDOS.10612230,MC-057-2026,ALCALDIA MUNICIPAL DE GUADUAS,Cundinamarca,Guaduas,Mínima cuantía,Obra,Seleccionado,8291160,8125388,1,1,Mes(es),2026-08-06T00:00:00.000
CO1.BDOS.10473251,LP-002-2026 (Fase de Selección (Presentación de ofertas)),MUNICIPIO DE APULO,Cundinamarca,Apulo,Licitación pública Obra Publica,Obra,Seleccionado,667086554,660646958,1,3,Mes(es),2026-08-04T00:00:00.000
CO1.BDOS.10274893,FTIC-SAMC-005-2026. (Manifestación de interés (Menor Cuantía)) (Presentación de oferta),ALCALDÍA MUNICIPAL DE SASAIMA,Cundinamarca,Sasaima,Selección Abreviada de Menor Cuantía,Obra,Seleccionado,280000000,279900000,1,0,día(s),2026-08-04T00:00:00.000
CO1.BDOS.10508182,SAMC-SI-017-2026 (Manifestación de interés (Menor Cuantía)) (Presentación de oferta),MUNICIPIO DE SIBATE,Cundinamarca,Sibaté,Selección Abreviada de Menor Cuantía,Obra,Seleccionado,300000000,280445999,7,115,día(s),2026-08-04T00:00:00.000
CO1.BDOS.10373868,SAMC 019-2026 (Manifestación de interés (Menor Cuantía)) (Presentación de oferta),ALCALDIA MUNICIPAL DE GIRARDOT,Cundinamarca,Girardot,Selección Abreviada de Menor Cuantía,Obra,Seleccionado,780907725,780886574,1,2,Mes(es),2026-08-04T00:00:00.000
CO1.BDOS.10320839,LP-011-2026 (Fase de Selección (Presentación de ofertas)),ALCALDIA MUNICIPAL DE GUADUAS,Cundinamarca,Guaduas,Licitación pública Obra Publica,Obra,Seleccionado,969663073,911483281,21,5,Mes(es),2026-08-03T00:00:00.000
CO1.BDOS.10457707,SAMC-022-2026 (Manifestación de interés (Menor Cuantía)) (Presentación de oferta),MUNICIPIO DE UBATE,Cundinamarca,Villa De San Diego De Ubate,Selección Abreviada de Menor Cuantía,Obra,Seleccionado,112688332,112686887,1,1,Mes(es),2026-08-03T00:00:00.000
CO1.BDOS.10598738,MC 2026-0573,ALCALDIA MUNICIPAL FUSAGASUGA,Cundinamarca,Fusagasugá,Mínima cuantía,Obra,Seleccionado,75029239,70527485,2,3,Mes(es),2026-08-03T00:00:00.000
CO1.BDOS.10587540,SMC-OP-014-2026,MUNICIPIO DE LA CALERA CUNDINAMARCA,Cundinamarca,La Calera,Mínima cuantía,Obra,Seleccionado,37000000,32971423,2,1,Mes(es),2026-07-31T00:00:00.000
CO1.BDOS.10514917,SAMC-008-2026 (Manifestación de interés (Menor Cuantía)) (Presentación de oferta),MUNICIPIO DE SAN FRANCISCO,Cundinamarca,San Francisco,Selección Abreviada de Menor Cuantía,Obra,Seleccionado,444725308,444723642,2,3,Mes(es),2026-07-31T00:00:00.000
CO1.BDOS.10488597,SAMC 004-2026 (Manifestación de interés (Menor Cuantía)) (Presentación de oferta),MUNICIPIO DE APULO,Cundinamarca,Apulo,Selección Abreviada de Menor Cuantía,Obra,Seleccionado,100000000,99785959,2,2,Mes(es),2026-07-30T00:00:00.000
CO1.BDOS.10488527,SAMC 003-2026 (Manifestación de interés (Menor Cuantía)) (Presentación de oferta),MUNICIPIO DE APULO,Cundinamarca,Apulo,Selección Abreviada de Menor Cuantía,Obra,Seleccionado,100000000,99941874,1,2,Mes(es),2026-07-30T00:00:00.000
CO1.BDOS.10476093,ALSAT SAMC 010-2026 (Manifestación de interés (Menor Cuantía)) (Presentación de oferta),MUNICIPIO DE SAN ANTONIO DEL TEQUENDAMA,Cundinamarca,San Antonio Del Tequendama,Selección Abreviada de Menor Cuantía,Obra,Seleccionado,489398858,489296361,1,3,Mes(es),2026-07-30T00:00:00.000
CO1.BDOS.10457520,SA-MC-010-2026 (Manifestación de interés (Menor Cuantía)) (Presentación de oferta),Alcaldía Municipal de Gachalá,Cundinamarca,Gachala,Selección Abreviada de Menor Cuantía,Obra,Seleccionado,206981260,206785588,1,6,Mes(es),2026-07-30T00:00:00.000
CO1.BDOS.10457520,SA-MC-010-2026 (Manifestación de interés (Menor Cuantía)) (Presentación de oferta),Alcaldía Municipal de Gachalá,Cundinamarca,Gachala,Selección Abreviada de Menor Cuantía,Obra,Seleccionado,206981260,206785588,1,6,Mes(es),2026-07-30T00:00:00.000
CO1.BDOS.10447566,SAMC-006-2026 (Manifestación de interés (Menor Cuantía)) (Presentación de oferta),MUNICIPIO DE MACHETA,Cundinamarca,Macheta,Selección Abreviada de Menor Cuantía,Obra,Seleccionado,475880768,468460557,1,60,día(s),2026-07-29T00:00:00.000
CO1.BDOS.10568127,PMC-030-2026,MUNICIPIO DE TIBIRITA,Cundinamarca,Tibirita,Mínima cuantía,Obra,Seleccionado,29998680,19999727,7,2,Mes(es),2026-07-29T00:00:00.000
CO1.BDOS.10560459,SMC-034-2026,MUNICIPIO DE GACHANCIPA,Cundinamarca,Gachancipá,Mínima cuantía,Obra,Seleccionado,34239773,34239712,1,0,día(s),2026-07-28T00:00:00.000
CO1.BDOS.10438470,SAMC 015-2026 (Manifestación de interés (Menor Cuantía)) (Presentación de oferta),ALCALDIA MUNICIPIO DE NOCAIMA,Cundinamarca,Nocaima,Selección Abreviada de Menor Cuantía,Obra,Seleccionado,432533337,432449528,3,4,Mes(es),2026-07-28T00:00:00.000
CO1.BDOS.10555509,MIC-SI-005-2026,MUNICIPIO DE SIBATE,Cundinamarca,Sibaté,Mínima cuantía,Obra,Seleccionado,49025000,41964259,8,2,Mes(es),2026-07-28T00:00:00.000
CO1.BDOS.10456920,SAMC-003-2026 (Manifestación de interés (Menor Cuantía)) (Presentación de oferta),MUNICIPIO DE TIBIRITA,Cundinamarca,Tibirita,Selección Abreviada de Menor Cuantía,Obra,Seleccionado,200000000,196999829,3,3,Mes(es),2026-07-28T00:00:00.000
CO1.BDOS.10381226,MP-MC-010-2026_1,MUNICIPIO DE PANDI,Cundinamarca,No Definido,Mínima cuantía,Obra,Seleccionado,48979967,47076648,6,60,día(s),2026-07-27T00:00:00.000
CO1.BDOS.10431360,SAMC 2026-0547 (Manifestación de interés (Menor Cuantía)) (Presentación de oferta),ALCALDIA MUNICIPAL FUSAGASUGA,Cundinamarca,Fusagasugá,Selección Abreviada de Menor Cuantía,Obra,Seleccionado,281706060,269027631,2,5,Mes(es),2026-07-27T00:00:00.000
CO1.BDOS.10432175,SAMC 2026-0548 (Manifestación de interés (Menor Cuantía)) (Presentación de oferta),ALCALDIA MUNICIPAL FUSAGASUGA,Cundinamarca,Fusagasugá,Selección Abreviada de Menor Cuantía,Obra,Seleccionado,153543130,146172932,3,45,día(s),2026-07-27T00:00:00.000
CO1.BDOS.10404309,SAMC 015-2026 ALC-GTA (Manifestación de interés (Menor Cuantía)) (Presentación de oferta),MUNICIPIO DE GUACHETÁ,Cundinamarca,Guachetá,Selección Abreviada de Menor Cuantía,Obra,Seleccionado,144687400,143352950,1,1,Mes(es),2026-07-24T00:00:00.000
CO1.BDOS.10431782,SAMC-021-2026 (Manifestación de interés (Menor Cuantía)) (Presentación de oferta),ALCALDIA MUNICIPIO DE CAJICA,Cundinamarca,Cajicá,Selección Abreviada de Menor Cuantía,Obra,Seleccionado,219636428,202622685,2,50,día(s),2026-07-24T00:00:00.000
CO1.BDOS.10396307,LP-SI-006-2026 (Fase de Selección (Presentación de ofertas)),MUNICIPIO DE SIBATE,Cundinamarca,Sibaté,Licitación pública Obra Publica,Obra,Seleccionado,2509106159,2361825363,21,130,día(s),2026-07-22T00:00:00.000
CO1.BDOS.10481785,CQ-MC-021-2026,MUNICIPIO DE CAQUEZA,Cundinamarca,Caqueza,Mínima cuantía,Obra,Seleccionado,49000000,49000000,1,5,Mes(es),2026-07-21T00:00:00.000
CO1.BDOS.10358181,SAMC 004-2026  (Manifestación de interés (Menor Cuantía)) (Presentación de oferta),ALCALDIA MUNICIPAL DE GUASCA,Cundinamarca,Guasca,Selección Abreviada de Menor Cuantía,Obra,Seleccionado,120000000,119997600,1,6,Mes(es),2026-07-21T00:00:00.000
CO1.BDOS.10410602,SA-MC-001-2026 (Manifestación de interés (Menor Cuantía)) (Presentación de oferta),INSTITUTO MUNICIPAL DE VIVIENDA DE INTERÉS SOCIAL CAJICA,Cundinamarca,Cajicá,Selección Abreviada de Menor Cuantía,Obra,Seleccionado,446104112,446102820,1,3,Mes(es),2026-07-21T00:00:00.000
CO1.BDOS.10385214,SAMC-007 -2026 (Manifestación de interés (Menor Cuantía)) (Presentación de oferta),ALCALDIA MUNICIPAL DE GUASCA,Cundinamarca,Guasca,Selección Abreviada de Menor Cuantía,Obra,Seleccionado,232592686,232589202,1,4,Mes(es),2026-07-21T00:00:00.000
CO1.BDOS.10514460,MIC-064-2026,Alcaldía Municipal de Gachalá,Cundinamarca,Gachala,Mínima cuantía,Obra,Seleccionado,49000000,49000000,1,3,Mes(es),2026-07-21T00:00:00.000
CO1.BDOS.10379826,SAMC 2026-0540 (Manifestación de interés (Menor Cuantía)) (Presentación de oferta),ALCALDIA MUNICIPAL FUSAGASUGA,Cundinamarca,Fusagasugá,Selección Abreviada de Menor Cuantía,Obra,Seleccionado,247306304,236786634,4,4,Mes(es),2026-07-17T00:00:00.000
CO1.BDOS.10405072,ALSAT SAMC 009-2026 (Manifestación de interés (Menor Cuantía)) (Presentación de oferta),MUNICIPIO DE SAN ANTONIO DEL TEQUENDAMA,Cundinamarca,San Antonio Del Tequendama,Selección Abreviada de Menor Cuantía,Obra,Seleccionado,200000000,199991047,1,2,Mes(es),2026-07-16T00:00:00.000
CO1.BDOS.10489941,ESAL 007-2026,ALCALDÍA MUNICIPAL DE NILO,Cundinamarca,Nilo,Contratación Directa (con ofertas),Obra,Seleccionado,642840000,642840000,1,6,Mes(es),2026-07-16T00:00:00.000
CO1.BDOS.10377432,LP-010-2026 (Fase de Selección (Presentación de ofertas)),ALCALDIA MUNICIPAL DE GUADUAS,Cundinamarca,Guaduas,Licitación pública Obra Publica,Obra,Seleccionado,2398867283,2237106744,34,5,Mes(es),2026-07-15T00:00:00.000
CO1.BDOS.10378397,SAMC. 009-026 (Manifestación de interés (Menor Cuantía)) (Presentación de oferta),ALCALDIA MUNICIPAL DE BOJACA,Cundinamarca,Bojacá,Selección Abreviada de Menor Cuantía,Obra,Seleccionado,250000000,249996492,2,5,Mes(es),2026-07-15T00:00:00.000
CO1.BDOS.10378397,SAMC. 009-026 (Manifestación de interés (Menor Cuantía)) (Presentación de oferta),ALCALDIA MUNICIPAL DE BOJACA,Cundinamarca,Bojacá,Selección Abreviada de Menor Cuantía,Obra,Seleccionado,250000000,249996492,2,5,Mes(es),2026-07-15T00:00:00.000
CO1.BDOS.10457344,MC-052-2026,MUNICIPIO DE VILLAPINZON,Cundinamarca,Villapinzón,Mínima cuantía,Obra,Seleccionado,48995569,48995569,1,2,Mes(es),2026-07-14T00:00:00.000
CO1.BDOS.10367414,SA-012 - 2026 (Manifestación de interés (Menor Cuantía)) (Presentación de oferta),MUNICIPIO DE LA MESA,Cundinamarca,La Mesa,Selección Abreviada de Menor Cuantía,Obra,Seleccionado,425683495,425680126,1,2,Mes(es),2026-07-14T00:00:00.000
CO1.BDOS.10367338,SAMC-019-2026 (Manifestación de interés (Menor Cuantía)) (Presentación de oferta),MUNICIPIO DE PACHO,Cundinamarca,Pacho,Selección Abreviada de Menor Cuantía,Obra,Seleccionado,100000000,99976236,1,3,Mes(es),2026-07-14T00:00:00.000
CO1.BDOS.10380872,SAMC-011-2026 (Manifestación de interés (Menor Cuantía)) (Presentación de oferta),ALCALDÍA MUNICIPAL COTA,Cundinamarca,Cota,Selección Abreviada de Menor Cuantía,Obra,Seleccionado,375960770,370165886,3,5,Mes(es),2026-07-10T00:00:00.000
CO1.BDOS.10341536,SAMC-018-2026 (Manifestación de interés (Menor Cuantía)) (Presentación de oferta),MUNICIPIO DE PACHO,Cundinamarca,Pacho,Selección Abreviada de Menor Cuantía,Obra,Seleccionado,300000000,299928708,1,3,Mes(es),2026-07-08T00:00:00.000
CO1.BDOS.10326952,SAMC-016-2026 (Manifestación de interés (Menor Cuantía)) (Presentación de oferta),MUNICIPIO DE PACHO,Cundinamarca,Pacho,Selección Abreviada de Menor Cuantía,Obra,Seleccionado,393079000,392985589,1,3,Mes(es),2026-07-07T00:00:00.000
CO1.BDOS.10327057,SAMC-017-2026 (Manifestación de interés (Menor Cuantía)) (Presentación de oferta),MUNICIPIO DE PACHO,Cundinamarca,Pacho,Selección Abreviada de Menor Cuantía,Obra,Seleccionado,366158000,366077430,1,3,Mes(es),2026-07-07T00:00:00.000
CO1.BDOS.10335887,SAMC 007-2026 (Manifestación de interés (Menor Cuantía)) (Presentación de oferta),ALCALDIA MUNICIPIO DE RICAURTE,Cundinamarca,Ricaurte,Selección Abreviada de Menor Cuantía,Obra,Seleccionado,125263798,125262242,1,1,Mes(es),2026-07-06T00:00:00.000
CO1.BDOS.10427625,IPMC-008 -2026,MUNICIPIO DE COGUA,Cundinamarca,Cogua,Mínima cuantía,Obra,Seleccionado,49000000,48936151,1,2,Mes(es),2026-07-06T00:00:00.000
CO1.BDOS.10422673,MC-049-2026,MUNICIPIO DE VILLAPINZON,Cundinamarca,Villapinzón,Mínima cuantía,Obra,Seleccionado,49019337,49019337,3,0,día(s),2026-07-06T00:00:00.000
CO1.BDOS.10422673,MC-049-2026,MUNICIPIO DE VILLAPINZON,Cundinamarca,Villapinzón,Mínima cuantía,Obra,Seleccionado,49019337,49019337,3,0,día(s),2026-07-06T00:00:00.000
CO1.BDOS.10350401,SAMC-003-2026 (Manifestación de interés (Menor Cuantía)) (Presentación de oferta),ALCALDIA MUNICIPAL DE GUASCA,Cundinamarca,Guasca,Selección Abreviada de Menor Cuantía,Obra,Seleccionado,411358633,411358633,1,4,Mes(es),2026-07-06T00:00:00.000
CO1.BDOS.10327899,LP-001-2026 (Fase de Selección (Presentación de ofertas)),MUNICIPIO DE APULO,Cundinamarca,Apulo,Licitación pública Obra Publica,Obra,Seleccionado,7909090909,7909090909,6,12,Mes(es),2026-07-02T00:00:00.000
CO1.BDOS.10359934,SAMC-020-2026 (Manifestación de interés (Menor Cuantía)) (Presentación de oferta),ALCALDIA MUNICIPIO DE CAJICA,Cundinamarca,Cajicá,Selección Abreviada de Menor Cuantía,Obra,Seleccionado,128964201,127943978,1,5,Mes(es),2026-07-02T00:00:00.000
CO1.BDOS.10351328,LP-009-2026 (Fase de Selección (Presentación de ofertas)),ALCALDIA MUNICIPAL DE GUADUAS,Cundinamarca,Guaduas,Licitación pública Obra Publica,Obra,Seleccionado,1125158736,944008179,71,4,Mes(es),2026-07-02T00:00:00.000
CO1.BDOS.10267255,SA-AMS-2026-0005 (Manifestación de interés (Menor Cuantía)) (Presentación de oferta),ALCALDÍA MUNICIPAL DE SOPO,Cundinamarca,Sopó,Selección Abreviada de Menor Cuantía,Obra,Seleccionado,240000000,239847838,2,5,Mes(es),2026-07-02T00:00:00.000
CO1.BDOS.10109288,LP-001-2026 (Fase de Selección (Presentación de ofertas)),Alcaldía Municipal de Gachalá,Cundinamarca,Gachala,Licitación pública Obra Publica,Obra,Seleccionado,1272727272,1272727272,5,0,día(s),2026-07-01T00:00:00.000
CO1.BDOS.10340391,SAMC-017-2026 (Manifestación de interés (Menor Cuantía)) (Presentación de oferta),ALCALDIA MUNICIPIO DE CAJICA,Cundinamarca,Cajicá,Selección Abreviada de Menor Cuantía,Obra,Seleccionado,189813793,175753512,2,43,día(s),2026-07-01T00:00:00.000
CO1.BDOS.10334231,SAMC 002-2026 (Manifestación de interés (Menor Cuantía)) (Presentación de oferta),MUNICIPIO DE APULO,Cundinamarca,Apulo,Selección Abreviada de Menor Cuantía,Obra,Seleccionado,100000000,99651342,1,2,Mes(es),2026-06-30T00:00:00.000
CO1.BDOS.10393016,MC-CMC-CBA-016-2026,SENA REGIONAL CUNDINAMARCA Grupo Administrativo CBA,Cundinamarca,Mosquera,Mínima cuantía,Obra,Seleccionado,52537689,52228360,4,45,día(s),2026-06-30T00:00:00.000
CO1.BDOS.10392783,MC 020-2026,ALCALDIA MUNICIPIO DE RICAURTE,Cundinamarca,Ricaurte,Mínima cuantía,Obra,Seleccionado,49012360,48972241,1,1,Mes(es),2026-06-30T00:00:00.000
CO1.BDOS.10100676,SAMC-004-2026 (Manifestación de interés (Menor Cuantía)) (Presentación de oferta),ALCALDIA MUNICIPAL DE CHIA,Cundinamarca,Chía,Selección Abreviada de Menor Cuantía,Obra,Seleccionado,682000000,682000000,5,7,Mes(es),2026-06-30T00:00:00.000
CO1.BDOS.10340657,SAMC-002-2026 (Manifestación de interés (Menor Cuantía)) (Presentación de oferta),ALCALDIA MUNICIPAL DE GUASCA,Cundinamarca,Guasca,Selección Abreviada de Menor Cuantía,Obra,Seleccionado,110228926,110007732,1,4,Mes(es),2026-06-30T00:00:00.000
CO1.BDOS.10346306,SAMC-016-2026 (Manifestación de interés (Menor Cuantía)) (Presentación de oferta),MUNICIPIO DE VILLAPINZON,Cundinamarca,Villapinzón,Selección Abreviada de Menor Cuantía,Obra,Seleccionado,99773000,99699278,2,2,Mes(es),2026-06-26T00:00:00.000
CO1.BDOS.10305437,SAMC-017-2026 (Manifestación de interés (Menor Cuantía)) (Presentación de oferta),MUNICIPIO DE UBATE,Cundinamarca,Villa De San Diego De Ubate,Selección Abreviada de Menor Cuantía,Obra,Seleccionado,400000000,399994520,2,2,Mes(es),2026-06-26T00:00:00.000
CO1.BDOS.10312965,SAMC-008-2026 (Manifestación de interés (Menor Cuantía)) (Presentación de oferta),ALCALDIA MUNICIPAL DE VIOTÁ,Cundinamarca,Viotá,Selección Abreviada de Menor Cuantía,Obra,Seleccionado,391779199,391498301,2,4,Mes(es),2026-06-24T00:00:00.000
CO1.BDOS.10317460,LP-007-2026 (Fase de Selección (Presentación de ofertas)),ALCALDIA MUNICIPAL DE GUADUAS,Cundinamarca,Guaduas,Licitación pública Obra Publica,Obra,Seleccionado,2420000000,2253519908,40,5,Mes(es),2026-06-24T00:00:00.000
CO1.BDOS.10322672,LP-008-2026 (Fase de Selección (Presentación de ofertas)),ALCALDIA MUNICIPAL DE GUADUAS,Cundinamarca,Guaduas,Licitación pública Obra Publica,Obra,Seleccionado,2351352173,2205709313,13,5,Mes(es),2026-06-24T00:00:00.000
CO1.BDOS.10316085,SAMC-CMC-CBA-008-2026 (Manifestación de interés (Menor Cuantía)) (Presentación de oferta),SENA REGIONAL CUNDINAMARCA Grupo Administrativo CBA,Cundinamarca,Mosquera,Selección Abreviada de Menor Cuantía,Obra,Seleccionado,578269354,341041868,1,5,Mes(es),2026-06-23T00:00:00.000
CO1.BDOS.10316085,SAMC-CMC-CBA-008-2026 (Manifestación de interés (Menor Cuantía)) (Presentación de oferta),SENA REGIONAL CUNDINAMARCA Grupo Administrativo CBA,Cundinamarca,Mosquera,Selección Abreviada de Menor Cuantía,Obra,Seleccionado,578269354,106185561,1,5,Mes(es),2026-06-23T00:00:00.000
CO1.BDOS.10255726,027-00-K-ESUFA-GRUAL-2026  (Manifestación de interés (Menor Cuantía)) (Presentación de oferta),ESCUELA DE SUBOFICIALES  FAC CT ANDRES M DIAZ,Cundinamarca,No Definido,Selección Abreviada de Menor Cuantía,Obra,Seleccionado,1200000000,1122762181,20,4,Mes(es),2026-06-23T00:00:00.000
CO1.BDOS.10371113,MC-23-2026,MUNICIPIO DE CHOCONTÁ,Cundinamarca,Chocontá,Mínima cuantía,Obra,Seleccionado,49000000,49000000,1,2,Mes(es),2026-06-23T00:00:00.000
CO1.BDOS.10315272,SAMC-015-2026 (Manifestación de interés (Menor Cuantía)) (Presentación de oferta),MUNICIPIO DE VILLAPINZON,Cundinamarca,Villapinzón,Selección Abreviada de Menor Cuantía,Obra,Seleccionado,200600000,200585053,2,0,día(s),2026-06-22T00:00:00.000
CO1.BDOS.10315272,SAMC-015-2026 (Manifestación de interés (Menor Cuantía)) (Presentación de oferta),MUNICIPIO DE VILLAPINZON,Cundinamarca,Villapinzón,Selección Abreviada de Menor Cuantía,Obra,Seleccionado,200600000,200585053,2,0,día(s),2026-06-22T00:00:00.000
CO1.BDOS.10365263,MC-015-2026,MUNICIPIO DE FUQUENE,Cundinamarca,Fúquene,Mínima cuantía,Obra,Seleccionado,49000000,46891465,3,30,día(s),2026-06-22T00:00:00.000
CO1.BDOS.10322002,SAMC-007-2026 (Manifestación de interés (Menor Cuantía)) (Presentación de oferta),MUNICIPIO DE SAN FRANCISCO,Cundinamarca,San Francisco,Selección Abreviada de Menor Cuantía,Obra,Seleccionado,360000000,359998119,2,3,Mes(es),2026-06-19T00:00:00.000
CO1.BDOS.10294224,SAMC 013-2026 ALC GTA  (Manifestación de interés (Menor Cuantía)) (Presentación de oferta),MUNICIPIO DE GUACHETÁ,Cundinamarca,Guachetá,Selección Abreviada de Menor Cuantía,Obra,Seleccionado,449287730,449280908,2,3,Mes(es),2026-06-19T00:00:00.000
CO1.BDOS.10291414,SAMC-006-2026 (Manifestación de interés (Menor Cuantía)) (Presentación de oferta),ALCALDIA MUNICIPAL DE GUADUAS,Cundinamarca,Guaduas,Selección Abreviada de Menor Cuantía,Obra,Seleccionado,285000000,266129622,6,4,Mes(es),2026-06-19T00:00:00.000
CO1.BDOS.10282184,SAMC-013-2026 (Manifestación de interés (Menor Cuantía)) (Presentación de oferta),MUNICIPIO DE PACHO,Cundinamarca,Pacho,Selección Abreviada de Menor Cuantía,Obra,Seleccionado,237178310,237114866,1,3,Mes(es),2026-06-18T00:00:00.000
CO1.BDOS.10313895,SAMC-017-2026 (Manifestación de interés (Menor Cuantía)) (Presentación de oferta),MUNICIPIO DE GACHANCIPA,Cundinamarca,Gachancipá,Selección Abreviada de Menor Cuantía,Obra,Seleccionado,393143568,393143568,2,0,día(s),2026-06-18T00:00:00.000
CO1.BDOS.10304782,SAMC 110-2026 (Manifestación de interés (Menor Cuantía)) (Presentación de oferta),IDERF,Cundinamarca,Fusagasugá,Selección Abreviada de Menor Cuantía,Obra,Seleccionado,300000000,300000000,1,210,día(s),2026-06-18T00:00:00.000
CO1.BDOS.10275319,SAMC 080-2026 (Manifestación de interés (Menor Cuantía)) (Presentación de oferta),MUNICIPIO DE ANAPOIMA/,Cundinamarca,No Definido,Selección Abreviada de Menor Cuantía,Obra,Seleccionado,363257692,344911847,6,7,Mes(es),2026-06-17T00:00:00.000
CO1.BDOS.10288492,001-2026,ESE CENTRO DE SALUD SAN JOSE DE NIMAIMA,Cundinamarca,Nimaima,Contratación régimen especial (con ofertas),Obra,Seleccionado,1388825028,1313812540,4,3,Mes(es),2026-06-17T00:00:00.000
CO1.BDOS.10348702,MC-010-2026,MUNICIPIO DE SAN FRANCISCO,Cundinamarca,San Francisco,Mínima cuantía,Obra,Seleccionado,41400373,33120297,7,1,Mes(es),2026-06-17T00:00:00.000
CO1.BDOS.10307425,LP-005-2026 (Fase de Selección (Presentación de ofertas)),ALCALDIA MUNICIPAL DE GUADUAS,Cundinamarca,Guaduas,Licitación pública Obra Publica,Obra,Seleccionado,751061788,703743825,17,5,Mes(es),2026-06-17T00:00:00.000
CO1.BDOS.10263835,LPO-002-2026 (Fase de Selección (Presentación de ofertas)),MUNICIPIO DE LA CALERA CUNDINAMARCA,Cundinamarca,La Calera,Licitación pública Obra Publica,Obra,Seleccionado,909090909,857726811,12,8,Mes(es),2026-06-17T00:00:00.000
CO1.BDOS.10275319,SAMC 080-2026 (Manifestación de interés (Menor Cuantía)) (Presentación de oferta),MUNICIPIO DE ANAPOIMA/,Cundinamarca,No Definido,Selección Abreviada de Menor Cuantía,Obra,Seleccionado,363257692,344911847,6,7,Mes(es),2026-06-17T00:00:00.000
CO1.BDOS.10291362,SAMC-014-2026 (Manifestación de interés (Menor Cuantía)) (Presentación de oferta),MUNICIPIO DE PACHO,Cundinamarca,Pacho,Selección Abreviada de Menor Cuantía,Obra,Seleccionado,129984556,129980390,1,2,Mes(es),2026-06-17T00:00:00.000
CO1.BDOS.10290410,SAMC.OP.010-2026 (Manifestación de interés (Menor Cuantía)) (Presentación de oferta),MUNICIPIO DE LA CALERA CUNDINAMARCA,Cundinamarca,La Calera,Selección Abreviada de Menor Cuantía,Obra,Seleccionado,130000000,121977685,5,1,Mes(es),2026-06-16T00:00:00.000
CO1.BDOS.10345643,MC-034-2026,ALCALDIA MUNICIPIO DE LA VEGA CUNDINAMARCA,Cundinamarca,La Vega,Mínima cuantía,Obra,Seleccionado,44056022,43945508,1,45,día(s),2026-06-16T00:00:00.000
CO1.BDOS.10251473,SAMC-004-2026 (Manifestación de interés (Menor Cuantía)) (Presentación de oferta),ALCALDIA DE GAMA,Cundinamarca,Gama,Selección Abreviada de Menor Cuantía,Obra,Seleccionado,317401830,317401830,1,4,Mes(es),2026-06-12T00:00:00.000
CO1.BDOS.10277555,LP-001-2026 (Fase de Selección (Presentación de ofertas)),ALCALDÍA NEMOCON,Cundinamarca,Nemocón,Licitación pública Obra Publica,Obra,Seleccionado,1922268131,1803660671,35,3,Mes(es),2026-06-11T00:00:00.000
CO1.BDOS.10290323,SAMC 084-2026 (Manifestación de interés (Menor Cuantía)) (Presentación de oferta),MUNICIPIO DE ANAPOIMA/,Cundinamarca,No Definido,Selección Abreviada de Menor Cuantía,Obra,Seleccionado,140294781,140294781,1,2,Mes(es),2026-06-11T00:00:00.000
CO1.BDOS.10290323,SAMC 084-2026 (Manifestación de interés (Menor Cuantía)) (Presentación de oferta),MUNICIPIO DE ANAPOIMA/,Cundinamarca,No Definido,Selección Abreviada de Menor Cuantía,Obra,Seleccionado,140294781,140294781,1,2,Mes(es),2026-06-11T00:00:00.000
CO1.BDOS.10252738,FTIC-SAMC-012-2026 (Manifestación de interés (Menor Cuantía)) (Presentación de oferta),ALCALDÍA MUNICIPAL DE SASAIMA,Cundinamarca,Sasaima,Selección Abreviada de Menor Cuantía,Obra,Seleccionado,300000000,299937540,2,0,día(s),2026-06-11T00:00:00.000
CO1.BDOS.10264822,SAMC-019-2026 (Manifestación de interés (Menor Cuantía)) (Presentación de oferta),ALCALDIA MUNICIPIO DE LA VEGA CUNDINAMARCA,Cundinamarca,La Vega,Selección Abreviada de Menor Cuantía,Obra,Seleccionado,145000000,144831211,2,0,día(s),2026-06-10T00:00:00.000
CO1.BDOS.10262964,SAMC 010-2026 (Manifestación de interés (Menor Cuantía)) (Presentación de oferta),ALCALDIA MUNICIPIO DE NOCAIMA,Cundinamarca,Nocaima,Selección Abreviada de Menor Cuantía,Obra,Seleccionado,100000000,95452848,4,2,Mes(es),2026-06-10T00:00:00.000
CO1.BDOS.10280487,SA-AMS-2026-0004 (Manifestación de interés (Menor Cuantía)) (Presentación de oferta),ALCALDÍA MUNICIPAL DE SOPO,Cundinamarca,Sopó,Selección Abreviada de Menor Cuantía,Obra,Seleccionado,266626463,266626463,1,3,Mes(es),2026-06-09T00:00:00.000
CO1.BDOS.10266690,PN ESCAR SA MC 040 2026 (Manifestación de interés (Menor Cuantía)) (Presentación de oferta),ESCUELA NACIONAL DE CARABINEROS POLICIA NACIONAL,Cundinamarca,Facatativá,Selección Abreviada de Menor Cuantía,Obra,Seleccionado,1592034661,1592034661,6,120,día(s),2026-06-09T00:00:00.000
CO1.BDOS.10329967,MC-20-2026,MUNICIPIO DE SOACHA..,Cundinamarca,Soacha,Mínima cuantía,Obra,Seleccionado,100000000,94248306,2,7,Mes(es),2026-06-09T00:00:00.000
CO1.BDOS.10280487,SA-AMS-2026-0004 (Manifestación de interés (Menor Cuantía)) (Presentación de oferta),ALCALDÍA MUNICIPAL DE SOPO,Cundinamarca,Sopó,Selección Abreviada de Menor Cuantía,Obra,Seleccionado,266626463,266626463,1,3,Mes(es),2026-06-09T00:00:00.000
CO1.BDOS.10278948,MUNVILLETASAMC-007-2026_2 (Manifestación de interés (Menor Cuantía)) (Presentación de oferta),ALCALDIA MUNICIPAL DE VILLETA,Cundinamarca,Villeta,Selección Abreviada de Menor Cuantía,Obra,Seleccionado,200000000,199478108,1,2,Mes(es),2026-06-09T00:00:00.000
CO1.BDOS.10132711,SAMC 006-2026 ALC GTA  (Manifestación de interés (Menor Cuantía)) (Presentación de oferta),MUNICIPIO DE GUACHETÁ,Cundinamarca,Guachetá,Selección Abreviada de Menor Cuantía,Obra,Seleccionado,390419337,390415188,1,3,Mes(es),2026-06-09T00:00:00.000
CO1.BDOS.10174544,SAMC 009-2026 ALC GTA  (Manifestación de interés (Menor Cuantía)) (Presentación de oferta),MUNICIPIO DE GUACHETÁ,Cundinamarca,Guachetá,Selección Abreviada de Menor Cuantía,Obra,Seleccionado,118630316,118629242,1,2,Mes(es),2026-06-09T00:00:00.000
CO1.BDOS.10266690,PN ESCAR SA MC 040 2026 (Manifestación de interés (Menor Cuantía)) (Presentación de oferta),ESCUELA NACIONAL DE CARABINEROS POLICIA NACIONAL,Cundinamarca,Facatativá,Selección Abreviada de Menor Cuantía,Obra,Seleccionado,1592034661,1592034661,6,120,día(s),2026-06-09T00:00:00.000
CO1.BDOS.10274685,LP-003-2026 (Fase de Selección (Presentación de ofertas)),ALCALDIA MUNICIPAL DE PUERTO SALGAR,Cundinamarca,Puerto Salgar,Licitación pública Obra Publica,Obra,Seleccionado,799252545,798912545,1,0,día(s),2026-06-09T00:00:00.000
CO1.BDOS.10274432,LP 002-2026 (Fase de Selección (Presentación de ofertas)),ALCALDIA MUNICIPIO DE RICAURTE,Cundinamarca,Ricaurte,Licitación pública Obra Publica,Obra,Seleccionado,573498769,544454447,20,5,Mes(es),2026-06-05T00:00:00.000
CO1.BDOS.10278110,SAMC 2026-0519 (Manifestación de interés (Menor Cuantía)) (Presentación de oferta),ALCALDIA MUNICIPAL FUSAGASUGA,Cundinamarca,Fusagasugá,Selección Abreviada de Menor Cuantía,Obra,Seleccionado,269323457,256581677,3,5,Mes(es),2026-06-04T00:00:00.000
CO1.BDOS.10273836,SAMC 008-2026 (Manifestación de interés (Menor Cuantía)) (Presentación de oferta),ALCALDIA MUNICIPIO DE NOCAIMA,Cundinamarca,Nocaima,Selección Abreviada de Menor Cuantía,Obra,Seleccionado,486851148,486737161,1,4,Mes(es),2026-06-04T00:00:00.000
CO1.BDOS.10310051,SMC 019-2026,ALCALDIA MUNICIPIO DE NOCAIMA,Cundinamarca,Nocaima,Mínima cuantía,Obra,Seleccionado,49025340,49003600,1,1,Mes(es),2026-06-03T00:00:00.000
CO1.BDOS.10251990,SAMC-085-CENACTOLEMAIDA-2026 (Manifestación de interés (Menor Cuantía)) (Presentación de oferta),CENAC TOLEMAIDA,Cundinamarca,Nilo,Selección Abreviada de Menor Cuantía,Obra,Seleccionado,1342453417,1342453417,38,0,día(s),2026-06-03T00:00:00.000
CO1.BDOS.10260468,SAMC-005-2026 (Manifestación de interés (Menor Cuantía)) (Presentación de oferta),ALCALDIA DE GAMA,Cundinamarca,Gama,Selección Abreviada de Menor Cuantía,Obra,Seleccionado,149430879,149387651,2,0,día(s),2026-06-02T00:00:00.000
CO1.BDOS.10271705,SAMC-CMC-CDA-001-2026 (Manifestación de interés (Menor Cuantía)) (Presentación de oferta),SENA REGIONAL CUNDINAMARCA Grupo Administrativo CDA,Cundinamarca,Chía,Selección Abreviada de Menor Cuantía,Obra,Seleccionado,326960000,326959815,1,0,día(s),2026-06-02T00:00:00.000
CO1.BDOS.10295777,MC-CMC-CAE-0255- 2026,SENA REGIONAL CUNDINAMARCA Grupo Administrativo CAE,Cundinamarca,Fusagasugá,Mínima cuantía,Obra,Seleccionado,48957685,31773334,3,1,Mes(es),2026-06-02T00:00:00.000
CO1.BDOS.10311064,MC-CMC-CAE-0256- 2026,SENA REGIONAL CUNDINAMARCA Grupo Administrativo CAE,Cundinamarca,Fusagasugá,Mínima cuantía,Obra,Seleccionado,5940281,4739307,4,1,Mes(es),2026-06-02T00:00:00.000
CO1.BDOS.10273027,SAMC-CMC-CBA-004-2026 (Manifestación de interés (Menor Cuantía)) (Presentación de oferta),SENA REGIONAL CUNDINAMARCA Grupo Administrativo CBA,Cundinamarca,Mosquera,Selección Abreviada de Menor Cuantía,Obra,Seleccionado,357028384,357028384,1,6,Mes(es),2026-06-02T00:00:00.000
CO1.BDOS.10260468,SAMC-005-2026 (Manifestación de interés (Menor Cuantía)) (Presentación de oferta),ALCALDIA DE GAMA,Cundinamarca,Gama,Selección Abreviada de Menor Cuantía,Obra,Seleccionado,149430879,149387651,2,0,día(s),2026-06-02T00:00:00.000
CO1.BDOS.10268514,LP-001-2026 (Fase de Selección (Presentación de ofertas)),ALCALDIA MUNICIPAL TAUSA,Cundinamarca,Tausa,Licitación pública Obra Publica,Obra,Seleccionado,2722716427,2547272162,31,10,Mes(es),2026-06-02T00:00:00.000
CO1.BDOS.10306401,MIC-051-2026,Alcaldía Municipal de Gachalá,Cundinamarca,Gachala,Mínima cuantía,Obra,Seleccionado,40000000,39999021,1,5,Mes(es),2026-06-01T00:00:00.000
CO1.BDOS.10304413,MC-040-2026,MUNICIPIO DE VILLAPINZON,Cundinamarca,Villapinzón,Mínima cuantía,Obra,Seleccionado,49000000,49000000,1,4,Mes(es),2026-06-01T00:00:00.000
CO1.BDOS.10304413,MC-040-2026,MUNICIPIO DE VILLAPINZON,Cundinamarca,Villapinzón,Mínima cuantía,Obra,Seleccionado,49000000,49000000,1,4,Mes(es),2026-06-01T00:00:00.000
CO1.BDOS.10214034,SA - 009 -2026 (Manifestación de interés (Menor Cuantía)) (Presentación de oferta),MUNICIPIO DE LA MESA,Cundinamarca,La Mesa,Selección Abreviada de Menor Cuantía,Obra,Seleccionado,100000000,100000000,2,2,Mes(es),2026-06-01T00:00:00.000
CO1.BDOS.10304439,MC-001-2026,INSTITUCION EDUCATIVA ROBERTO VELANDIA,Cundinamarca,Mosquera,Mínima cuantía,Obra,Seleccionado,49000000,49000000,4,75,día(s),2026-06-01T00:00:00.000
CO1.BDOS.10247296,SAMC 2026-0516 (Manifestación de interés (Menor Cuantía)) (Presentación de oferta),ALCALDIA MUNICIPAL FUSAGASUGA,Cundinamarca,Fusagasugá,Selección Abreviada de Menor Cuantía,Obra,Seleccionado,305417053,295927389,3,4,Mes(es),2026-06-01T00:00:00.000
CO1.BDOS.10260235,SA-MC-010-2026 (Manifestación de interés (Menor Cuantía)) (Presentación de oferta),ALCALDIA MUNICIPAL DE GACHETA,Cundinamarca,Gachetá,Selección Abreviada de Menor Cuantía,Obra,Seleccionado,200000000,199900138,1,3,Mes(es),2026-05-28T00:00:00.000
CO1.BDOS.10260235,SA-MC-010-2026 (Manifestación de interés (Menor Cuantía)) (Presentación de oferta),ALCALDIA MUNICIPAL DE GACHETA,Cundinamarca,Gachetá,Selección Abreviada de Menor Cuantía,Obra,Seleccionado,200000000,199900138,1,3,Mes(es),2026-05-28T00:00:00.000
CO1.BDOS.10246606,SAMC 068-2026 (Manifestación de interés (Menor Cuantía)) (Presentación de oferta),MUNICIPIO DE ANAPOIMA/,Cundinamarca,No Definido,Selección Abreviada de Menor Cuantía,Obra,Seleccionado,463323016,463196220,3,3,Mes(es),2026-05-28T00:00:00.000
CO1.BDOS.10237541,SAMC-004-2026 (Manifestación de interés (Menor Cuantía)) (Presentación de oferta),ALCALDÍA MUNICIPAL COTA,Cundinamarca,Cota,Selección Abreviada de Menor Cuantía,Obra,Seleccionado,784307084,746935559,2,6,Mes(es),2026-05-28T00:00:00.000
CO1.BDOS.9956042,LP-001-2026 (Fase de Selección (Presentación de ofertas)),MUNICIPIO MANTA CUNDINAMARCA,Cundinamarca,Manta,Licitación pública Obra Publica,Obra,Seleccionado,1164473520,1090527623,9,8,Mes(es),2026-05-28T00:00:00.000
CO1.BDOS.10260038,MA-SAMC-006-2026   (Manifestación de interés (Menor Cuantía)) (Presentación de oferta),ALCALDIA MUNICIPIO DE ANOLAIMA,Cundinamarca,Anolaima,Selección Abreviada de Menor Cuantía,Obra,Seleccionado,310000000,310000000,2,3,Mes(es),2026-05-28T00:00:00.000
CO1.BDOS.10297216,RE-01-2026,INSTITUCION EDUCATIVA DEPARTAMENTAL FRANCISCO JULIAN OLAYA,Cundinamarca,La Mesa,Contratación régimen especial (con ofertas),Obra,Seleccionado,8000000,6869796,1,30,día(s),2026-05-27T00:00:00.000
CO1.BDOS.10242733,SAMC 005-2026 (Manifestación de interés (Menor Cuantía)) (Presentación de oferta),ALCALDIA MUNICIPIO DE RICAURTE,Cundinamarca,Ricaurte,Selección Abreviada de Menor Cuantía,Obra,Seleccionado,337807603,336463514,2,3,Mes(es),2026-05-27T00:00:00.000
CO1.BDOS.10232492,022-00-K-ESUFA-GRUAL-2026 (Manifestación de interés (Menor Cuantía)) (Presentación de oferta),ESCUELA DE SUBOFICIALES  FAC CT ANDRES M DIAZ,Cundinamarca,No Definido,Selección Abreviada de Menor Cuantía,Obra,Seleccionado,847343000,771082832,10,120,día(s),2026-05-27T00:00:00.000
CO1.BDOS.10216508,SA - 010 -2026 (Manifestación de interés (Menor Cuantía)) (Presentación de oferta),MUNICIPIO DE LA MESA,Cundinamarca,La Mesa,Selección Abreviada de Menor Cuantía,Obra,Seleccionado,100000000,99980643,2,2,Mes(es),2026-05-26T00:00:00.000
CO1.BDOS.10179706,LP-002-2026 (Fase de Selección (Presentación de ofertas)),ALCALDIA MUNICIPAL DE PUERTO SALGAR,Cundinamarca,Puerto Salgar,Licitación pública Obra Publica,Obra,Seleccionado,4185314684,3935490023,29,0,día(s),2026-05-26T00:00:00.000
CO1.BDOS.10290691,MC-018 DE 2026,MUNICIPIO DE MACHETA,Cundinamarca,Macheta,Mínima cuantía,Obra,Seleccionado,29998175,24836498,2,1,Mes(es),2026-05-25T00:00:00.000
CO1.BDOS.10252244,SAMC 2026-0513 (Manifestación de interés (Menor Cuantía)) (Presentación de oferta),ALCALDIA MUNICIPAL FUSAGASUGA,Cundinamarca,Fusagasugá,Selección Abreviada de Menor Cuantía,Obra,Seleccionado,291786944,248018941,8,3,Mes(es),2026-05-25T00:00:00.000
CO1.BDOS.10229651,MA-SAMC-005-2026 (Manifestación de interés (Menor Cuantía)) (Presentación de oferta),ALCALDIA MUNICIPIO DE ANOLAIMA,Cundinamarca,Anolaima,Selección Abreviada de Menor Cuantía,Obra,Seleccionado,350000000,350000000,2,2,Mes(es),2026-05-25T00:00:00.000
CO1.BDOS.10229651,MA-SAMC-005-2026 (Manifestación de interés (Menor Cuantía)) (Presentación de oferta),ALCALDIA MUNICIPIO DE ANOLAIMA,Cundinamarca,Anolaima,Selección Abreviada de Menor Cuantía,Obra,Seleccionado,350000000,350000000,2,2,Mes(es),2026-05-25T00:00:00.000
CO1.BDOS.10221648,008-MDN-CGFM-DIGSA-FAC-JEFSA-CACOM1-ESM11782-2026 (Manifestación de interés (Menor Cuantía)) (Presentación de oferta),ESM COMANDO AEREO DE COMBATE NO 1,Cundinamarca,Puerto Salgar,Selección Abreviada de Menor Cuantía,Obra,Seleccionado,600000000,554640044,5,150,día(s),2026-05-25T00:00:00.000
CO1.BDOS.10290787,MC-045-2026,ALCALDIA MUNICIPAL DE GUADUAS,Cundinamarca,Guaduas,Mínima cuantía,Obra,Seleccionado,48998300,36665200,9,1,Mes(es),2026-05-25T00:00:00.000
CO1.BDOS.10229651,MA-SAMC-005-2026 (Manifestación de interés (Menor Cuantía)) (Presentación de oferta),ALCALDIA MUNICIPIO DE ANOLAIMA,Cundinamarca,Anolaima,Selección Abreviada de Menor Cuantía,Obra,Seleccionado,350000000,350000000,2,2,Mes(es),2026-05-25T00:00:00.000
CO1.BDOS.10253139,SAMC-010-2026 (Manifestación de interés (Menor Cuantía)) (Presentación de oferta),MUNICIPIO DE VILLAPINZON,Cundinamarca,Villapinzón,Selección Abreviada de Menor Cuantía,Obra,Seleccionado,348000000,347992895,2,0,día(s),2026-05-22T00:00:00.000
CO1.BDOS.10246342,SAMC-012-2026 (Manifestación de interés (Menor Cuantía)) (Presentación de oferta),MUNICIPIO DE VILLAPINZON,Cundinamarca,Villapinzón,Selección Abreviada de Menor Cuantía,Obra,Seleccionado,400000000,400000000,1,0,día(s),2026-05-22T00:00:00.000
CO1.BDOS.10253139,SAMC-010-2026 (Manifestación de interés (Menor Cuantía)) (Presentación de oferta),MUNICIPIO DE VILLAPINZON,Cundinamarca,Villapinzón,Selección Abreviada de Menor Cuantía,Obra,Seleccionado,348000000,347992895,2,0,día(s),2026-05-22T00:00:00.000
CO1.BDOS.10277323,SMC 018-2026,ALCALDIA MUNICIPIO DE NOCAIMA,Cundinamarca,Nocaima,Mínima cuantía,Obra,Seleccionado,49025340,48942974,1,6,Mes(es),2026-05-21T00:00:00.000
CO1.BDOS.10230401,SAMC-005-2026 (Manifestación de interés (Menor Cuantía)) (Presentación de oferta),MUNICIPIO DE SAN FRANCISCO,Cundinamarca,San Francisco,Selección Abreviada de Menor Cuantía,Obra,Seleccionado,79530152,79529982,3,2,Mes(es),2026-05-20T00:00:00.000
CO1.BDOS.10276295,SMC-025-2026,MUNICIPIO DE GACHANCIPA,Cundinamarca,Gachancipá,Mínima cuantía,Obra,Seleccionado,39978713,39778211,1,0,día(s),2026-05-20T00:00:00.000
CO1.BDOS.10184232,FACATATIVA-SA-005-26 (Manifestación de interés (Menor Cuantía)) (Presentación de oferta),ALCALDIA MUNICIPAL DE FACATATIVA,Cundinamarca,Facatativá,Selección Abreviada de Menor Cuantía,Obra,Seleccionado,500000000,499950111,2,5,Mes(es),2026-05-20T00:00:00.000
CO1.BDOS.10219880,LP-001-2026 (Fase de Selección (Presentación de ofertas)),ALCALDIA DE SESQUILE,Cundinamarca,Sesquilé,Licitación pública Obra Publica,Obra,Seleccionado,6428247120,5987912797,27,12,Mes(es),2026-05-20T00:00:00.000
CO1.BDOS.9964831,SAMC-009-2026 (Manifestación de interés (Menor Cuantía)) (Presentación de oferta),MUNICIPIO DE PACHO,Cundinamarca,Pacho,Selección Abreviada de Menor Cuantía,Obra,Seleccionado,120000000,119999428,1,3,Mes(es),2026-05-20T00:00:00.000
CO1.BDOS.10194203,054-SAMC-CENACINTELIGENCIA-2026 (Manifestación de interés (Menor Cuantía)) (Presentación de oferta),CENTRAL ADMINISTRATIVA Y CONTABLE ESPECIALIZADA INTELIGENCIA,Cundinamarca,No Definido,Selección Abreviada de Menor Cuantía,Obra,Seleccionado,213555185,213555185,5,7,Mes(es),2026-05-19T00:00:00.000
CO1.BDOS.10243451,SAMC-0009-2026 (Manifestación de interés (Menor Cuantía)) (Presentación de oferta),MUNICIPIO DE FUNZA - ALCALDÍA DE FUNZA,Cundinamarca,Funza,Selección Abreviada de Menor Cuantía,Obra,Seleccionado,350000000,350000000,2,7,Mes(es),2026-05-19T00:00:00.000
CO1.BDOS.10212885,SAMC.OP-006-2026 (Manifestación de interés (Menor Cuantía)) (Presentación de oferta),MUNICIPIO DE LA CALERA CUNDINAMARCA,Cundinamarca,La Calera,Selección Abreviada de Menor Cuantía,Obra,Seleccionado,100000000,92160994,3,1,Mes(es),2026-05-19T00:00:00.000
CO1.BDOS.10233630,SAMC. 006-2026 (Manifestación de interés (Menor Cuantía)) (Presentación de oferta),ALCALDIA MUNICIPAL DE BOJACA,Cundinamarca,Bojacá,Selección Abreviada de Menor Cuantía,Obra,Seleccionado,200000000,198000142,1,2,Mes(es),2026-05-16T00:00:00.000
CO1.BDOS.10233630,SAMC. 006-2026 (Manifestación de interés (Menor Cuantía)) (Presentación de oferta),ALCALDIA MUNICIPAL DE BOJACA,Cundinamarca,Bojacá,Selección Abreviada de Menor Cuantía,Obra,Seleccionado,200000000,198000142,1,2,Mes(es),2026-05-16T00:00:00.000
CO1.BDOS.10213186,SAMC-013-2026 (Manifestación de interés (Menor Cuantía)) (Presentación de oferta),MUNICIPIO DE VILLAGÓMEZ*,Cundinamarca,Villagómez,Selección Abreviada de Menor Cuantía,Obra,Seleccionado,355794400,337904892,2,3,Mes(es),2026-05-16T00:00:00.000
CO1.BDOS.9943922,SAMC-008-2026 (Manifestación de interés (Menor Cuantía)) (Presentación de oferta),MUNICIPIO DE PACHO,Cundinamarca,Pacho,Selección Abreviada de Menor Cuantía,Obra,Seleccionado,410000000,409996788,1,3,Mes(es),2026-05-15T00:00:00.000
CO1.BDOS.10193462,SAMC-011-2026 (Manifestación de interés (Menor Cuantía)) (Presentación de oferta),MUNICIPIO DE UBATE,Cundinamarca,Villa De San Diego De Ubate,Selección Abreviada de Menor Cuantía,Obra,Seleccionado,399995000,399989260,1,2,Mes(es),2026-05-15T00:00:00.000
CO1.BDOS.9995761,MP-LP-001-2026 (Fase de Selección (Presentación de ofertas)),MUNICIPIO DE PANDI,Cundinamarca,No Definido,Licitación pública Obra Publica,Obra,Seleccionado,3636363631,3426657898,18,300,día(s),2026-05-15T00:00:00.000
CO1.BDOS.10266221,SGG-MC-010-2026,MUNICIPIO DE EL ROSAL,Cundinamarca,El Rosal,Mínima cuantía,Obra,Seleccionado,49012474,31731513,7,60,día(s),2026-05-15T00:00:00.000
CO1.BDOS.10201801,SAMC.OP.005-2026 (Manifestación de interés (Menor Cuantía)) (Presentación de oferta),MUNICIPIO DE LA CALERA CUNDINAMARCA,Cundinamarca,La Calera,Selección Abreviada de Menor Cuantía,Obra,Seleccionado,100000000,94901560,7,30,día(s),2026-05-15T00:00:00.000
CO1.BDOS.10194290,FTIC-SAMC-006-2026. (Manifestación de interés (Menor Cuantía)) (Presentación de oferta),ALCALDÍA MUNICIPAL DE SASAIMA,Cundinamarca,Sasaima,Selección Abreviada de Menor Cuantía,Obra,Seleccionado,300000000,299937576,1,0,día(s),2026-05-14T00:00:00.000
CO1.BDOS.10194069,FTIC-SAMC-009-2026. (Manifestación de interés (Menor Cuantía)) (Presentación de oferta),ALCALDÍA MUNICIPAL DE SASAIMA,Cundinamarca,Sasaima,Selección Abreviada de Menor Cuantía,Obra,Seleccionado,300000000,299950402,2,0,día(s),2026-05-14T00:00:00.000
CO1.BDOS.10219237,SAMC- 015-2026  (Manifestación de interés (Menor Cuantía)) (Presentación de oferta),MUNICIPIO DE GACHANCIPA,Cundinamarca,Gachancipá,Selección Abreviada de Menor Cuantía,Obra,Seleccionado,272851055,272788887,1,0,día(s),2026-05-14T00:00:00.000
CO1.BDOS.10220510,SAMC-008-2026 (Manifestación de interés (Menor Cuantía)) (Presentación de oferta),MUNICIPIO DE COGUA,Cundinamarca,Cogua,Selección Abreviada de Menor Cuantía,Obra,Seleccionado,339999996,339888375,2,3,Mes(es),2026-05-14T00:00:00.000
CO1.BDOS.10194368,FTIC-SAMC-007-2026. (Manifestación de interés (Menor Cuantía)) (Presentación de oferta),ALCALDÍA MUNICIPAL DE SASAIMA,Cundinamarca,Sasaima,Selección Abreviada de Menor Cuantía,Obra,Seleccionado,220000000,219836344,3,0,día(s),2026-05-14T00:00:00.000
CO1.BDOS.10219002,SAMC-014-2026 (Manifestación de interés (Menor Cuantía)) (Presentación de oferta),MUNICIPIO DE GACHANCIPA,Cundinamarca,Gachancipá,Selección Abreviada de Menor Cuantía,Obra,Seleccionado,478327850,478327397,1,0,día(s),2026-05-14T00:00:00.000
CO1.BDOS.9550498,SAMC-004-2026 (Manifestación de interés (Menor Cuantía)) (Presentación de oferta),ALCALDIA MUNICIPIO DE LA VEGA CUNDINAMARCA,Cundinamarca,La Vega,Selección Abreviada de Menor Cuantía,Obra,Seleccionado,250000000,249996612,3,4,Mes(es),2026-05-13T00:00:00.000
CO1.BDOS.10206768,SAMC 011-2026 ALC-GTA (Manifestación de interés (Menor Cuantía)) (Presentación de oferta),MUNICIPIO DE GUACHETÁ,Cundinamarca,Guachetá,Selección Abreviada de Menor Cuantía,Obra,Seleccionado,137014124,137014124,1,2,Mes(es),2026-05-13T00:00:00.000
CO1.BDOS.10180217,LP-003-2026 (Fase de Selección (Presentación de ofertas)),MUNICIPIO DE AGUA DE DIOS,Cundinamarca,Agua De Dios,Licitación pública Obra Publica,Obra,Seleccionado,1395850349,1326596388,33,0,día(s),2026-05-13T00:00:00.000
CO1.BDOS.10215584,MA-SAMC-004-2026 (Manifestación de interés (Menor Cuantía)) (Presentación de oferta),ALCALDIA MUNICIPIO DE ANOLAIMA,Cundinamarca,Anolaima,Selección Abreviada de Menor Cuantía,Obra,Seleccionado,400000000,400000000,2,2,Mes(es),2026-05-12T00:00:00.000
CO1.BDOS.10197026,SAMC-009-2026 (Manifestación de interés (Menor Cuantía)) (Presentación de oferta),ALCALDIA DE SESQUILE,Cundinamarca,Sesquilé,Selección Abreviada de Menor Cuantía,Obra,Seleccionado,371819648,361717306,2,4,Mes(es),2026-05-12T00:00:00.000
CO1.BDOS.10193191,LIC 004 MT 2026 (Fase de Selección (Presentación de ofertas)),MUNICIPIO DE TOCANCIPA,Cundinamarca,Tocancipá,Licitación pública Obra Publica,Obra,Seleccionado,38209291265,37911256553,1,6,Mes(es),2026-05-12T00:00:00.000
CO1.BDOS.10232475,SMC.OP-007-2026,MUNICIPIO DE LA CALERA CUNDINAMARCA,Cundinamarca,La Calera,Mínima cuantía,Obra,Seleccionado,48888895,47546545,4,2,Mes(es),2026-05-12T00:00:00.000
CO1.BDOS.10197026,SAMC-009-2026 (Manifestación de interés (Menor Cuantía)) (Presentación de oferta),ALCALDIA DE SESQUILE,Cundinamarca,Sesquilé,Selección Abreviada de Menor Cuantía,Obra,Seleccionado,371819648,361717306,2,4,Mes(es),2026-05-12T00:00:00.000
CO1.BDOS.10215584,MA-SAMC-004-2026 (Manifestación de interés (Menor Cuantía)) (Presentación de oferta),ALCALDIA MUNICIPIO DE ANOLAIMA,Cundinamarca,Anolaima,Selección Abreviada de Menor Cuantía,Obra,Seleccionado,400000000,400000000,2,2,Mes(es),2026-05-12T00:00:00.000
CO1.BDOS.10215584,MA-SAMC-004-2026 (Manifestación de interés (Menor Cuantía)) (Presentación de oferta),ALCALDIA MUNICIPIO DE ANOLAIMA,Cundinamarca,Anolaima,Selección Abreviada de Menor Cuantía,Obra,Seleccionado,400000000,400000000,2,2,Mes(es),2026-05-12T00:00:00.000
CO1.BDOS.10215584,MA-SAMC-004-2026 (Manifestación de interés (Menor Cuantía)) (Presentación de oferta),ALCALDIA MUNICIPIO DE ANOLAIMA,Cundinamarca,Anolaima,Selección Abreviada de Menor Cuantía,Obra,Seleccionado,400000000,400000000,2,2,Mes(es),2026-05-12T00:00:00.000
CO1.BDOS.10197026,SAMC-009-2026 (Manifestación de interés (Menor Cuantía)) (Presentación de oferta),ALCALDIA DE SESQUILE,Cundinamarca,Sesquilé,Selección Abreviada de Menor Cuantía,Obra,Seleccionado,371819648,361717306,2,4,Mes(es),2026-05-12T00:00:00.000
CO1.BDOS.10193191,LIC 004 MT 2026 (Fase de Selección (Presentación de ofertas)),MUNICIPIO DE TOCANCIPA,Cundinamarca,Tocancipá,Licitación pública Obra Publica,Obra,Seleccionado,38209291265,37911256553,1,6,Mes(es),2026-05-12T00:00:00.000
CO1.BDOS.10202104,SAMC.OP.004-2026 (Manifestación de interés (Menor Cuantía)) (Presentación de oferta),MUNICIPIO DE LA CALERA CUNDINAMARCA,Cundinamarca,La Calera,Selección Abreviada de Menor Cuantía,Obra,Seleccionado,100000000,94511645,5,30,día(s),2026-05-11T00:00:00.000
CO1.BDOS.10193307,SAMC-010-2026 (Manifestación de interés (Menor Cuantía)) (Presentación de oferta),MUNICIPIO DE UBATE,Cundinamarca,Villa De San Diego De Ubate,Selección Abreviada de Menor Cuantía,Obra,Seleccionado,357357936,357352833,3,2,Mes(es),2026-05-11T00:00:00.000
CO1.BDOS.10192435,SAMC.OP.003-2026 (Manifestación de interés (Menor Cuantía)) (Presentación de oferta),MUNICIPIO DE LA CALERA CUNDINAMARCA,Cundinamarca,La Calera,Selección Abreviada de Menor Cuantía,Obra,Seleccionado,100000000,95092467,5,1,Mes(es),2026-05-08T00:00:00.000
CO1.BDOS.10192441,SAMC-009-2026 (Manifestación de interés (Menor Cuantía)) (Presentación de oferta),MUNICIPIO DE UBATE,Cundinamarca,Villa De San Diego De Ubate,Selección Abreviada de Menor Cuantía,Obra,Seleccionado,352000000,351903848,4,2,Mes(es),2026-05-08T00:00:00.000
CO1.BDOS.10187358,SAMC-004-2026 (Manifestación de interés (Menor Cuantía)) (Presentación de oferta),ALCALDIA MUNICIPAL DE EL COLEGIO,Cundinamarca,El Colegio,Selección Abreviada de Menor Cuantía,Obra,Seleccionado,190000000,190000000,1,3,Mes(es),2026-05-08T00:00:00.000
CO1.BDOS.10210334,SAMC-004-2026 (Manifestación de interés (Menor Cuantía)) (Presentación de oferta),ALCALDIA MUNICIPAL TAUSA,Cundinamarca,Tausa,Selección Abreviada de Menor Cuantía,Obra,Seleccionado,300000000,299862704,2,4,Mes(es),2026-05-07T00:00:00.000
CO1.BDOS.10187355,020-00-K-ESUFA-GRUAL-2026 (Manifestación de interés (Menor Cuantía)) (Presentación de oferta),ESCUELA DE SUBOFICIALES  FAC CT ANDRES M DIAZ,Cundinamarca,No Definido,Selección Abreviada de Menor Cuantía,Obra,Seleccionado,420000000,398819992,10,3,Mes(es),2026-05-06T00:00:00.000
CO1.BDOS.10175359,SAMC 010-2026 ALC GTA  (Manifestación de interés (Menor Cuantía)) (Presentación de oferta),MUNICIPIO DE GUACHETÁ,Cundinamarca,Guachetá,Selección Abreviada de Menor Cuantía,Obra,Seleccionado,112630316,112519940,1,2,Mes(es),2026-05-06T00:00:00.000
CO1.BDOS.10170403,SAMC-001-2026 (Manifestación de interés (Menor Cuantía)) (Presentación de oferta),ALCALDIA MUNICIPAL DE GUASCA,Cundinamarca,Guasca,Selección Abreviada de Menor Cuantía,Obra,Seleccionado,136462604,136419065,1,4,Mes(es),2026-05-05T00:00:00.000
CO1.BDOS.10172475,LP-001-2026 (Fase de Selección (Presentación de ofertas)),ALCALDIA DE TABIO,Cundinamarca,Tabio,Licitación pública Obra Publica,Obra,Seleccionado,974752626,918442814,33,6,Mes(es),2026-05-05T00:00:00.000
CO1.BDOS.10116523,SA-007-2026 (Manifestación de interés (Menor Cuantía)) (Presentación de oferta),MUNICIPIO DE LA MESA,Cundinamarca,La Mesa,Selección Abreviada de Menor Cuantía,Obra,Seleccionado,277535662,277258460,2,5,Mes(es),2026-05-04T00:00:00.000
CO1.BDOS.10116247,SA-008-2026 (Manifestación de interés (Menor Cuantía)) (Presentación de oferta),MUNICIPIO DE LA MESA,Cundinamarca,La Mesa,Selección Abreviada de Menor Cuantía,Obra,Seleccionado,333970398,333306961,2,3,Mes(es),2026-05-04T00:00:00.000
CO1.BDOS.10162921,LP 2026-0505 (Fase de Selección (Presentación de ofertas)),ALCALDIA MUNICIPAL FUSAGASUGA,Cundinamarca,Fusagasugá,Licitación pública Obra Publica,Obra,Seleccionado,2000000000,1875000017,13,18,Mes(es),2026-05-04T00:00:00.000
CO1.BDOS.10182105,SAMC-0007-2026 (Manifestación de interés (Menor Cuantía)) (Presentación de oferta),MUNICIPIO DE FUNZA - ALCALDÍA DE FUNZA,Cundinamarca,Funza,Selección Abreviada de Menor Cuantía,Obra,Seleccionado,780000000,780000000,3,9,Mes(es),2026-05-04T00:00:00.000
CO1.BDOS.10182105,SAMC-0007-2026 (Manifestación de interés (Menor Cuantía)) (Presentación de oferta),MUNICIPIO DE FUNZA - ALCALDÍA DE FUNZA,Cundinamarca,Funza,Selección Abreviada de Menor Cuantía,Obra,Seleccionado,780000000,780000000,3,9,Mes(es),2026-05-04T00:00:00.000
CO1.BDOS.10166544,SAMC-003-2026  (Manifestación de interés (Menor Cuantía)) (Presentación de oferta),MUNICIPIO DE LENGUAZAQUE,Cundinamarca,Lenguazaque,Selección Abreviada de Menor Cuantía,Obra,Seleccionado,100000000,99998790,1,2,Mes(es),2026-05-04T00:00:00.000
CO1.BDOS.10187550,SAMC-005-2026 (Manifestación de interés (Menor Cuantía)) (Presentación de oferta),ALCALDIA MUNICIPIO DE ZIPAQUIRA,Cundinamarca,Zipaquirá,Selección Abreviada de Menor Cuantía,Obra,Seleccionado,480516580,480388738,2,4,Mes(es),2026-05-04T00:00:00.000
CO1.BDOS.10183384,SAMC-012-2026 (Manifestación de interés (Menor Cuantía)) (Presentación de oferta),MUNICIPIO DE VILLAGÓMEZ*,Cundinamarca,Villagómez,Selección Abreviada de Menor Cuantía,Obra,Seleccionado,355794400,355071355,2,3,Mes(es),2026-05-02T00:00:00.000
CO1.BDOS.10156658,LICITACION PUBLICA 041-2026 (Fase de Selección (Presentación de ofertas)),MUNICIPIO DE ANAPOIMA/,Cundinamarca,No Definido,Licitación pública Obra Publica,Obra,Seleccionado,1272727272,1198027587,58,6,Mes(es),2026-04-30T00:00:00.000
CO1.BDOS.10183704,PSACC-006 DE 2026 (Manifestación de interés (Menor Cuantía)) (Presentación de oferta),ALCALDIA MUNICIPIO CARMEN DE CARUPA,Cundinamarca,No Definido,Selección Abreviada de Menor Cuantía,Obra,Seleccionado,200000000,193967290,2,2,Mes(es),2026-04-30T00:00:00.000
CO1.BDOS.10179551,SAMC-003-2026 (Manifestación de interés (Menor Cuantía)) (Presentación de oferta),ALCALDIA MUNICIPAL DE PUERTO SALGAR,Cundinamarca,Puerto Salgar,Selección Abreviada de Menor Cuantía,Obra,Seleccionado,175000000,174757472,1,0,día(s),2026-04-30T00:00:00.000
CO1.BDOS.10192444,SAMC-008-2026 (Manifestación de interés (Menor Cuantía)) (Presentación de oferta),MUNICIPIO DE VILLAPINZON,Cundinamarca,Villapinzón,Selección Abreviada de Menor Cuantía,Obra,Seleccionado,85279656,85279656,1,0,día(s),2026-04-30T00:00:00.000
CO1.BDOS.10171522,SAMC-004-2026 (Manifestación de interés (Menor Cuantía)) (Presentación de oferta),ALCALDÍA NEMOCON,Cundinamarca,Nemocón,Selección Abreviada de Menor Cuantía,Obra,Seleccionado,107632108,107503779,2,3,Mes(es),2026-04-29T00:00:00.000
CO1.BDOS.10185511,MSIL-SAMC-013-2026 (Manifestación de interés (Menor Cuantía)) (Presentación de oferta),MUNICIPIO DE SILVANIA,Cundinamarca,Silvania,Selección Abreviada de Menor Cuantía,Obra,Seleccionado,200000000,199999285,1,4,Mes(es),2026-04-29T00:00:00.000
CO1.BDOS.10088248,FACATATIVA-SA-001-26 (Manifestación de interés (Menor Cuantía)) (Presentación de oferta),ALCALDIA MUNICIPAL DE FACATATIVA,Cundinamarca,Facatativá,Selección Abreviada de Menor Cuantía,Obra,Seleccionado,470010543,470003141,1,0,día(s),2026-04-29T00:00:00.000
CO1.BDOS.10163130,SAMC 044-2026 (Manifestación de interés (Menor Cuantía)) (Presentación de oferta),MUNICIPIO DE ANAPOIMA/,Cundinamarca,No Definido,Selección Abreviada de Menor Cuantía,Obra,Seleccionado,100000000,96430137,4,3,Mes(es),2026-04-28T00:00:00.000
CO1.BDOS.10137333,SA-MC-006-2026 (Pré-Calificación de competidores) (Presentación de oferta),ALCALDIA MUNICIPAL DE SUESCA +,Cundinamarca,Suesca,Selección Abreviada de Menor Cuantía,Obra,Seleccionado,158934629,150239579,3,2,Mes(es),2026-04-27T00:00:00.000
CO1.BDOS.10157730,PN ESJIM SA MC 035 2026 (Manifestación de interés (Menor Cuantía)) (Presentación de oferta),ESCUELA DE SUBOFICIALES Y NIVEL EJECUTIVO  GONZALO JIMENEZ DE QUESADA,Cundinamarca,Sibaté,Selección Abreviada de Menor Cuantía,Obra,Seleccionado,1000000000,1000000000,7,120,día(s),2026-04-27T00:00:00.000
CO1.BDOS.10179579,SAMC-003-2026 (Manifestación de interés (Menor Cuantía)) (Presentación de oferta),ALCALDIA MUNICIPAL TAUSA,Cundinamarca,Tausa,Selección Abreviada de Menor Cuantía,Obra,Seleccionado,300000000,299963604,2,4,Mes(es),2026-04-24T00:00:00.000
CO1.BDOS.10004432,LP-001-2026 (Fase de Selección (Presentación de ofertas)),MUNICIPIO DE LA MESA,Cundinamarca,La Mesa,Licitación pública Obra Publica,Obra,Seleccionado,1272727272,1270501800,1,12,Mes(es),2026-04-24T00:00:00.000
CO1.BDOS.10179579,SAMC-003-2026 (Manifestación de interés (Menor Cuantía)) (Presentación de oferta),ALCALDIA MUNICIPAL TAUSA,Cundinamarca,Tausa,Selección Abreviada de Menor Cuantía,Obra,Seleccionado,300000000,299963604,2,4,Mes(es),2026-04-24T00:00:00.000
CO1.BDOS.10179579,SAMC-003-2026 (Manifestación de interés (Menor Cuantía)) (Presentación de oferta),ALCALDIA MUNICIPAL TAUSA,Cundinamarca,Tausa,Selección Abreviada de Menor Cuantía,Obra,Seleccionado,300000000,299963604,2,4,Mes(es),2026-04-24T00:00:00.000
CO1.BDOS.10151655,FTIC-SAMC-008-2026 (Manifestación de interés (Menor Cuantía)) (Presentación de oferta),ALCALDÍA MUNICIPAL DE SASAIMA,Cundinamarca,Sasaima,Selección Abreviada de Menor Cuantía,Obra,Seleccionado,382543993,382166994,2,0,día(s),2026-04-23T00:00:00.000
CO1.BDOS.10152061,MA-SAMC-003-2026 (Manifestación de interés (Menor Cuantía)) (Presentación de oferta),ALCALDIA MUNICIPIO DE ANOLAIMA,Cundinamarca,Anolaima,Selección Abreviada de Menor Cuantía,Obra,Seleccionado,400000000,400000000,2,2,Mes(es),2026-04-22T00:00:00.000
CO1.BDOS.10152061,MA-SAMC-003-2026 (Manifestación de interés (Menor Cuantía)) (Presentación de oferta),ALCALDIA MUNICIPIO DE ANOLAIMA,Cundinamarca,Anolaima,Selección Abreviada de Menor Cuantía,Obra,Seleccionado,400000000,400000000,2,2,Mes(es),2026-04-22T00:00:00.000
CO1.BDOS.10152061,MA-SAMC-003-2026 (Manifestación de interés (Menor Cuantía)) (Presentación de oferta),ALCALDIA MUNICIPIO DE ANOLAIMA,Cundinamarca,Anolaima,Selección Abreviada de Menor Cuantía,Obra,Seleccionado,400000000,400000000,2,2,Mes(es),2026-04-22T00:00:00.000
CO1.BDOS.10152061,MA-SAMC-003-2026 (Manifestación de interés (Menor Cuantía)) (Presentación de oferta),ALCALDIA MUNICIPIO DE ANOLAIMA,Cundinamarca,Anolaima,Selección Abreviada de Menor Cuantía,Obra,Seleccionado,400000000,400000000,2,2,Mes(es),2026-04-22T00:00:00.000
CO1.BDOS.10134602,LP-001-2026 (Fase de Selección (Presentación de ofertas)),MUNICIPIO DE EL ROSAL,Cundinamarca,El Rosal,Licitación pública Obra Publica,Obra,Seleccionado,3234086234,3017078997,66,8,Mes(es),2026-04-22T00:00:00.000
CO1.BDOS.10116536,LP-001 DE 2026 (Fase de Selección (Presentación de ofertas)),MUNICIPIO DE MACHETA,Cundinamarca,Macheta,Licitación pública Obra Publica,Obra,Seleccionado,2767378222,2601330792,27,7,Mes(es),2026-04-21T00:00:00.000
CO1.BDOS.10161472,SA-MC-007-2026 (Manifestación de interés (Menor Cuantía)) (Presentación de oferta),ALCALDIA MUNICIPAL DE GACHETA,Cundinamarca,Gachetá,Selección Abreviada de Menor Cuantía,Obra,Seleccionado,325524475,325524474,1,4,Mes(es),2026-04-21T00:00:00.000
CO1.BDOS.10150506,LP-002-2026 (Fase de Selección (Presentación de ofertas)),MUNICIPIO DE VILLAPINZON,Cundinamarca,Villapinzón,Licitación pública Obra Publica,Obra,Seleccionado,1751206330,1643196879,9,0,día(s),2026-04-20T00:00:00.000
CO1.BDOS.10066469,LICITACION PUBLICA 022-2026 (Fase de Selección (Presentación de ofertas)),MUNICIPIO DE ANAPOIMA/,Cundinamarca,No Definido,Licitación pública Obra Publica,Obra,Seleccionado,2421707115,2221858441,41,6,Mes(es),2026-04-20T00:00:00.000
CO1.BDOS.10144418,PSACC-004 DE 2026 (Manifestación de interés (Menor Cuantía)) (Presentación de oferta),ALCALDIA MUNICIPIO CARMEN DE CARUPA,Cundinamarca,No Definido,Selección Abreviada de Menor Cuantía,Obra,Seleccionado,300000000,293997651,3,3,Mes(es),2026-04-17T00:00:00.000
CO1.BDOS.10136653,AMS-SAMC-005-2026 (Manifestación de interés (Menor Cuantía)) (Presentación de oferta),MUNICIPIO DE SUBACHOQUE,Cundinamarca,Subachoque,Selección Abreviada de Menor Cuantía,Obra,Seleccionado,100000000,100000000,2,3,Mes(es),2026-04-15T00:00:00.000
CO1.BDOS.10152210,FTIC-SAMC-010-2026 (Manifestación de interés (Menor Cuantía)) (Presentación de oferta),ALCALDÍA MUNICIPAL DE SASAIMA,Cundinamarca,Sasaima,Selección Abreviada de Menor Cuantía,Obra,Seleccionado,380000000,378939876,3,0,día(s),2026-04-15T00:00:00.000
CO1.BDOS.10141385,AMS-SAMC-003-2026 (Manifestación de interés (Menor Cuantía)) (Presentación de oferta),MUNICIPIO DE SUBACHOQUE,Cundinamarca,Subachoque,Selección Abreviada de Menor Cuantía,Obra,Seleccionado,100000000,100000000,2,3,Mes(es),2026-04-15T00:00:00.000
CO1.BDOS.10164976,MSIL-MC-011 DE 2026,MUNICIPIO DE SILVANIA,Cundinamarca,Silvania,Mínima cuantía,Obra,Seleccionado,47091488,37814731,4,2,Mes(es),2026-04-10T00:00:00.000
CO1.BDOS.10130069,SA-MC-006-2026 (Manifestación de interés (Menor Cuantía)) (Presentación de oferta),ALCALDIA MUNICIPAL DE GACHETA,Cundinamarca,Gachetá,Selección Abreviada de Menor Cuantía,Obra,Seleccionado,100000000,99937641,1,2,Mes(es),2026-04-10T00:00:00.000
CO1.BDOS.10022029,AMS-SAMC-002-2026 (Manifestación de interés (Menor Cuantía)) (Presentación de oferta),MUNICIPIO DE SUBACHOQUE,Cundinamarca,Subachoque,Selección Abreviada de Menor Cuantía,Obra,Seleccionado,100000000,100000000,2,3,Mes(es),2026-04-09T00:00:00.000
CO1.BDOS.10124170,AMS-SAMC-004-2026 (Manifestación de interés (Menor Cuantía)) (Presentación de oferta),MUNICIPIO DE SUBACHOQUE,Cundinamarca,Subachoque,Selección Abreviada de Menor Cuantía,Obra,Seleccionado,100000000,99995514,1,3,Mes(es),2026-04-09T00:00:00.000
CO1.BDOS.10122202,SA-MC-005-2026 (Manifestación de interés (Menor Cuantía)) (Presentación de oferta),Alcaldía Municipal de Gachalá,Cundinamarca,Gachala,Selección Abreviada de Menor Cuantía,Obra,Seleccionado,100000000,99999990,1,3,Mes(es),2026-04-09T00:00:00.000
CO1.BDOS.10039142,FTIC.SAMC-001-2026  (Manifestación de interés (Menor Cuantía)) (Presentación de oferta),ALCALDÍA MUNICIPAL DE SASAIMA,Cundinamarca,Sasaima,Selección Abreviada de Menor Cuantía,Obra,Seleccionado,143448065,143163526,1,0,día(s),2026-04-08T00:00:00.000
CO1.BDOS.10159483,MC-013-2026,MUNICIPIO DE MACHETA,Cundinamarca,Macheta,Mínima cuantía,Obra,Seleccionado,28635044,23227178,4,30,día(s),2026-04-08T00:00:00.000
CO1.BDOS.10045927,LP-002-2026 (Fase de Selección (Presentación de ofertas)),MUNICIPIO DE SOACHA..,Cundinamarca,Soacha,Licitación pública Obra Publica,Obra,Seleccionado,1498650824,1389399306,43,10,Mes(es),2026-04-07T00:00:00.000
CO1.BDOS.10107847,SAMC-008-2026 (Manifestación de interés (Menor Cuantía)) (Presentación de oferta),ALCALDIA MUNICIPIO DE CAJICA,Cundinamarca,Cajicá,Selección Abreviada de Menor Cuantía,Obra,Seleccionado,590909090,561709223,3,6,Mes(es),2026-04-07T00:00:00.000
CO1.BDOS.10087815,SAMC 023-2026 (Manifestación de interés (Menor Cuantía)) (Presentación de oferta),MUNICIPIO DE ANAPOIMA/,Cundinamarca,No Definido,Selección Abreviada de Menor Cuantía,Obra,Seleccionado,449000000,448892409,3,3,Mes(es),2026-04-07T00:00:00.000
CO1.BDOS.10111820,SAMC-003-2026 (Manifestación de interés (Menor Cuantía)) (Presentación de oferta),MUNICIPIO DE SAN FRANCISCO,Cundinamarca,San Francisco,Selección Abreviada de Menor Cuantía,Obra,Seleccionado,102939860,102937896,2,2,Mes(es),2026-04-06T00:00:00.000
CO1.BDOS.10108219,SAMC-003-2026 (Manifestación de interés (Menor Cuantía)) (Presentación de oferta),ALCALDIA DE SESQUILE,Cundinamarca,Sesquilé,Selección Abreviada de Menor Cuantía,Obra,Seleccionado,79453112,75388816,4,90,día(s),2026-04-06T00:00:00.000
CO1.BDOS.10093405,SAMC-004-2026 (Manifestación de interés (Menor Cuantía)) (Presentación de oferta),ALCALDIA MUNICIPAL DE GUADUAS,Cundinamarca,Guaduas,Selección Abreviada de Menor Cuantía,Obra,Seleccionado,449996661,449999661,2,4,Mes(es),2026-04-01T00:00:00.000
CO1.BDOS.10106525,CQ-SAMC-006-2026 (Manifestación de interés (Menor Cuantía)) (Presentación de oferta),MUNICIPIO DE CAQUEZA,Cundinamarca,Caqueza,Selección Abreviada de Menor Cuantía,Obra,Seleccionado,300000000,299991504,1,4,Mes(es),2026-03-31T00:00:00.000
CO1.BDOS.10015903,SAMC-004 DE 2026 (Manifestación de interés (Menor Cuantía)) (Presentación de oferta),MUNICIPIO DE MACHETA,Cundinamarca,Macheta,Selección Abreviada de Menor Cuantía,Obra,Seleccionado,136181997,136008791,1,2,Mes(es),2026-03-31T00:00:00.000
CO1.BDOS.10086098,SAMC 2026-0491 (Manifestación de interés (Menor Cuantía)) (Presentación de oferta),ALCALDIA MUNICIPAL FUSAGASUGA,Cundinamarca,Fusagasugá,Selección Abreviada de Menor Cuantía,Obra,Seleccionado,310000000,294377567,2,3,Mes(es),2026-03-31T00:00:00.000
CO1.BDOS.10002996,LP-01-2026 (Fase de Selección (Presentación de ofertas)),MUNICIPIO DE CHOCONTÁ,Cundinamarca,Chocontá,Licitación pública Obra Publica,Obra,Seleccionado,1298007498,1257858826,74,6,Mes(es),2026-03-31T00:00:00.000
CO1.BDOS.9984589,SA 006-2026 (Manifestación de interés (Menor Cuantía)) (Presentación de oferta),MUNICIPIO DE LA MESA,Cundinamarca,La Mesa,Selección Abreviada de Menor Cuantía,Obra,Seleccionado,300000000,299988558,3,5,Mes(es),2026-03-31T00:00:00.000
CO1.BDOS.10095275,SAMC-002-2026 (Manifestación de interés (Menor Cuantía)) (Presentación de oferta),ALCALDIA DE SESQUILE,Cundinamarca,Sesquilé,Selección Abreviada de Menor Cuantía,Obra,Seleccionado,135000000,127093398,6,120,día(s),2026-03-30T00:00:00.000
CO1.BDOS.10086622,SA-MC-004-2026 (Manifestación de interés (Menor Cuantía)) (Presentación de oferta),ALCALDIA MUNICIPAL DE GACHETA,Cundinamarca,Gachetá,Selección Abreviada de Menor Cuantía,Obra,Seleccionado,400000000,399817288,1,4,Mes(es),2026-03-30T00:00:00.000
CO1.BDOS.10086622,SA-MC-004-2026 (Manifestación de interés (Menor Cuantía)) (Presentación de oferta),ALCALDIA MUNICIPAL DE GACHETA,Cundinamarca,Gachetá,Selección Abreviada de Menor Cuantía,Obra,Seleccionado,400000000,399817288,1,4,Mes(es),2026-03-30T00:00:00.000
CO1.BDOS.10086622,SA-MC-004-2026 (Manifestación de interés (Menor Cuantía)) (Presentación de oferta),ALCALDIA MUNICIPAL DE GACHETA,Cundinamarca,Gachetá,Selección Abreviada de Menor Cuantía,Obra,Seleccionado,400000000,399817288,1,4,Mes(es),2026-03-30T00:00:00.000
CO1.BDOS.10004711,LP-002-2026 (Fase de Selección (Presentación de ofertas)),MUNICIPIO DE LA MESA,Cundinamarca,La Mesa,Licitación pública Obra Publica,Obra,Seleccionado,3181818182,3178490121,2,12,Mes(es),2026-03-30T00:00:00.000
CO1.BDOS.10080876,SAMC-007-2026 (Manifestación de interés (Menor Cuantía)) (Presentación de oferta),MUNICIPIO DE UBATE,Cundinamarca,Villa De San Diego De Ubate,Selección Abreviada de Menor Cuantía,Obra,Seleccionado,400000000,399994520,1,2,Mes(es),2026-03-30T00:00:00.000
CO1.BDOS.10086622,SA-MC-004-2026 (Manifestación de interés (Menor Cuantía)) (Presentación de oferta),ALCALDIA MUNICIPAL DE GACHETA,Cundinamarca,Gachetá,Selección Abreviada de Menor Cuantía,Obra,Seleccionado,400000000,399817288,1,4,Mes(es),2026-03-30T00:00:00.000
CO1.BDOS.10060243,MSIL-SAMC-009 2026 (Manifestación de interés (Menor Cuantía)) (Presentación de oferta),MUNICIPIO DE SILVANIA,Cundinamarca,Silvania,Selección Abreviada de Menor Cuantía,Obra,Seleccionado,220000000,219593515,1,4,Mes(es),2026-03-27T00:00:00.000
CO1.BDOS.10062568,SAMC-003-2026 (Manifestación de interés (Menor Cuantía)) (Presentación de oferta),ALCALDIA MUNICIPAL DE GIRARDOT,Cundinamarca,Girardot,Selección Abreviada de Menor Cuantía,Obra,Seleccionado,399997323,399292467,2,90,día(s),2026-03-27T00:00:00.000
CO1.BDOS.10080082,SAMC-005-2026 (Manifestación de interés (Menor Cuantía)) (Presentación de oferta),MUNICIPIO DE UBATE,Cundinamarca,Villa De San Diego De Ubate,Selección Abreviada de Menor Cuantía,Obra,Seleccionado,487649000,487642090,1,2,Mes(es),2026-03-27T00:00:00.000
CO1.BDOS.10130093,MIC-028-2026,Alcaldía Municipal de Gachalá,Cundinamarca,Gachala,Mínima cuantía,Obra,Seleccionado,49000000,49000000,1,8,Mes(es),2026-03-26T00:00:00.000
CO1.BDOS.10079937,SAMC-004-2026 (Manifestación de interés (Menor Cuantía)) (Presentación de oferta),MUNICIPIO DE UBATE,Cundinamarca,Villa De San Diego De Ubate,Selección Abreviada de Menor Cuantía,Obra,Seleccionado,230000000,229951526,1,3,Mes(es),2026-03-26T00:00:00.000
CO1.BDOS.10129523,MC-015-2026,MUNICIPIO DE AGUA DE DIOS,Cundinamarca,Agua De Dios,Mínima cuantía,Obra,Seleccionado,49000000,47539548,2,0,día(s),2026-03-26T00:00:00.000
CO1.BDOS.10126199,MC-020-2026,MUNICIPIO DE VILLAPINZON,Cundinamarca,Villapinzón,Mínima cuantía,Obra,Seleccionado,49000000,49000000,1,0,día(s),2026-03-25T00:00:00.000
CO1.BDOS.10003092,LP-02-2026 (Fase de Selección (Presentación de ofertas)),MUNICIPIO DE CHOCONTÁ,Cundinamarca,Chocontá,Licitación pública Obra Publica,Obra,Seleccionado,11363636352,10954148284,16,12,Mes(es),2026-03-25T00:00:00.000
CO1.BDOS.10126199,MC-020-2026,MUNICIPIO DE VILLAPINZON,Cundinamarca,Villapinzón,Mínima cuantía,Obra,Seleccionado,49000000,49000000,1,0,día(s),2026-03-25T00:00:00.000
CO1.BDOS.10126199,MC-020-2026,MUNICIPIO DE VILLAPINZON,Cundinamarca,Villapinzón,Mínima cuantía,Obra,Seleccionado,49000000,49000000,1,0,día(s),2026-03-25T00:00:00.000
CO1.BDOS.10004814,SA-MC-001-2026 (Manifestación de interés (Menor Cuantía)) (Presentación de oferta),MUNICIPIO MANTA CUNDINAMARCA,Cundinamarca,Manta,Selección Abreviada de Menor Cuantía,Obra,Seleccionado,373968115,373968115,1,3,Mes(es),2026-03-25T00:00:00.000
CO1.BDOS.10080265,SAMC-006-2026 (Manifestación de interés (Menor Cuantía)) (Presentación de oferta),MUNICIPIO DE UBATE,Cundinamarca,Villa De San Diego De Ubate,Selección Abreviada de Menor Cuantía,Obra,Seleccionado,400000000,399973405,3,3,Mes(es),2026-03-25T00:00:00.000
CO1.BDOS.10075233,SAMC-003-2026 (Manifestación de interés (Menor Cuantía)) (Presentación de oferta),MUNICIPIO DE MACHETA,Cundinamarca,Macheta,Selección Abreviada de Menor Cuantía,Obra,Seleccionado,100000000,99766286,3,3,Mes(es),2026-03-25T00:00:00.000
CO1.BDOS.10066961,SAMC-004-2026 (Manifestación de interés (Menor Cuantía)) (Presentación de oferta),MUNICIPIO DE CUCUNUBÁ,Cundinamarca,Cucunubá,Selección Abreviada de Menor Cuantía,Obra,Seleccionado,100000000,99954728,2,2,Mes(es),2026-03-24T00:00:00.000
CO1.BDOS.10084415,CQ-SAM-003-2026 (Manifestación de interés (Menor Cuantía)) (Presentación de oferta),MUNICIPIO DE CAQUEZA,Cundinamarca,Caqueza,Selección Abreviada de Menor Cuantía,Obra,Seleccionado,310591118,310591118,1,6,Mes(es),2026-03-24T00:00:00.000
CO1.BDOS.10038882,FTIC-SAMC-002-2026 (Manifestación de interés (Menor Cuantía)) (Presentación de oferta),ALCALDÍA MUNICIPAL DE SASAIMA,Cundinamarca,Sasaima,Selección Abreviada de Menor Cuantía,Obra,Seleccionado,200000000,200000000,4,0,día(s),2026-03-24T00:00:00.000
CO1.BDOS.10058568,FTIC-SAMC-004-2026  (Manifestación de interés (Menor Cuantía)) (Presentación de oferta),ALCALDÍA MUNICIPAL DE SASAIMA,Cundinamarca,Sasaima,Selección Abreviada de Menor Cuantía,Obra,Seleccionado,204045284,204025303,1,0,día(s),2026-03-24T00:00:00.000
CO1.BDOS.9985457,SA-004-2026 (Manifestación de interés (Menor Cuantía)) (Presentación de oferta),MUNICIPIO DE LA MESA,Cundinamarca,La Mesa,Selección Abreviada de Menor Cuantía,Obra,Seleccionado,330000000,328022018,2,3,Mes(es),2026-03-24T00:00:00.000
CO1.BDOS.9989782,SA-005-2026 (Manifestación de interés (Menor Cuantía)) (Presentación de oferta),MUNICIPIO DE LA MESA,Cundinamarca,La Mesa,Selección Abreviada de Menor Cuantía,Obra,Seleccionado,316985000,314451705,2,3,Mes(es),2026-03-24T00:00:00.000
CO1.BDOS.10035639,FTIC.SAMC-003-2026 (Manifestación de interés (Menor Cuantía)) (Presentación de oferta),ALCALDÍA MUNICIPAL DE SASAIMA,Cundinamarca,Sasaima,Selección Abreviada de Menor Cuantía,Obra,Seleccionado,286330668,286301080,1,0,día(s),2026-03-24T00:00:00.000
CO1.BDOS.10084132,SA-MC-003-2026 (Manifestación de interés (Menor Cuantía)) (Presentación de oferta),ALCALDIA MUNICIPAL DE GACHETA,Cundinamarca,Gachetá,Selección Abreviada de Menor Cuantía,Obra,Seleccionado,200000000,199544530,1,3,Mes(es),2026-03-20T00:00:00.000
CO1.BDOS.10084132,SA-MC-003-2026 (Manifestación de interés (Menor Cuantía)) (Presentación de oferta),ALCALDIA MUNICIPAL DE GACHETA,Cundinamarca,Gachetá,Selección Abreviada de Menor Cuantía,Obra,Seleccionado,200000000,199544530,1,3,Mes(es),2026-03-20T00:00:00.000
CO1.BDOS.10079682,SAMC-004-2026  (Manifestación de interés (Menor Cuantía)) (Presentación de oferta),MUNICIPIO DE FUQUENE,Cundinamarca,Fúquene,Selección Abreviada de Menor Cuantía,Obra,Seleccionado,100000000,100000000,2,2,Mes(es),2026-03-19T00:00:00.000
CO1.BDOS.10044026,SAMC-002-2026 (Manifestación de interés (Menor Cuantía)) (Presentación de oferta),MUNICIPIO DE CUCUNUBÁ,Cundinamarca,Cucunubá,Selección Abreviada de Menor Cuantía,Obra,Seleccionado,100000000,94949962,2,2,Mes(es),2026-03-19T00:00:00.000
CO1.BDOS.10062002,MSIL-SAMC-010 2026. (Manifestación de interés (Menor Cuantía)) (Presentación de oferta),MUNICIPIO DE SILVANIA,Cundinamarca,Silvania,Selección Abreviada de Menor Cuantía,Obra,Seleccionado,200000000,199999999,2,4,Mes(es),2026-03-19T00:00:00.000
CO1.BDOS.10044759,SMC-003-2026 (Manifestación de interés (Menor Cuantía)) (Presentación de oferta),MUNICIPIO DE CUCUNUBÁ,Cundinamarca,Cucunubá,Selección Abreviada de Menor Cuantía,Obra,Seleccionado,249864997,236874651,4,4,Mes(es),2026-03-19T00:00:00.000
CO1.BDOS.10062844,SAMC 004-2026 ALC-GTA (Manifestación de interés (Menor Cuantía)) (Presentación de oferta),MUNICIPIO DE GUACHETÁ,Cundinamarca,Guachetá,Selección Abreviada de Menor Cuantía,Obra,Seleccionado,344907990,344907990,1,3,Mes(es),2026-03-19T00:00:00.000
CO1.BDOS.10019487,LP-001-2026 (Fase de Selección (Presentación de ofertas)),ALCALDÍA MUNICIPAL DE MADRID CUNDINAMARCA,Cundinamarca,Madrid,Licitación pública Obra Publica,Obra,Seleccionado,13855863431,13063308042,13,12,Mes(es),2026-03-19T00:00:00.000
CO1.BDOS.10067901,SA-MC-003-2026 (Manifestación de interés (Menor Cuantía)) (Presentación de oferta),MUNICIPIO MANTA CUNDINAMARCA,Cundinamarca,Manta,Selección Abreviada de Menor Cuantía,Obra,Seleccionado,100000000,99988588,1,2,Mes(es),2026-03-18T00:00:00.000
CO1.BDOS.10060793,SAMC 002-2026 ALC GTA  (Manifestación de interés (Menor Cuantía)) (Presentación de oferta),MUNICIPIO DE GUACHETÁ,Cundinamarca,Guachetá,Selección Abreviada de Menor Cuantía,Obra,Seleccionado,201301086,201233200,1,2,Mes(es),2026-03-18T00:00:00.000
CO1.BDOS.10080143,SAMC-005-2026 (Manifestación de interés (Menor Cuantía)) (Presentación de oferta),MUNICIPIO DE FUQUENE,Cundinamarca,Fúquene,Selección Abreviada de Menor Cuantía,Obra,Seleccionado,100000000,99799968,2,2,Mes(es),2026-03-18T00:00:00.000
CO1.BDOS.10066070,LP-001-2026 (Fase de Selección (Presentación de ofertas)),MUNICIPIO DE VILLAPINZON,Cundinamarca,Villapinzón,Licitación pública Obra Publica,Obra,Seleccionado,988623457,933830576,16,6,Mes(es),2026-03-18T00:00:00.000
CO1.BDOS.10000763,LP-002-2026 (Fase de Selección (Presentación de ofertas)),MUNICIPIO DE AGUA DE DIOS,Cundinamarca,Agua De Dios,Licitación pública Obra Publica,Obra,Seleccionado,3818181818,3816043586,1,0,día(s),2026-03-18T00:00:00.000
CO1.BDOS.10000763,LP-002-2026 (Fase de Selección (Presentación de ofertas)),MUNICIPIO DE AGUA DE DIOS,Cundinamarca,Agua De Dios,Licitación pública Obra Publica,Obra,Seleccionado,3818181818,3816043586,1,0,día(s),2026-03-18T00:00:00.000
CO1.BDOS.10062589,SAMC-003-2026  ALC GTA (Manifestación de interés (Menor Cuantía)) (Presentación de oferta),MUNICIPIO DE GUACHETÁ,Cundinamarca,Guachetá,Selección Abreviada de Menor Cuantía,Obra,Seleccionado,200000000,199990461,1,60,día(s),2026-03-18T00:00:00.000
CO1.BDOS.10074878,CQ-SAM-004-2026 (Manifestación de interés (Menor Cuantía)) (Presentación de oferta),MUNICIPIO DE CAQUEZA,Cundinamarca,Caqueza,Selección Abreviada de Menor Cuantía,Obra,Seleccionado,387000000,386967218,1,4,Mes(es),2026-03-18T00:00:00.000
CO1.BDOS.10067216,PSACC-001 DE 2026 (Manifestación de interés (Menor Cuantía)) (Presentación de oferta),ALCALDIA MUNICIPIO CARMEN DE CARUPA,Cundinamarca,No Definido,Selección Abreviada de Menor Cuantía,Obra,Seleccionado,488890945,488868051,1,5,Mes(es),2026-03-18T00:00:00.000
CO1.BDOS.10079421,SAMC-003-2026 (Manifestación de interés (Menor Cuantía)) (Presentación de oferta),MUNICIPIO DE FUQUENE,Cundinamarca,Fúquene,Selección Abreviada de Menor Cuantía,Obra,Seleccionado,110000000,109712355,3,2,Mes(es),2026-03-18T00:00:00.000
CO1.BDOS.10062391,SAMC-002-2026 (Manifestación de interés (Menor Cuantía)) (Fase de ofertas),MUNICIPIO DE EL ROSAL,Cundinamarca,El Rosal,Selección Abreviada de Menor Cuantía,Obra,Seleccionado,345000000,344995720,3,3,Mes(es),2026-03-18T00:00:00.000
CO1.BDOS.10057272,SAMC-003-2026 (Manifestación de interés (Menor Cuantía)) (Presentación de oferta),MUNICIPIO DE UBATE,Cundinamarca,Villa De San Diego De Ubate,Selección Abreviada de Menor Cuantía,Obra,Seleccionado,357357936,357352833,1,2,Mes(es),2026-03-18T00:00:00.000
CO1.BDOS.10005430,LP-002-2.026. (Fase de Selección (Presentación de ofertas)),MUNICIPIO MANTA CUNDINAMARCA,Cundinamarca,Manta,Licitación pública Obra Publica,Obra,Seleccionado,1132808874,1127144830,1,12,Mes(es),2026-03-17T00:00:00.000
CO1.BDOS.10075906,SAMC-002-2026 (Manifestación de interés (Menor Cuantía)) (Presentación de oferta),MUNICIPIO DE FUQUENE,Cundinamarca,Fúquene,Selección Abreviada de Menor Cuantía,Obra,Seleccionado,100000000,99501778,3,2,Mes(es),2026-03-17T00:00:00.000
CO1.BDOS.10071152,SAMC-006-2026 (Manifestación de interés (Menor Cuantía)) (Presentación de oferta),MUNICIPIO DE CAPARRAPI*,Cundinamarca,Caparrapí,Selección Abreviada de Menor Cuantía,Obra,Seleccionado,250700474,245687053,1,4,Mes(es),2026-03-17T00:00:00.000
CO1.BDOS.10060141,MSIL-SAMC-007 2026 (Manifestación de interés (Menor Cuantía)) (Presentación de oferta),MUNICIPIO DE SILVANIA,Cundinamarca,Silvania,Selección Abreviada de Menor Cuantía,Obra,Seleccionado,100000000,99001695,2,4,Mes(es),2026-03-17T00:00:00.000
CO1.BDOS.10104088,SMC 009-2026,ALCALDIA MUNICIPIO DE NOCAIMA,Cundinamarca,Nocaima,Mínima cuantía,Obra,Seleccionado,40000000,39969844,1,2,Mes(es),2026-03-17T00:00:00.000
CO1.BDOS.10062898,SAMC 005-2026 ALC-GTA (Manifestación de interés (Menor Cuantía)) (Presentación de oferta),MUNICIPIO DE GUACHETÁ,Cundinamarca,Guachetá,Selección Abreviada de Menor Cuantía,Obra,Seleccionado,375801769,375801563,1,4,Mes(es),2026-03-17T00:00:00.000
CO1.BDOS.10048795,SAMC-001-2026 (Manifestación de interés (Menor Cuantía)) (Presentación de oferta),ALCALDIA DE SESQUILE,Cundinamarca,Sesquilé,Selección Abreviada de Menor Cuantía,Obra,Seleccionado,127000000,119198079,5,3,Mes(es),2026-03-16T00:00:00.000
CO1.BDOS.10053161,SAMC-002-2026 (Manifestación de interés (Menor Cuantía)) (Presentación de oferta),MUNICIPIO DE MACHETA,Cundinamarca,Macheta,Selección Abreviada de Menor Cuantía,Obra,Seleccionado,200000000,198000289,1,3,Mes(es),2026-03-16T00:00:00.000
CO1.BDOS.10025055,SAMC-001-2026 (Manifestación de interés (Menor Cuantía)) (Presentación de oferta),MUNICIPIO DE CUCUNUBÁ,Cundinamarca,Cucunubá,Selección Abreviada de Menor Cuantía,Obra,Seleccionado,286330668,286330668,1,3,Mes(es),2026-03-16T00:00:00.000
CO1.BDOS.10059954,CQ-SAM-002-2026 (Manifestación de interés (Menor Cuantía)) (Presentación de oferta),MUNICIPIO DE CAQUEZA,Cundinamarca,Caqueza,Selección Abreviada de Menor Cuantía,Obra,Seleccionado,250000000,249811416,1,3,Mes(es),2026-03-16T00:00:00.000
CO1.BDOS.10060208,MSIL-SAMC-008 DE 2026 (Manifestación de interés (Menor Cuantía)) (Presentación de oferta),MUNICIPIO DE SILVANIA,Cundinamarca,Silvania,Selección Abreviada de Menor Cuantía,Obra,Seleccionado,150000000,143457252,1,4,Mes(es),2026-03-16T00:00:00.000
CO1.BDOS.10035930,LP-001-2026 (Fase de Selección (Presentación de ofertas)),ALCALDIA MUNICIPAL DE SUESCA +,Cundinamarca,Suesca,Licitación pública Obra Publica,Obra,Seleccionado,636363636,598886651,20,5,Mes(es),2026-03-13T00:00:00.000
CO1.BDOS.10034673,MA-LP-001-2026 (Fase de Selección (Presentación de ofertas)),ALCALDIA MUNICIPIO DE ANOLAIMA,Cundinamarca,Anolaima,Licitación pública Obra Publica,Obra,Seleccionado,5119037311,4811364000,15,5,Mes(es),2026-03-12T00:00:00.000
CO1.BDOS.10010419,SA-MC-003-2026 (Manifestación de interés (Menor Cuantía)) (Presentación de oferta),ALCALDIA MUNICIPAL DE SUESCA +,Cundinamarca,Suesca,Selección Abreviada de Menor Cuantía,Obra,Seleccionado,100000000,95814713,5,1,Mes(es),2026-03-12T00:00:00.000
CO1.BDOS.10034673,MA-LP-001-2026 (Fase de Selección (Presentación de ofertas)),ALCALDIA MUNICIPIO DE ANOLAIMA,Cundinamarca,Anolaima,Licitación pública Obra Publica,Obra,Seleccionado,5119037311,4811364000,15,5,Mes(es),2026-03-12T00:00:00.000
CO1.BDOS.10034673,MA-LP-001-2026 (Fase de Selección (Presentación de ofertas)),ALCALDIA MUNICIPIO DE ANOLAIMA,Cundinamarca,Anolaima,Licitación pública Obra Publica,Obra,Seleccionado,5119037311,4811364000,15,5,Mes(es),2026-03-12T00:00:00.000
CO1.BDOS.10039098,SAMC 001 -2026 (Manifestación de interés (Menor Cuantía)) (Presentación de oferta),ALCALDIA MUNICIPIO DE NOCAIMA,Cundinamarca,Nocaima,Selección Abreviada de Menor Cuantía,Obra,Seleccionado,410000000,109835073,4,2,Mes(es),2026-03-11T00:00:00.000
CO1.BDOS.9989812,LP-001-2026 (Fase de Selección (Presentación de ofertas)),IDUVI,Cundinamarca,Chía,Licitación pública Obra Publica,Obra,Seleccionado,2849892207,2849892207,1,270,día(s),2026-03-11T00:00:00.000
CO1.BDOS.10039098,SAMC 001 -2026 (Manifestación de interés (Menor Cuantía)) (Presentación de oferta),ALCALDIA MUNICIPIO DE NOCAIMA,Cundinamarca,Nocaima,Selección Abreviada de Menor Cuantía,Obra,Seleccionado,410000000,109835073,4,2,Mes(es),2026-03-11T00:00:00.000
CO1.BDOS.10039098,SAMC 001 -2026 (Manifestación de interés (Menor Cuantía)) (Presentación de oferta),ALCALDIA MUNICIPIO DE NOCAIMA,Cundinamarca,Nocaima,Selección Abreviada de Menor Cuantía,Obra,Seleccionado,410000000,99850103,4,2,Mes(es),2026-03-11T00:00:00.000
CO1.BDOS.10039098,SAMC 001 -2026 (Manifestación de interés (Menor Cuantía)) (Presentación de oferta),ALCALDIA MUNICIPIO DE NOCAIMA,Cundinamarca,Nocaima,Selección Abreviada de Menor Cuantía,Obra,Seleccionado,410000000,99929406,4,2,Mes(es),2026-03-11T00:00:00.000
CO1.BDOS.10039098,SAMC 001 -2026 (Manifestación de interés (Menor Cuantía)) (Presentación de oferta),ALCALDIA MUNICIPIO DE NOCAIMA,Cundinamarca,Nocaima,Selección Abreviada de Menor Cuantía,Obra,Seleccionado,410000000,99929406,4,2,Mes(es),2026-03-11T00:00:00.000
CO1.BDOS.10039098,SAMC 001 -2026 (Manifestación de interés (Menor Cuantía)) (Presentación de oferta),ALCALDIA MUNICIPIO DE NOCAIMA,Cundinamarca,Nocaima,Selección Abreviada de Menor Cuantía,Obra,Seleccionado,410000000,99850103,4,2,Mes(es),2026-03-11T00:00:00.000
CO1.BDOS.10083114,MC 006-2026,ALCALDIA MUNICIPIO DE RICAURTE,Cundinamarca,Ricaurte,Mínima cuantía,Obra,Seleccionado,28797359,28797359,1,1,Mes(es),2026-03-10T00:00:00.000
CO1.BDOS.10050043,MP-LP-002-2026 (Fase de Selección (Presentación de ofertas)),MUNICIPIO DE PANDI,Cundinamarca,No Definido,Licitación pública Obra Publica,Obra,Seleccionado,2508090835,2397732375,26,210,día(s),2026-03-10T00:00:00.000
CO1.BDOS.10081264,MA-MC-005-2026,ALCALDIA MUNICIPIO DE ANOLAIMA,Cundinamarca,Anolaima,Mínima cuantía,Obra,Seleccionado,49000000,46046353,1,2,Mes(es),2026-03-10T00:00:00.000
CO1.BDOS.10003472,SAMC-002-2026 (Manifestación de interés (Menor Cuantía)) (Presentación de oferta),ALCALDIA MUNICIPAL DE GUADUAS,Cundinamarca,Guaduas,Selección Abreviada de Menor Cuantía,Obra,Seleccionado,387222638,386523236,3,6,Mes(es),2026-03-10T00:00:00.000
CO1.BDOS.10080871,CONVOCATORIA 001-2026,E.S.E HOSPITAL NUESTRA SEÑORA DEL CARMEN DEL COLEGIO,Cundinamarca,El Colegio,Contratación régimen especial (con ofertas),Obra,Seleccionado,1724982617,1724981621,0,9,Mes(es),2026-03-09T00:00:00.000
CO1.BDOS.10002832,LP-002-2026 (Fase de Selección (Presentación de ofertas)),ALCALDIA MUNICIPAL DE GUADUAS,Cundinamarca,Guaduas,Licitación pública Obra Publica,Obra,Seleccionado,803515516,803511052,3,6,Mes(es),2026-03-06T00:00:00.000
CO1.BDOS.10008627,LP-AMS-2026-0002 (Fase de Selección (Presentación de ofertas)),ALCALDÍA MUNICIPAL DE SOPO,Cundinamarca,Sopó,Licitación pública Obra Publica,Obra,Seleccionado,5464996311,5131545362,52,14,Mes(es),2026-03-06T00:00:00.000
CO1.BDOS.10035134,SAMC-003-2026 (Manifestación de interés (Menor Cuantía)) (Presentación de oferta),ALCALDIA MUNICIPAL DE SUTATAUSA,Cundinamarca,Sutatausa,Selección Abreviada de Menor Cuantía,Obra,Seleccionado,450000000,450000000,1,3,Mes(es),2026-03-06T00:00:00.000
CO1.BDOS.9995437,011-00-M-CAMAN-GRUAL-2026 (Fase de Selección (Presentación de ofertas)),COMANDO AEREO DE MANTENIMIENTO,Cundinamarca,Madrid,Licitación pública Obra Publica,Obra,Seleccionado,3887810929,3887810929,8,8,Mes(es),2026-03-05T00:00:00.000
CO1.BDOS.10024338,CQ-SAM-001-2026 (Manifestación de interés (Menor Cuantía)) (Presentación de oferta),MUNICIPIO DE CAQUEZA,Cundinamarca,Caqueza,Selección Abreviada de Menor Cuantía,Obra,Seleccionado,100000000,99998874,1,2,Mes(es),2026-03-05T00:00:00.000
CO1.BDOS.9995437,011-00-M-CAMAN-GRUAL-2026 (Fase de Selección (Presentación de ofertas)),COMANDO AEREO DE MANTENIMIENTO,Cundinamarca,Madrid,Licitación pública Obra Publica,Obra,Seleccionado,3887810929,3887810929,8,8,Mes(es),2026-03-05T00:00:00.000
CO1.BDOS.9564423,LP-001-2026 (Fase de Selección (Presentación de ofertas)),ALCALDIA MUNICIPAL DE PUERTO SALGAR,Cundinamarca,Puerto Salgar,Licitación pública Obra Publica,Obra,Seleccionado,500000000,499990308,1,4,Mes(es),2026-03-05T00:00:00.000
CO1.BDOS.9988320,SAMC-002-2026 (Manifestación de interés (Menor Cuantía)) (Presentación de oferta),MUNICIPIO DE ALBAN,Cundinamarca,Albán,Selección Abreviada de Menor Cuantía,Obra,Seleccionado,105300000,101087936,1,2,Mes(es),2026-03-04T00:00:00.000
CO1.BDOS.9321214,SAMC-012-2025 (Manifestación de interés (Menor Cuantía)) (Presentación de oferta),MUNICIPIO DE MACHETA,Cundinamarca,Macheta,Selección Abreviada de Menor Cuantía,Obra,Seleccionado,320000000,314622999,2,3,Mes(es),2026-03-04T00:00:00.000
CO1.BDOS.10011319,SAMC-001-2026 (Manifestación de interés (Menor Cuantía)) (Presentación de oferta),MUNICIPIO DE SAN FRANCISCO,Cundinamarca,San Francisco,Selección Abreviada de Menor Cuantía,Obra,Seleccionado,450000000,449999914,2,3,Mes(es),2026-03-04T00:00:00.000
CO1.BDOS.9991139,LP-003-2026 (Fase de Selección (Presentación de ofertas)),MUNICIPIO DE UBATE,Cundinamarca,Villa De San Diego De Ubate,Licitación pública Obra Publica,Obra,Seleccionado,2779855052,2607794039,60,6,Mes(es),2026-03-03T00:00:00.000
CO1.BDOS.10063641,CONVOCATORIA PUBLICA 016-2026,EMPRESA SOCIAL DEL ESTADO HOSPITAL SAN RAFAEL DE FACATATIVA,Cundinamarca,Facatativá,Contratación régimen especial (con ofertas),Obra,Seleccionado,2504899780,2502384136,1,6,Mes(es),2026-03-03T00:00:00.000
CO1.BDOS.9571664,LP-001-2026 (Fase de Selección (Presentación de ofertas)),MUNICIPIO DE AGUA DE DIOS,Cundinamarca,Agua De Dios,Licitación pública Obra Publica,Obra,Seleccionado,2272727273,2271655820,1,0,día(s),2026-03-03T00:00:00.000
CO1.BDOS.10010414,SAMC-005-2026 (Manifestación de interés (Menor Cuantía)) (Presentación de oferta),MUNICIPIO DE VILLAGÓMEZ*,Cundinamarca,Villagómez,Selección Abreviada de Menor Cuantía,Obra,Seleccionado,246562000,246512483,3,3,Mes(es),2026-03-02T00:00:00.000
CO1.BDOS.10020857,MP-SAMC-002-2026 (Manifestación de interés (Menor Cuantía)) (Presentación de oferta),MUNICIPIO DE PANDI,Cundinamarca,No Definido,Selección Abreviada de Menor Cuantía,Obra,Seleccionado,300000000,292203918,3,90,día(s),2026-03-02T00:00:00.000
CO1.BDOS.9991359,SAMC-001-2026 (Manifestación de interés (Menor Cuantía)) (Presentación de oferta),ALCALDIA MUNICIPAL DE GACHETA,Cundinamarca,Gachetá,Selección Abreviada de Menor Cuantía,Obra,Seleccionado,100000000,94660408,5,2,Mes(es),2026-03-02T00:00:00.000
CO1.BDOS.9997172,MA-SAMC-001-2026 (Manifestación de interés (Menor Cuantía)) (Presentación de oferta),ALCALDIA MUNICIPIO DE ANOLAIMA,Cundinamarca,Anolaima,Selección Abreviada de Menor Cuantía,Obra,Seleccionado,350000000,330440202,4,1,Mes(es),2026-02-27T00:00:00.000
CO1.BDOS.9997172,MA-SAMC-001-2026 (Manifestación de interés (Menor Cuantía)) (Presentación de oferta),ALCALDIA MUNICIPIO DE ANOLAIMA,Cundinamarca,Anolaima,Selección Abreviada de Menor Cuantía,Obra,Seleccionado,350000000,330440202,4,1,Mes(es),2026-02-27T00:00:00.000
CO1.BDOS.9997172,MA-SAMC-001-2026 (Manifestación de interés (Menor Cuantía)) (Presentación de oferta),ALCALDIA MUNICIPIO DE ANOLAIMA,Cundinamarca,Anolaima,Selección Abreviada de Menor Cuantía,Obra,Seleccionado,350000000,330440202,4,1,Mes(es),2026-02-27T00:00:00.000
CO1.BDOS.10013617,MSIL-SAMC 02 DE 2026 (Manifestación de interés (Menor Cuantía)) (Presentación de oferta),MUNICIPIO DE SILVANIA,Cundinamarca,Silvania,Selección Abreviada de Menor Cuantía,Obra,Seleccionado,307000000,306994437,1,4,Mes(es),2026-02-27T00:00:00.000
CO1.BDOS.10002199,SAMC-001-2026  (Manifestación de interés (Menor Cuantía)) (Presentación de oferta),ALCALDIA MUNICIPAL DE PUERTO SALGAR,Cundinamarca,Puerto Salgar,Selección Abreviada de Menor Cuantía,Obra,Seleccionado,412562421,412561462,2,4,Mes(es),2026-02-27T00:00:00.000
CO1.BDOS.9959569,LP-001-2026 (Fase de Selección (Presentación de ofertas)),MUNICIPIO DE GACHANCIPA,Cundinamarca,Gachancipá,Licitación pública Obra Publica,Obra,Seleccionado,5416673567,5074189495,11,0,día(s),2026-02-26T00:00:00.000
CO1.BDOS.9980149,LP-001-2026 (Fase de Selección (Presentación de ofertas)),MUNICIPIO DE ALBAN,Cundinamarca,Albán,Licitación pública Obra Publica,Obra,Seleccionado,1114679492,1114464500,1,6,Mes(es),2026-02-26T00:00:00.000
CO1.BDOS.9967763,SAMC-008-2026 (Manifestación de interés (Menor Cuantía)) (Presentación de oferta),ALCALDIA MUNICIPIO DE LA VEGA CUNDINAMARCA,Cundinamarca,La Vega,Selección Abreviada de Menor Cuantía,Obra,Seleccionado,300000000,299665860,1,40,día(s),2026-02-26T00:00:00.000
CO1.BDOS.9980713,LP-001-2026 (Fase de Selección (Presentación de ofertas)),MUNICIPIO DE TIBIRITA,Cundinamarca,Tibirita,Licitación pública Obra Publica,Obra,Seleccionado,582934758,549393699,18,4,Mes(es),2026-02-25T00:00:00.000
CO1.BDOS.9290200,SAMC-011-2025 (Manifestación de interés (Menor Cuantía)) (Presentación de oferta),MUNICIPIO DE MACHETA,Cundinamarca,Macheta,Selección Abreviada de Menor Cuantía,Obra,Seleccionado,200000000,194000282,2,0,día(s),2026-02-25T00:00:00.000
CO1.BDOS.9995979,SAMC-006-2026 (Manifestación de interés (Menor Cuantía)) (Presentación de oferta),MUNICIPIO DE VILLAPINZON,Cundinamarca,Villapinzón,Selección Abreviada de Menor Cuantía,Obra,Seleccionado,339415301,339415301,1,3,Mes(es),2026-02-25T00:00:00.000
CO1.BDOS.9570022,SAMC-007-2026 (Manifestación de interés (Menor Cuantía)) (Presentación de oferta),ALCALDIA MUNICIPIO DE LA VEGA CUNDINAMARCA,Cundinamarca,La Vega,Selección Abreviada de Menor Cuantía,Obra,Seleccionado,200000000,199996132,2,0,día(s),2026-02-25T00:00:00.000
CO1.BDOS.9977658,SAMC-001-2026 (Manifestación de interés (Menor Cuantía)) (Presentación de oferta),MUNICIPIO DE ALBAN,Cundinamarca,Albán,Selección Abreviada de Menor Cuantía,Obra,Seleccionado,300000000,299996492,1,60,día(s),2026-02-25T00:00:00.000
CO1.BDOS.10002154,MP-SAMC-001-2026 (Manifestación de interés (Menor Cuantía)) (Presentación de oferta),MUNICIPIO DE PANDI,Cundinamarca,No Definido,Selección Abreviada de Menor Cuantía,Obra,Seleccionado,387000000,386226400,2,90,día(s),2026-02-25T00:00:00.000
CO1.BDOS.9963900,LP-004-2026. (Fase de Selección (Presentación de ofertas)),MUNICIPIO DE CAPARRAPI*,Cundinamarca,Caparrapí,Licitación pública Obra Publica,Obra,Seleccionado,4672901265,4543032234,17,18,Mes(es),2026-02-25T00:00:00.000
CO1.BDOS.9997936,SAMC-0001-2026 (Presentación de oferta),MUNICIPIO DE FUNZA - ALCALDÍA DE FUNZA,Cundinamarca,Funza,Seleccion Abreviada Menor Cuantia Sin Manifestacion Interes,Obra,Seleccionado,3692177933,3634394007,1,9,Mes(es),2026-02-25T00:00:00.000
CO1.BDOS.9323367,SAMC 019 DE 2025 (Manifestación de interés (Menor Cuantía)) (Presentación de oferta),ALCALDIA DE GAMA,Cundinamarca,Gama,Selección Abreviada de Menor Cuantía,Obra,Seleccionado,100000000,99968645,1,3,Mes(es),2026-02-25T00:00:00.000
CO1.BDOS.9937361,LP-003-2026 (Fase de Selección (Presentación de ofertas)),MUNICIPIO DE CAPARRAPI*,Cundinamarca,Caparrapí,Licitación pública Obra Publica,Obra,Seleccionado,4405087200,4266141000,20,12,Mes(es),2026-02-24T00:00:00.000
CO1.BDOS.10039406,FTIC-MIC-003-2026,ALCALDÍA MUNICIPAL DE SASAIMA,Cundinamarca,Sasaima,Mínima cuantía,Obra,Seleccionado,16169196,9426040,7,0,día(s),2026-02-24T00:00:00.000
CO1.BDOS.9796049,SAMC-003-2026 (Manifestación de interés (Menor Cuantía)) (Presentación de oferta),MUNICIPIO DE PACHO,Cundinamarca,Pacho,Selección Abreviada de Menor Cuantía,Obra,Seleccionado,110000000,109974510,1,3,Mes(es),2026-02-23T00:00:00.000
CO1.BDOS.9282096,SAMC-010-2025 (Manifestación de interés (Menor Cuantía)) (Presentación de oferta),MUNICIPIO DE MACHETA,Cundinamarca,Macheta,Selección Abreviada de Menor Cuantía,Obra,Seleccionado,286330668,286330668,1,3,Mes(es),2026-02-23T00:00:00.000
CO1.BDOS.9569737,SAMC-006-2026 (Manifestación de interés (Menor Cuantía)) (Presentación de oferta),ALCALDIA MUNICIPIO DE LA VEGA CUNDINAMARCA,Cundinamarca,La Vega,Selección Abreviada de Menor Cuantía,Obra,Seleccionado,200000000,199971600,1,0,día(s),2026-02-23T00:00:00.000
CO1.BDOS.9329732,SAMC-046-2025 (Manifestación de interés (Menor Cuantía)) (Presentación de oferta),MUNICIPIO DE UBATE,Cundinamarca,Villa De San Diego De Ubate,Selección Abreviada de Menor Cuantía,Obra,Seleccionado,135000000,129596691,0,3,Mes(es),2026-02-20T00:00:00.000
CO1.BDOS.9972021,SAMC-004-2026 (Manifestación de interés (Menor Cuantía)) (Presentación de oferta),MUNICIPIO DE VILLAGÓMEZ*,Cundinamarca,Villagómez,Selección Abreviada de Menor Cuantía,Obra,Seleccionado,355794400,355062771,4,3,Mes(es),2026-02-20T00:00:00.000
CO1.BDOS.9980255,SAMC-005-2026 (Manifestación de interés (Menor Cuantía)) (Presentación de oferta),MUNICIPIO DE VILLAPINZON,Cundinamarca,Villapinzón,Selección Abreviada de Menor Cuantía,Obra,Seleccionado,100000000,99950063,2,3,Mes(es),2026-02-20T00:00:00.000
CO1.BDOS.9567588,SAMC-005-2026 (Manifestación de interés (Menor Cuantía)) (Presentación de oferta),ALCALDIA MUNICIPIO DE LA VEGA CUNDINAMARCA,Cundinamarca,La Vega,Selección Abreviada de Menor Cuantía,Obra,Seleccionado,200000000,188759440,2,0,día(s),2026-02-19T00:00:00.000
CO1.BDOS.9781586,SAMC-002-2026 (Manifestación de interés (Menor Cuantía)) (Presentación de oferta),MUNICIPIO DE PACHO,Cundinamarca,Pacho,Selección Abreviada de Menor Cuantía,Obra,Seleccionado,403079000,402987735,1,3,Mes(es),2026-02-19T00:00:00.000
CO1.BDOS.10015240,CONVOCATORIA PUBLICA 005-2026,ESE HOSPITAL NUESTRA SEÑORA DE LAS MERCEDES FUNZA DEL MUNICIPIO DE FUNZA,Cundinamarca,No Definido,Contratación régimen especial (con ofertas),Obra,Seleccionado,504530762,504329534,1,3,Mes(es),2026-02-17T00:00:00.000
CO1.BDOS.9950848,SAMC-004-2026 (Manifestación de interés (Menor Cuantía)) (Presentación de oferta),MUNICIPIO DE VILLAPINZON,Cundinamarca,Villapinzón,Selección Abreviada de Menor Cuantía,Obra,Seleccionado,100000000,94660055,7,3,Mes(es),2026-02-17T00:00:00.000
CO1.BDOS.9777739,SAMC-001-2026 (Manifestación de interés (Menor Cuantía)) (Presentación de oferta),MUNICIPIO DE PACHO,Cundinamarca,Pacho,Selección Abreviada de Menor Cuantía,Obra,Seleccionado,410000000,409905574,1,3,Mes(es),2026-02-17T00:00:00.000
CO1.BDOS.9710650,SAMC - 001 - 2026 (Manifestación de interés (Menor Cuantía)) (Presentación de oferta),MUNICIPIO DE AGUA DE DIOS,Cundinamarca,Agua De Dios,Selección Abreviada de Menor Cuantía,Obra,Seleccionado,400000000,400000000,1,0,día(s),2026-02-16T00:00:00.000
CO1.BDOS.9555926,SAMC-001-2026 (Manifestación de interés (Menor Cuantía)) (Presentación de oferta),MUNICIPIO DE UBATE,Cundinamarca,Villa De San Diego De Ubate,Selección Abreviada de Menor Cuantía,Obra,Seleccionado,287649000,287647744,1,2,Mes(es),2026-02-16T00:00:00.000
CO1.BDOS.9274319,SAMC-009-2025 (Manifestación de interés (Menor Cuantía)) (Presentación de oferta),MUNICIPIO DE MACHETA,Cundinamarca,Macheta,Selección Abreviada de Menor Cuantía,Obra,Seleccionado,350000000,349825078,2,3,Mes(es),2026-02-16T00:00:00.000
CO1.BDOS.9545343,SAMC-003-2026 (Manifestación de interés (Menor Cuantía)) (Presentación de oferta),ALCALDIA MUNICIPIO DE LA VEGA CUNDINAMARCA,Cundinamarca,La Vega,Selección Abreviada de Menor Cuantía,Obra,Seleccionado,203154000,202884697,1,4,Mes(es),2026-02-16T00:00:00.000
CO1.BDOS.9564383,LICITACION PUBLICA 001-2026. (Fase de Selección (Presentación de ofertas)),ALCALDIA MUNICIPAL DE GIRARDOT,Cundinamarca,Girardot,Licitación pública Obra Publica,Obra,Seleccionado,2723402837,2723388090,1,8,Mes(es),2026-02-16T00:00:00.000
CO1.BDOS.9719775,LICITACION PUBLICA 002 -2026 (Fase de Selección (Presentación de ofertas)),ALCALDIA MUNICIPAL DE GIRARDOT,Cundinamarca,Girardot,Licitación pública Obra Publica,Obra,Seleccionado,1480048396,1395226819,135,6,Mes(es),2026-02-13T00:00:00.000
CO1.BDOS.9557845,LP-002-2026 (Fase de Selección (Presentación de ofertas)),MUNICIPIO DE UBATE,Cundinamarca,Villa De San Diego De Ubate,Licitación pública Obra Publica,Obra,Seleccionado,3172778682,3172562760,1,8,Mes(es),2026-02-13T00:00:00.000
CO1.BDOS.9869376,LP-002-2026 (Fase de Selección (Presentación de ofertas)),MUNICIPIO DE CAPARRAPI*,Cundinamarca,Caparrapí,Licitación pública Obra Publica,Obra,Seleccionado,3083636307,3082074870,1,10,Mes(es),2026-02-13T00:00:00.000
CO1.BDOS.9867441,LP-001-2026 (Fase de Selección (Presentación de ofertas)),MUNICIPIO DE CAPARRAPI*,Cundinamarca,Caparrapí,Licitación pública Obra Publica,Obra,Seleccionado,1709015419,1708449082,1,9,Mes(es),2026-02-13T00:00:00.000
CO1.BDOS.9729324,SAMC - 002 - 2026 (Manifestación de interés (Menor Cuantía)) (Presentación de oferta),MUNICIPIO DE AGUA DE DIOS,Cundinamarca,Agua De Dios,Selección Abreviada de Menor Cuantía,Obra,Seleccionado,340000000,340000000,1,0,día(s),2026-02-13T00:00:00.000
CO1.BDOS.9268511,SAMC-008-2025 (Manifestación de interés (Menor Cuantía)) (Presentación de oferta),MUNICIPIO DE MACHETA,Cundinamarca,Macheta,Selección Abreviada de Menor Cuantía,Obra,Seleccionado,100000000,100000000,3,3,Mes(es),2026-02-12T00:00:00.000
CO1.BDOS.9532890,SAMC-002-2026 (Manifestación de interés (Menor Cuantía)) (Presentación de oferta),ALCALDIA MUNICIPIO DE LA VEGA CUNDINAMARCA,Cundinamarca,La Vega,Selección Abreviada de Menor Cuantía,Obra,Seleccionado,322000000,321999930,3,0,día(s),2026-02-12T00:00:00.000
CO1.BDOS.9795350,SA-03-2026 (Manifestación de interés (Menor Cuantía)) (Presentación de oferta),MUNICIPIO DE CHOCONTÁ,Cundinamarca,Chocontá,Selección Abreviada de Menor Cuantía,Obra,Seleccionado,100000000,99998336,1,2,Mes(es),2026-02-11T00:00:00.000
CO1.BDOS.9992106,MC-002 DE 2026,MUNICIPIO DE MACHETA,Cundinamarca,Macheta,Mínima cuantía,Obra,Seleccionado,14311472,12164755,2,15,día(s),2026-02-11T00:00:00.000
CO1.BDOS.9532256,SAMC-001-2026 (Manifestación de interés (Menor Cuantía)) (Presentación de oferta),ALCALDIA MUNICIPIO DE LA VEGA CUNDINAMARCA,Cundinamarca,La Vega,Selección Abreviada de Menor Cuantía,Obra,Seleccionado,343678000,343574995,1,0,día(s),2026-02-11T00:00:00.000
CO1.BDOS.9793977,SA-02-2026 (Manifestación de interés (Menor Cuantía)) (Presentación de oferta),MUNICIPIO DE CHOCONTÁ,Cundinamarca,Chocontá,Selección Abreviada de Menor Cuantía,Obra,Seleccionado,300000000,299550429,1,2,Mes(es),2026-02-10T00:00:00.000
CO1.BDOS.9793652,SA-01-2026 (Manifestación de interés (Menor Cuantía)) (Presentación de oferta),MUNICIPIO DE CHOCONTÁ,Cundinamarca,Chocontá,Selección Abreviada de Menor Cuantía,Obra,Seleccionado,100000000,99998482,1,2,Mes(es),2026-02-10T00:00:00.000
CO1.BDOS.9113619,LP N 006 2025 (Fase de Selección (Presentación de ofertas)),ALCALDIA DE SESQUILE,Cundinamarca,Sesquilé,Licitación pública Obra Publica,Obra,Seleccionado,1350000000,1274670030,5,240,día(s),2026-02-09T00:00:00.000
CO1.BDOS.9729378,LP-001-2026 (Fase de Selección (Presentación de ofertas)),ALCALDIA MUNICIPAL DE GUADUAS,Cundinamarca,Guaduas,Licitación pública Obra Publica,Obra,Seleccionado,538015060,502700296,25,6,Mes(es),2026-02-09T00:00:00.000
CO1.BDOS.9328990,SAMC-045-2024   (Manifestación de interés (Menor Cuantía)) (Presentación de oferta),MUNICIPIO DE UBATE,Cundinamarca,Villa De San Diego De Ubate,Selección Abreviada de Menor Cuantía,Obra,Seleccionado,299172000,299020539,2,3,Mes(es),2026-02-06T00:00:00.000
CO1.BDOS.9959100,MC-002-2026,ALCALDIA MUNICIPIO DE LA VEGA CUNDINAMARCA,Cundinamarca,La Vega,Mínima cuantía,Obra,Seleccionado,48625048,48509218,1,45,día(s),2026-02-06T00:00:00.000
CO1.BDOS.9725215,SAMC-001-2026 (Manifestación de interés (Menor Cuantía)) (Presentación de oferta),MUNICIPIO DE VILLAGÓMEZ*,Cundinamarca,Villagómez,Selección Abreviada de Menor Cuantía,Obra,Seleccionado,355794400,355967272,2,3,Mes(es),2026-02-06T00:00:00.000
CO1.BDOS.9789804,SAMC-003-2026 (Manifestación de interés (Menor Cuantía)) (Presentación de oferta),MUNICIPIO DE CAPARRAPI*,Cundinamarca,Caparrapí,Selección Abreviada de Menor Cuantía,Obra,Seleccionado,300000000,299793684,2,10,Mes(es),2026-02-06T00:00:00.000
CO1.BDOS.9279492,SAMC 018 DE 2025 (Manifestación de interés (Menor Cuantía)) (Presentación de oferta),ALCALDIA DE GAMA,Cundinamarca,Gama,Selección Abreviada de Menor Cuantía,Obra,Seleccionado,134848015,134799589,1,3,Mes(es),2026-02-05T00:00:00.000
CO1.BDOS.9675284,SAMC-002-2026 (Manifestación de interés (Menor Cuantía)) (Presentación de oferta),MUNICIPIO DE CAPARRAPI*,Cundinamarca,Caparrapí,Selección Abreviada de Menor Cuantía,Obra,Seleccionado,300000000,299995393,2,10,Mes(es),2026-02-04T00:00:00.000
CO1.BDOS.9951461,IC-003-2026,CATEDRAL DE SAL DE ZIPAQUIRÁ SASEM,Cundinamarca,Zipaquirá,Contratación régimen especial (con ofertas),Obra,Seleccionado,373674396,373674000,1,3,Mes(es),2026-02-04T00:00:00.000
CO1.BDOS.9628452,SAMC-001-2026 (Manifestación de interés (Menor Cuantía)) (Presentación de oferta),MUNICIPIO DE CAPARRAPI*,Cundinamarca,Caparrapí,Selección Abreviada de Menor Cuantía,Obra,Seleccionado,350000000,349656568,2,18,Mes(es),2026-02-03T00:00:00.000
CO1.BDOS.9528759,LP-001-2026 (Fase de Selección (Presentación de ofertas)),ALCALDIA MUNICIPIO DE LA VEGA CUNDINAMARCA,Cundinamarca,La Vega,Licitación pública Obra Publica,Obra,Seleccionado,909090908,842839873,93,0,día(s),2026-02-03T00:00:00.000
CO1.BDOS.9530600,LP-02-2026 (Fase de Selección (Presentación de ofertas)),ALCALDIA MUNICIPIO DE LA VEGA CUNDINAMARCA,Cundinamarca,La Vega,Licitación pública Obra Publica,Obra,Seleccionado,700099118,659977890,67,0,día(s),2026-02-03T00:00:00.000
CO1.BDOS.9629434,SAMC-002-2026 (Manifestación de interés (Menor Cuantía)) (Presentación de oferta),MUNICIPIO DE VILLAPINZON,Cundinamarca,Villapinzón,Selección Abreviada de Menor Cuantía,Obra,Seleccionado,450000000,449930487,2,0,día(s),2026-01-29T00:00:00.000
CO1.BDOS.9526027,SAMC-001-2026 (Manifestación de interés (Menor Cuantía)) (Presentación de oferta),MUNICIPIO DE VILLAPINZON,Cundinamarca,Villapinzón,Selección Abreviada de Menor Cuantía,Obra,Seleccionado,200000000,199600000,3,0,día(s),2026-01-27T00:00:00.000
CO1.BDOS.9301301,LP 005-2025 (Fase de Selección (Presentación de ofertas)),ALCALDIA MUNICIPIO DE NOCAIMA,Cundinamarca,Nocaima,Licitación pública Obra Publica,Obra,Seleccionado,2599803634,2406301632,2,7,Mes(es),2026-01-26T00:00:00.000
CO1.BDOS.9325893,SAMC-029-2025 (Manifestación de interés (Menor Cuantía)) (Presentación de oferta),ALCALDIA MUNICIPAL DE GUADUAS,Cundinamarca,Guaduas,Selección Abreviada de Menor Cuantía,Obra,Seleccionado,380615186,380603587,3,3,Mes(es),2026-01-23T00:00:00.000
CO1.BDOS.9325893,SAMC-029-2025 (Manifestación de interés (Menor Cuantía)) (Presentación de oferta),ALCALDIA MUNICIPAL DE GUADUAS,Cundinamarca,Guaduas,Selección Abreviada de Menor Cuantía,Obra,Seleccionado,380615186,380603587,3,3,Mes(es),2026-01-23T00:00:00.000
CO1.BDOS.9300625,LP-004-2025 (Fase de Selección (Presentación de ofertas)),MUNICIPIO DE COGUA,Cundinamarca,Cogua,Licitación pública Obra Publica,Obra,Seleccionado,2727272727,2572574915,36,10,Mes(es),2026-01-23T00:00:00.000
CO1.BDOS.9325893,SAMC-029-2025 (Manifestación de interés (Menor Cuantía)) (Presentación de oferta),ALCALDIA MUNICIPAL DE GUADUAS,Cundinamarca,Guaduas,Selección Abreviada de Menor Cuantía,Obra,Seleccionado,380615186,380603587,3,3,Mes(es),2026-01-23T00:00:00.000
CO1.BDOS.9325893,SAMC-029-2025 (Manifestación de interés (Menor Cuantía)) (Presentación de oferta),ALCALDIA MUNICIPAL DE GUADUAS,Cundinamarca,Guaduas,Selección Abreviada de Menor Cuantía,Obra,Seleccionado,380615186,380603587,3,3,Mes(es),2026-01-23T00:00:00.000
CO1.BDOS.9325893,SAMC-029-2025 (Manifestación de interés (Menor Cuantía)) (Presentación de oferta),ALCALDIA MUNICIPAL DE GUADUAS,Cundinamarca,Guaduas,Selección Abreviada de Menor Cuantía,Obra,Seleccionado,380615186,380603587,3,3,Mes(es),2026-01-23T00:00:00.000
CO1.BDOS.9325893,SAMC-029-2025 (Manifestación de interés (Menor Cuantía)) (Presentación de oferta),ALCALDIA MUNICIPAL DE GUADUAS,Cundinamarca,Guaduas,Selección Abreviada de Menor Cuantía,Obra,Seleccionado,380615186,380603587,3,3,Mes(es),2026-01-23T00:00:00.000
CO1.BDOS.9324259,LP-005-2025 (Fase de Selección (Presentación de ofertas)),MUNICIPIO DE UBATE,Cundinamarca,Villa De San Diego De Ubate,Licitación pública Obra Publica,Obra,Seleccionado,571151341,571149891,4,5,Mes(es),2026-01-22T00:00:00.000
CO1.BDOS.9332146,SAMC-036-2025 (Manifestación de interés (Menor Cuantía)) (Presentación de oferta),MUNICIPIO DE COGUA,Cundinamarca,Cogua,Selección Abreviada de Menor Cuantía,Obra,Seleccionado,100000000,100000000,1,3,Mes(es),2026-01-21T00:00:00.000
CO1.BDOS.9273780,SAMC 160-2025 (Manifestación de interés (Menor Cuantía)) (Presentación de oferta),MUNICIPIO DE ANAPOIMA/,Cundinamarca,No Definido,Selección Abreviada de Menor Cuantía,Obra,Seleccionado,350000000,348250204,5,3,Mes(es),2026-01-20T00:00:00.000
CO1.BDOS.9333055,LP-007-2025 (Fase de Selección (Presentación de ofertas)),ALCALDIA MUNICIPAL DE GUADUAS,Cundinamarca,Guaduas,Licitación pública Obra Publica,Obra,Seleccionado,898339084,896853349,1,6,Mes(es),2026-01-20T00:00:00.000
CO1.BDOS.9333055,LP-007-2025 (Fase de Selección (Presentación de ofertas)),ALCALDIA MUNICIPAL DE GUADUAS,Cundinamarca,Guaduas,Licitación pública Obra Publica,Obra,Seleccionado,898339084,896853349,1,6,Mes(es),2026-01-20T00:00:00.000
CO1.BDOS.9323434,LP-004-2025 (Fase de Selección (Presentación de ofertas)),MUNICIPIO DE UBATE,Cundinamarca,Villa De San Diego De Ubate,Licitación pública Obra Publica,Obra,Seleccionado,1996711729,1996569748,1,8,Mes(es),2026-01-20T00:00:00.000
CO1.BDOS.9264847,SAMC 159-2025 (Manifestación de interés (Menor Cuantía)) (Presentación de oferta),MUNICIPIO DE ANAPOIMA/,Cundinamarca,No Definido,Selección Abreviada de Menor Cuantía,Obra,Seleccionado,149000000,148702133,3,2,Mes(es),2026-01-16T00:00:00.000
CO1.BDOS.9312893,SAMC-035-2025 (Manifestación de interés (Menor Cuantía)) (Presentación de oferta),MUNICIPIO DE COGUA,Cundinamarca,Cogua,Selección Abreviada de Menor Cuantía,Obra,Seleccionado,150000000,144007367,1,2,Mes(es),2026-01-16T00:00:00.000
CO1.BDOS.9560126,INVITACION PRIVADA 02-2026,EMPRESA DE SERVICIOS PÚBLICOS DE PUERTO SALGAR CUNDINAMARCA,Cundinamarca,Puerto Salgar,Contratación régimen especial (con ofertas),Obra,Seleccionado,109944268,109944268,1,10,día(s),2026-01-16T00:00:00.000
CO1.BDOS.9194690,SAMC 155-2025 (Manifestación de interés (Menor Cuantía)) (Presentación de oferta),MUNICIPIO DE ANAPOIMA/,Cundinamarca,No Definido,Selección Abreviada de Menor Cuantía,Obra,Seleccionado,388000000,387612397,2,0,día(s),2026-01-07T00:00:00.000
CO1.BDOS.9287611,SAMC-027-2025 (Manifestación de interés (Menor Cuantía)) (Presentación de oferta),ALCALDIA MUNICIPAL DE CHIA,Cundinamarca,Chía,Selección Abreviada de Menor Cuantía,Obra,Seleccionado,640575000,640575000,3,0,día(s),2026-01-07T00:00:00.000
CO1.BDOS.9300642,SAMC-034-2025 (Manifestación de interés (Menor Cuantía)) (Presentación de oferta),MUNICIPIO DE COGUA,Cundinamarca,Cogua,Selección Abreviada de Menor Cuantía,Obra,Seleccionado,100000000,94069956,4,3,Mes(es),2026-01-07T00:00:00.000
CO1.BDOS.9287850,SAMC-033-2025 (Manifestación de interés (Menor Cuantía)) (Presentación de oferta),MUNICIPIO DE COGUA,Cundinamarca,Cogua,Selección Abreviada de Menor Cuantía,Obra,Seleccionado,110000000,103476988,8,3,Mes(es),2026-01-06T00:00:00.000
CO1.BDOS.9303484,LP-003-2025 (Fase de Selección (Presentación de ofertas)),MUNICIPIO DE VILLAPINZON,Cundinamarca,Villapinzón,Licitación pública Obra Publica,Obra,Seleccionado,3703900893,3356063542,13,9,Mes(es),2026-01-05T00:00:00.000
CO1.BDOS.9243732,SAMC- 031-2025 (Manifestación de interés (Menor Cuantía)) (Presentación de oferta),MUNICIPIO DE GACHANCIPA,Cundinamarca,Gachancipá,Selección Abreviada de Menor Cuantía,Obra,Seleccionado,369130936,369130936,2,0,día(s),2026-01-05T00:00:00.000
CO1.BDOS.9247605,SAMC-007-2025 (Manifestación de interés (Menor Cuantía)) (Presentación de oferta),MUNICIPIO DE MACHETA,Cundinamarca,Macheta,Selección Abreviada de Menor Cuantía,Obra,Seleccionado,300000000,299640436,1,3,Mes(es),2026-01-03T00:00:00.000
CO1.BDOS.9261454,LP-012-2025 (Fase de Selección (Presentación de ofertas)),ALCALDÍA MUNICIPAL COTA,Cundinamarca,Cota,Licitación pública Obra Publica,Obra,Seleccionado,6418237877,6051916478,17,6,Mes(es),2025-12-30T00:00:00.000
CO1.BDOS.9261584,LP-013-2025 (Fase de Selección (Presentación de ofertas)),ALCALDÍA MUNICIPAL COTA,Cundinamarca,Cota,Licitación pública Obra Publica,Obra,Seleccionado,7585337491,7120324916,20,17,Mes(es),2025-12-30T00:00:00.000
CO1.BDOS.9261454,LP-012-2025 (Fase de Selección (Presentación de ofertas)),ALCALDÍA MUNICIPAL COTA,Cundinamarca,Cota,Licitación pública Obra Publica,Obra,Seleccionado,6418237877,6051916478,17,6,Mes(es),2025-12-30T00:00:00.000
CO1.BDOS.9261454,LP-012-2025 (Fase de Selección (Presentación de ofertas)),ALCALDÍA MUNICIPAL COTA,Cundinamarca,Cota,Licitación pública Obra Publica,Obra,Seleccionado,6418237877,6051916478,17,6,Mes(es),2025-12-30T00:00:00.000
CO1.BDOS.9261588,LP-014-2025 (Fase de Selección (Presentación de ofertas)),ALCALDÍA MUNICIPAL COTA,Cundinamarca,Cota,Licitación pública Obra Publica,Obra,Seleccionado,3390728032,3390728032,1,10,Mes(es),2025-12-30T00:00:00.000
CO1.BDOS.9236368,LP-026-2025 (Fase de Selección (Presentación de ofertas)),ALCALDIA MUNICIPIO DE LA VEGA CUNDINAMARCA,Cundinamarca,La Vega,Licitación pública Obra Publica,Obra,Seleccionado,460089490,459988574,1,0,día(s),2025-12-29T00:00:00.000
CO1.BDOS.9308149,MC-010-2025,INSTITUTO MUNICIPAL DE TURISMO CULTURA Y FOMENTO DE GIRARDOT,Cundinamarca,Girardot,Mínima cuantía,Obra,Seleccionado,39167044,38868049,3,7,día(s),2025-12-24T00:00:00.000
CO1.BDOS.9168434,LP 004-2025 (Fase de Selección (Presentación de ofertas)),ALCALDIA MUNICIPIO DE NOCAIMA,Cundinamarca,Nocaima,Licitación pública Obra Publica,Obra,Seleccionado,530778452,530612622,6,2,Mes(es),2025-12-23T00:00:00.000
CO1.BDOS.9121191,SA-051-2025 (Manifestación de interés (Menor Cuantía)) (Presentación de oferta),CUNDINAMARCA-ALCALDIA MUNICIPIO MOSQUERA,Cundinamarca,Mosquera,Selección Abreviada de Menor Cuantía,Obra,Seleccionado,231629938,229366333,1,0,día(s),2025-12-21T00:00:00.000
CO1.BDOS.9213828,SAMC-015-2025 (Manifestación de interés (Menor Cuantía)) (Presentación de oferta),ALCALDIA DE TABIO,Cundinamarca,Tabio,Selección Abreviada de Menor Cuantía,Obra,Seleccionado,363636364,363423114,1,3,Mes(es),2025-12-19T00:00:00.000
CO1.BDOS.9225403,SAMC 012-2025 (Manifestación de interés (Menor Cuantía)) (Presentación de oferta),ALCALDÍA NEMOCON,Cundinamarca,Nemocón,Selección Abreviada de Menor Cuantía,Obra,Seleccionado,80000000,79998000,1,4,Mes(es),2025-12-19T00:00:00.000
CO1.BDOS.9225154,SAMC 014-2025 (Manifestación de interés (Menor Cuantía)) (Presentación de oferta),ALCALDÍA NEMOCON,Cundinamarca,Nemocón,Selección Abreviada de Menor Cuantía,Obra,Seleccionado,359310829,359308075,1,4,Mes(es),2025-12-19T00:00:00.000
CO1.BDOS.9225347,SAMC 013-2025 (Manifestación de interés (Menor Cuantía)) (Presentación de oferta),ALCALDÍA NEMOCON,Cundinamarca,Nemocón,Selección Abreviada de Menor Cuantía,Obra,Seleccionado,105032402,105000000,1,3,Mes(es),2025-12-19T00:00:00.000
CO1.BDOS.9220928,SAMC-016-2025 (Manifestación de interés (Menor Cuantía)) (Presentación de oferta),ALCALDIA DE TABIO,Cundinamarca,Tabio,Selección Abreviada de Menor Cuantía,Obra,Seleccionado,200000000,199947043,1,90,día(s),2025-12-18T00:00:00.000
CO1.BDOS.9228612,SA 014-2025 (Manifestación de interés (Menor Cuantía)) (Presentación de oferta),MUNICIPIO DE LA MESA,Cundinamarca,La Mesa,Selección Abreviada de Menor Cuantía,Obra,Seleccionado,320000000,319680276,2,1,día(s),2025-12-18T00:00:00.000
CO1.BDOS.9163622,LP-007-2025 (Fase de Selección (Presentación de ofertas)),ALCALDIA DE SESQUILE,Cundinamarca,Sesquilé,Licitación pública Obra Publica,Obra,Seleccionado,1628830255,1614435477,2,270,día(s),2025-12-18T00:00:00.000
CO1.BDOS.9224266,SAMC-017-2025 (Manifestación de interés (Menor Cuantía)) (Presentación de oferta),ALCALDIA DE TABIO,Cundinamarca,Tabio,Selección Abreviada de Menor Cuantía,Obra,Seleccionado,239615424,239605712,1,4,Mes(es),2025-12-18T00:00:00.000
CO1.BDOS.9210213,SA-MC-036-2025 (Manifestación de interés (Menor Cuantía)) (Presentación de oferta),Alcaldía Municipal de Gachalá,Cundinamarca,Gachala,Selección Abreviada de Menor Cuantía,Obra,Seleccionado,265905297,265905297,1,0,día(s),2025-12-18T00:00:00.000
CO1.BDOS.9201001,SAMC-014-2025 (Manifestación de interés (Menor Cuantía)) (Presentación de oferta),ALCALDIA DE TABIO,Cundinamarca,Tabio,Selección Abreviada de Menor Cuantía,Obra,Seleccionado,363636364,363610863,1,4,Mes(es),2025-12-18T00:00:00.000
CO1.BDOS.9281472,CMC-075-2025,ALCALDIA MUNICIPAL DE PUERTO SALGAR,Cundinamarca,Puerto Salgar,Mínima cuantía,Obra,Seleccionado,39850000,39841491,2,0,día(s),2025-12-17T00:00:00.000
CO1.BDOS.9231869,MP-SAMC-009-2025 (Manifestación de interés (Menor Cuantía)) (Presentación de oferta),MUNICIPIO DE PANDI,Cundinamarca,No Definido,Selección Abreviada de Menor Cuantía,Obra,Seleccionado,238938053,238877972,2,30,día(s),2025-12-17T00:00:00.000
CO1.BDOS.9225051,SAMC-021-2025 (Manifestación de interés (Menor Cuantía)) (Presentación de oferta),ALCALDIA MUNICIPIO DE ZIPAQUIRA,Cundinamarca,Zipaquirá,Selección Abreviada de Menor Cuantía,Obra,Seleccionado,345670500,345597330,1,6,Mes(es),2025-12-17T00:00:00.000
CO1.BDOS.9282616,MC-062-2025,MUNICIPIO DE MACHETA,Cundinamarca,Macheta,Mínima cuantía,Obra,Seleccionado,19989184,19660497,1,15,día(s),2025-12-17T00:00:00.000
CO1.BDOS.9282950,MPF-003-2025,PERSONERIA MUNICIPAL DE FACATATIVA,Cundinamarca,Facatativá,Mínima cuantía,Obra,Seleccionado,39418750,39418750,1,1,Mes(es),2025-12-17T00:00:00.000
CO1.BDOS.9277943,MC-040-2025,MUNICIPIO DE VENECIA CUNDINAMARCA,Cundinamarca,Venecia,Mínima cuantía,Obra,Seleccionado,39845000,38846472,4,12,día(s),2025-12-17T00:00:00.000
CO1.BDOS.9207976,SAMC-026-2025 (Manifestación de interés (Menor Cuantía)) (Presentación de oferta),MUNICIPIO DE SOACHA..,Cundinamarca,Soacha,Selección Abreviada de Menor Cuantía,Obra,Seleccionado,188191546,187815162,1,2,Mes(es),2025-12-16T00:00:00.000
CO1.BDOS.9210383,SAMC-027-2025 (Manifestación de interés (Menor Cuantía)) (Presentación de oferta),ALCALDIA MUNICIPAL DE GUADUAS,Cundinamarca,Guaduas,Selección Abreviada de Menor Cuantía,Obra,Seleccionado,100000000,99982900,3,3,Mes(es),2025-12-16T00:00:00.000
CO1.BDOS.9013398,SAMC 012 DE 2025 (Manifestación de interés (Menor Cuantía)) (Presentación de oferta),ALCALDIA DE GAMA,Cundinamarca,Gama,Selección Abreviada de Menor Cuantía,Obra,Seleccionado,216142958,216136307,2,3,Mes(es),2025-12-16T00:00:00.000
CO1.BDOS.9210417,SAMC-026-2025 (Manifestación de interés (Menor Cuantía)) (Presentación de oferta),ALCALDIA MUNICIPAL DE GUADUAS,Cundinamarca,Guaduas,Selección Abreviada de Menor Cuantía,Obra,Seleccionado,350000000,350000000,1,3,Mes(es),2025-12-16T00:00:00.000
CO1.BDOS.9210417,SAMC-026-2025 (Manifestación de interés (Menor Cuantía)) (Presentación de oferta),ALCALDIA MUNICIPAL DE GUADUAS,Cundinamarca,Guaduas,Selección Abreviada de Menor Cuantía,Obra,Seleccionado,350000000,350000000,1,3,Mes(es),2025-12-16T00:00:00.000
CO1.BDOS.9210417,SAMC-026-2025 (Manifestación de interés (Menor Cuantía)) (Presentación de oferta),ALCALDIA MUNICIPAL DE GUADUAS,Cundinamarca,Guaduas,Selección Abreviada de Menor Cuantía,Obra,Seleccionado,350000000,350000000,1,3,Mes(es),2025-12-16T00:00:00.000
CO1.BDOS.9201787,SAMC 011-2025 (Manifestación de interés (Menor Cuantía)) (Presentación de oferta),ALCALDÍA NEMOCON,Cundinamarca,Nemocón,Selección Abreviada de Menor Cuantía,Obra,Seleccionado,358917553,358787546,1,4,Mes(es),2025-12-16T00:00:00.000
CO1.BDOS.9158429,SA-MC-035-2025 (Manifestación de interés (Menor Cuantía)) (Presentación de oferta),Alcaldía Municipal de Gachalá,Cundinamarca,Gachala,Selección Abreviada de Menor Cuantía,Obra,Seleccionado,340000000,340000000,1,0,día(s),2025-12-16T00:00:00.000
CO1.BDOS.9218509,SAMC-020-2025 (Manifestación de interés (Menor Cuantía)) (Presentación de oferta),ALCALDIA MUNICIPIO DE ZIPAQUIRA,Cundinamarca,Zipaquirá,Selección Abreviada de Menor Cuantía,Obra,Seleccionado,345670500,344838446,2,6,Mes(es),2025-12-16T00:00:00.000
CO1.BDOS.9182977,SAMC 010-2025 (Manifestación de interés (Menor Cuantía)) (Presentación de oferta),ALCALDÍA NEMOCON,Cundinamarca,Nemocón,Selección Abreviada de Menor Cuantía,Obra,Seleccionado,162270774,162100004,1,3,Mes(es),2025-12-15T00:00:00.000
CO1.BDOS.9188746,SAMC 012-2025 (Manifestación de interés (Menor Cuantía)) (Presentación de oferta),ALCALDIA MUNICIPIO DE RICAURTE,Cundinamarca,Ricaurte,Selección Abreviada de Menor Cuantía,Obra,Seleccionado,206286901,206284678,1,2,Mes(es),2025-12-15T00:00:00.000
CO1.BDOS.9200556,SAMC 027-2025 (Manifestación de interés (Menor Cuantía)) (Presentación de oferta),MUNICIPIO DE GACHANCIPA,Cundinamarca,Gachancipá,Selección Abreviada de Menor Cuantía,Obra,Seleccionado,310000000,309699995,1,0,día(s),2025-12-15T00:00:00.000
CO1.BDOS.9172821,SAMC 023-2025 ALC GTA (Manifestación de interés (Menor Cuantía)) (Presentación de oferta),MUNICIPIO DE GUACHETÁ,Cundinamarca,Guachetá,Selección Abreviada de Menor Cuantía,Obra,Seleccionado,58810421,58810368,1,2,Mes(es),2025-12-15T00:00:00.000
CO1.BDOS.9173152,SAMC - 024 - 2025 ALC GTA  (Manifestación de interés (Menor Cuantía)) (Presentación de oferta),MUNICIPIO DE GUACHETÁ,Cundinamarca,Guachetá,Selección Abreviada de Menor Cuantía,Obra,Seleccionado,165000000,164400430,1,3,Mes(es),2025-12-15T00:00:00.000
CO1.BDOS.9194658,SAMC-029-2025 (Manifestación de interés (Menor Cuantía)) (Presentación de oferta),ALCALDIA DE SESQUILE,Cundinamarca,Sesquilé,Selección Abreviada de Menor Cuantía,Obra,Seleccionado,394495385,369244118,5,90,día(s),2025-12-15T00:00:00.000
CO1.BDOS.9260792,SMC 061-2025,ALCALDIA MUNICIPIO DE NOCAIMA,Cundinamarca,Nocaima,Mínima cuantía,Obra,Seleccionado,30084132,30053636,2,10,día(s),2025-12-14T00:00:00.000
CO1.BDOS.9144593,SAMC-049-2025 (Manifestación de interés (Menor Cuantía)) (Presentación de oferta),ALCALDIA MUNICIPIO DE CAJICA,Cundinamarca,Cajicá,Selección Abreviada de Menor Cuantía,Obra,Seleccionado,490767514,488369329,1,6,Mes(es),2025-12-12T00:00:00.000
CO1.BDOS.9148078,AMS-SAMC-010-2025  (Manifestación de interés (Menor Cuantía)) (Presentación de oferta),MUNICIPIO DE SUBACHOQUE,Cundinamarca,Subachoque,Selección Abreviada de Menor Cuantía,Obra,Seleccionado,370000000,351979992,2,15,día(s),2025-12-11T00:00:00.000
CO1.BDOS.9192318,MP-SAMC-007-2025 (Manifestación de interés (Menor Cuantía)) (Presentación de oferta),MUNICIPIO DE PANDI,Cundinamarca,No Definido,Selección Abreviada de Menor Cuantía,Obra,Seleccionado,133255959,131790114,2,30,día(s),2025-12-11T00:00:00.000
CO1.BDOS.9250418,SMC-037-2025,MUNICIPIO DE LA MESA,Cundinamarca,La Mesa,Mínima cuantía,Obra,Seleccionado,13926532,13840132,2,20,día(s),2025-12-11T00:00:00.000
CO1.BDOS.9247012,SMC-016-2025,MUNICIPIO DE LA CALERA CUNDINAMARCA,Cundinamarca,La Calera,Mínima cuantía,Obra,Seleccionado,39858000,36680417,6,0,día(s),2025-12-11T00:00:00.000
CO1.BDOS.9214775,SAMC-002-2025 (Manifestación de interés (Menor Cuantía)) (Presentación de oferta),"INSTITUTO MUNICIPAL DE CULTURA, RECREACION Y DEPORTE DE ZIPAQUIRA",Cundinamarca,Zipaquirá,Selección Abreviada de Menor Cuantía,Obra,Seleccionado,260000000,260000000,1,105,día(s),2025-12-11T00:00:00.000
CO1.BDOS.9242910,SMIN-034-2025,ALCALDIA MUNICIPIO DE ZIPAQUIRA,Cundinamarca,Zipaquirá,Mínima cuantía,Obra,Seleccionado,50758839,49764924,1,14,día(s),2025-12-10T00:00:00.000
CO1.BDOS.9140059,SA-MC-034-2025 (Manifestación de interés (Menor Cuantía)) (Presentación de oferta),Alcaldía Municipal de Gachalá,Cundinamarca,Gachala,Selección Abreviada de Menor Cuantía,Obra,Seleccionado,390000000,390000000,1,0,día(s),2025-12-10T00:00:00.000
CO1.BDOS.9130048,FACATATIVA-LP-009-25 (Fase de Selección (Presentación de ofertas)),ALCALDIA MUNICIPAL DE FACATATIVA,Cundinamarca,Facatativá,Licitación pública Obra Publica,Obra,Seleccionado,7279917440,6830029904,25,6,Mes(es),2025-12-10T00:00:00.000
CO1.BDOS.9171903,LP-009-2025 (Fase de Selección (Presentación de ofertas)),ALCALDIA MUNICIPIO DE ZIPAQUIRA,Cundinamarca,Zipaquirá,Licitación pública Obra Publica,Obra,Seleccionado,13950000000,13364100007,7,12,Mes(es),2025-12-10T00:00:00.000
CO1.BDOS.9171903,LP-009-2025 (Fase de Selección (Presentación de ofertas)),ALCALDIA MUNICIPIO DE ZIPAQUIRA,Cundinamarca,Zipaquirá,Licitación pública Obra Publica,Obra,Seleccionado,13950000000,13364100007,7,12,Mes(es),2025-12-10T00:00:00.000
CO1.BDOS.9095860,SA-048-2025 (Manifestación de interés (Menor Cuantía)) (Presentación de oferta),CUNDINAMARCA-ALCALDIA MUNICIPIO MOSQUERA,Cundinamarca,Mosquera,Selección Abreviada de Menor Cuantía,Obra,Seleccionado,586387308,549221474,3,0,día(s),2025-12-09T00:00:00.000
CO1.BDOS.9165276,LP-008-2025 (Fase de Selección (Presentación de ofertas)),ALCALDIA MUNICIPIO DE ZIPAQUIRA,Cundinamarca,Zipaquirá,Licitación pública Obra Publica,Obra,Seleccionado,4455780348,4139416240,25,12,Mes(es),2025-12-09T00:00:00.000
CO1.BDOS.9158038,SAMC 007-2025  (Manifestación de interés (Menor Cuantía)) (Presentación de oferta),ALCALDÍA NEMOCON,Cundinamarca,Nemocón,Selección Abreviada de Menor Cuantía,Obra,Seleccionado,301340227,300436216,4,4,Mes(es),2025-12-09T00:00:00.000
CO1.BDOS.9157690,SAMC -019-2025 ALC GTA  (Manifestación de interés (Menor Cuantía)) (Presentación de oferta),MUNICIPIO DE GUACHETÁ,Cundinamarca,Guachetá,Selección Abreviada de Menor Cuantía,Obra,Seleccionado,200000000,199997230,1,2,Mes(es),2025-12-09T00:00:00.000
CO1.BDOS.9160805,SAMC 008-2025 (Manifestación de interés (Menor Cuantía)) (Presentación de oferta),ALCALDÍA NEMOCON,Cundinamarca,Nemocón,Selección Abreviada de Menor Cuantía,Obra,Seleccionado,100000000,99700058,3,3,Mes(es),2025-12-09T00:00:00.000
CO1.BDOS.9160652,SAMC 009-2025 (Manifestación de interés (Menor Cuantía)) (Presentación de oferta),ALCALDÍA NEMOCON,Cundinamarca,Nemocón,Selección Abreviada de Menor Cuantía,Obra,Seleccionado,197288763,196302319,2,3,Mes(es),2025-12-09T00:00:00.000
CO1.BDOS.9171605,SAMC.OP-009-2025. (Manifestación de interés (Menor Cuantía)) (Presentación de oferta),MUNICIPIO DE LA CALERA CUNDINAMARCA,Cundinamarca,La Calera,Selección Abreviada de Menor Cuantía,Obra,Seleccionado,200000000,199882276,1,15,día(s),2025-12-09T00:00:00.000
CO1.BDOS.9123897,SA - 013 -2025 (Manifestación de interés (Menor Cuantía)) (Presentación de oferta),MUNICIPIO DE LA MESA,Cundinamarca,La Mesa,Selección Abreviada de Menor Cuantía,Obra,Seleccionado,330000000,330000000,2,1,Mes(es),2025-12-09T00:00:00.000
CO1.BDOS.9236849,IC-018-2025,CATEDRAL DE SAL DE ZIPAQUIRÁ SASEM,Cundinamarca,Zipaquirá,Contratación régimen especial (con ofertas),Obra,Seleccionado,1300000000,1299900000,1,5,Mes(es),2025-12-09T00:00:00.000
CO1.BDOS.9158920,SAMC 020-2025 (Manifestación de interés (Menor Cuantía)) (Presentación de oferta),MUNICIPIO DE GUACHETÁ,Cundinamarca,Guachetá,Selección Abreviada de Menor Cuantía,Obra,Seleccionado,200000000,199607036,1,2,Mes(es),2025-12-09T00:00:00.000
CO1.BDOS.8985261,LP 003-2025 (Fase de Selección (Presentación de ofertas)),ALCALDIA MUNICIPIO DE NOCAIMA,Cundinamarca,Nocaima,Licitación pública Obra Publica,Obra,Seleccionado,932005449,874221152,57,6,Mes(es),2025-12-05T00:00:00.000
CO1.BDOS.9157558,SAMC 015 DE 2025 (Manifestación de interés (Menor Cuantía)) (Presentación de oferta),ALCALDIA DE GAMA,Cundinamarca,Gama,Selección Abreviada de Menor Cuantía,Obra,Seleccionado,204572536,204563496,1,4,Mes(es),2025-12-05T00:00:00.000
CO1.BDOS.9225947,IPMC 011 2025,INSTITUTO MUNICIPAL DE RECREACIÓN Y DEPORTES DE CHIA,Cundinamarca,Chía,Mínima cuantía,Obra,Seleccionado,39293602,37617426,3,0,día(s),2025-12-05T00:00:00.000
CO1.BDOS.9140941,SAMC-013-2025 (Manifestación de interés (Menor Cuantía)) (Presentación de oferta),MUNICIPIO DE VILLAGÓMEZ*,Cundinamarca,Villagómez,Selección Abreviada de Menor Cuantía,Obra,Seleccionado,355794400,355252550,2,3,Mes(es),2025-12-05T00:00:00.000
CO1.BDOS.9139675,LP-020-2025 (Fase de Selección (Presentación de ofertas)),ALCALDIA MUNICIPIO DE CAJICA,Cundinamarca,Cajicá,Licitación pública Obra Publica,Obra,Seleccionado,8181818168,8180673004,2,8,Mes(es),2025-12-05T00:00:00.000
CO1.BDOS.9224997,MC-CMS-007-2025,Concejo Municipal de Soacha,Cundinamarca,Soacha,Mínima cuantía,Obra,Seleccionado,39000000,39000000,7,15,día(s),2025-12-04T00:00:00.000
CO1.BDOS.9128267,LP-018-2025 (Fase de Selección (Presentación de ofertas)),ALCALDIA MUNICIPIO DE CAJICA,Cundinamarca,Cajicá,Licitación pública Obra Publica,Obra,Seleccionado,2281325349,2148755200,20,6,Mes(es),2025-12-04T00:00:00.000
CO1.BDOS.9117567,LP-001-2025 (Fase de Selección (Presentación de ofertas)),INSTITUTO MUNICIPAL DE VIVIENDA DE INTERÉS SOCIAL CAJICA,Cundinamarca,Cajicá,Licitación pública Obra Publica,Obra,Seleccionado,781230464,779649248,1,6,Mes(es),2025-12-04T00:00:00.000
CO1.BDOS.8963194,LP-002-2025 copia (Fase de Selección (Presentación de ofertas)),ALCALDIA DE TABIO,Cundinamarca,Tabio,Licitación pública Obra Publica,Obra,Seleccionado,529986465,528996270,1,2,Mes(es),2025-12-04T00:00:00.000
CO1.BDOS.9222063,MC-037-2026,MUNICIPIO DE VENECIA CUNDINAMARCA,Cundinamarca,Venecia,Mínima cuantía,Obra,Seleccionado,37691275,36257406,1,25,día(s),2025-12-04T00:00:00.000
CO1.BDOS.9218875,CONVOCATORIA 010-2025,ESE HOSPITAL SALAZAR DE VILLETA,Cundinamarca,No Definido,Contratación régimen especial (con ofertas),Obra,Seleccionado,395374705,394913764,1,4,Mes(es),2025-12-04T00:00:00.000
CO1.BDOS.9213127,MC-079-2025,MUNICIPIO DE VILLAPINZON,Cundinamarca,Villapinzón,Mínima cuantía,Obra,Seleccionado,34895727,34895727,1,0,día(s),2025-12-03T00:00:00.000
CO1.BDOS.9098278,LP-025-2025 (Fase de Selección (Presentación de ofertas)),ALCALDIA MUNICIPIO DE LA VEGA CUNDINAMARCA,Cundinamarca,La Vega,Licitación pública Obra Publica,Obra,Seleccionado,500000000,499848801,3,5,Mes(es),2025-12-03T00:00:00.000
CO1.BDOS.9214164,MC-023-2025,MUNICIPIO DE TENJO,Cundinamarca,Tenjo,Mínima cuantía,Obra,Seleccionado,29748092,24662750,5,15,día(s),2025-12-03T00:00:00.000
CO1.BDOS.9124110,LP 019 de 2025  (Fase de Selección (Presentación de ofertas)),ALCALDIA MUNICIPIO DE CAJICA,Cundinamarca,Cajicá,Licitación pública Obra Publica,Obra,Seleccionado,1818038120,1717090543,15,3,Mes(es),2025-12-03T00:00:00.000
CO1.BDOS.9138129,SAMC-048-2025 (Manifestación de interés (Menor Cuantía)) (Presentación de oferta),ALCALDIA MUNICIPIO DE CAJICA,Cundinamarca,Cajicá,Selección Abreviada de Menor Cuantía,Obra,Seleccionado,209665106,208859816,1,6,Mes(es),2025-12-03T00:00:00.000
CO1.BDOS.8999029,LP-023-2025 (Fase de Selección (Presentación de ofertas)),ALCALDIA MUNICIPIO DE LA VEGA CUNDINAMARCA,Cundinamarca,La Vega,Licitación pública Obra Publica,Obra,Seleccionado,519121335,519081701,2,5,Mes(es),2025-12-03T00:00:00.000
CO1.BDOS.9024826,LP-024-2025 (Fase de Selección (Presentación de ofertas)),ALCALDIA MUNICIPIO DE LA VEGA CUNDINAMARCA,Cundinamarca,La Vega,Licitación pública Obra Publica,Obra,Seleccionado,500000000,499848653,2,0,día(s),2025-12-03T00:00:00.000
CO1.BDOS.9133976,LP-007-2025 (Fase de Selección (Presentación de ofertas)),ALCALDIA MUNICIPIO DE ZIPAQUIRA,Cundinamarca,Zipaquirá,Licitación pública Obra Publica,Obra,Seleccionado,5314994892,5235375364,37,12,Mes(es),2025-12-03T00:00:00.000
CO1.BDOS.9101156,MA-SAMC-012-2025 (Manifestación de interés (Menor Cuantía)) (Presentación de oferta),ALCALDIA MUNICIPIO DE ANOLAIMA,Cundinamarca,Anolaima,Selección Abreviada de Menor Cuantía,Obra,Seleccionado,300000000,284712300,2,1,Mes(es),2025-12-02T00:00:00.000
CO1.BDOS.9187987,SMC-015-2025,MUNICIPIO DE LA CALERA CUNDINAMARCA,Cundinamarca,La Calera,Mínima cuantía,Obra,Seleccionado,39623731,37571919,5,15,día(s),2025-12-02T00:00:00.000
CO1.BDOS.9094697,LP-006-2025 (Fase de Selección (Presentación de ofertas)),ALCALDIA MUNICIPAL DE GUADUAS,Cundinamarca,Guaduas,Licitación pública Obra Publica,Obra,Seleccionado,585000000,551363388,15,4,Mes(es),2025-12-02T00:00:00.000
CO1.BDOS.9209124,MIC-113-2025,Alcaldía Municipal de Gachalá,Cundinamarca,Gachala,Mínima cuantía,Obra,Seleccionado,26132097,26132097,1,0,día(s),2025-12-02T00:00:00.000
CO1.BDOS.8998715,LP-022-2025 (Fase de Selección (Presentación de ofertas)),ALCALDIA MUNICIPIO DE LA VEGA CUNDINAMARCA,Cundinamarca,La Vega,Licitación pública Obra Publica,Obra,Seleccionado,494569112,494466642,3,5,Mes(es),2025-12-02T00:00:00.000
CO1.BDOS.9206324,CONVOCATORIA DE MENOR CUANTÍA No. CP-002 -2025,E.S.E. HOSPITAL SAN ANTONIO DEL TEQUENDAMA,Cundinamarca,San Antonio Del Tequendama,Contratación régimen especial (con ofertas),Obra,Abierto,540427594,540427594,1,0,día(s),2025-12-02T00:00:00.000
CO1.BDOS.9208993,MC-044-2025,MUNICIPIO DE CAPARRAPI*,Cundinamarca,Caparrapí,Mínima cuantía,Obra,Seleccionado,24665667,23180422,2,20,día(s),2025-12-02T00:00:00.000
CO1.BDOS.9131316,SAMC 013 DE 2025 (Presentación de oferta),ALCALDIA DE GAMA,Cundinamarca,Gama,Seleccion Abreviada Menor Cuantia Sin Manifestacion Interes,Obra,Seleccionado,1787503879,1787315019,1,12,Mes(es),2025-12-02T00:00:00.000
CO1.BDOS.9099313,SA-047-2025 (Manifestación de interés (Menor Cuantía)) (Presentación de oferta),CUNDINAMARCA-ALCALDIA MUNICIPIO MOSQUERA,Cundinamarca,Mosquera,Selección Abreviada de Menor Cuantía,Obra,Seleccionado,640000000,640000000,4,2,Mes(es),2025-12-01T00:00:00.000
CO1.BDOS.8700168,FACATATIVA- SA-015-25 (Manifestación de interés (Menor Cuantía)) (Presentación de oferta),ALCALDIA MUNICIPAL DE FACATATIVA,Cundinamarca,Facatativá,Selección Abreviada de Menor Cuantía,Obra,Seleccionado,460817062,460721710,1,3,Mes(es),2025-12-01T00:00:00.000
CO1.BDOS.9196237,CCMC-054-2025,ALCALDIA MUNICIPIO CARMEN DE CARUPA,Cundinamarca,No Definido,Mínima cuantía,Obra,Seleccionado,39855866,39855866,1,25,día(s),2025-12-01T00:00:00.000
CO1.BDOS.9201321,MC 031-2025 ALC GTA,MUNICIPIO DE GUACHETÁ,Cundinamarca,Guachetá,Mínima cuantía,Obra,Seleccionado,39000000,34879092,2,15,día(s),2025-12-01T00:00:00.000
CO1.BDOS.8987779,LP-020-2025 (Fase de Selección (Presentación de ofertas)),ALCALDIA MUNICIPIO DE LA VEGA CUNDINAMARCA,Cundinamarca,La Vega,Licitación pública Obra Publica,Obra,Seleccionado,532000000,531820297,2,5,Mes(es),2025-12-01T00:00:00.000
CO1.BDOS.9121354,CCMC-056-2025,ALCALDIA MUNICIPIO CARMEN DE CARUPA,Cundinamarca,No Definido,Mínima cuantía,Obra,Seleccionado,39855866,36865979,2,30,día(s),2025-12-01T00:00:00.000
CO1.BDOS.9120678,SAMC-012-2025 (Manifestación de interés (Menor Cuantía)) (Presentación de oferta),ALCALDIA DE TABIO,Cundinamarca,Tabio,Selección Abreviada de Menor Cuantía,Obra,Seleccionado,43530000,43530000,1,20,día(s),2025-12-01T00:00:00.000
CO1.BDOS.9103768,SA-050-2025 (Manifestación de interés (Menor Cuantía)) (Presentación de oferta),CUNDINAMARCA-ALCALDIA MUNICIPIO MOSQUERA,Cundinamarca,Mosquera,Selección Abreviada de Menor Cuantía,Obra,Seleccionado,639363511,624921046,1,1,Mes(es),2025-12-01T00:00:00.000
CO1.BDOS.9198989,MC-056-2025,MUNICIPIO DE MACHETA,Cundinamarca,Macheta,Mínima cuantía,Obra,Seleccionado,24661137,23606000,3,15,día(s),2025-12-01T00:00:00.000
CO1.BDOS.9103768,SA-050-2025 (Manifestación de interés (Menor Cuantía)) (Presentación de oferta),CUNDINAMARCA-ALCALDIA MUNICIPIO MOSQUERA,Cundinamarca,Mosquera,Selección Abreviada de Menor Cuantía,Obra,Seleccionado,639363511,624921046,1,1,Mes(es),2025-12-01T00:00:00.000
CO1.BDOS.9080342,SAMC-CMC-CBA-014-2025 (Manifestación de interés (Menor Cuantía)) (Presentación de oferta),SENA REGIONAL CUNDINAMARCA Grupo Administrativo CBA,Cundinamarca,Mosquera,Selección Abreviada de Menor Cuantía,Obra,Seleccionado,700000000,695452141,3,0,día(s),2025-12-01T00:00:00.000
CO1.BDOS.9099683,SAMC-040-2025   (Manifestación de interés (Menor Cuantía)) (Presentación de oferta),MUNICIPIO DE UBATE,Cundinamarca,Villa De San Diego De Ubate,Selección Abreviada de Menor Cuantía,Obra,Seleccionado,47432742,47432742,1,15,día(s),2025-12-01T00:00:00.000
CO1.BDOS.8991034,LP-021-2025 (Fase de Selección (Presentación de ofertas)),ALCALDIA MUNICIPIO DE LA VEGA CUNDINAMARCA,Cundinamarca,La Vega,Licitación pública Obra Publica,Obra,Seleccionado,445974082,445970291,2,5,Mes(es),2025-12-01T00:00:00.000
CO1.BDOS.9100737,CQ-SAMC-011-2025 (Manifestación de interés (Menor Cuantía)) (Presentación de oferta),MUNICIPIO DE CAQUEZA,Cundinamarca,Caqueza,Selección Abreviada de Menor Cuantía,Obra,Seleccionado,105997998,97137829,2,20,día(s),2025-11-29T00:00:00.000
CO1.BDOS.8877180,LP-003-2025 (Fase de Selección (Presentación de ofertas)),MUNICIPIO DE PACHO,Cundinamarca,Pacho,Licitación pública Obra Publica,Obra,Seleccionado,1367739978,1229831345,24,4,Mes(es),2025-11-28T00:00:00.000
CO1.BDOS.9098008,SAMC 2025-0918 (Manifestación de interés (Menor Cuantía)) (Presentación de oferta),ALCALDIA MUNICIPAL FUSAGASUGA,Cundinamarca,Fusagasugá,Selección Abreviada de Menor Cuantía,Obra,Seleccionado,640000000,640000000,6,1,Mes(es),2025-11-28T00:00:00.000
CO1.BDOS.9188088,SMC 146-2025,IDERF,Cundinamarca,Fusagasugá,Mínima cuantía,Obra,Seleccionado,39765750,39729665,1,30,día(s),2025-11-28T00:00:00.000
CO1.BDOS.9187580,MIC-105-2025,Alcaldía Municipal de Gachalá,Cundinamarca,Gachala,Mínima cuantía,Obra,Seleccionado,39858000,39855436,1,0,día(s),2025-11-28T00:00:00.000
CO1.BDOS.9179529,CMC-028-2025,MUNICIPIO DE CUCUNUBÁ,Cundinamarca,Cucunubá,Mínima cuantía,Obra,Seleccionado,39844574,37817593,1,45,día(s),2025-11-27T00:00:00.000
CO1.BDOS.9168084,SMC 056-2025,ALCALDIA MUNICIPIO DE NOCAIMA,Cundinamarca,Nocaima,Mínima cuantía,Obra,Seleccionado,31917525,31914977,1,20,día(s),2025-11-27T00:00:00.000
CO1.BDOS.9097789,SAMC-009-2025 copia (Manifestación de interés (Menor Cuantía)) (Presentación de oferta),ALCALDIA DE TABIO,Cundinamarca,Tabio,Selección Abreviada de Menor Cuantía,Obra,Seleccionado,181354500,171959452,2,30,día(s),2025-11-27T00:00:00.000
CO1.BDOS.9098731,SAMC-011-2025 (Manifestación de interés (Menor Cuantía)) (Presentación de oferta),ALCALDIA DE TABIO,Cundinamarca,Tabio,Selección Abreviada de Menor Cuantía,Obra,Seleccionado,285000000,284983864,1,30,día(s),2025-11-27T00:00:00.000
CO1.BDOS.9170099,MC-054-2025,MUNICIPIO DE MACHETA,Cundinamarca,Macheta,Mínima cuantía,Obra,Seleccionado,22000000,21259965,1,0,día(s),2025-11-26T00:00:00.000
CO1.BDOS.9069667,SAMC-011-2025 (Manifestación de interés (Menor Cuantía)) (Presentación de oferta),MUNICIPIO DE VILLAGÓMEZ*,Cundinamarca,Villagómez,Selección Abreviada de Menor Cuantía,Obra,Seleccionado,126000000,125196283,1,0,día(s),2025-11-26T00:00:00.000
CO1.BDOS.9171786,MC-078-2025,MUNICIPIO DE VILLAPINZON,Cundinamarca,Villapinzón,Mínima cuantía,Obra,Seleccionado,38481076,38481076,2,0,día(s),2025-11-26T00:00:00.000
CO1.BDOS.9163197,MC-38-2025,MUNICIPIO DE CHOCONTÁ,Cundinamarca,Chocontá,Mínima cuantía,Obra,Seleccionado,39800000,39734808,1,20,día(s),2025-11-25T00:00:00.000
CO1.BDOS.8983443,LP-018-2025 (Fase de Selección (Presentación de ofertas)),ALCALDIA MUNICIPIO DE LA VEGA CUNDINAMARCA,Cundinamarca,La Vega,Licitación pública Obra Publica,Obra,Seleccionado,532000000,531844743,2,5,Mes(es),2025-11-25T00:00:00.000
CO1.BDOS.8983237,LP-019-2025 (Fase de Selección (Presentación de ofertas)),ALCALDIA MUNICIPIO DE LA VEGA CUNDINAMARCA,Cundinamarca,La Vega,Licitación pública Obra Publica,Obra,Seleccionado,509234281,509133772,2,5,Mes(es),2025-11-25T00:00:00.000
CO1.BDOS.9085191,SAMC-044-2025 (Manifestación de interés (Menor Cuantía)) (Presentación de oferta),ALCALDIA MUNICIPIO DE CAJICA,Cundinamarca,Cajicá,Selección Abreviada de Menor Cuantía,Obra,Seleccionado,599567380,599567191,1,6,Mes(es),2025-11-25T00:00:00.000
CO1.BDOS.9165110,MIC-097-2025,Alcaldía Municipal de Gachalá,Cundinamarca,Gachala,Mínima cuantía,Obra,Seleccionado,25000000,25000000,1,30,día(s),2025-11-25T00:00:00.000
CO1.BDOS.8989826,SAMC-010-2025 (Manifestación de interés (Menor Cuantía)) (Presentación de oferta),MUNICIPIO DE TIBIRITA,Cundinamarca,Tibirita,Selección Abreviada de Menor Cuantía,Obra,Seleccionado,200000000,93062602,3,1,Mes(es),2025-11-25T00:00:00.000
CO1.BDOS.8989826,SAMC-010-2025 (Manifestación de interés (Menor Cuantía)) (Presentación de oferta),MUNICIPIO DE TIBIRITA,Cundinamarca,Tibirita,Selección Abreviada de Menor Cuantía,Obra,Seleccionado,200000000,93062602,3,1,Mes(es),2025-11-25T00:00:00.000
CO1.BDOS.9054407,SAMC-010-2025 (Manifestación de interés (Menor Cuantía)) (Presentación de oferta),MUNICIPIO DE VILLAGÓMEZ*,Cundinamarca,Villagómez,Selección Abreviada de Menor Cuantía,Obra,Seleccionado,114713188,114612802,1,0,día(s),2025-11-25T00:00:00.000
CO1.BDOS.8989826,SAMC-010-2025 (Manifestación de interés (Menor Cuantía)) (Presentación de oferta),MUNICIPIO DE TIBIRITA,Cundinamarca,Tibirita,Selección Abreviada de Menor Cuantía,Obra,Seleccionado,200000000,99755678,3,1,Mes(es),2025-11-25T00:00:00.000
CO1.BDOS.8989826,SAMC-010-2025 (Manifestación de interés (Menor Cuantía)) (Presentación de oferta),MUNICIPIO DE TIBIRITA,Cundinamarca,Tibirita,Selección Abreviada de Menor Cuantía,Obra,Seleccionado,200000000,99755678,3,1,Mes(es),2025-11-25T00:00:00.000
CO1.BDOS.9043002,LP-0014-2025 (Fase de Selección (Presentación de ofertas)),MUNICIPIO DE FUNZA - ALCALDÍA DE FUNZA,Cundinamarca,Funza,Licitación pública Obra Publica,Obra,Seleccionado,33061188475,29756997937,12,15,Mes(es),2025-11-24T00:00:00.000
CO1.BDOS.9050362,SAMC-011-2025 (Manifestación de interés (Menor Cuantía)) (Presentación de oferta),MUNICIPIO DE LENGUAZAQUE,Cundinamarca,Lenguazaque,Selección Abreviada de Menor Cuantía,Obra,Seleccionado,169995034,169995034,2,13,día(s),2025-11-24T00:00:00.000
CO1.BDOS.8970875,LP-016-2025 (Fase de Selección (Presentación de ofertas)),ALCALDIA MUNICIPIO DE LA VEGA CUNDINAMARCA,Cundinamarca,La Vega,Licitación pública Obra Publica,Obra,Seleccionado,500000000,499861732,1,5,Mes(es),2025-11-24T00:00:00.000
CO1.BDOS.9019419,LP-0013-2025. (Fase de Selección (Presentación de ofertas)),MUNICIPIO DE FUNZA - ALCALDÍA DE FUNZA,Cundinamarca,Funza,Licitación pública Obra Publica,Obra,Seleccionado,3957333435,3707612766,28,5,Mes(es),2025-11-24T00:00:00.000
CO1.BDOS.8983159,LP-017-2025 (Fase de Selección (Presentación de ofertas)),ALCALDIA MUNICIPIO DE LA VEGA CUNDINAMARCA,Cundinamarca,La Vega,Licitación pública Obra Publica,Obra,Seleccionado,500000000,499895389,2,5,Mes(es),2025-11-24T00:00:00.000
CO1.BDOS.9015054,SA-MC-011-2025 (Manifestación de interés (Menor Cuantía)) (Presentación de oferta),MUNICIPIO MANTA CUNDINAMARCA,Cundinamarca,Manta,Selección Abreviada de Menor Cuantía,Obra,Seleccionado,944761058,944761058,1,1,Mes(es),2025-11-24T00:00:00.000
CO1.BDOS.9043057,SAMC-024-2025 (Manifestación de interés (Menor Cuantía)) (Presentación de oferta),MUNICIPIO DE COGUA,Cundinamarca,Cogua,Selección Abreviada de Menor Cuantía,Obra,Seleccionado,201553528,201553528,1,29,día(s),2025-11-21T00:00:00.000
CO1.BDOS.9094475,SAMC-010-2025 (Presentación de oferta),MUNICIPIO DE APULO,Cundinamarca,Apulo,Seleccion Abreviada Menor Cuantia Sin Manifestacion Interes,Obra,Seleccionado,624000000,624000000,1,0,día(s),2025-11-21T00:00:00.000
CO1.BDOS.8930873,LP-016-2025 (Fase de Selección (Presentación de ofertas)),ALCALDÍA MUNICIPAL DE MADRID CUNDINAMARCA,Cundinamarca,Madrid,Licitación pública Obra Publica,Obra,Seleccionado,1280956902,1272102879,2,4,Mes(es),2025-11-21T00:00:00.000
CO1.BDOS.8930873,LP-016-2025 (Fase de Selección (Presentación de ofertas)),ALCALDÍA MUNICIPAL DE MADRID CUNDINAMARCA,Cundinamarca,Madrid,Licitación pública Obra Publica,Obra,Seleccionado,1280956902,1272102879,2,4,Mes(es),2025-11-21T00:00:00.000
CO1.BDOS.9065441,SAMC-031-2025 (Manifestación de interés (Menor Cuantía)) (Presentación de oferta),MUNICIPIO DE COGUA,Cundinamarca,Cogua,Selección Abreviada de Menor Cuantía,Obra,Seleccionado,268300000,268287969,1,21,día(s),2025-11-21T00:00:00.000
CO1.BDOS.8967124,LP-015-2025 (Fase de Selección (Presentación de ofertas)),ALCALDIA MUNICIPIO DE LA VEGA CUNDINAMARCA,Cundinamarca,La Vega,Licitación pública Obra Publica,Obra,Seleccionado,6500000000,6049247636,31,7,día(s),2025-11-21T00:00:00.000
CO1.BDOS.9145816,SMC 052-2025,ALCALDIA MUNICIPIO DE NOCAIMA,Cundinamarca,Nocaima,Mínima cuantía,Obra,Seleccionado,39850000,39819501,1,20,día(s),2025-11-21T00:00:00.000
CO1.BDOS.9043548,SAMC-023-2025 (Manifestación de interés (Menor Cuantía)) (Presentación de oferta),ALCALDIA MUNICIPAL DE GUADUAS,Cundinamarca,Guaduas,Selección Abreviada de Menor Cuantía,Obra,Seleccionado,100000000,99999625,1,2,Mes(es),2025-11-20T00:00:00.000
CO1.BDOS.9132437,SMC-013-2025,MUNICIPIO DE LA CALERA CUNDINAMARCA,Cundinamarca,La Calera,Mínima cuantía,Obra,Seleccionado,39857880,39857880,11,0,día(s),2025-11-20T00:00:00.000
CO1.BDOS.9012378,LP 002 DE 2025 (Fase de Selección (Presentación de ofertas)),ALCALDIA DE GAMA,Cundinamarca,Gama,Licitación pública Obra Publica,Obra,Seleccionado,713926961,713925150,1,6,Mes(es),2025-11-20T00:00:00.000
CO1.BDOS.8956980,LP-009-2025 (Fase de Selección (Presentación de ofertas)),MUNICIPIO DE SOACHA..,Cundinamarca,Soacha,Licitación pública Obra Publica,Obra,Seleccionado,8545073975,7967589880,41,6,Mes(es),2025-11-20T00:00:00.000
CO1.BDOS.9130360,IC-014-2025,CATEDRAL DE SAL DE ZIPAQUIRÁ SASEM,Cundinamarca,Zipaquirá,Contratación régimen especial (con ofertas),Obra,Seleccionado,770067747,770000000,1,4,Mes(es),2025-11-19T00:00:00.000
CO1.BDOS.9129907,MC-076-2025,MUNICIPIO DE VILLAPINZON,Cundinamarca,Villapinzón,Mínima cuantía,Obra,Seleccionado,39858000,39858000,2,0,día(s),2025-11-19T00:00:00.000
CO1.BDOS.9056786,SAMC. 021-2025 (Manifestación de interés (Menor Cuantía)) (Presentación de oferta),ALCALDIA MUNICIPAL DE BOJACA,Cundinamarca,Bojacá,Selección Abreviada de Menor Cuantía,Obra,Seleccionado,100000000,100000000,1,1,Mes(es),2025-11-19T00:00:00.000
CO1.BDOS.9015906,SA-MC-033-2025 (Manifestación de interés (Menor Cuantía)) (Presentación de oferta),Alcaldía Municipal de Gachalá,Cundinamarca,Gachala,Selección Abreviada de Menor Cuantía,Obra,Seleccionado,120000000,120000000,1,15,día(s),2025-11-19T00:00:00.000
CO1.BDOS.8978763,SAMC-008-2025 (Manifestación de interés (Menor Cuantía)) (Presentación de oferta),MUNICIPIO DE LA CALERA CUNDINAMARCA,Cundinamarca,La Calera,Selección Abreviada de Menor Cuantía,Obra,Seleccionado,178900099,157430733,7,1,Mes(es),2025-11-18T00:00:00.000
CO1.BDOS.9053269,SAMC-021-2025 (Manifestación de interés (Menor Cuantía)) (Presentación de oferta),MUNICIPIO DE VILLAPINZON,Cundinamarca,Villapinzón,Selección Abreviada de Menor Cuantía,Obra,Seleccionado,240000000,239999014,1,0,día(s),2025-11-18T00:00:00.000
CO1.BDOS.9012342,SAMC-009-2025 (Manifestación de interés (Menor Cuantía)) (Presentación de oferta),ALCALDIA MUNICIPAL DE SUTATAUSA,Cundinamarca,Sutatausa,Selección Abreviada de Menor Cuantía,Obra,Seleccionado,78153484,78150436,1,1,Mes(es),2025-11-18T00:00:00.000
CO1.BDOS.8992394,LP N 005 2025 (Fase de Selección (Presentación de ofertas)),ALCALDIA DE SESQUILE,Cundinamarca,Sesquilé,Licitación pública Obra Publica,Obra,Seleccionado,1093439128,1029629712,61,105,día(s),2025-11-18T00:00:00.000
CO1.BDOS.9122995,MC-049-2025,MUNICIPIO DE MACHETA,Cundinamarca,Macheta,Mínima cuantía,Obra,Seleccionado,38675786,35421615,2,30,día(s),2025-11-18T00:00:00.000
CO1.BDOS.9120728,IERLADP-MC-05-2025,INSTITUCION EDUCATIVA RURAL LUIS ANTONIO DUQUE PEÑA,Cundinamarca,Girardot,Mínima cuantía,Obra,Seleccionado,39591081,34130159,6,30,día(s),2025-11-18T00:00:00.000
CO1.BDOS.9054126,SAMC-022-2025 (Manifestación de interés (Menor Cuantía)) (Presentación de oferta),MUNICIPIO DE VILLAPINZON,Cundinamarca,Villapinzón,Selección Abreviada de Menor Cuantía,Obra,Seleccionado,100000000,100000000,2,0,día(s),2025-11-18T00:00:00.000
CO1.BDOS.9026470,SAMC-009-2025 (Manifestación de interés (Menor Cuantía)) (Presentación de oferta),MUNICIPIO DE VILLAGÓMEZ*,Cundinamarca,Villagómez,Selección Abreviada de Menor Cuantía,Obra,Seleccionado,335292000,334456452,3,3,Mes(es),2025-11-14T00:00:00.000
CO1.BDOS.9026470,SAMC-009-2025 (Manifestación de interés (Menor Cuantía)) (Presentación de oferta),MUNICIPIO DE VILLAGÓMEZ*,Cundinamarca,Villagómez,Selección Abreviada de Menor Cuantía,Obra,Seleccionado,335292000,334456452,3,3,Mes(es),2025-11-14T00:00:00.000
CO1.BDOS.9108323,SMC 050-2025,ALCALDIA MUNICIPIO DE NOCAIMA,Cundinamarca,Nocaima,Mínima cuantía,Obra,Seleccionado,39850500,39840431,1,1,Mes(es),2025-11-14T00:00:00.000
CO1.BDOS.8977851,SAMC-019-2025 (Manifestación de interés (Menor Cuantía)) (Presentación de oferta),ALCALDÍA MUNICIPAL DE MADRID CUNDINAMARCA,Cundinamarca,Madrid,Selección Abreviada de Menor Cuantía,Obra,Seleccionado,261915355,241804867,3,3,Mes(es),2025-11-14T00:00:00.000
CO1.BDOS.8941734,SAMC-007-2025 (Manifestación de interés (Menor Cuantía)) (Presentación de oferta),MUNICIPIO DE CAPARRAPI*,Cundinamarca,Caparrapí,Selección Abreviada de Menor Cuantía,Obra,Seleccionado,398000000,398000000,1,40,día(s),2025-11-14T00:00:00.000
CO1.BDOS.9011772,SAMC 013 MT 2025 (Manifestación de interés (Menor Cuantía)) (Presentación de oferta),MUNICIPIO DE TOCANCIPA,Cundinamarca,Tocancipá,Selección Abreviada de Menor Cuantía,Obra,Seleccionado,70000000,67899412,3,30,día(s),2025-11-14T00:00:00.000
CO1.BDOS.9035568,SAMC-009-2025 (Presentación de oferta),MUNICIPIO DE APULO,Cundinamarca,Apulo,Seleccion Abreviada Menor Cuantia Sin Manifestacion Interes,Obra,Seleccionado,909090874,909000000,1,31,día(s),2025-11-14T00:00:00.000
CO1.BDOS.9093729,MC-048-2025,MUNICIPIO DE MACHETA,Cundinamarca,Macheta,Mínima cuantía,Obra,Seleccionado,39561078,39008140,1,0,día(s),2025-11-12T00:00:00.000
CO1.BDOS.8916872,SAMC-008-2025 (Manifestación de interés (Menor Cuantía)) (Presentación de oferta),MUNICIPIO DE CUCUNUBÁ,Cundinamarca,Cucunubá,Selección Abreviada de Menor Cuantía,Obra,Seleccionado,300000000,299608250,2,30,día(s),2025-11-12T00:00:00.000
CO1.BDOS.9085644,MC 2025-0915,ALCALDIA MUNICIPAL FUSAGASUGA,Cundinamarca,Fusagasugá,Mínima cuantía,Obra,Seleccionado,36092187,31196837,6,1,Mes(es),2025-11-12T00:00:00.000
CO1.BDOS.8988167,LP-0012-2025 (Fase de Selección (Presentación de ofertas)),MUNICIPIO DE FUNZA - ALCALDÍA DE FUNZA,Cundinamarca,Funza,Licitación pública Obra Publica,Obra,Seleccionado,6782621819,6372256488,17,8,Mes(es),2025-11-12T00:00:00.000
CO1.BDOS.8978137,SAMC-001-2025 (Manifestación de interés (Menor Cuantía)) (Presentación de oferta),"INSTITUTO MUNICIPAL DE CULTURA, RECREACION Y DEPORTE DE ZIPAQUIRA",Cundinamarca,Zipaquirá,Selección Abreviada de Menor Cuantía,Obra,Seleccionado,138000000,132738178,2,54,día(s),2025-11-12T00:00:00.000
CO1.BDOS.8992114,SA-012 - 2025 (Manifestación de interés (Menor Cuantía)) (Presentación de oferta),MUNICIPIO DE LA MESA,Cundinamarca,La Mesa,Selección Abreviada de Menor Cuantía,Obra,Seleccionado,59346917,59346917,1,30,día(s),2025-11-11T00:00:00.000
CO1.BDOS.8997698,PSACC 010-2025 (Manifestación de interés (Menor Cuantía)) (Presentación de oferta),ALCALDIA MUNICIPIO CARMEN DE CARUPA,Cundinamarca,No Definido,Selección Abreviada de Menor Cuantía,Obra,Seleccionado,153135735,151604378,1,45,día(s),2025-11-11T00:00:00.000
CO1.BDOS.8963201,9375. (Fase de Selección (Presentación de ofertas)),ALCALDÍA MUNICIPAL DE SOPO,Cundinamarca,Sopó,Licitación pública Obra Publica,Obra,Seleccionado,3034467825,2867526701,29,165,día(s),2025-11-11T00:00:00.000
CO1.BDOS.8966995,SAMC-028-2025 (Manifestación de interés (Menor Cuantía)) (Presentación de oferta),MUNICIPIO DE COGUA,Cundinamarca,Cogua,Selección Abreviada de Menor Cuantía,Obra,Seleccionado,62795831,62729325,1,41,día(s),2025-11-10T00:00:00.000
CO1.BDOS.8941607,SAMC-038-2025   (Manifestación de interés (Menor Cuantía)) (Presentación de oferta),MUNICIPIO DE UBATE,Cundinamarca,Villa De San Diego De Ubate,Selección Abreviada de Menor Cuantía,Obra,Seleccionado,100000000,99998630,1,38,día(s),2025-11-10T00:00:00.000
CO1.BDOS.8995638,SAMC-004-2025  (Manifestación de interés (Menor Cuantía)) (Presentación de oferta),IDUVI,Cundinamarca,Chía,Selección Abreviada de Menor Cuantía,Obra,Seleccionado,389881786,389822795,3,30,día(s),2025-11-10T00:00:00.000
CO1.BDOS.9078897,MC-033-2025,MUNICIPIO DE VENECIA CUNDINAMARCA,Cundinamarca,Venecia,Mínima cuantía,Obra,Seleccionado,32347730,31798858,4,43,día(s),2025-11-10T00:00:00.000
CO1.BDOS.9076716,IEPS-MC-14-2025,INSTITUCION EDUCATIVA POLICARPA SALAVARRIETA,Cundinamarca,Girardot,Mínima cuantía,Obra,Seleccionado,34161499,31229788,5,75,día(s),2025-11-10T00:00:00.000
CO1.BDOS.8983736,SAMC 022-2025 (Manifestación de interés (Menor Cuantía)) (Presentación de oferta),ALCALDIA MUNICIPIO DE NOCAIMA,Cundinamarca,Nocaima,Selección Abreviada de Menor Cuantía,Obra,Seleccionado,181976742,181814718,1,45,día(s),2025-11-10T00:00:00.000
CO1.BDOS.9072248,CUN-MC-04-2025,INSTITUTO COLOMBIANO AGROPECUARIO - SECCIONAL CUNDINAMARCA,Cundinamarca,Mosquera,Mínima cuantía,Obra,Seleccionado,64051245,51240999,11,1,Mes(es),2025-11-10T00:00:00.000
CO1.BDOS.8986670,SAMC-020-2025 (Manifestación de interés (Menor Cuantía)) (Presentación de oferta),MUNICIPIO DE VILLAPINZON,Cundinamarca,Villapinzón,Selección Abreviada de Menor Cuantía,Obra,Seleccionado,350000000,350000000,2,0,día(s),2025-11-08T00:00:00.000
CO1.BDOS.8961434,LP-004-2025 (Fase de Selección (Presentación de ofertas)),ALCALDIA DE SESQUILE,Cundinamarca,Sesquilé,Licitación pública Obra Publica,Obra,Seleccionado,512249701,476531700,24,60,día(s),2025-11-07T00:00:00.000
CO1.BDOS.8957186,LP-014-2025 (Fase de Selección (Presentación de ofertas)),ALCALDIA MUNICIPIO DE LA VEGA CUNDINAMARCA,Cundinamarca,La Vega,Licitación pública Obra Publica,Obra,Seleccionado,490000000,489899887,1,4,Mes(es),2025-11-07T00:00:00.000
CO1.BDOS.8879607,SAMC-022-2025 (Manifestación de interés (Menor Cuantía)) (Presentación de oferta),ALCALDIA MUNICIPAL DE GUADUAS,Cundinamarca,Guaduas,Selección Abreviada de Menor Cuantía,Obra,Seleccionado,300000000,299999992,2,2,Mes(es),2025-11-06T00:00:00.000
CO1.BDOS.8879607,SAMC-022-2025 (Manifestación de interés (Menor Cuantía)) (Presentación de oferta),ALCALDIA MUNICIPAL DE GUADUAS,Cundinamarca,Guaduas,Selección Abreviada de Menor Cuantía,Obra,Seleccionado,300000000,299999992,2,2,Mes(es),2025-11-06T00:00:00.000
CO1.BDOS.8879607,SAMC-022-2025 (Manifestación de interés (Menor Cuantía)) (Presentación de oferta),ALCALDIA MUNICIPAL DE GUADUAS,Cundinamarca,Guaduas,Selección Abreviada de Menor Cuantía,Obra,Seleccionado,300000000,299999992,2,2,Mes(es),2025-11-06T00:00:00.000
CO1.BDOS.9055679,FACATATIVA-CI-031-25,ALCALDIA MUNICIPAL DE FACATATIVA,Cundinamarca,Facatativá,Contratación Directa (con ofertas),Obra,Seleccionado,2127758421,2127758421,0,12,Mes(es),2025-11-06T00:00:00.000
CO1.BDOS.9053431,FACATATIVA-CI-030-25,ALCALDIA MUNICIPAL DE FACATATIVA,Cundinamarca,Facatativá,Contratación Directa (con ofertas),Obra,Seleccionado,3311392265,3311392265,0,8,Mes(es),2025-11-06T00:00:00.000
CO1.BDOS.8950923,LP 016 2025 (Fase de Selección (Presentación de ofertas)),ALCALDIA MUNICIPIO DE CAJICA,Cundinamarca,Cajicá,Licitación pública Obra Publica,Obra,Seleccionado,15604545455,14416722319,11,12,Mes(es),2025-11-05T00:00:00.000
CO1.BDOS.9043944,MC-072-2025,MUNICIPIO DE VILLAPINZON,Cundinamarca,Villapinzón,Mínima cuantía,Obra,Seleccionado,25574046,25574046,1,0,día(s),2025-11-05T00:00:00.000
CO1.BDOS.9035882,IPMC-019-2025,MUNICIPIO DE COGUA,Cundinamarca,Cogua,Mínima cuantía,Obra,Seleccionado,38999946,38975177,2,42,día(s),2025-11-04T00:00:00.000
CO1.BDOS.8944569,MA-SAMC-011-2025 (Manifestación de interés (Menor Cuantía)) (Presentación de oferta),ALCALDIA MUNICIPIO DE ANOLAIMA,Cundinamarca,Anolaima,Selección Abreviada de Menor Cuantía,Obra,Seleccionado,227209266,227209266,1,2,Mes(es),2025-11-04T00:00:00.000
CO1.BDOS.8923707,LP-013-2025 (Fase de Selección (Presentación de ofertas)),ALCALDIA MUNICIPIO DE LA VEGA CUNDINAMARCA,Cundinamarca,La Vega,Licitación pública Obra Publica,Obra,Seleccionado,435000000,434896756,1,1,Mes(es),2025-11-01T00:00:00.000
CO1.BDOS.8899476,SAMC-007-2025 (Manifestación de interés (Menor Cuantía)) (Presentación de oferta),MUNICIPIO DE LA CALERA CUNDINAMARCA,Cundinamarca,La Calera,Selección Abreviada de Menor Cuantía,Obra,Seleccionado,380368526,358144757,3,2,Mes(es),2025-11-01T00:00:00.000
CO1.BDOS.8846789,SAMC-005-2025 (Manifestación de interés (Menor Cuantía)) (Presentación de oferta),ALCALDIA MUNICIPAL DE PUERTO SALGAR,Cundinamarca,Puerto Salgar,Selección Abreviada de Menor Cuantía,Obra,Seleccionado,120310607,120310607,1,60,día(s),2025-10-31T00:00:00.000
CO1.BDOS.9016588,MC-045-2025,ALCALDIA MUNICIPAL DE GUADUAS,Cundinamarca,Guaduas,Mínima cuantía,Obra,Seleccionado,39800000,39647182,3,1,Mes(es),2025-10-31T00:00:00.000
CO1.BDOS.8942707,SAMC. 020-2025 (Manifestación de interés (Menor Cuantía)) (Presentación de oferta),ALCALDIA MUNICIPAL DE BOJACA,Cundinamarca,Bojacá,Selección Abreviada de Menor Cuantía,Obra,Seleccionado,100000000,99998621,2,2,Mes(es),2025-10-31T00:00:00.000
CO1.BDOS.8928145,SAMC. 019-2025 (Manifestación de interés (Menor Cuantía)) (Presentación de oferta),ALCALDIA MUNICIPAL DE BOJACA,Cundinamarca,Bojacá,Selección Abreviada de Menor Cuantía,Obra,Seleccionado,51547736,51445889,1,2,Mes(es),2025-10-31T00:00:00.000
CO1.BDOS.9012337,SMC 047-2025,ALCALDIA MUNICIPIO DE NOCAIMA,Cundinamarca,Nocaima,Mínima cuantía,Obra,Seleccionado,32917500,32917500,1,2,Mes(es),2025-10-30T00:00:00.000
CO1.BDOS.8819070,SAMC-021-2025 (Manifestación de interés (Menor Cuantía)) (Presentación de oferta),ALCALDIA MUNICIPAL DE GUADUAS,Cundinamarca,Guaduas,Selección Abreviada de Menor Cuantía,Obra,Seleccionado,330000000,311503277,1,2,Mes(es),2025-10-30T00:00:00.000
CO1.BDOS.8819070,SAMC-021-2025 (Manifestación de interés (Menor Cuantía)) (Presentación de oferta),ALCALDIA MUNICIPAL DE GUADUAS,Cundinamarca,Guaduas,Selección Abreviada de Menor Cuantía,Obra,Seleccionado,330000000,311503277,1,2,Mes(es),2025-10-30T00:00:00.000
CO1.BDOS.8819070,SAMC-021-2025 (Manifestación de interés (Menor Cuantía)) (Presentación de oferta),ALCALDIA MUNICIPAL DE GUADUAS,Cundinamarca,Guaduas,Selección Abreviada de Menor Cuantía,Obra,Seleccionado,330000000,311503277,1,2,Mes(es),2025-10-30T00:00:00.000
CO1.BDOS.8819306,SAMC-020-2025 (Manifestación de interés (Menor Cuantía)) (Presentación de oferta),ALCALDIA MUNICIPAL DE GUADUAS,Cundinamarca,Guaduas,Selección Abreviada de Menor Cuantía,Obra,Seleccionado,300000000,297023273,2,2,Mes(es),2025-10-30T00:00:00.000
CO1.BDOS.8819306,SAMC-020-2025 (Manifestación de interés (Menor Cuantía)) (Presentación de oferta),ALCALDIA MUNICIPAL DE GUADUAS,Cundinamarca,Guaduas,Selección Abreviada de Menor Cuantía,Obra,Seleccionado,300000000,297023273,2,2,Mes(es),2025-10-30T00:00:00.000
CO1.BDOS.8819306,SAMC-020-2025 (Manifestación de interés (Menor Cuantía)) (Presentación de oferta),ALCALDIA MUNICIPAL DE GUADUAS,Cundinamarca,Guaduas,Selección Abreviada de Menor Cuantía,Obra,Seleccionado,300000000,297023273,2,2,Mes(es),2025-10-30T00:00:00.000
CO1.BDOS.8936724,SA-MC-006-2025 (Manifestación de interés (Menor Cuantía)) (Presentación de oferta),ALCALDIA MUNICIPAL DE GACHETA,Cundinamarca,Gachetá,Selección Abreviada de Menor Cuantía,Obra,Seleccionado,119931822,119883496,1,2,Mes(es),2025-10-30T00:00:00.000
CO1.BDOS.8930186,SAMC-025-2025 (Manifestación de interés (Menor Cuantía)) (Presentación de oferta),ALCALDIA DE SESQUILE,Cundinamarca,Sesquilé,Selección Abreviada de Menor Cuantía,Obra,Seleccionado,398395895,374294611,6,60,día(s),2025-10-29T00:00:00.000
CO1.BDOS.9002235,INV-PUB-MC-028-2025,ALCALDIA MUNICIPAL DE SUESCA +,Cundinamarca,Suesca,Mínima cuantía,Obra,Seleccionado,21000000,20749189,2,40,día(s),2025-10-29T00:00:00.000
CO1.BDOS.8914329,SAMC-037-2025 (Manifestación de interés (Menor Cuantía)) (Presentación de oferta),ALCALDIA MUNICIPIO DE CAJICA,Cundinamarca,Cajicá,Selección Abreviada de Menor Cuantía,Obra,Seleccionado,528089633,496402433,3,3,Mes(es),2025-10-29T00:00:00.000
CO1.BDOS.9003882,INV-PUB-MC-029-2025,ALCALDIA MUNICIPAL DE SUESCA +,Cundinamarca,Suesca,Mínima cuantía,Obra,Seleccionado,30000000,27846910,1,1,Mes(es),2025-10-29T00:00:00.000
CO1.BDOS.8885696,SAMC-034-2025 (Manifestación de interés (Menor Cuantía)) (Presentación de oferta),MUNICIPIO DE UBATE,Cundinamarca,Villa De San Diego De Ubate,Selección Abreviada de Menor Cuantía,Obra,Seleccionado,389778620,389778620,2,1,Mes(es),2025-10-28T00:00:00.000
CO1.BDOS.8892870,SAMC-036-2025 (Manifestación de interés (Menor Cuantía)) (Presentación de oferta),MUNICIPIO DE UBATE,Cundinamarca,Villa De San Diego De Ubate,Selección Abreviada de Menor Cuantía,Obra,Seleccionado,300000000,299103433,5,44,día(s),2025-10-28T00:00:00.000
CO1.BDOS.8985308,CMC-033-2025,ALCALDIA MUNICIPAL TAUSA,Cundinamarca,Tausa,Mínima cuantía,Obra,Seleccionado,32560000,32037143,1,1,Mes(es),2025-10-27T00:00:00.000
CO1.BDOS.8886102,SAMC 007-2025 (Manifestación de interés (Menor Cuantía)) (Presentación de oferta),MUNICIPIO DE APULO,Cundinamarca,Apulo,Selección Abreviada de Menor Cuantía,Obra,Seleccionado,237098239,236966279,3,3,Mes(es),2025-10-25T00:00:00.000
CO1.BDOS.8886620,SAMC 008-2025 (Manifestación de interés (Menor Cuantía)) (Presentación de oferta),MUNICIPIO DE APULO,Cundinamarca,Apulo,Selección Abreviada de Menor Cuantía,Obra,Seleccionado,360930929,360758939,2,3,Mes(es),2025-10-25T00:00:00.000
CO1.BDOS.8859290,SA-036-2025 (Manifestación de interés (Menor Cuantía)) (Presentación de oferta),CUNDINAMARCA-ALCALDIA MUNICIPIO MOSQUERA,Cundinamarca,Mosquera,Selección Abreviada de Menor Cuantía,Obra,Seleccionado,367790733,364732529,1,2,Mes(es),2025-10-24T00:00:00.000
CO1.BDOS.8918657,SAMC-040-2025 (Manifestación de interés (Menor Cuantía)) (Presentación de oferta),ALCALDIA MUNICIPIO DE CAJICA,Cundinamarca,Cajicá,Selección Abreviada de Menor Cuantía,Obra,Seleccionado,224395761,224029729,1,1,Mes(es),2025-10-24T00:00:00.000
CO1.BDOS.8894028,SAMC 021-2025 (Manifestación de interés (Menor Cuantía)) (Presentación de oferta),ALCALDIA MUNICIPIO DE NOCAIMA,Cundinamarca,Nocaima,Selección Abreviada de Menor Cuantía,Obra,Seleccionado,332843161,332820500,2,45,día(s),2025-10-24T00:00:00.000
CO1.BDOS.8887091,SAMC-011-2025 (Manifestación de interés (Menor Cuantía)) (Presentación de oferta),ALCALDIA MUNICIPAL TAUSA,Cundinamarca,Tausa,Selección Abreviada de Menor Cuantía,Obra,Seleccionado,165000000,164724897,2,2,Mes(es),2025-10-24T00:00:00.000
CO1.BDOS.8905873,SA-MC-016-2025 (Manifestación de interés (Menor Cuantía)) (Presentación de oferta),MUNICIPIO DE TENJO,Cundinamarca,Tenjo,Selección Abreviada de Menor Cuantía,Obra,Seleccionado,348384367,347077796,1,45,día(s),2025-10-23T00:00:00.000
CO1.BDOS.8876359,SAMC-010-2025 (Manifestación de interés (Menor Cuantía)) (Presentación de oferta),MUNICIPIO DE ALBAN,Cundinamarca,Albán,Selección Abreviada de Menor Cuantía,Obra,Seleccionado,328905629,328661359,1,60,día(s),2025-10-23T00:00:00.000
CO1.BDOS.8905873,SA-MC-016-2025 (Manifestación de interés (Menor Cuantía)) (Presentación de oferta),MUNICIPIO DE TENJO,Cundinamarca,Tenjo,Selección Abreviada de Menor Cuantía,Obra,Seleccionado,348384367,347077796,1,45,día(s),2025-10-23T00:00:00.000
CO1.BDOS.8867602,SA-MC-009-2025 (Manifestación de interés (Menor Cuantía)) (Presentación de oferta),MUNICIPIO MANTA CUNDINAMARCA,Cundinamarca,Manta,Selección Abreviada de Menor Cuantía,Obra,Seleccionado,127000000,126555550,2,2,Mes(es),2025-10-23T00:00:00.000
CO1.BDOS.8722949,. FACATATIVA-SA-017-25 (Manifestación de interés (Menor Cuantía)) (Presentación de oferta),ALCALDIA MUNICIPAL DE FACATATIVA,Cundinamarca,Facatativá,Selección Abreviada de Menor Cuantía,Obra,Seleccionado,232751926,232751926,2,3,Mes(es),2025-10-23T00:00:00.000
CO1.BDOS.8887831,SAMC-012-2025 (Manifestación de interés (Menor Cuantía)) (Presentación de oferta),MUNICIPIO DE SAN FRANCISCO,Cundinamarca,San Francisco,Selección Abreviada de Menor Cuantía,Obra,Seleccionado,312200000,312199908,2,50,día(s),2025-10-23T00:00:00.000
CO1.BDOS.8890134,SAMC-CMC-CTDPE-003-2025 (Manifestación de interés (Menor Cuantía)) (Presentación de oferta),SENA REGIONAL CUNDINAMARCA Grupo Administrativo CTDPE,Cundinamarca,Girardot,Selección Abreviada de Menor Cuantía,Obra,Seleccionado,258892160,247796042,4,0,día(s),2025-10-22T00:00:00.000
CO1.BDOS.8886151,SAMC-035-2025 (Manifestación de interés (Menor Cuantía)) (Presentación de oferta),ALCALDIA MUNICIPIO DE CAJICA,Cundinamarca,Cajicá,Selección Abreviada de Menor Cuantía,Obra,Seleccionado,111084558,110847821,1,2,Mes(es),2025-10-22T00:00:00.000
CO1.BDOS.8852725,LP-002-2025 (Fase de Selección (Presentación de ofertas)),MUNICIPIO DE UBATE,Cundinamarca,Villa De San Diego De Ubate,Licitación pública Obra Publica,Obra,Seleccionado,576600000,576519202,2,1,Mes(es),2025-10-22T00:00:00.000
CO1.BDOS.8887223,SAMC. 017-2025 (Manifestación de interés (Menor Cuantía)) (Presentación de oferta),ALCALDIA MUNICIPAL DE BOJACA,Cundinamarca,Bojacá,Selección Abreviada de Menor Cuantía,Obra,Seleccionado,57639053,57637067,1,2,Mes(es),2025-10-21T00:00:00.000
CO1.BDOS.8882957,SAMC-003-2025 (Manifestación de interés (Menor Cuantía)) (Presentación de oferta),IDUVI,Cundinamarca,Chía,Selección Abreviada de Menor Cuantía,Obra,Seleccionado,389981347,386246139,1,60,día(s),2025-10-21T00:00:00.000
CO1.BDOS.8887223,SAMC. 017-2025 (Manifestación de interés (Menor Cuantía)) (Presentación de oferta),ALCALDIA MUNICIPAL DE BOJACA,Cundinamarca,Bojacá,Selección Abreviada de Menor Cuantía,Obra,Seleccionado,57639053,57637067,1,2,Mes(es),2025-10-21T00:00:00.000
CO1.BDOS.8858157,SAMC 14 DE 2025 (Manifestación de interés (Menor Cuantía)) (Presentación de oferta),ALCALDIA MUNICIPAL DE VILLETA,Cundinamarca,Villeta,Selección Abreviada de Menor Cuantía,Obra,Seleccionado,300000000,285001779,4,45,día(s),2025-10-21T00:00:00.000
CO1.BDOS.8818592,SAMC-014-2025 (Manifestación de interés (Menor Cuantía)) (Presentación de oferta),ALCALDÍA MUNICIPAL COTA,Cundinamarca,Cota,Selección Abreviada de Menor Cuantía,Obra,Seleccionado,574000000,570992201,3,60,día(s),2025-10-20T00:00:00.000
CO1.BDOS.8868140,SAMC-DC-CTCM-034-2025 (Manifestación de interés (Menor Cuantía)) (Presentación de oferta),SENA GRUPO DE APOYO ADMINISTRATIVO INTERCENTROS CAZUCA,Cundinamarca,Soacha,Selección Abreviada de Menor Cuantía,Obra,Seleccionado,347964678,347964678,1,45,día(s),2025-10-20T00:00:00.000
CO1.BDOS.8879944,SAMC-011-2025 (Manifestación de interés (Menor Cuantía)) (Presentación de oferta),MUNICIPIO DE SAN FRANCISCO,Cundinamarca,San Francisco,Selección Abreviada de Menor Cuantía,Obra,Seleccionado,300000000,299999984,2,55,día(s),2025-10-20T00:00:00.000
CO1.BDOS.8818592,SAMC-014-2025 (Manifestación de interés (Menor Cuantía)) (Presentación de oferta),ALCALDÍA MUNICIPAL COTA,Cundinamarca,Cota,Selección Abreviada de Menor Cuantía,Obra,Seleccionado,574000000,570992201,3,60,día(s),2025-10-20T00:00:00.000
CO1.BDOS.8818592,SAMC-014-2025 (Manifestación de interés (Menor Cuantía)) (Presentación de oferta),ALCALDÍA MUNICIPAL COTA,Cundinamarca,Cota,Selección Abreviada de Menor Cuantía,Obra,Seleccionado,574000000,570992201,3,60,día(s),2025-10-20T00:00:00.000
CO1.BDOS.8861478,SAMC-034-2025 (Manifestación de interés (Menor Cuantía)) (Presentación de oferta),ALCALDIA MUNICIPIO DE CAJICA,Cundinamarca,Cajicá,Selección Abreviada de Menor Cuantía,Obra,Seleccionado,606126992,605481000,1,2,Mes(es),2025-10-20T00:00:00.000
CO1.BDOS.8636855,SA-09-2025 (Manifestación de interés (Menor Cuantía)) (Presentación de oferta),MUNICIPIO DE CHOCONTÁ,Cundinamarca,Chocontá,Selección Abreviada de Menor Cuantía,Obra,Seleccionado,229987099,216049542,6,2,Mes(es),2025-10-17T00:00:00.000
CO1.BDOS.8858213,SAMC-017-2025 (Manifestación de interés (Menor Cuantía)) (Presentación de oferta),ALCALDIA MUNICIPIO DE ZIPAQUIRA,Cundinamarca,Zipaquirá,Selección Abreviada de Menor Cuantía,Obra,Seleccionado,111217400,111211450,1,64,día(s),2025-10-16T00:00:00.000
CO1.BDOS.8829918,SAMC 123-2025. (Manifestación de interés (Menor Cuantía)) (Presentación de oferta),MUNICIPIO DE ANAPOIMA/,Cundinamarca,No Definido,Selección Abreviada de Menor Cuantía,Obra,Seleccionado,115566920,115220219,1,1,Mes(es),2025-10-16T00:00:00.000
CO1.BDOS.8911126,RE-13-2025,INSTITUCION EDUCATIVA DEPARTAMENTAL FRANCISCO JULIAN OLAYA,Cundinamarca,La Mesa,Contratación régimen especial (con ofertas),Obra,Abierto,25000000,22105000,1,30,día(s),2025-10-16T00:00:00.000
CO1.BDOS.8840836,SAMC-009-2025 (Manifestación de interés (Menor Cuantía)) (Presentación de oferta),MUNICIPIO DE ALBAN,Cundinamarca,Albán,Selección Abreviada de Menor Cuantía,Obra,Seleccionado,300000000,295939451,3,60,día(s),2025-10-15T00:00:00.000
CO1.BDOS.8761398,LP-006-2025 (Fase de Selección (Presentación de ofertas)),ALCALDIA MUNICIPIO DE ZIPAQUIRA,Cundinamarca,Zipaquirá,Licitación pública Obra Publica,Obra,Seleccionado,5588320769,5253356730,14,69,día(s),2025-10-15T00:00:00.000
CO1.BDOS.8815237,SAMC-112-CENACTOLEMAIDA-2025  (Manifestación de interés (Menor Cuantía)) (Presentación de oferta),CENAC TOLEMAIDA,Cundinamarca,Nilo,Selección Abreviada de Menor Cuantía,Obra,Seleccionado,195624647,175610953,3,3,Mes(es),2025-10-15T00:00:00.000
CO1.BDOS.8923013,MC-036-2025,ALCALDIA DE SESQUILE,Cundinamarca,Sesquilé,Mínima cuantía,Obra,Seleccionado,39822274,39822274,3,2,Mes(es),2025-10-15T00:00:00.000
CO1.BDOS.8920092,MC. 027-2025,ALCALDIA MUNICIPAL DE BOJACA,Cundinamarca,Bojacá,Mínima cuantía,Obra,Seleccionado,22440196,22440196,1,2,Mes(es),2025-10-15T00:00:00.000
CO1.BDOS.8761398,LP-006-2025 (Fase de Selección (Presentación de ofertas)),ALCALDIA MUNICIPIO DE ZIPAQUIRA,Cundinamarca,Zipaquirá,Licitación pública Obra Publica,Obra,Seleccionado,5588320769,5227447336,14,69,día(s),2025-10-15T00:00:00.000
CO1.BDOS.8921089,CMC-047-2025,ALCALDIA MUNICIPAL DE PUERTO SALGAR,Cundinamarca,Puerto Salgar,Mínima cuantía,Obra,Seleccionado,2900000,2900000,1,2,Mes(es),2025-10-15T00:00:00.000
CO1.BDOS.8868898,SAMC 020-2025 (Manifestación de interés (Menor Cuantía)) (Presentación de oferta),ALCALDIA MUNICIPIO DE NOCAIMA,Cundinamarca,Nocaima,Selección Abreviada de Menor Cuantía,Obra,Seleccionado,244909212,244835748,3,2,Mes(es),2025-10-15T00:00:00.000
CO1.BDOS.8761398,LP-006-2025 (Fase de Selección (Presentación de ofertas)),ALCALDIA MUNICIPIO DE ZIPAQUIRA,Cundinamarca,Zipaquirá,Licitación pública Obra Publica,Obra,Seleccionado,5588320769,5253356730,14,69,día(s),2025-10-15T00:00:00.000
CO1.BDOS.8832770,SAMC 019-2025 (Manifestación de interés (Menor Cuantía)) (Presentación de oferta),ALCALDIA MUNICIPIO DE NOCAIMA,Cundinamarca,Nocaima,Selección Abreviada de Menor Cuantía,Obra,Seleccionado,200000000,200000000,3,2,Mes(es),2025-10-14T00:00:00.000
CO1.BDOS.8914477,MC-061-2025,MUNICIPIO DE VILLAPINZON,Cundinamarca,Villapinzón,Mínima cuantía,Obra,Seleccionado,39858000,39858000,1,0,día(s),2025-10-14T00:00:00.000
CO1.BDOS.8914477,MC-061-2025,MUNICIPIO DE VILLAPINZON,Cundinamarca,Villapinzón,Mínima cuantía,Obra,Seleccionado,39858000,39858000,1,0,día(s),2025-10-14T00:00:00.000
CO1.BDOS.8821013,SAMC-010-2025 (Manifestación de interés (Menor Cuantía)) (Presentación de oferta),MUNICIPIO DE SAN FRANCISCO,Cundinamarca,San Francisco,Selección Abreviada de Menor Cuantía,Obra,Seleccionado,200000000,199999976,1,2,Mes(es),2025-10-14T00:00:00.000
CO1.BDOS.8832770,SAMC 019-2025 (Manifestación de interés (Menor Cuantía)) (Presentación de oferta),ALCALDIA MUNICIPIO DE NOCAIMA,Cundinamarca,Nocaima,Selección Abreviada de Menor Cuantía,Obra,Seleccionado,200000000,200000000,3,2,Mes(es),2025-10-14T00:00:00.000
CO1.BDOS.8833420,SAMC 006-2025 (Manifestación de interés (Menor Cuantía)) (Presentación de oferta),ALCALDÍA NEMOCON,Cundinamarca,Nemocón,Selección Abreviada de Menor Cuantía,Obra,Seleccionado,100000000,99946699,2,40,día(s),2025-10-10T00:00:00.000
CO1.BDOS.8808648,SAMC-009-2025 (Manifestación de interés (Menor Cuantía)) (Presentación de oferta),MUNICIPIO DE TIBIRITA,Cundinamarca,Tibirita,Selección Abreviada de Menor Cuantía,Obra,Seleccionado,100000000,97149656,5,2,Mes(es),2025-10-09T00:00:00.000
CO1.BDOS.8877866,MC-133-CENACTELEMATICA-2025,CENTRAL ADMINISTRATIVA Y CONTABLE TELEMATICA,Cundinamarca,Facatativá,Mínima cuantía,Obra,Seleccionado,142000000,84288098,8,40,día(s),2025-10-09T00:00:00.000
CO1.BDOS.8892602,MC-044-2025,MUNICIPIO DE MACHETA,Cundinamarca,Macheta,Mínima cuantía,Obra,Seleccionado,39792774,35854415,1,1,Mes(es),2025-10-08T00:00:00.000
CO1.BDOS.8613114,SAMC-003-2025 (Pré-Calificación de competidores) (Presentación de oferta),ALCALDIA MUNICIPAL DE SUESCA +,Cundinamarca,Suesca,Selección Abreviada de Menor Cuantía,Obra,Seleccionado,221001368,221001367,2,2,Mes(es),2025-10-07T00:00:00.000
CO1.BDOS.8778466,SAMC-016-2025 (Manifestación de interés (Menor Cuantía)) (Presentación de oferta),ALCALDIA MUNICIPIO DE ZIPAQUIRA,Cundinamarca,Zipaquirá,Selección Abreviada de Menor Cuantía,Obra,Seleccionado,640000000,639999924,1,75,día(s),2025-10-07T00:00:00.000
CO1.BDOS.8876058,MC-119-CENACTELEMATICA-2025,CENTRAL ADMINISTRATIVA Y CONTABLE TELEMATICA,Cundinamarca,Facatativá,Mínima cuantía,Obra,Seleccionado,23000000,23000000,8,0,día(s),2025-10-07T00:00:00.000
CO1.BDOS.8796115,SAMC-CMC-CDA-005-2025 (Manifestación de interés (Menor Cuantía)) (Presentación de oferta),SENA REGIONAL CUNDINAMARCA Grupo Administrativo CDA,Cundinamarca,Chía,Selección Abreviada de Menor Cuantía,Obra,Seleccionado,268661130,267712437,1,2,Mes(es),2025-10-07T00:00:00.000
CO1.BDOS.8880754,CMC-045-2025,ALCALDIA MUNICIPAL DE PUERTO SALGAR,Cundinamarca,Puerto Salgar,Mínima cuantía,Obra,Seleccionado,11800000,11800000,1,2,Mes(es),2025-10-07T00:00:00.000
CO1.BDOS.8756349,AMS-SAMC-009-2025  (Manifestación de interés (Menor Cuantía)) (Presentación de oferta),MUNICIPIO DE SUBACHOQUE,Cundinamarca,Subachoque,Selección Abreviada de Menor Cuantía,Obra,Seleccionado,100000000,95209177,6,2,Mes(es),2025-10-06T00:00:00.000
CO1.BDOS.8584119,SAMC 007 DE 2025 (Manifestación de interés (Menor Cuantía)) (Presentación de oferta),ALCALDIA DE GAMA,Cundinamarca,Gama,Selección Abreviada de Menor Cuantía,Obra,Seleccionado,100000000,95800076,7,4,Mes(es),2025-10-03T00:00:00.000
CO1.BDOS.8775863,SAMC-033-2025 (Manifestación de interés (Menor Cuantía)) (Presentación de oferta),ALCALDIA MUNICIPIO DE CAJICA,Cundinamarca,Cajicá,Selección Abreviada de Menor Cuantía,Obra,Seleccionado,638257047,636957054,1,2,Mes(es),2025-10-03T00:00:00.000
CO1.BDOS.8755193,SAMC-032-2025 (Manifestación de interés (Menor Cuantía)) (Presentación de oferta),MUNICIPIO DE UBATE,Cundinamarca,Villa De San Diego De Ubate,Selección Abreviada de Menor Cuantía,Obra,Seleccionado,80000000,79986274,2,2,Mes(es),2025-10-03T00:00:00.000
CO1.BDOS.8701204,SAMC 014-2025 (Manifestación de interés (Menor Cuantía)) (Presentación de oferta),MUNICIPIO DE GUACHETÁ,Cundinamarca,Guachetá,Selección Abreviada de Menor Cuantía,Obra,Seleccionado,298931295,298351419,1,2,Mes(es),2025-10-02T00:00:00.000
CO1.BDOS.8768182,SAMC-008-2025 (Manifestación de interés (Menor Cuantía)) (Presentación de oferta),MUNICIPIO DE ALBAN,Cundinamarca,Albán,Selección Abreviada de Menor Cuantía,Obra,Seleccionado,294183034,293892734,3,90,día(s),2025-10-02T00:00:00.000
CO1.BDOS.8773320,SAMC-015-2025 (Manifestación de interés (Menor Cuantía)) (Presentación de oferta),ALCALDIA MUNICIPAL TAUSA,Cundinamarca,Tausa,Selección Abreviada de Menor Cuantía,Obra,Seleccionado,260000000,259947332,3,3,Mes(es),2025-10-02T00:00:00.000
CO1.BDOS.8779255,MA-SAMC-010-2025 (Manifestación de interés (Menor Cuantía)) (Presentación de oferta),ALCALDIA MUNICIPIO DE ANOLAIMA,Cundinamarca,Anolaima,Selección Abreviada de Menor Cuantía,Obra,Seleccionado,320010313,318113744,1,2,Mes(es),2025-10-02T00:00:00.000
CO1.BDOS.8810082,LP-002-2025 (Fase de Selección (Presentación de ofertas)),MUNICIPIO DE VILLAPINZON,Cundinamarca,Villapinzón,Licitación pública Obra Publica,Obra,Seleccionado,532293627,532293627,8,0,día(s),2025-10-02T00:00:00.000
CO1.BDOS.8849290,MC 030-2025,ALCALDIA MUNICIPIO DE RICAURTE,Cundinamarca,Ricaurte,Mínima cuantía,Obra,Seleccionado,33457138,33399893,1,2,Mes(es),2025-10-02T00:00:00.000
CO1.BDOS.8732902,SAMC-008-2025 (Manifestación de interés (Menor Cuantía)) (Presentación de oferta),MUNICIPIO DE AGUA DE DIOS,Cundinamarca,Agua De Dios,Selección Abreviada de Menor Cuantía,Obra,Seleccionado,390000000,389390752,1,3,Mes(es),2025-10-02T00:00:00.000
CO1.BDOS.8852056,FACATATIVA- CI-021-25,ALCALDIA MUNICIPAL DE FACATATIVA,Cundinamarca,Facatativá,Contratación Directa (con ofertas),Obra,Seleccionado,4500000000,4500000000,0,3,Mes(es),2025-10-02T00:00:00.000
CO1.BDOS.8837338,MC-041-2025,ALCALDIA MUNICIPAL DE GACHETA,Cundinamarca,Gachetá,Mínima cuantía,Obra,Seleccionado,39127896,38997797,1,2,Mes(es),2025-10-02T00:00:00.000
CO1.BDOS.8770167,LP-002-2025 (Fase de Selección (Presentación de ofertas)),ALCALDIA MUNICIPAL DE GACHETA,Cundinamarca,Gachetá,Licitación pública Obra Publica,Obra,Seleccionado,1616645867,1616188364,13,6,Mes(es),2025-10-01T00:00:00.000
CO1.BDOS.8780329,SAMC-014-2025 (Manifestación de interés (Menor Cuantía)) (Presentación de oferta),ALCALDIA MUNICIPAL TAUSA,Cundinamarca,Tausa,Selección Abreviada de Menor Cuantía,Obra,Seleccionado,193580339,193580339,2,2,Mes(es),2025-10-01T00:00:00.000
CO1.BDOS.8761753,MC-035-2025,MUNICIPIO DE CAPARRAPI*,Cundinamarca,Caparrapí,Mínima cuantía,Obra,Seleccionado,28970222,25052751,1,2,Mes(es),2025-09-30T00:00:00.000
CO1.BDOS.8741736,SAMC-018-2025 (Manifestación de interés (Menor Cuantía)) (Presentación de oferta),ALCALDIA MUNICIPAL DE GUADUAS,Cundinamarca,Guaduas,Selección Abreviada de Menor Cuantía,Obra,Seleccionado,139309841,139260993,1,2,Mes(es),2025-09-30T00:00:00.000
CO1.BDOS.8754925,AMS-SAMC-008-2025 (Manifestación de interés (Menor Cuantía)) (Presentación de oferta),MUNICIPIO DE SUBACHOQUE,Cundinamarca,Subachoque,Selección Abreviada de Menor Cuantía,Obra,Seleccionado,100000000,95500092,6,2,Mes(es),2025-09-29T00:00:00.000
CO1.BDOS.8749399,SAMC 018-2025 (Manifestación de interés (Menor Cuantía)) (Presentación de oferta),ALCALDIA MUNICIPIO DE NOCAIMA,Cundinamarca,Nocaima,Selección Abreviada de Menor Cuantía,Obra,Seleccionado,100000000,100000000,1,2,Mes(es),2025-09-29T00:00:00.000
CO1.BDOS.8755669,SAMC 008-2025 (Manifestación de interés (Menor Cuantía)) (Presentación de oferta),ALCALDIA MUNICIPIO DE RICAURTE,Cundinamarca,Ricaurte,Selección Abreviada de Menor Cuantía,Obra,Seleccionado,149895916,149700192,1,2,Mes(es),2025-09-29T00:00:00.000
CO1.BDOS.8732189,SAMC-007-2025 (Manifestación de interés (Menor Cuantía)) (Presentación de oferta),MUNICIPIO DE AGUA DE DIOS,Cundinamarca,Agua De Dios,Selección Abreviada de Menor Cuantía,Obra,Seleccionado,114227296,111942668,1,3,Mes(es),2025-09-26T00:00:00.000
CO1.BDOS.8777840,SAMC 021-2025 (Manifestación de interés (Menor Cuantía)) (Presentación de oferta),MUNICIPIO DE GACHANCIPA,Cundinamarca,Gachancipá,Selección Abreviada de Menor Cuantía,Obra,Seleccionado,349979542,349979479,1,75,día(s),2025-09-26T00:00:00.000
CO1.BDOS.8777840,SAMC 021-2025 (Manifestación de interés (Menor Cuantía)) (Presentación de oferta),MUNICIPIO DE GACHANCIPA,Cundinamarca,Gachancipá,Selección Abreviada de Menor Cuantía,Obra,Seleccionado,349979542,349979479,1,75,día(s),2025-09-26T00:00:00.000
CO1.BDOS.8821928,MINIMA CUANTIA 119-2025,MUNICIPIO DE ANAPOIMA/,Cundinamarca,No Definido,Mínima cuantía,Obra,Seleccionado,39799999,39668999,2,1,Mes(es),2025-09-26T00:00:00.000
CO1.BDOS.8757364,SAMC 139-2025 (Manifestación de interés (Menor Cuantía)) (Presentación de oferta),IDERF,Cundinamarca,Fusagasugá,Selección Abreviada de Menor Cuantía,Obra,Seleccionado,154922829,154750757,1,60,día(s),2025-09-26T00:00:00.000
CO1.BDOS.8732189,SAMC-007-2025 (Manifestación de interés (Menor Cuantía)) (Presentación de oferta),MUNICIPIO DE AGUA DE DIOS,Cundinamarca,Agua De Dios,Selección Abreviada de Menor Cuantía,Obra,Seleccionado,114227296,111942052,1,3,Mes(es),2025-09-26T00:00:00.000
CO1.BDOS.8739028,AMS-SAMC-007-2025 (Manifestación de interés (Menor Cuantía)) (Presentación de oferta),MUNICIPIO DE SUBACHOQUE,Cundinamarca,Subachoque,Selección Abreviada de Menor Cuantía,Obra,Seleccionado,100000000,91201895,6,2,Mes(es),2025-09-26T00:00:00.000
CO1.BDOS.8725359,MA-LP-002-2025   (Fase de Selección (Presentación de ofertas)),ALCALDIA MUNICIPIO DE ANOLAIMA,Cundinamarca,Anolaima,Licitación pública Obra Publica,Obra,Seleccionado,965832578,960099979,1,2,Mes(es),2025-09-25T00:00:00.000
CO1.BDOS.8716546,SAMC-013-2025 (Manifestación de interés (Menor Cuantía)) (Presentación de oferta),ALCALDIA MUNICIPAL TAUSA,Cundinamarca,Tausa,Selección Abreviada de Menor Cuantía,Obra,Seleccionado,201786609,201686237,3,3,Mes(es),2025-09-25T00:00:00.000
CO1.BDOS.8739432,MA-SAMC-009-2025 (Manifestación de interés (Menor Cuantía)) (Presentación de oferta),ALCALDIA MUNICIPIO DE ANOLAIMA,Cundinamarca,Anolaima,Selección Abreviada de Menor Cuantía,Obra,Seleccionado,127262612,126869612,1,45,día(s),2025-09-25T00:00:00.000
CO1.BDOS.8640716,LP-005-2025 (Fase de Selección (Presentación de ofertas)),CUNDINAMARCA-ALCALDIA MUNICIPIO MOSQUERA,Cundinamarca,Mosquera,Licitación pública Obra Publica,Obra,Seleccionado,2015000000,2015000000,1,8,Mes(es),2025-09-25T00:00:00.000
CO1.BDOS.8700918,SAMC - 015 - 2025 ALC GTA  (Manifestación de interés (Menor Cuantía)) (Presentación de oferta),MUNICIPIO DE GUACHETÁ,Cundinamarca,Guachetá,Selección Abreviada de Menor Cuantía,Obra,Seleccionado,390865551,390859784,2,2,Mes(es),2025-09-25T00:00:00.000
CO1.BDOS.8701706,SAMC 016-2025 ALC-GTA (Manifestación de interés (Menor Cuantía)) (Presentación de oferta),MUNICIPIO DE GUACHETÁ,Cundinamarca,Guachetá,Selección Abreviada de Menor Cuantía,Obra,Seleccionado,298513504,297952393,2,30,día(s),2025-09-25T00:00:00.000
CO1.BDOS.8807019,MC-059-2025,MUNICIPIO DE VILLAPINZON,Cundinamarca,Villapinzón,Mínima cuantía,Obra,Seleccionado,6449635,6449635,1,0,día(s),2025-09-24T00:00:00.000
CO1.BDOS.8805295,FACATATIVA-CI-014-25,ALCALDIA MUNICIPAL DE FACATATIVA,Cundinamarca,Facatativá,Contratación Directa (con ofertas),Obra,Seleccionado,9369048956,9369048956,0,8,Mes(es),2025-09-24T00:00:00.000
CO1.BDOS.8663826,SAMC-102-CENACTOLEMAIDA-2025 (Manifestación de interés (Menor Cuantía)) (Presentación de oferta),CENAC TOLEMAIDA,Cundinamarca,Nilo,Selección Abreviada de Menor Cuantía,Obra,Seleccionado,1197771392,1149860537,2,2,Mes(es),2025-09-23T00:00:00.000
CO1.BDOS.8792644,MC-058-2025,MUNICIPIO DE VILLAPINZON,Cundinamarca,Villapinzón,Mínima cuantía,Obra,Seleccionado,39858000,39858000,1,0,día(s),2025-09-23T00:00:00.000
CO1.BDOS.8716018,SAMC-015-2025 (Manifestación de interés (Menor Cuantía)) (Presentación de oferta),ALCALDIA MUNICIPIO DE ZIPAQUIRA,Cundinamarca,Zipaquirá,Selección Abreviada de Menor Cuantía,Obra,Seleccionado,249999420,249998418,1,60,día(s),2025-09-23T00:00:00.000
CO1.BDOS.8774024,MC-2025-0012,ALCALDÍA MUNICIPAL DE SOPO,Cundinamarca,Sopó,Mínima cuantía,Obra,Seleccionado,45426711,44200121,2,2,Mes(es),2025-09-23T00:00:00.000
CO1.BDOS.8683803,SAMC-006-2025 (Manifestación de interés (Menor Cuantía)) (Presentación de oferta),MUNICIPIO DE LA CALERA CUNDINAMARCA,Cundinamarca,La Calera,Selección Abreviada de Menor Cuantía,Obra,Seleccionado,190000000,131830173,6,3,Mes(es),2025-09-22T00:00:00.000
CO1.BDOS.8726621,SAMC-022-2025 (Manifestación de interés (Menor Cuantía)) (Presentación de oferta),MUNICIPIO DE COGUA,Cundinamarca,Cogua,Selección Abreviada de Menor Cuantía,Obra,Seleccionado,330000000,326701028,2,111,día(s),2025-09-22T00:00:00.000
CO1.BDOS.8699821,SAMC - 013-2025 ALC GTA  (Manifestación de interés (Menor Cuantía)) (Presentación de oferta),MUNICIPIO DE GUACHETÁ,Cundinamarca,Guachetá,Selección Abreviada de Menor Cuantía,Obra,Seleccionado,298407680,298386374,2,2,Mes(es),2025-09-22T00:00:00.000
CO1.BDOS.8659177,SAMC-006-2025 (Manifestación de interés (Menor Cuantía)) (Presentación de oferta),MUNICIPIO DE ALBAN,Cundinamarca,Albán,Selección Abreviada de Menor Cuantía,Obra,Seleccionado,285388638,284612426,2,90,día(s),2025-09-18T00:00:00.000
CO1.BDOS.8726940,SA-MC-007-2025 (Manifestación de interés (Menor Cuantía)) (Presentación de oferta),MUNICIPIO MANTA CUNDINAMARCA,Cundinamarca,Manta,Selección Abreviada de Menor Cuantía,Obra,Seleccionado,340000000,331891800,6,2,Mes(es),2025-09-18T00:00:00.000
CO1.BDOS.8662547,SAMC-021-2025 (Manifestación de interés (Menor Cuantía)) (Presentación de oferta),ALCALDIA DE SESQUILE,Cundinamarca,Sesquilé,Selección Abreviada de Menor Cuantía,Obra,Seleccionado,195289726,183572427,4,90,día(s),2025-09-18T00:00:00.000
CO1.BDOS.8683891,SAMC-020-2025 (Manifestación de interés (Menor Cuantía)) (Presentación de oferta),MUNICIPIO DE COGUA,Cundinamarca,Cogua,Selección Abreviada de Menor Cuantía,Obra,Seleccionado,219691189,219580322,1,79,día(s),2025-09-17T00:00:00.000
CO1.BDOS.8686596,SAMC-014-2025 (Manifestación de interés (Menor Cuantía)) (Presentación de oferta),ALCALDIA MUNICIPIO DE ZIPAQUIRA,Cundinamarca,Zipaquirá,Selección Abreviada de Menor Cuantía,Obra,Seleccionado,178522530,178302234,1,3,Mes(es),2025-09-17T00:00:00.000
CO1.BDOS.8562361,SAMC-015-2025 (Manifestación de interés (Menor Cuantía)) (Presentación de oferta),ALCALDÍA MUNICIPAL DE MADRID CUNDINAMARCA,Cundinamarca,Madrid,Selección Abreviada de Menor Cuantía,Obra,Seleccionado,390000000,338922816,4,3,Mes(es),2025-09-17T00:00:00.000
CO1.BDOS.8661537,SMC 035- 2025,ALCALDIA MUNICIPIO DE NOCAIMA,Cundinamarca,Nocaima,Mínima cuantía,Obra,Seleccionado,39408461,39408396,1,2,Mes(es),2025-09-16T00:00:00.000
CO1.BDOS.8664051,119-SAMC-CENACINTELIGENCIA-2025 (Manifestación de interés (Menor Cuantía)) (Presentación de oferta),CENTRAL ADMINISTRATIVA Y CONTABLE ESPECIALIZADA INTELIGENCIA,Cundinamarca,No Definido,Selección Abreviada de Menor Cuantía,Obra,Seleccionado,711994747,699360477,5,2,Mes(es),2025-09-16T00:00:00.000
CO1.BDOS.8324935,LP-006-2025 (Fase de Selección (Presentación de ofertas)),ALCALDIA MUNICIPAL DE CHIA,Cundinamarca,Chía,Licitación pública Obra Publica,Obra,Seleccionado,6318972000,6318972000,12,4,Mes(es),2025-09-16T00:00:00.000
CO1.BDOS.8756628,INV-PUB-MC-022-2025,ALCALDIA MUNICIPAL DE SUESCA +,Cundinamarca,Suesca,Mínima cuantía,Obra,Seleccionado,16325943,16325943,1,2,Mes(es),2025-09-15T00:00:00.000
CO1.BDOS.8756628,INV-PUB-MC-022-2025,ALCALDIA MUNICIPAL DE SUESCA +,Cundinamarca,Suesca,Mínima cuantía,Obra,Seleccionado,16325943,16325943,1,2,Mes(es),2025-09-15T00:00:00.000
CO1.BDOS.8750125,MINIMA CUANTIA 109-2025,MUNICIPIO DE ANAPOIMA/,Cundinamarca,No Definido,Mínima cuantía,Obra,Seleccionado,39807565,39768166,1,1,Mes(es),2025-09-13T00:00:00.000
CO1.BDOS.8661952,SAMC-007-2025 (Manifestación de interés (Menor Cuantía)) (Presentación de oferta),ALCALDIA MUNICIPAL DE EL COLEGIO,Cundinamarca,El Colegio,Selección Abreviada de Menor Cuantía,Obra,Seleccionado,70000000,69995900,1,3,Mes(es),2025-09-12T00:00:00.000
CO1.BDOS.8632036,LP-006-2025 (Fase de Selección (Presentación de ofertas)),MUNICIPIO DE TENJO,Cundinamarca,Tenjo,Licitación pública Obra Publica,Obra,Seleccionado,666060742,629427758,24,80,día(s),2025-09-11T00:00:00.000
CO1.BDOS.8640914,SAMC-014-2025 (Manifestación de interés (Menor Cuantía)) (Presentación de oferta),MUNICIPIO DE SOACHA..,Cundinamarca,Soacha,Selección Abreviada de Menor Cuantía,Obra,Seleccionado,198301901,188777580,3,3,Mes(es),2025-09-10T00:00:00.000
CO1.BDOS.8640914,SAMC-014-2025 (Manifestación de interés (Menor Cuantía)) (Presentación de oferta),MUNICIPIO DE SOACHA..,Cundinamarca,Soacha,Selección Abreviada de Menor Cuantía,Obra,Seleccionado,198301901,188777580,3,3,Mes(es),2025-09-10T00:00:00.000
CO1.BDOS.8719774,MC-CMT-004-2025,CONCEJO MUNICIPAL DE TENJO,Cundinamarca,Tenjo,Mínima cuantía,Obra,Seleccionado,39800000,38400313,6,1,Mes(es),2025-09-09T00:00:00.000
CO1.BDOS.8725707,MC 011-2025 ALC GTA,MUNICIPIO DE GUACHETÁ,Cundinamarca,Guachetá,Mínima cuantía,Obra,Seleccionado,4067867,3808000,1,8,día(s),2025-09-09T00:00:00.000
CO1.BDOS.8705205,SMIN-019-2025,ALCALDIA MUNICIPIO DE ZIPAQUIRA,Cundinamarca,Zipaquirá,Mínima cuantía,Obra,Seleccionado,48000000,45486670,2,50,día(s),2025-09-08T00:00:00.000
CO1.BDOS.8632686,SAMC-008-2025 (Manifestación de interés (Menor Cuantía)) (Presentación de oferta),MUNICIPIO DE PACHO,Cundinamarca,Pacho,Selección Abreviada de Menor Cuantía,Obra,Seleccionado,84753122,84726247,1,3,Mes(es),2025-09-08T00:00:00.000
CO1.BDOS.8706733,MC-026-2025,MUNICIPIO DE AGUA DE DIOS,Cundinamarca,Agua De Dios,Mínima cuantía,Obra,Seleccionado,39858000,39335915,3,3,Mes(es),2025-09-05T00:00:00.000
CO1.BDOS.8608425,SAMC-026-2025 (Manifestación de interés (Menor Cuantía)) (Presentación de oferta),ALCALDIA MUNICIPIO DE CAJICA,Cundinamarca,Cajicá,Selección Abreviada de Menor Cuantía,Obra,Seleccionado,108249381,103776127,1,2,Mes(es),2025-09-04T00:00:00.000
CO1.BDOS.8617577,SAMC 135-2025 (Manifestación de interés (Menor Cuantía)) (Presentación de oferta),IDERF,Cundinamarca,Fusagasugá,Selección Abreviada de Menor Cuantía,Obra,Seleccionado,267443744,265361747,1,70,día(s),2025-09-04T00:00:00.000
CO1.BDOS.8560989,SAMC-009-2025 (Manifestación de interés (Menor Cuantía)) (Presentación de oferta),ALCALDIA MUNICIPAL TAUSA,Cundinamarca,Tausa,Selección Abreviada de Menor Cuantía,Obra,Seleccionado,154408882,154015716,3,2,Mes(es),2025-09-04T00:00:00.000
CO1.BDOS.8581198,SAMC-006 DE 2025 (Manifestación de interés (Menor Cuantía)) (Presentación de oferta),MUNICIPIO DE LENGUAZAQUE,Cundinamarca,Lenguazaque,Selección Abreviada de Menor Cuantía,Obra,Seleccionado,397934952,397828917,2,3,Mes(es),2025-09-04T00:00:00.000
CO1.BDOS.8604708,SAMC 12 DE 2025 (Manifestación de interés (Menor Cuantía)) (Presentación de oferta),ALCALDIA MUNICIPAL DE VILLETA,Cundinamarca,Villeta,Selección Abreviada de Menor Cuantía,Obra,Seleccionado,100000000,96522042,4,1,Mes(es),2025-09-04T00:00:00.000
CO1.BDOS.8467112,LP-004-2025 (Fase de Selección (Presentación de ofertas)),MUNICIPIO DE TENJO,Cundinamarca,Tenjo,Licitación pública Obra Publica,Obra,Seleccionado,32788366000,32787843775,1,24,Mes(es),2025-09-03T00:00:00.000
CO1.BDOS.8692120,SMC 047 - 2025,MUNICIPIO DE APULO,Cundinamarca,Apulo,Mínima cuantía,Obra,Seleccionado,38097026,38084037,2,45,día(s),2025-09-03T00:00:00.000
CO1.BDOS.8568255,LP-001-2025 (Fase de Selección (Presentación de ofertas)),IDUVI,Cundinamarca,Chía,Licitación pública Obra Publica,Obra,Seleccionado,1100000000,1099596564,1,120,día(s),2025-09-03T00:00:00.000
CO1.BDOS.8671151,MC 2025-0768,ALCALDIA MUNICIPAL FUSAGASUGA,Cundinamarca,Fusagasugá,Mínima cuantía,Obra,Seleccionado,63784100,58338269,2,2,Mes(es),2025-09-01T00:00:00.000
CO1.BDOS.8661544,SMC 036-2025,ALCALDIA MUNICIPIO DE NOCAIMA,Cundinamarca,Nocaima,Mínima cuantía,Obra,Seleccionado,22887043,22463535,1,2,Mes(es),2025-08-31T00:00:00.000
CO1.BDOS.8569821,LP-005-2025 (Fase de Selección (Presentación de ofertas)),MUNICIPIO DE TENJO,Cundinamarca,Tenjo,Licitación pública Obra Publica,Obra,Seleccionado,430000000,429994332,1,80,día(s),2025-08-29T00:00:00.000
CO1.BDOS.8601837,SAMC. 011-2025 (Manifestación de interés (Menor Cuantía)) (Presentación de oferta),ALCALDIA MUNICIPAL DE BOJACA,Cundinamarca,Bojacá,Selección Abreviada de Menor Cuantía,Obra,Seleccionado,200000000,200000000,1,3,Mes(es),2025-08-29T00:00:00.000
CO1.BDOS.8565340,SAMC. 010-2025 (Manifestación de interés (Menor Cuantía)) (Presentación de oferta),ALCALDIA MUNICIPAL DE BOJACA,Cundinamarca,Bojacá,Selección Abreviada de Menor Cuantía,Obra,Seleccionado,94313000,94310775,1,3,Mes(es),2025-08-29T00:00:00.000
CO1.BDOS.8565340,SAMC. 010-2025 (Manifestación de interés (Menor Cuantía)) (Presentación de oferta),ALCALDIA MUNICIPAL DE BOJACA,Cundinamarca,Bojacá,Selección Abreviada de Menor Cuantía,Obra,Seleccionado,94313000,94310775,1,3,Mes(es),2025-08-29T00:00:00.000
CO1.BDOS.8569821,LP-005-2025 (Fase de Selección (Presentación de ofertas)),MUNICIPIO DE TENJO,Cundinamarca,Tenjo,Licitación pública Obra Publica,Obra,Seleccionado,430000000,429994332,1,80,día(s),2025-08-29T00:00:00.000
CO1.BDOS.8545823,LP-003-2025 (Fase de Selección (Presentación de ofertas)),MUNICIPIO MANTA CUNDINAMARCA,Cundinamarca,Manta,Licitación pública Obra Publica,Obra,Seleccionado,554707705,524170660,50,4,Mes(es),2025-08-29T00:00:00.000
CO1.BDOS.8545823,LP-003-2025 (Fase de Selección (Presentación de ofertas)),MUNICIPIO MANTA CUNDINAMARCA,Cundinamarca,Manta,Licitación pública Obra Publica,Obra,Seleccionado,554707705,524170660,50,4,Mes(es),2025-08-29T00:00:00.000
CO1.BDOS.8569821,LP-005-2025 (Fase de Selección (Presentación de ofertas)),MUNICIPIO DE TENJO,Cundinamarca,Tenjo,Licitación pública Obra Publica,Obra,Seleccionado,430000000,429994332,1,80,día(s),2025-08-29T00:00:00.000
CO1.BDOS.8562963,SAMC-CMC-CTDPE-002-2025 (Manifestación de interés (Menor Cuantía)) (Presentación de oferta),SENA REGIONAL CUNDINAMARCA Grupo Administrativo CTDPE,Cundinamarca,Girardot,Selección Abreviada de Menor Cuantía,Obra,Seleccionado,847926924,847916086,2,3,Mes(es),2025-08-29T00:00:00.000
CO1.BDOS.8569821,LP-005-2025 (Fase de Selección (Presentación de ofertas)),MUNICIPIO DE TENJO,Cundinamarca,Tenjo,Licitación pública Obra Publica,Obra,Seleccionado,430000000,429994332,1,80,día(s),2025-08-29T00:00:00.000
CO1.BDOS.8545823,LP-003-2025 (Fase de Selección (Presentación de ofertas)),MUNICIPIO MANTA CUNDINAMARCA,Cundinamarca,Manta,Licitación pública Obra Publica,Obra,Seleccionado,554707705,524170660,50,4,Mes(es),2025-08-29T00:00:00.000
CO1.BDOS.8479922,LP-003-2025 (Fase de Selección (Presentación de ofertas)),CUNDINAMARCA-ALCALDIA MUNICIPIO MOSQUERA,Cundinamarca,Mosquera,Licitación pública Obra Publica,Obra,Seleccionado,1437197469,1357752177,24,4,Mes(es),2025-08-28T00:00:00.000
CO1.BDOS.8645794,MINIMA CUANTIA 098-2025,MUNICIPIO DE ANAPOIMA/,Cundinamarca,No Definido,Mínima cuantía,Obra,Seleccionado,38832772,38830097,1,3,Mes(es),2025-08-28T00:00:00.000
CO1.BDOS.8633779,MC 2025-0755,ALCALDIA MUNICIPAL FUSAGASUGA,Cundinamarca,Fusagasugá,Mínima cuantía,Obra,Seleccionado,44566449,39559474,12,46,día(s),2025-08-27T00:00:00.000
CO1.BDOS.8472664,SAMC-027-2025 (Manifestación de interés (Menor Cuantía)) (Presentación de oferta),MUNICIPIO DE UBATE,Cundinamarca,Villa De San Diego De Ubate,Selección Abreviada de Menor Cuantía,Obra,Seleccionado,300000000,299772955,2,3,Mes(es),2025-08-27T00:00:00.000
CO1.BDOS.8647603,MC 025-2025,ALCALDIA MUNICIPIO DE RICAURTE,Cundinamarca,Ricaurte,Mínima cuantía,Obra,Seleccionado,24768072,24765664,2,1,Mes(es),2025-08-27T00:00:00.000
CO1.BDOS.8528994,SA-011 - 2025 (Manifestación de interés (Menor Cuantía)) (Presentación de oferta),MUNICIPIO DE LA MESA,Cundinamarca,La Mesa,Selección Abreviada de Menor Cuantía,Obra,Seleccionado,304000000,304000000,2,3,Mes(es),2025-08-27T00:00:00.000
CO1.BDOS.8647603,MC 025-2025,ALCALDIA MUNICIPIO DE RICAURTE,Cundinamarca,Ricaurte,Mínima cuantía,Obra,Seleccionado,24768072,24765664,2,1,Mes(es),2025-08-27T00:00:00.000
CO1.BDOS.8624684,RE-10.1-2025,INSTITUCION EDUCATIVA DEPARTAMENTAL FRANCISCO JULIAN OLAYA,Cundinamarca,La Mesa,Contratación régimen especial (con ofertas),Obra,Abierto,10000000,7074590,4,30,día(s),2025-08-26T00:00:00.000
CO1.BDOS.8560439,PSACC-009-2025 (Manifestación de interés (Menor Cuantía)) (Presentación de oferta),ALCALDIA MUNICIPIO CARMEN DE CARUPA,Cundinamarca,No Definido,Selección Abreviada de Menor Cuantía,Obra,Seleccionado,382808260,357766280,3,3,Mes(es),2025-08-26T00:00:00.000
CO1.BDOS.8624989,RE-12-2025,INSTITUCION EDUCATIVA DEPARTAMENTAL FRANCISCO JULIAN OLAYA,Cundinamarca,La Mesa,Contratación régimen especial (con ofertas),Obra,Abierto,18920363,13779770,4,30,día(s),2025-08-26T00:00:00.000
CO1.BDOS.8634865,INV-PUB-MC-020-2025,ALCALDIA MUNICIPAL DE SUESCA +,Cundinamarca,Suesca,Mínima cuantía,Obra,Seleccionado,24828890,24828890,2,1,Mes(es),2025-08-26T00:00:00.000
CO1.BDOS.8624989,RE-12-2025,INSTITUCION EDUCATIVA DEPARTAMENTAL FRANCISCO JULIAN OLAYA,Cundinamarca,La Mesa,Contratación régimen especial (con ofertas),Obra,Abierto,18920363,13779770,4,30,día(s),2025-08-26T00:00:00.000
CO1.BDOS.8530818,SAMC-018-2025 (Manifestación de interés (Menor Cuantía)) (Presentación de oferta),MUNICIPIO DE COGUA,Cundinamarca,Cogua,Selección Abreviada de Menor Cuantía,Obra,Seleccionado,316113947,315961350,1,142,día(s),2025-08-25T00:00:00.000
CO1.BDOS.8498765,SAMC 012-2025 (Manifestación de interés (Menor Cuantía)) (Presentación de oferta),ALCALDIA MUNICIPIO DE NOCAIMA,Cundinamarca,Nocaima,Selección Abreviada de Menor Cuantía,Obra,Seleccionado,100000000,100000000,1,3,Mes(es),2025-08-25T00:00:00.000
CO1.BDOS.8094990,LP-002-2025 (Fase de Selección (Presentación de ofertas)),MUNICIPIO DE PACHO,Cundinamarca,Pacho,Licitación pública Obra Publica,Obra,Seleccionado,1300925918,1226382864,81,5,Mes(es),2025-08-22T00:00:00.000
CO1.BDOS.8094990,LP-002-2025 (Fase de Selección (Presentación de ofertas)),MUNICIPIO DE PACHO,Cundinamarca,Pacho,Licitación pública Obra Publica,Obra,Seleccionado,1300925918,1226122993,81,5,Mes(es),2025-08-22T00:00:00.000
CO1.BDOS.8094990,LP-002-2025 (Fase de Selección (Presentación de ofertas)),MUNICIPIO DE PACHO,Cundinamarca,Pacho,Licitación pública Obra Publica,Obra,Seleccionado,1300925918,1226122993,81,5,Mes(es),2025-08-22T00:00:00.000
CO1.BDOS.8094990,LP-002-2025 (Fase de Selección (Presentación de ofertas)),MUNICIPIO DE PACHO,Cundinamarca,Pacho,Licitación pública Obra Publica,Obra,Seleccionado,1300925918,1226382864,81,5,Mes(es),2025-08-22T00:00:00.000
CO1.BDOS.8490993,LP-004-2025  (Fase de Selección (Presentación de ofertas)),CUNDINAMARCA-ALCALDIA MUNICIPIO MOSQUERA,Cundinamarca,Mosquera,Licitación pública Obra Publica,Obra,Seleccionado,2200000000,2200000000,39,3,Mes(es),2025-08-22T00:00:00.000
CO1.BDOS.8094990,LP-002-2025 (Fase de Selección (Presentación de ofertas)),MUNICIPIO DE PACHO,Cundinamarca,Pacho,Licitación pública Obra Publica,Obra,Seleccionado,1300925918,1226382864,81,5,Mes(es),2025-08-22T00:00:00.000
CO1.BDOS.8552594,SAMC-013-2025 (Manifestación de interés (Menor Cuantía)) (Presentación de oferta),ALCALDIA MUNICIPAL DE CHIA,Cundinamarca,Chía,Selección Abreviada de Menor Cuantía,Obra,Seleccionado,178024515,165473789,1,0,día(s),2025-08-22T00:00:00.000
CO1.BDOS.8094990,LP-002-2025 (Fase de Selección (Presentación de ofertas)),MUNICIPIO DE PACHO,Cundinamarca,Pacho,Licitación pública Obra Publica,Obra,Seleccionado,1300925918,1226382864,81,5,Mes(es),2025-08-22T00:00:00.000
CO1.BDOS.8094990,LP-002-2025 (Fase de Selección (Presentación de ofertas)),MUNICIPIO DE PACHO,Cundinamarca,Pacho,Licitación pública Obra Publica,Obra,Seleccionado,1300925918,1226122993,81,5,Mes(es),2025-08-22T00:00:00.000
CO1.BDOS.8359975,SAMC-007-2025 (Manifestación de interés (Menor Cuantía)) (Presentación de oferta),ALCALDÍA MUNICIPAL COTA,Cundinamarca,Cota,Selección Abreviada de Menor Cuantía,Obra,Seleccionado,637842561,636361443,3,3,Mes(es),2025-08-21T00:00:00.000
CO1.BDOS.8359975,SAMC-007-2025 (Manifestación de interés (Menor Cuantía)) (Presentación de oferta),ALCALDÍA MUNICIPAL COTA,Cundinamarca,Cota,Selección Abreviada de Menor Cuantía,Obra,Seleccionado,637842561,636361443,3,3,Mes(es),2025-08-21T00:00:00.000
CO1.BDOS.8597280,SMC 030-2025,ALCALDIA MUNICIPIO DE NOCAIMA,Cundinamarca,Nocaima,Mínima cuantía,Obra,Seleccionado,37788920,37501080,6,2,Mes(es),2025-08-21T00:00:00.000
CO1.BDOS.8616414,MC-CMC-CAE-0304-2025,SENA REGIONAL CUNDINAMARCA Grupo Administrativo CAE,Cundinamarca,Fusagasugá,Mínima cuantía,Obra,Seleccionado,30000000,20640364,6,45,día(s),2025-08-21T00:00:00.000
CO1.BDOS.8536191,SAMC-023-2025 (Manifestación de interés (Menor Cuantía)) (Presentación de oferta),ALCALDIA MUNICIPIO DE CAJICA,Cundinamarca,Cajicá,Selección Abreviada de Menor Cuantía,Obra,Seleccionado,95932613,86217248,2,2,Mes(es),2025-08-21T00:00:00.000
CO1.BDOS.8606749,SMC 041-2025,MUNICIPIO DE GACHANCIPA,Cundinamarca,Gachancipá,Mínima cuantía,Obra,Seleccionado,38092885,38092885,1,0,día(s),2025-08-20T00:00:00.000
CO1.BDOS.8525649,SAMC-019-2025 (Manifestación de interés (Menor Cuantía)) (Presentación de oferta),MUNICIPIO DE VILLAPINZON,Cundinamarca,Villapinzón,Selección Abreviada de Menor Cuantía,Obra,Seleccionado,150000000,150000000,1,0,día(s),2025-08-20T00:00:00.000
CO1.BDOS.8453707,SAMC-013-2025 (Manifestación de interés (Menor Cuantía)) (Presentación de oferta),ALCALDIA MUNICIPAL DE GUADUAS,Cundinamarca,Guaduas,Selección Abreviada de Menor Cuantía,Obra,Seleccionado,60000000,56954271,1,2,Mes(es),2025-08-15T00:00:00.000
CO1.BDOS.8453707,SAMC-013-2025 (Manifestación de interés (Menor Cuantía)) (Presentación de oferta),ALCALDIA MUNICIPAL DE GUADUAS,Cundinamarca,Guaduas,Selección Abreviada de Menor Cuantía,Obra,Seleccionado,60000000,56954271,1,2,Mes(es),2025-08-15T00:00:00.000
CO1.BDOS.8591509,INVITACIÓN PRIVADA No 04-2025,ESPUCAL ESP,Cundinamarca,La Calera,Contratación régimen especial (con ofertas),Obra,Seleccionado,223174605,217574475,1,117,día(s),2025-08-15T00:00:00.000
CO1.BDOS.8591509,INVITACIÓN PRIVADA No 04-2025,ESPUCAL ESP,Cundinamarca,La Calera,Contratación régimen especial (con ofertas),Obra,Seleccionado,223174605,217574475,1,117,día(s),2025-08-15T00:00:00.000
CO1.BDOS.8511378,SAMC-014-2025 (Manifestación de interés (Menor Cuantía)) (Presentación de oferta),ALCALDIA MUNICIPAL DE GUADUAS,Cundinamarca,Guaduas,Selección Abreviada de Menor Cuantía,Obra,Seleccionado,260000000,260000000,1,3,Mes(es),2025-08-15T00:00:00.000
CO1.BDOS.8502278,SAMC-018-2025 (Manifestación de interés (Menor Cuantía)) (Presentación de oferta),MUNICIPIO DE VILLAPINZON,Cundinamarca,Villapinzón,Selección Abreviada de Menor Cuantía,Obra,Seleccionado,180000000,179995700,1,0,día(s),2025-08-13T00:00:00.000
CO1.BDOS.8502278,SAMC-018-2025 (Manifestación de interés (Menor Cuantía)) (Presentación de oferta),MUNICIPIO DE VILLAPINZON,Cundinamarca,Villapinzón,Selección Abreviada de Menor Cuantía,Obra,Seleccionado,180000000,179995700,1,0,día(s),2025-08-13T00:00:00.000
CO1.BDOS.8482258,SAMC 11 DE 2025 (Manifestación de interés (Menor Cuantía)) (Presentación de oferta),ALCALDIA MUNICIPAL DE VILLETA,Cundinamarca,Villeta,Selección Abreviada de Menor Cuantía,Obra,Seleccionado,100000000,96299000,3,30,día(s),2025-08-13T00:00:00.000
CO1.BDOS.8565345,MC. 017-2025,ALCALDIA MUNICIPAL DE BOJACA,Cundinamarca,Bojacá,Mínima cuantía,Obra,Seleccionado,39640000,37658090,2,60,día(s),2025-08-12T00:00:00.000
CO1.BDOS.8568367,INV-PUB-MC-017-2025,ALCALDIA MUNICIPAL DE SUESCA +,Cundinamarca,Suesca,Mínima cuantía,Obra,Seleccionado,30000000,30000000,2,2,Mes(es),2025-08-12T00:00:00.000
CO1.BDOS.8465491,SAMC-026-2025   (Manifestación de interés (Menor Cuantía)) (Presentación de oferta),MUNICIPIO DE UBATE,Cundinamarca,Villa De San Diego De Ubate,Selección Abreviada de Menor Cuantía,Obra,Seleccionado,309614025,288776774,4,2,Mes(es),2025-08-12T00:00:00.000
CO1.BDOS.8351405,SAMC-010-2025 (Manifestación de interés (Menor Cuantía)) (Presentación de oferta),ALCALDIA MUNICIPAL DE GUADUAS,Cundinamarca,Guaduas,Selección Abreviada de Menor Cuantía,Obra,Seleccionado,119800000,119729765,1,2,Mes(es),2025-08-11T00:00:00.000
CO1.BDOS.8475694,SAMC-006-2025 (Manifestación de interés (Menor Cuantía)) (Presentación de oferta),MUNICIPIO DE PACHO,Cundinamarca,Pacho,Selección Abreviada de Menor Cuantía,Obra,Seleccionado,250865347,250730676,1,3,Mes(es),2025-08-11T00:00:00.000
CO1.BDOS.8467131,LP-003-2025 (Fase de Selección (Presentación de ofertas)),ALCALDIA DE SESQUILE,Cundinamarca,Sesquilé,Licitación pública Obra Publica,Obra,Seleccionado,1597382758,1499784582,73,120,día(s),2025-08-11T00:00:00.000
CO1.BDOS.8465227,SAMC 010 DE 2025 (Manifestación de interés (Menor Cuantía)) (Presentación de oferta),ALCALDIA MUNICIPAL DE VILLETA,Cundinamarca,Villeta,Selección Abreviada de Menor Cuantía,Obra,Seleccionado,100000000,95499000,4,30,día(s),2025-08-11T00:00:00.000
CO1.BDOS.8475902,SAMC-010-2025 (Manifestación de interés (Menor Cuantía)) (Presentación de oferta),ALCALDIA MUNICIPAL TAUSA,Cundinamarca,Tausa,Selección Abreviada de Menor Cuantía,Obra,Seleccionado,50000000,49524703,1,30,día(s),2025-08-11T00:00:00.000
CO1.BDOS.8441927,SAMC-023-2025 (Manifestación de interés (Menor Cuantía)) (Presentación de oferta),MUNICIPIO DE UBATE,Cundinamarca,Villa De San Diego De Ubate,Selección Abreviada de Menor Cuantía,Obra,Seleccionado,313303830,313303830,1,3,Mes(es),2025-08-11T00:00:00.000
CO1.BDOS.8311715,LP-006-2025 (Fase de Selección (Presentación de ofertas)),ALCALDÍA MUNICIPAL COTA,Cundinamarca,Cota,Licitación pública Obra Publica,Obra,Seleccionado,24760671778,12416158845,3,14,Mes(es),2025-08-08T00:00:00.000
CO1.BDOS.8311683,LP-008-2025 (Fase de Selección (Presentación de ofertas)),ALCALDÍA MUNICIPAL COTA,Cundinamarca,Cota,Licitación pública Obra Publica,Obra,Seleccionado,38161689717,33281895112,4,18,Mes(es),2025-08-08T00:00:00.000
CO1.BDOS.8312048,LP-009-2025 (Fase de Selección (Presentación de ofertas)),ALCALDÍA MUNICIPAL COTA,Cundinamarca,Cota,Licitación pública Obra Publica,Obra,Seleccionado,15067545325,11695407711,2,16,Mes(es),2025-08-08T00:00:00.000
CO1.BDOS.8312048,LP-009-2025 (Fase de Selección (Presentación de ofertas)),ALCALDÍA MUNICIPAL COTA,Cundinamarca,Cota,Licitación pública Obra Publica,Obra,Seleccionado,15067545325,11695407711,2,16,Mes(es),2025-08-08T00:00:00.000
CO1.BDOS.8311683,LP-008-2025 (Fase de Selección (Presentación de ofertas)),ALCALDÍA MUNICIPAL COTA,Cundinamarca,Cota,Licitación pública Obra Publica,Obra,Seleccionado,38161689717,4879794605,4,18,Mes(es),2025-08-08T00:00:00.000
CO1.BDOS.8312048,LP-009-2025 (Fase de Selección (Presentación de ofertas)),ALCALDÍA MUNICIPAL COTA,Cundinamarca,Cota,Licitación pública Obra Publica,Obra,Seleccionado,15067545325,3372137614,2,16,Mes(es),2025-08-08T00:00:00.000
CO1.BDOS.8311683,LP-008-2025 (Fase de Selección (Presentación de ofertas)),ALCALDÍA MUNICIPAL COTA,Cundinamarca,Cota,Licitación pública Obra Publica,Obra,Seleccionado,38161689717,33281895112,4,18,Mes(es),2025-08-08T00:00:00.000
CO1.BDOS.8311715,LP-006-2025 (Fase de Selección (Presentación de ofertas)),ALCALDÍA MUNICIPAL COTA,Cundinamarca,Cota,Licitación pública Obra Publica,Obra,Seleccionado,24760671778,12344512933,3,14,Mes(es),2025-08-08T00:00:00.000
CO1.BDOS.8312048,LP-009-2025 (Fase de Selección (Presentación de ofertas)),ALCALDÍA MUNICIPAL COTA,Cundinamarca,Cota,Licitación pública Obra Publica,Obra,Seleccionado,15067545325,3372137614,2,16,Mes(es),2025-08-08T00:00:00.000
CO1.BDOS.8311715,LP-006-2025 (Fase de Selección (Presentación de ofertas)),ALCALDÍA MUNICIPAL COTA,Cundinamarca,Cota,Licitación pública Obra Publica,Obra,Seleccionado,24760671778,12344512933,3,14,Mes(es),2025-08-08T00:00:00.000
CO1.BDOS.8311715,LP-006-2025 (Fase de Selección (Presentación de ofertas)),ALCALDÍA MUNICIPAL COTA,Cundinamarca,Cota,Licitación pública Obra Publica,Obra,Seleccionado,24760671778,12416158845,3,14,Mes(es),2025-08-08T00:00:00.000
CO1.BDOS.8311750,LP-007-2025 (Fase de Selección (Presentación de ofertas)),ALCALDÍA MUNICIPAL COTA,Cundinamarca,Cota,Licitación pública Obra Publica,Obra,Seleccionado,26951558000,26951558000,2,18,Mes(es),2025-08-08T00:00:00.000
CO1.BDOS.8311683,LP-008-2025 (Fase de Selección (Presentación de ofertas)),ALCALDÍA MUNICIPAL COTA,Cundinamarca,Cota,Licitación pública Obra Publica,Obra,Seleccionado,38161689717,4879794605,4,18,Mes(es),2025-08-08T00:00:00.000
CO1.BDOS.8462408,MA-SAMC-006-2025 (Manifestación de interés (Menor Cuantía)) (Presentación de oferta),ALCALDIA MUNICIPIO DE ANOLAIMA,Cundinamarca,Anolaima,Selección Abreviada de Menor Cuantía,Obra,Seleccionado,316152225,316152225,1,3,Mes(es),2025-08-06T00:00:00.000
CO1.BDOS.8528250,MC-DC-CTT-004-2025,SENA GRUPO DE APOYO ADMINISTRATIVO INTERCENTROS CAZUCA,Cundinamarca,Soacha,Mínima cuantía,Obra,Seleccionado,95000000,35741769,11,60,día(s),2025-08-06T00:00:00.000
CO1.BDOS.8402601,SAMC-022-2025 (Manifestación de interés (Menor Cuantía)) (Presentación de oferta),MUNICIPIO DE UBATE,Cundinamarca,Villa De San Diego De Ubate,Selección Abreviada de Menor Cuantía,Obra,Seleccionado,300000000,299908876,3,2,Mes(es),2025-08-05T00:00:00.000
CO1.BDOS.8535346,MC-025-2025,ALCALDIA MUNICIPAL DE GUADUAS,Cundinamarca,Guaduas,Mínima cuantía,Obra,Seleccionado,39000000,32759995,6,2,Mes(es),2025-08-05T00:00:00.000
CO1.BDOS.8423147,SAMC-008-2025 (Manifestación de interés (Menor Cuantía)) (Presentación de oferta),ALCALDÍA MUNICIPAL COTA,Cundinamarca,Cota,Selección Abreviada de Menor Cuantía,Obra,Seleccionado,500000000,498542778,2,112,día(s),2025-08-04T00:00:00.000
CO1.BDOS.8420384,LP-003-2025 (Fase de Selección (Presentación de ofertas)),MUNICIPIO DE TENJO,Cundinamarca,Tenjo,Licitación pública Obra Publica,Obra,Seleccionado,628200902,623678469,1,4,Mes(es),2025-08-01T00:00:00.000
CO1.BDOS.8389019,PN ESJIM LI 001 2025 (Fase de Selección (Presentación de ofertas)),ESCUELA DE SUBOFICIALES Y NIVEL EJECUTIVO  GONZALO JIMENEZ DE QUESADA,Cundinamarca,Sibaté,Licitación pública Obra Publica,Obra,Seleccionado,3785000000,3470152844,5,90,día(s),2025-08-01T00:00:00.000
CO1.BDOS.8365516,011-00-M-CAMAN-GRUAL-2025 (Manifestación de interés (Menor Cuantía)) (Presentación de oferta),COMANDO AEREO DE MANTENIMIENTO,Cundinamarca,Madrid,Selección Abreviada de Menor Cuantía,Obra,Seleccionado,800000000,800000000,2,120,día(s),2025-08-01T00:00:00.000
CO1.BDOS.8427444,SAMC-017-2025 (Manifestación de interés (Menor Cuantía)) (Presentación de oferta),ALCALDIA MUNICIPIO DE CAJICA,Cundinamarca,Cajicá,Selección Abreviada de Menor Cuantía,Obra,Seleccionado,262828463,256629445,2,3,Mes(es),2025-07-31T00:00:00.000
CO1.BDOS.8437898,SAMC 015-2025 (Manifestación de interés (Menor Cuantía)) (Presentación de oferta),MUNICIPIO DE GACHANCIPA,Cundinamarca,Gachancipá,Selección Abreviada de Menor Cuantía,Obra,Seleccionado,249981512,249981511,3,0,día(s),2025-07-31T00:00:00.000
CO1.BDOS.8435140,SAMC 09 DE 2025 (Manifestación de interés (Menor Cuantía)) (Presentación de oferta),ALCALDIA MUNICIPAL DE VILLETA,Cundinamarca,Villeta,Selección Abreviada de Menor Cuantía,Obra,Seleccionado,248946000,238991551,4,75,día(s),2025-07-30T00:00:00.000
CO1.BDOS.8406203,SAMC-012-2025 (Manifestación de interés (Menor Cuantía)) (Presentación de oferta),ALCALDIA MUNICIPAL DE GUADUAS,Cundinamarca,Guaduas,Selección Abreviada de Menor Cuantía,Obra,Seleccionado,200000000,200000000,1,2,Mes(es),2025-07-30T00:00:00.000
CO1.BDOS.8311421,LP-001-2025_247 (Fase de Selección (Presentación de ofertas)),ALCALDIA DE TABIO,Cundinamarca,Tabio,Licitación pública Obra Publica,Obra,Seleccionado,497578063,497078165,9,3,Mes(es),2025-07-30T00:00:00.000
CO1.BDOS.8454806,CO-MC-016-2025,ALCALDÍA MUNICIPAL DE SASAIMA,Cundinamarca,Sasaima,Mínima cuantía,Obra,Seleccionado,39276756,33975690,9,1,Mes(es),2025-07-30T00:00:00.000
CO1.BDOS.8388316,SAMC-021-2025 (Manifestación de interés (Menor Cuantía)) (Presentación de oferta),MUNICIPIO DE UBATE,Cundinamarca,Villa De San Diego De Ubate,Selección Abreviada de Menor Cuantía,Obra,Seleccionado,398000000,397890068,2,3,Mes(es),2025-07-30T00:00:00.000
CO1.BDOS.8388316,SAMC-021-2025 (Manifestación de interés (Menor Cuantía)) (Presentación de oferta),MUNICIPIO DE UBATE,Cundinamarca,Villa De San Diego De Ubate,Selección Abreviada de Menor Cuantía,Obra,Seleccionado,398000000,397890068,2,3,Mes(es),2025-07-30T00:00:00.000
CO1.BDOS.8405877,SAMC-011-2025 (Manifestación de interés (Menor Cuantía)) (Presentación de oferta),ALCALDIA MUNICIPAL DE GUADUAS,Cundinamarca,Guaduas,Selección Abreviada de Menor Cuantía,Obra,Seleccionado,130000000,129999673,1,3,Mes(es),2025-07-30T00:00:00.000
CO1.BDOS.8433467,SAMC-017-2025 (Manifestación de interés (Menor Cuantía)) (Presentación de oferta),MUNICIPIO DE VILLAPINZON,Cundinamarca,Villapinzón,Selección Abreviada de Menor Cuantía,Obra,Seleccionado,72343000,70876000,1,0,día(s),2025-07-29T00:00:00.000
CO1.BDOS.8487973,MC-037-CENACTELEMATICA-2025,CENTRAL ADMINISTRATIVA Y CONTABLE TELEMATICA,Cundinamarca,Facatativá,Mínima cuantía,Obra,Seleccionado,91326024,91326024,8,106,día(s),2025-07-29T00:00:00.000
CO1.BDOS.8416569,SAMC-012-2025 (Manifestación de interés (Menor Cuantía)) (Presentación de oferta),ALCALDIA MUNICIPIO DE ZIPAQUIRA,Cundinamarca,Zipaquirá,Selección Abreviada de Menor Cuantía,Obra,Seleccionado,229970000,222232164,1,4,Mes(es),2025-07-29T00:00:00.000
CO1.BDOS.8422750,SAMC_08_2025 (Manifestación de interés (Menor Cuantía)) (Presentación de oferta),ALCALDIA MUNICIPAL DE VILLETA,Cundinamarca,Villeta,Selección Abreviada de Menor Cuantía,Obra,Seleccionado,149260000,147019000,4,45,día(s),2025-07-28T00:00:00.000
CO1.BDOS.8489219,CI-0171-2025,MUNICIPIO DE GACHANCIPA,Cundinamarca,Gachancipá,Contratación Directa (con ofertas),Obra,Seleccionado,3902755056,3092755056,1,0,día(s),2025-07-28T00:00:00.000
CO1.BDOS.8383181,SAMC-006-2025 (Manifestación de interés (Menor Cuantía)) (Presentación de oferta),MUNICIPIO DE CUCUNUBÁ,Cundinamarca,Cucunubá,Selección Abreviada de Menor Cuantía,Obra,Seleccionado,78452163,75031504,1,2,Mes(es),2025-07-28T00:00:00.000
CO1.BDOS.8367805,LP-012-2025 (Fase de Selección (Presentación de ofertas)),ALCALDÍA MUNICIPAL DE MADRID CUNDINAMARCA,Cundinamarca,Madrid,Licitación pública Obra Publica,Obra,Seleccionado,1922411514,1922214512,2,4,Mes(es),2025-07-25T00:00:00.000
CO1.BDOS.8025767,SAMC 001 DE 2025 (Manifestación de interés (Menor Cuantía)) (Presentación de oferta),ALCALDIA DE GAMA,Cundinamarca,Gama,Selección Abreviada de Menor Cuantía,Obra,Seleccionado,100000000,97599458,0,4,Mes(es),2025-07-25T00:00:00.000
CO1.BDOS.8322156,FACATATIVA-SA-012-25 (Manifestación de interés (Menor Cuantía)) (Presentación de oferta),ALCALDIA MUNICIPAL DE FACATATIVA,Cundinamarca,Facatativá,Selección Abreviada de Menor Cuantía,Obra,Seleccionado,627407000,627407000,3,4,Mes(es),2025-07-24T00:00:00.000
CO1.BDOS.8320865,SA-MC-005-2025 (Manifestación de interés (Menor Cuantía)) (Presentación de oferta),MUNICIPIO MANTA CUNDINAMARCA,Cundinamarca,Manta,Selección Abreviada de Menor Cuantía,Obra,Seleccionado,146561000,138725340,6,3,Mes(es),2025-07-23T00:00:00.000
CO1.BDOS.8388154,SAMC-009-2025 (Manifestación de interés (Menor Cuantía)) (Presentación de oferta),MUNICIPIO DE FUQUENE,Cundinamarca,Fúquene,Selección Abreviada de Menor Cuantía,Obra,Seleccionado,80000000,79405000,1,4,Mes(es),2025-07-23T00:00:00.000
CO1.BDOS.8358819,LP 002-20205 (Fase de Selección (Presentación de ofertas)),MUNICIPIO DE GUACHETÁ,Cundinamarca,Guachetá,Licitación pública Obra Publica,Obra,Seleccionado,2686849649,2537923254,62,4,Mes(es),2025-07-23T00:00:00.000
CO1.BDOS.8464501,SMC 040-2025,MUNICIPIO DE APULO,Cundinamarca,Apulo,Mínima cuantía,Obra,Seleccionado,21545772,21537057,1,45,día(s),2025-07-23T00:00:00.000
CO1.BDOS.8447932,MC 032 2025,ALCALDIA MUNICIPIO DE CAJICA,Cundinamarca,Cajicá,Mínima cuantía,Obra,Seleccionado,40049157,39269409,2,5,Mes(es),2025-07-21T00:00:00.000
CO1.BDOS.8374744,SAMC-016-2025 (Manifestación de interés (Menor Cuantía)) (Presentación de oferta),ALCALDIA MUNICIPIO DE CAJICA,Cundinamarca,Cajicá,Selección Abreviada de Menor Cuantía,Obra,Seleccionado,600982659,599388176,1,4,Mes(es),2025-07-21T00:00:00.000
CO1.BDOS.8374744,SAMC-016-2025 (Manifestación de interés (Menor Cuantía)) (Presentación de oferta),ALCALDIA MUNICIPIO DE CAJICA,Cundinamarca,Cajicá,Selección Abreviada de Menor Cuantía,Obra,Seleccionado,600982659,599388176,1,4,Mes(es),2025-07-21T00:00:00.000
CO1.BDOS.8371874,SAMC-009-2025 (Manifestación de interés (Menor Cuantía)) (Presentación de oferta),MUNICIPIO DE COGUA,Cundinamarca,Cogua,Selección Abreviada de Menor Cuantía,Obra,Seleccionado,66000000,63031655,1,3,Mes(es),2025-07-21T00:00:00.000
CO1.BDOS.8362806,SAMC-014-2025 (Manifestación de interés (Menor Cuantía)) (Presentación de oferta),MUNICIPIO DE GACHANCIPA,Cundinamarca,Gachancipá,Selección Abreviada de Menor Cuantía,Obra,Seleccionado,296599219,296552615,1,0,día(s),2025-07-17T00:00:00.000
CO1.BDOS.7792083,LICITACION PUBLICA 002-2025. (Fase de Selección (Presentación de ofertas)),ALCALDIA MUNICIPAL DE GIRARDOT,Cundinamarca,Girardot,Licitación pública Obra Publica,Obra,Seleccionado,2892823582,2734910762,31,0,día(s),2025-07-17T00:00:00.000
CO1.BDOS.8427812,FACATATIVA-MC-032-25,ALCALDIA MUNICIPAL DE FACATATIVA,Cundinamarca,Facatativá,Mínima cuantía,Obra,Seleccionado,59921075,54977129,4,31,día(s),2025-07-17T00:00:00.000
CO1.BDOS.7792083,LICITACION PUBLICA 002-2025. (Fase de Selección (Presentación de ofertas)),ALCALDIA MUNICIPAL DE GIRARDOT,Cundinamarca,Girardot,Licitación pública Obra Publica,Obra,Seleccionado,2892823582,2737777219,31,0,día(s),2025-07-17T00:00:00.000
CO1.BDOS.8336293,MA-SAMC-004-2025 (Manifestación de interés (Menor Cuantía)) (Presentación de oferta),ALCALDIA MUNICIPIO DE ANOLAIMA,Cundinamarca,Anolaima,Selección Abreviada de Menor Cuantía,Obra,Seleccionado,139324534,139323419,0,3,Mes(es),2025-07-16T00:00:00.000
CO1.BDOS.8336293,MA-SAMC-004-2025 (Manifestación de interés (Menor Cuantía)) (Presentación de oferta),ALCALDIA MUNICIPIO DE ANOLAIMA,Cundinamarca,Anolaima,Selección Abreviada de Menor Cuantía,Obra,Seleccionado,139324534,139323419,0,3,Mes(es),2025-07-16T00:00:00.000
CO1.BDOS.8315441,LP-007-2025 (Fase de Selección (Presentación de ofertas)),ALCALDIA MUNICIPIO DE CAJICA,Cundinamarca,Cajicá,Licitación pública Obra Publica,Obra,Seleccionado,1095300210,1035601920,115,4,Mes(es),2025-07-16T00:00:00.000
CO1.BDOS.8318114,SAMC-009-2025 (Manifestación de interés (Menor Cuantía)) (Presentación de oferta),ALCALDIA MUNICIPAL DE GUADUAS,Cundinamarca,Guaduas,Selección Abreviada de Menor Cuantía,Obra,Seleccionado,199993727,199993727,1,3,Mes(es),2025-07-15T00:00:00.000
CO1.BDOS.8272116,LP-010-2025 (Fase de Selección (Presentación de ofertas)),ALCALDÍA MUNICIPAL DE MADRID CUNDINAMARCA,Cundinamarca,Madrid,Licitación pública Obra Publica,Obra,Seleccionado,4310592454,3991800271,45,5,Mes(es),2025-07-15T00:00:00.000
CO1.BDOS.8318114,SAMC-009-2025 (Manifestación de interés (Menor Cuantía)) (Presentación de oferta),ALCALDIA MUNICIPAL DE GUADUAS,Cundinamarca,Guaduas,Selección Abreviada de Menor Cuantía,Obra,Seleccionado,199993727,199993727,1,3,Mes(es),2025-07-15T00:00:00.000
CO1.BDOS.8237541,FACATATIVA- LP-003-25 (Fase de Selección (Presentación de ofertas)),ALCALDIA MUNICIPAL DE FACATATIVA,Cundinamarca,Facatativá,Licitación pública Obra Publica,Obra,Seleccionado,3300000000,3118012278,49,5,Mes(es),2025-07-15T00:00:00.000
CO1.BDOS.8288104,SAMC-008-2025 (Manifestación de interés (Menor Cuantía)) (Presentación de oferta),ALCALDÍA MUNICIPAL DE MADRID CUNDINAMARCA,Cundinamarca,Madrid,Selección Abreviada de Menor Cuantía,Obra,Seleccionado,213000000,200949831,4,2,Mes(es),2025-07-15T00:00:00.000
CO1.BDOS.8347274,SAMC-016-2025 (Manifestación de interés (Menor Cuantía)) (Presentación de oferta),MUNICIPIO DE VILLAPINZON,Cundinamarca,Villapinzón,Selección Abreviada de Menor Cuantía,Obra,Seleccionado,203824089,192938961,4,0,día(s),2025-07-14T00:00:00.000
CO1.BDOS.8274479,SAMC-007-2025 (Manifestación de interés (Menor Cuantía)) (Presentación de oferta),MUNICIPIO DE SAN FRANCISCO,Cundinamarca,San Francisco,Selección Abreviada de Menor Cuantía,Obra,Seleccionado,85021893,85006495,1,3,Mes(es),2025-07-11T00:00:00.000
CO1.BDOS.8257190,LP-009-2025 (Fase de Selección (Presentación de ofertas)),ALCALDÍA MUNICIPAL DE MADRID CUNDINAMARCA,Cundinamarca,Madrid,Licitación pública Obra Publica,Obra,Seleccionado,3324291265,2957602417,59,4,Mes(es),2025-07-11T00:00:00.000
CO1.BDOS.8320004,SAMC 2025-0650 (Manifestación de interés (Menor Cuantía)) (Presentación de oferta),ALCALDIA MUNICIPAL FUSAGASUGA,Cundinamarca,Fusagasugá,Selección Abreviada de Menor Cuantía,Obra,Seleccionado,143999905,135878431,2,5,Mes(es),2025-07-10T00:00:00.000
CO1.BDOS.8320004,SAMC 2025-0650 (Manifestación de interés (Menor Cuantía)) (Presentación de oferta),ALCALDIA MUNICIPAL FUSAGASUGA,Cundinamarca,Fusagasugá,Selección Abreviada de Menor Cuantía,Obra,Seleccionado,143999905,135878431,2,5,Mes(es),2025-07-10T00:00:00.000
CO1.BDOS.8398571,MC-011-2025,ALCALDÍA MUNICIPAL COTA,Cundinamarca,Cota,Mínima cuantía,Obra,Seleccionado,62500000,61666306,5,2,Mes(es),2025-07-10T00:00:00.000
CO1.BDOS.8308212,SA-MC-002-2025 (Manifestación de interés (Menor Cuantía)) (Presentación de oferta),INSTITUTO MUNICIPAL DE VIVIENDA DE INTERÉS SOCIAL CAJICA,Cundinamarca,Cajicá,Selección Abreviada de Menor Cuantía,Obra,Seleccionado,398489050,398248483,1,4,Mes(es),2025-07-09T00:00:00.000
CO1.BDOS.8298249,SAMC-006-2025 (Manifestación de interés (Menor Cuantía)) (Presentación de oferta),ALCALDIA MUNICIPAL TAUSA,Cundinamarca,Tausa,Selección Abreviada de Menor Cuantía,Obra,Seleccionado,50000000,49960810,3,60,día(s),2025-07-09T00:00:00.000
CO1.BDOS.8382808,MC-027-2025,MUNICIPIO DE CAPARRAPI*,Cundinamarca,Caparrapí,Mínima cuantía,Obra,Seleccionado,12210709,12194751,1,1,Mes(es),2025-07-08T00:00:00.000
CO1.BDOS.8288286,SAMC 009-2025 (Manifestación de interés (Menor Cuantía)) (Presentación de oferta),MUNICIPIO DE GUACHETÁ,Cundinamarca,Guachetá,Selección Abreviada de Menor Cuantía,Obra,Seleccionado,375750974,375651180,1,3,Mes(es),2025-07-07T00:00:00.000
CO1.BDOS.8281912,SAMC 004-2025 (Manifestación de interés (Menor Cuantía)) (Presentación de oferta),ALCALDÍA NEMOCON,Cundinamarca,Nemocón,Selección Abreviada de Menor Cuantía,Obra,Seleccionado,397000000,396998774,4,4,Mes(es),2025-07-04T00:00:00.000
CO1.BDOS.8275403,SAMC-010-2025 (Manifestación de interés (Menor Cuantía)) (Presentación de oferta),ALCALDIA MUNICIPAL DE CHIA,Cundinamarca,Chía,Selección Abreviada de Menor Cuantía,Obra,Seleccionado,499419690,434495130,5,3,Mes(es),2025-07-04T00:00:00.000
CO1.BDOS.8281912,SAMC 004-2025 (Manifestación de interés (Menor Cuantía)) (Presentación de oferta),ALCALDÍA NEMOCON,Cundinamarca,Nemocón,Selección Abreviada de Menor Cuantía,Obra,Seleccionado,397000000,396998774,4,4,Mes(es),2025-07-04T00:00:00.000
CO1.BDOS.8264978,SAMC-016-2025 (Manifestación de interés (Menor Cuantía)) (Presentación de oferta),ALCALDIA DE SESQUILE,Cundinamarca,Sesquilé,Selección Abreviada de Menor Cuantía,Obra,Seleccionado,361999258,354956624,7,120,día(s),2025-07-01T00:00:00.000
CO1.BDOS.8258568,SAMC-014-2025 (Manifestación de interés (Menor Cuantía)) (Presentación de oferta),ALCALDIA DE SESQUILE,Cundinamarca,Sesquilé,Selección Abreviada de Menor Cuantía,Obra,Seleccionado,70550190,65713125,2,150,día(s),2025-06-27T00:00:00.000
CO1.BDOS.8272966,SAMC-013-2025 (Manifestación de interés (Menor Cuantía)) (Presentación de oferta),MUNICIPIO DE COGUA,Cundinamarca,Cogua,Selección Abreviada de Menor Cuantía,Obra,Seleccionado,5869625415,5869225366,1,157,día(s),2025-06-27T00:00:00.000
CO1.BDOS.8258756,SAMC 120-2025 (Manifestación de interés (Menor Cuantía)) (Presentación de oferta),IDERF,Cundinamarca,Fusagasugá,Selección Abreviada de Menor Cuantía,Obra,Seleccionado,366103398,364634374,1,120,día(s),2025-06-26T00:00:00.000
CO1.BDOS.8253934,SAMC 008 (Manifestación de interés (Menor Cuantía)) (Presentación de oferta),MUNICIPIO DE GUACHETÁ,Cundinamarca,Guachetá,Selección Abreviada de Menor Cuantía,Obra,Seleccionado,299763703,299759425,1,2,Mes(es),2025-06-26T00:00:00.000
CO1.BDOS.8322489,MC-011-2025,MUNICIPIO DE COGUA,Cundinamarca,Cogua,Mínima cuantía,Obra,Seleccionado,39704168,38298818,5,1,Mes(es),2025-06-26T00:00:00.000
CO1.BDOS.8252492,SAMC 006 2025 (Manifestación de interés (Menor Cuantía)) (Presentación de oferta),ALCALDIA MUNICIPAL DE EL COLEGIO,Cundinamarca,El Colegio,Selección Abreviada de Menor Cuantía,Obra,Seleccionado,100000000,100000000,3,3,Mes(es),2025-06-26T00:00:00.000
CO1.BDOS.8105950,SA-008-2025 (Manifestación de interés (Menor Cuantía)) (Presentación de oferta),MUNICIPIO DE LA MESA,Cundinamarca,La Mesa,Selección Abreviada de Menor Cuantía,Obra,Seleccionado,300000000,299848399,2,3,Mes(es),2025-06-25T00:00:00.000
CO1.BDOS.8164526,SAMC-008-2025 (Manifestación de interés (Menor Cuantía)) (Presentación de oferta),ALCALDIA MUNICIPAL DE GUADUAS,Cundinamarca,Guaduas,Selección Abreviada de Menor Cuantía,Obra,Seleccionado,150000000,149925000,1,2,Mes(es),2025-06-25T00:00:00.000
CO1.BDOS.8230309,SAMC-DC-CTCM-011-2025 (Manifestación de interés (Menor Cuantía)) (Presentación de oferta),SENA GRUPO DE APOYO ADMINISTRATIVO INTERCENTROS CAZUCA,Cundinamarca,Soacha,Selección Abreviada de Menor Cuantía,Obra,Seleccionado,850000000,839064539,2,180,día(s),2025-06-24T00:00:00.000
CO1.BDOS.8179781,SAMC-016-2025 (Manifestación de interés (Menor Cuantía)) (Presentación de oferta),MUNICIPIO DE UBATE,Cundinamarca,Villa De San Diego De Ubate,Selección Abreviada de Menor Cuantía,Obra,Seleccionado,300000000,299982999,3,3,Mes(es),2025-06-24T00:00:00.000
CO1.BDOS.8136418,LICITACION PUBLICA 004-2025 (Fase de Selección (Presentación de ofertas)),ALCALDIA MUNICIPAL DE GIRARDOT,Cundinamarca,Girardot,Licitación pública Obra Publica,Obra,Seleccionado,1388812959,1313380898,90,8,Mes(es),2025-06-20T00:00:00.000
CO1.BDOS.8284069,MC-027-2025,ALCALDIA MUNICIPAL DE GACHETA,Cundinamarca,Gachetá,Mínima cuantía,Obra,Seleccionado,39782008,39778731,2,30,día(s),2025-06-18T00:00:00.000
CO1.BDOS.8199599,SIP-LP-001-2025 (Fase de Selección (Presentación de ofertas)),ALCALDIA MUNICIPAL DE SUTATAUSA,Cundinamarca,Sutatausa,Licitación pública Obra Publica,Obra,Seleccionado,505706684,478752796,28,6,Mes(es),2025-06-18T00:00:00.000
CO1.BDOS.8167094,FACATATIVA-SA-008-25 (Manifestación de interés (Menor Cuantía)) (Presentación de oferta),ALCALDIA MUNICIPAL DE FACATATIVA,Cundinamarca,Facatativá,Selección Abreviada de Menor Cuantía,Obra,Seleccionado,624000000,623966668,1,4,Mes(es),2025-06-18T00:00:00.000
CO1.BDOS.8077638,LP 001-2025 (Fase de Selección (Presentación de ofertas)),MUNICIPIO DE GUACHETÁ,Cundinamarca,Guachetá,Licitación pública Obra Publica,Obra,Seleccionado,668503996,592761592,48,4,Mes(es),2025-06-17T00:00:00.000
CO1.BDOS.8179746,SAMC-005-2025 (Manifestación de interés (Menor Cuantía)) (Presentación de oferta),MUNICIPIO DE AGUA DE DIOS,Cundinamarca,Agua De Dios,Selección Abreviada de Menor Cuantía,Obra,Seleccionado,219986171,219986171,1,4,Mes(es),2025-06-17T00:00:00.000
CO1.BDOS.8194591,SA-MC-004-2025 (Manifestación de interés (Menor Cuantía)) (Presentación de oferta),MUNICIPIO MANTA CUNDINAMARCA,Cundinamarca,Manta,Selección Abreviada de Menor Cuantía,Obra,Seleccionado,225376550,223116382,3,5,Mes(es),2025-06-17T00:00:00.000
CO1.BDOS.8278446,SMC 027-2025,MUNICIPIO DE GACHANCIPA,Cundinamarca,Gachancipá,Mínima cuantía,Obra,Seleccionado,14680384,14679103,1,30,día(s),2025-06-17T00:00:00.000
CO1.BDOS.8272808,MC-024-2025,ALCALDIA MUNICIPIO DE LA VEGA CUNDINAMARCA,Cundinamarca,La Vega,Mínima cuantía,Obra,Seleccionado,39724951,39223312,1,0,día(s),2025-06-16T00:00:00.000
CO1.BDOS.8238620,MC-004-2025,PERSONERIA DE CAJICA,Cundinamarca,Cajicá,Mínima cuantía,Obra,Seleccionado,39676000,37493820,3,1,Mes(es),2025-06-16T00:00:00.000
CO1.BDOS.8238313,CD-CI-008-2025,MUNICIPIO DE SAN FRANCISCO,Cundinamarca,San Francisco,Contratación Directa (con ofertas),Obra,Seleccionado,60000000,60000000,1,2,Mes(es),2025-06-16T00:00:00.000
CO1.BDOS.8179776,SAMC-007-2025 (Manifestación de interés (Menor Cuantía)) (Presentación de oferta),ALCALDIA MUNICIPIO DE ZIPAQUIRA,Cundinamarca,Zipaquirá,Selección Abreviada de Menor Cuantía,Obra,Seleccionado,467748022,465877028,3,5,Mes(es),2025-06-16T00:00:00.000
CO1.BDOS.8164738,LP-001--2025 (Fase de Selección (Presentación de ofertas)),ALCALDIA MUNICIPAL DE PUERTO SALGAR,Cundinamarca,Puerto Salgar,Licitación pública Obra Publica,Obra,Seleccionado,916548225,916411330,2,0,día(s),2025-06-13T00:00:00.000
CO1.BDOS.8054316,AM-LP 001 DE 2025 (Fase de Selección (Presentación de ofertas)),MUNICIPIO DE MACHETA,Cundinamarca,Macheta,Licitación pública Obra Publica,Obra,Seleccionado,1345482150,1278616666,23,6,Mes(es),2025-06-13T00:00:00.000
CO1.BDOS.8173985,SAMC-010-2025 (Manifestación de interés (Menor Cuantía)) (Presentación de oferta),MUNICIPIO DE COGUA,Cundinamarca,Cogua,Selección Abreviada de Menor Cuantía,Obra,Seleccionado,142299770,140349770,2,4,Mes(es),2025-06-11T00:00:00.000
CO1.BDOS.8096258,LP-02-2025  (Fase de Selección (Presentación de ofertas)),MUNICIPIO DE LA MESA,Cundinamarca,La Mesa,Licitación pública Obra Publica,Obra,Seleccionado,860349437,810702770,31,6,Mes(es),2025-06-11T00:00:00.000
CO1.BDOS.8154821,SAMC-CMC-CDA-002-2025 (Manifestación de interés (Menor Cuantía)) (Presentación de oferta),SENA REGIONAL CUNDINAMARCA Grupo Administrativo CDA,Cundinamarca,Chía,Selección Abreviada de Menor Cuantía,Obra,Seleccionado,290671631,290671631,1,0,día(s),2025-06-11T00:00:00.000
CO1.BDOS.8248071,CMC-018-2025,ALCALDIA MUNICIPAL TAUSA,Cundinamarca,Tausa,Mínima cuantía,Obra,Seleccionado,9399047,8437047,3,15,día(s),2025-06-11T00:00:00.000
CO1.BDOS.8154976,SAMC-008-2025 (Manifestación de interés (Menor Cuantía)) (Presentación de oferta),ALCALDIA MUNICIPAL DE GIRARDOT,Cundinamarca,Girardot,Selección Abreviada de Menor Cuantía,Obra,Seleccionado,640000000,639992524,2,4,Mes(es),2025-06-10T00:00:00.000
CO1.BDOS.8119933,LP-001-2025 (Fase de Selección (Presentación de ofertas)),CUNDINAMARCA-ALCALDIA MUNICIPIO MOSQUERA,Cundinamarca,Mosquera,Licitación pública Obra Publica,Obra,Seleccionado,23214285703,23091157916,2,6,Mes(es),2025-06-10T00:00:00.000
CO1.BDOS.8173882,SAMC-006-2025 (Manifestación de interés (Menor Cuantía)) (Presentación de oferta),ALCALDIA MUNICIPIO DE ZIPAQUIRA,Cundinamarca,Zipaquirá,Selección Abreviada de Menor Cuantía,Obra,Seleccionado,300000000,298799977,3,4,Mes(es),2025-06-10T00:00:00.000
CO1.BDOS.8075168,SAMC-004-2025 (Manifestación de interés (Menor Cuantía)) (Presentación de oferta),MUNICIPIO DE PACHO,Cundinamarca,Pacho,Selección Abreviada de Menor Cuantía,Obra,Seleccionado,100000000,99977368,2,3,Mes(es),2025-06-10T00:00:00.000
CO1.BDOS.8128197,SAMC-003-2025 (Manifestación de interés (Menor Cuantía)) (Presentación de oferta),MUNICIPIO DE LA CALERA CUNDINAMARCA,Cundinamarca,La Calera,Selección Abreviada de Menor Cuantía,Obra,Seleccionado,54572984,52970906,3,30,día(s),2025-06-09T00:00:00.000
CO1.BDOS.8128197,SAMC-003-2025 (Manifestación de interés (Menor Cuantía)) (Presentación de oferta),MUNICIPIO DE LA CALERA CUNDINAMARCA,Cundinamarca,La Calera,Selección Abreviada de Menor Cuantía,Obra,Seleccionado,54572984,52970906,3,30,día(s),2025-06-09T00:00:00.000
CO1.BDOS.7963957,LP-001-2025 (Fase de Selección (Presentación de ofertas)),MUNICIPIO DE PACHO,Cundinamarca,Pacho,Licitación pública Obra Publica,Obra,Seleccionado,4090909090,4086596809,1,7,Mes(es),2025-06-06T00:00:00.000
CO1.BDOS.8227765,SMC 021-2025,MUNICIPIO DE GACHANCIPA,Cundinamarca,Gachancipá,Mínima cuantía,Obra,Seleccionado,39800000,39786999,1,0,día(s),2025-06-06T00:00:00.000
CO1.BDOS.8206670,MC-074-CENACTOLEMAIDA-2025,CENAC TOLEMAIDA,Cundinamarca,Nilo,Mínima cuantía,Obra,Seleccionado,29658083,19435146,3,20,día(s),2025-06-05T00:00:00.000
CO1.BDOS.8139091,SAMC 003-2025 (Manifestación de interés (Menor Cuantía)) (Presentación de oferta),ALCALDÍA NEMOCON,Cundinamarca,Nemocón,Selección Abreviada de Menor Cuantía,Obra,Seleccionado,361887392,361861649,1,3,Mes(es),2025-06-04T00:00:00.000
CO1.BDOS.8103238,SAMC-010-2025 (Manifestación de interés (Menor Cuantía)) (Presentación de oferta),MUNICIPIO DE VILLAPINZON,Cundinamarca,Villapinzón,Selección Abreviada de Menor Cuantía,Obra,Seleccionado,210000000,209993850,1,0,día(s),2025-06-04T00:00:00.000
CO1.BDOS.8103238,SAMC-010-2025 (Manifestación de interés (Menor Cuantía)) (Presentación de oferta),MUNICIPIO DE VILLAPINZON,Cundinamarca,Villapinzón,Selección Abreviada de Menor Cuantía,Obra,Seleccionado,210000000,209993850,1,0,día(s),2025-06-04T00:00:00.000
CO1.BDOS.8128133,FACATATIVA-SA-007-25 (Manifestación de interés (Menor Cuantía)) (Presentación de oferta),ALCALDIA MUNICIPAL DE FACATATIVA,Cundinamarca,Facatativá,Selección Abreviada de Menor Cuantía,Obra,Seleccionado,250000000,249625558,2,3,Mes(es),2025-06-03T00:00:00.000
CO1.BDOS.8052213,SAMC. 003-2025 (Manifestación de interés (Menor Cuantía)) (Presentación de oferta),ALCALDIA MUNICIPAL DE BOJACA,Cundinamarca,Bojacá,Selección Abreviada de Menor Cuantía,Obra,Seleccionado,157205000,154062234,2,2,Mes(es),2025-06-03T00:00:00.000
CO1.BDOS.8120078,LP-005-2025 (Fase de Selección (Presentación de ofertas)),ALCALDIA MUNICIPAL DE CHIA,Cundinamarca,Chía,Licitación pública Obra Publica,Obra,Seleccionado,1451479430,1371650633,10,150,día(s),2025-06-03T00:00:00.000
CO1.BDOS.8055171,PN ESSUM SA MC 033 2025 (Manifestación de interés (Menor Cuantía)) (Presentación de oferta),ESCUELA DE POLICIA DE PROVINCIA DE SUMAPAZ INTENDENTE MARITZA BONILLA RUIZ,Cundinamarca,Fusagasugá,Selección Abreviada de Menor Cuantía,Obra,Seleccionado,716776000,125000000,2,150,día(s),2025-05-30T00:00:00.000
CO1.BDOS.8131906,SAMC-005-2025 (Manifestación de interés (Menor Cuantía)) (Presentación de oferta),ALCALDIA MUNICIPAL DE CHIA,Cundinamarca,Chía,Selección Abreviada de Menor Cuantía,Obra,Seleccionado,249987567,232976014,4,3,Mes(es),2025-05-30T00:00:00.000
CO1.BDOS.8055171,PN ESSUM SA MC 033 2025 (Manifestación de interés (Menor Cuantía)) (Presentación de oferta),ESCUELA DE POLICIA DE PROVINCIA DE SUMAPAZ INTENDENTE MARITZA BONILLA RUIZ,Cundinamarca,Fusagasugá,Selección Abreviada de Menor Cuantía,Obra,Seleccionado,716776000,591776000,2,150,día(s),2025-05-30T00:00:00.000
CO1.BDOS.8116170,SAMC-004-2025 (Manifestación de interés (Menor Cuantía)) (Presentación de oferta),MUNICIPIO DE COGUA,Cundinamarca,Cogua,Selección Abreviada de Menor Cuantía,Obra,Seleccionado,120000000,114026236,9,3,Mes(es),2025-05-29T00:00:00.000
CO1.BDOS.8193422,MC-IP-016-2025,MUNICIPIO MANTA CUNDINAMARCA,Cundinamarca,Manta,Mínima cuantía,Obra,Seleccionado,4495909,3299245,7,15,día(s),2025-05-29T00:00:00.000
CO1.BDOS.7985181,SAMC-002-2025 (Manifestación de interés (Menor Cuantía)) (Presentación de oferta),ALCALDIA MUNICIPAL DE SUESCA +,Cundinamarca,Suesca,Selección Abreviada de Menor Cuantía,Obra,Seleccionado,100000000,99999959,2,3,Mes(es),2025-05-29T00:00:00.000
CO1.BDOS.8116062,LP-005-2025 (Presentación de oferta),INSTITUTO MUNICIPAL DE RECREACION Y DEPORTE DE COTA CUNDINAMARCA,Cundinamarca,Cota,Licitación pública,Obra,Seleccionado,623000000,621988066,1,3,Mes(es),2025-05-28T00:00:00.000
CO1.BDOS.8103996,SAMC-002-2025  (Manifestación de interés (Menor Cuantía)) (Presentación de oferta),MUNICIPIO DE LENGUAZAQUE,Cundinamarca,Lenguazaque,Selección Abreviada de Menor Cuantía,Obra,Seleccionado,166973000,158168888,3,2,Mes(es),2025-05-28T00:00:00.000
CO1.BDOS.7974165,SAMC-005-2025 (Manifestación de interés (Menor Cuantía)) (Presentación de oferta),MUNICIPIO DE SOACHA..,Cundinamarca,Soacha,Selección Abreviada de Menor Cuantía,Obra,Seleccionado,100000000,99949138,2,3,Mes(es),2025-05-28T00:00:00.000
CO1.BDOS.8116062,LP-005-2025 (Presentación de oferta),INSTITUTO MUNICIPAL DE RECREACION Y DEPORTE DE COTA CUNDINAMARCA,Cundinamarca,Cota,Licitación pública,Obra,Seleccionado,623000000,621988066,1,3,Mes(es),2025-05-28T00:00:00.000
CO1.BDOS.8077785,SAMC-011-2025   (Manifestación de interés (Menor Cuantía)) (Presentación de oferta),MUNICIPIO DE UBATE,Cundinamarca,Villa De San Diego De Ubate,Selección Abreviada de Menor Cuantía,Obra,Seleccionado,369902239,369902239,1,2,Mes(es),2025-05-27T00:00:00.000
CO1.BDOS.8074059,SA-006-2025 (Manifestación de interés (Menor Cuantía)) (Presentación de oferta),MUNICIPIO DE LA MESA,Cundinamarca,La Mesa,Selección Abreviada de Menor Cuantía,Obra,Seleccionado,200000000,199898933,2,3,Mes(es),2025-05-26T00:00:00.000
CO1.BDOS.8111461,SAMC-008-2025 (Manifestación de interés (Menor Cuantía)) (Presentación de oferta),MUNICIPIO DE VILLAPINZON,Cundinamarca,Villapinzón,Selección Abreviada de Menor Cuantía,Obra,Seleccionado,398003400,378169933,6,0,día(s),2025-05-26T00:00:00.000
CO1.BDOS.8111461,SAMC-008-2025 (Manifestación de interés (Menor Cuantía)) (Presentación de oferta),MUNICIPIO DE VILLAPINZON,Cundinamarca,Villapinzón,Selección Abreviada de Menor Cuantía,Obra,Seleccionado,398003400,378169933,6,0,día(s),2025-05-26T00:00:00.000
CO1.BDOS.8088641,SAMC-001-2025 (Manifestación de interés (Menor Cuantía)) (Presentación de oferta),MUNICIPIO DE LENGUAZAQUE,Cundinamarca,Lenguazaque,Selección Abreviada de Menor Cuantía,Obra,Seleccionado,333873000,319831065,8,2,Mes(es),2025-05-26T00:00:00.000
CO1.BDOS.8061349,PN ESJIM SA MC 001 2025 (Manifestación de interés (Menor Cuantía)) (Presentación de oferta),ESCUELA DE SUBOFICIALES Y NIVEL EJECUTIVO  GONZALO JIMENEZ DE QUESADA,Cundinamarca,Sibaté,Selección Abreviada de Menor Cuantía,Obra,Seleccionado,2441265206,2441265206,8,150,día(s),2025-05-26T00:00:00.000
CO1.BDOS.8113885,SAMC-011-2025 (Manifestación de interés (Menor Cuantía)) (Presentación de oferta),MUNICIPIO DE VILLAPINZON,Cundinamarca,Villapinzón,Selección Abreviada de Menor Cuantía,Obra,Seleccionado,375000000,375000000,1,0,día(s),2025-05-26T00:00:00.000
CO1.BDOS.8069708,SAMC - 005-2025    (Manifestación de interés (Menor Cuantía)) (Presentación de oferta),MUNICIPIO DE GUACHETÁ,Cundinamarca,Guachetá,Selección Abreviada de Menor Cuantía,Obra,Seleccionado,298407680,298403239,3,2,Mes(es),2025-05-23T00:00:00.000
CO1.BDOS.8067683,SAMC 004-2025 (Manifestación de interés (Menor Cuantía)) (Presentación de oferta),MUNICIPIO DE GUACHETÁ,Cundinamarca,Guachetá,Selección Abreviada de Menor Cuantía,Obra,Seleccionado,298407680,298290943,2,2,Mes(es),2025-05-23T00:00:00.000
CO1.BDOS.8089143,LP-001-2025 (Fase de Selección (Presentación de ofertas)),ALCALDIA MUNICIPAL DE GACHETA,Cundinamarca,Gachetá,Licitación pública Obra Publica,Obra,Seleccionado,903047650,852386708,33,7,Mes(es),2025-05-23T00:00:00.000
CO1.BDOS.8156937,MC-015-2025,ALCALDIA MUNICIPAL DE GUADUAS,Cundinamarca,Guaduas,Mínima cuantía,Obra,Seleccionado,25000000,23109242,3,1,Mes(es),2025-05-22T00:00:00.000
CO1.BDOS.8071226,MP-SAMC-001-2025 (Manifestación de interés (Menor Cuantía)) (Presentación de oferta),MUNICIPIO DE PANDI,Cundinamarca,No Definido,Selección Abreviada de Menor Cuantía,Obra,Seleccionado,100000000,96800072,7,2,Mes(es),2025-05-21T00:00:00.000
CO1.BDOS.8071457,SAMC-009-2025 (Manifestación de interés (Menor Cuantía)) (Presentación de oferta),MUNICIPIO DE UBATE,Cundinamarca,Villa De San Diego De Ubate,Selección Abreviada de Menor Cuantía,Obra,Seleccionado,44109451,44109451,1,1,Mes(es),2025-05-21T00:00:00.000
CO1.BDOS.8066412,SAMC-002-2025 (Manifestación de interés (Menor Cuantía)) (Presentación de oferta),MUNICIPIO DE FUQUENE,Cundinamarca,Fúquene,Selección Abreviada de Menor Cuantía,Obra,Seleccionado,100000000,97395471,7,2,Mes(es),2025-05-21T00:00:00.000
CO1.BDOS.8147419,MC-14-2025,MUNICIPIO DE CHOCONTÁ,Cundinamarca,Chocontá,Mínima cuantía,Obra,Seleccionado,32911686,31807761,5,1,Mes(es),2025-05-20T00:00:00.000
CO1.BDOS.8048702,LP-001-2025 (Fase de Selección (Presentación de ofertas)),MUNICIPIO DE CUCUNUBÁ,Cundinamarca,Cucunubá,Licitación pública Obra Publica,Obra,Seleccionado,1363636364,1286787371,48,4,Mes(es),2025-05-20T00:00:00.000
CO1.BDOS.8147446,MC-15-2025,MUNICIPIO DE CHOCONTÁ,Cundinamarca,Chocontá,Mínima cuantía,Obra,Seleccionado,20874076,20000000,2,0,día(s),2025-05-20T00:00:00.000
CO1.BDOS.8036979,LP-AMS-2025-0004 (Fase de Selección (Presentación de ofertas)),ALCALDÍA MUNICIPAL DE SOPO,Cundinamarca,Sopó,Licitación pública Obra Publica,Obra,Seleccionado,699653887,663131978,86,4,Mes(es),2025-05-20T00:00:00.000
CO1.BDOS.8138739,MC-033-2025,MUNICIPIO DE VILLAPINZON,Cundinamarca,Villapinzón,Mínima cuantía,Obra,Seleccionado,39507972,39507972,2,0,día(s),2025-05-19T00:00:00.000
CO1.BDOS.8075901,SA-007-2025 (Manifestación de interés (Menor Cuantía)) (Presentación de oferta),MUNICIPIO DE LA MESA,Cundinamarca,La Mesa,Selección Abreviada de Menor Cuantía,Obra,Seleccionado,200000000,196001386,2,3,Mes(es),2025-05-19T00:00:00.000
CO1.BDOS.8032703,LP-003-2025 (Fase de Selección (Presentación de ofertas)),ALCALDÍA MUNICIPAL DE MADRID CUNDINAMARCA,Cundinamarca,Madrid,Licitación pública Obra Publica,Obra,Seleccionado,8069579193,7422566314,77,7,Mes(es),2025-05-16T00:00:00.000
CO1.BDOS.8067254,SAMC-007-2025 (Manifestación de interés (Menor Cuantía)) (Presentación de oferta),MUNICIPIO DE VILLAPINZON,Cundinamarca,Villapinzón,Selección Abreviada de Menor Cuantía,Obra,Seleccionado,116000000,115497838,1,0,día(s),2025-05-16T00:00:00.000
CO1.BDOS.8116857,MC-030-2025,MUNICIPIO DE VILLAPINZON,Cundinamarca,Villapinzón,Mínima cuantía,Obra,Seleccionado,39858000,39858000,2,0,día(s),2025-05-14T00:00:00.000
CO1.BDOS.8116857,MC-030-2025,MUNICIPIO DE VILLAPINZON,Cundinamarca,Villapinzón,Mínima cuantía,Obra,Seleccionado,39858000,39858000,2,0,día(s),2025-05-14T00:00:00.000
CO1.BDOS.8115174,MC-031-2025,MUNICIPIO DE VILLAPINZON,Cundinamarca,Villapinzón,Mínima cuantía,Obra,Seleccionado,39858000,39858000,3,0,día(s),2025-05-14T00:00:00.000
CO1.BDOS.8020889,MA-SAMC-001-2025 (Manifestación de interés (Menor Cuantía)) (Presentación de oferta),ALCALDIA MUNICIPIO DE ANOLAIMA,Cundinamarca,Anolaima,Selección Abreviada de Menor Cuantía,Obra,Seleccionado,100000000,99945589,2,1,Mes(es),2025-05-14T00:00:00.000
CO1.BDOS.8042889,LP-002-2025 (Fase de Selección (Presentación de ofertas)),MUNICIPIO DE ALBAN,Cundinamarca,Albán,Licitación pública Obra Publica,Obra,Seleccionado,909090828,845465727,81,5,Mes(es),2025-05-14T00:00:00.000
CO1.BDOS.7992984,PN ESCAR SA MC 039 2025 (Manifestación de interés (Menor Cuantía)) (Presentación de oferta),ESCUELA NACIONAL DE CARABINEROS POLICIA NACIONAL,Cundinamarca,Facatativá,Selección Abreviada de Menor Cuantía,Obra,Seleccionado,960897973,960897973,6,150,día(s),2025-05-09T00:00:00.000
CO1.BDOS.8018590,SAMC-006-2025 (Manifestación de interés (Menor Cuantía)) (Presentación de oferta),ALCALDIA DE SESQUILE,Cundinamarca,Sesquilé,Selección Abreviada de Menor Cuantía,Obra,Seleccionado,363636364,362754442,1,160,día(s),2025-05-09T00:00:00.000
CO1.BDOS.7994151,SAMC-006-2025 (Manifestación de interés (Menor Cuantía)) (Presentación de oferta),MUNICIPIO DE UBATE,Cundinamarca,Villa De San Diego De Ubate,Selección Abreviada de Menor Cuantía,Obra,Seleccionado,395151662,395151662,2,2,Mes(es),2025-05-08T00:00:00.000
CO1.BDOS.7967175,LP-001-2025 (Fase de Selección (Presentación de ofertas)),ALCALDIA MUNICIPAL DE GUADUAS,Cundinamarca,Guaduas,Licitación pública Obra Publica,Obra,Seleccionado,740399046,695589970,26,6,Mes(es),2025-05-08T00:00:00.000
CO1.BDOS.8079168,IEPS-MC-06-2025,INSTITUCION EDUCATIVA POLICARPA SALAVARRIETA,Cundinamarca,Girardot,Mínima cuantía,Obra,Seleccionado,25713930,19514558,13,30,día(s),2025-05-07T00:00:00.000
CO1.BDOS.8080421,MC-008-2025,MUNICIPIO DE COGUA,Cundinamarca,Cogua,Mínima cuantía,Obra,Seleccionado,39845263,39778852,1,2,Mes(es),2025-05-07T00:00:00.000
CO1.BDOS.7878083,SAMC 004-2025 (Manifestación de interés (Menor Cuantía)) (Presentación de oferta),ALCALDÍA MUNICIPAL DE SASAIMA,Cundinamarca,Sasaima,Selección Abreviada de Menor Cuantía,Obra,Seleccionado,200000000,199903290,2,3,Mes(es),2025-05-06T00:00:00.000
CO1.BDOS.7978363,SAMC 003-2025 (Manifestación de interés (Menor Cuantía)) (Presentación de oferta),MUNICIPIO DE GUACHETÁ,Cundinamarca,Guachetá,Selección Abreviada de Menor Cuantía,Obra,Seleccionado,298407680,298403239,1,2,Mes(es),2025-05-06T00:00:00.000
CO1.BDOS.7950304,SAMC 006-2025 (Manifestación de interés (Menor Cuantía)) (Presentación de oferta),ALCALDÍA MUNICIPAL DE SASAIMA,Cundinamarca,Sasaima,Selección Abreviada de Menor Cuantía,Obra,Seleccionado,300000000,300000000,2,3,Mes(es),2025-05-05T00:00:00.000
CO1.BDOS.8010748,SAMC 06 DE 2025 (Manifestación de interés (Menor Cuantía)) (Presentación de oferta),ALCALDIA MUNICIPAL DE VILLETA,Cundinamarca,Villeta,Selección Abreviada de Menor Cuantía,Obra,Seleccionado,100000000,99996984,1,1,Mes(es),2025-05-05T00:00:00.000
CO1.BDOS.7962874,SAMC-002-2025 (Manifestación de interés (Menor Cuantía)) (Presentación de oferta),ALCALDIA MUNICIPAL DE GUADUAS,Cundinamarca,Guaduas,Selección Abreviada de Menor Cuantía,Obra,Seleccionado,290000000,289996227,2,4,Mes(es),2025-05-05T00:00:00.000
CO1.BDOS.7962874,SAMC-002-2025 (Manifestación de interés (Menor Cuantía)) (Presentación de oferta),ALCALDIA MUNICIPAL DE GUADUAS,Cundinamarca,Guaduas,Selección Abreviada de Menor Cuantía,Obra,Seleccionado,290000000,289996227,2,4,Mes(es),2025-05-05T00:00:00.000
CO1.BDOS.8044652,CD-CI-106-2025,ALCALDIA MUNICIPIO DE NOCAIMA,Cundinamarca,Nocaima,Contratación Directa (con ofertas),Obra,Seleccionado,693133334,693133334,1,7,Mes(es),2025-05-02T00:00:00.000
CO1.BDOS.8057517,CONVENIO SOLIDARIOO 006 DE 2025,ALCALDÍA MUNICIPAL DE SASAIMA,Cundinamarca,Sasaima,Contratación Directa (con ofertas),Obra,Seleccionado,59487152,59487152,1,0,día(s),2025-05-02T00:00:00.000
CO1.BDOS.7924050,064- SAMC -CENACTOLEMAIDA-2025 (Manifestación de interés (Menor Cuantía)) (Presentación de oferta),CENAC TOLEMAIDA,Cundinamarca,Nilo,Selección Abreviada de Menor Cuantía,Obra,Seleccionado,771746020,771746020,30,6,Mes(es),2025-05-01T00:00:00.000
CO1.BDOS.8049502,CONVENIO SOLIDARIO 003 DE 2025 copia,ALCALDÍA MUNICIPAL DE SASAIMA,Cundinamarca,Sasaima,Contratación Directa (con ofertas),Obra,Seleccionado,118974303,118974303,1,0,día(s),2025-04-30T00:00:00.000
CO1.BDOS.7982802,SAMCEPN 01 DE 2025 MANTENIEMINTO AREAS ARQUI (Manifestación de interés (Menor Cuantía)) (Presentación de oferta),ESCUELA DE FORMACION INPEC,Cundinamarca,No Definido,Selección Abreviada de Menor Cuantía,Obra,Seleccionado,999999986,965567770,17,4,Mes(es),2025-04-30T00:00:00.000
CO1.BDOS.7923435,SAMC-005-2025 (Manifestación de interés (Menor Cuantía)) (Presentación de oferta),ALCALDIA DE TABIO,Cundinamarca,Tabio,Selección Abreviada de Menor Cuantía,Obra,Seleccionado,340533216,339211843,2,5,Mes(es),2025-04-30T00:00:00.000
CO1.BDOS.7835285,SAMC-002-2025 (Manifestación de interés (Menor Cuantía)) (Presentación de oferta),MUNICIPIO DE SOACHA..,Cundinamarca,Soacha,Selección Abreviada de Menor Cuantía,Obra,Seleccionado,654205601,653872601,3,4,Mes(es),2025-04-30T00:00:00.000
CO1.BDOS.7901430,038-00-K-ESUFA-GRUAL-2025 (Manifestación de interés (Menor Cuantía)) (Presentación de oferta),ESCUELA DE SUBOFICIALES  FAC CT ANDRES M DIAZ,Cundinamarca,No Definido,Selección Abreviada de Menor Cuantía,Obra,Seleccionado,583152235,563821705,6,126,día(s),2025-04-30T00:00:00.000
CO1.BDOS.8039558,MC-025-2025,MUNICIPIO DE VILLAPINZON,Cundinamarca,Villapinzón,Mínima cuantía,Obra,Seleccionado,30991785,30991785,1,0,día(s),2025-04-29T00:00:00.000
CO1.BDOS.7986062,SAMC 101-2025 (Manifestación de interés (Menor Cuantía)) (Presentación de oferta),IDERF,Cundinamarca,Fusagasugá,Selección Abreviada de Menor Cuantía,Obra,Seleccionado,300000000,300000000,1,270,día(s),2025-04-29T00:00:00.000
CO1.BDOS.7878087,SAMC 003-2025 (Manifestación de interés (Menor Cuantía)) (Presentación de oferta),ALCALDÍA MUNICIPAL DE SASAIMA,Cundinamarca,Sasaima,Selección Abreviada de Menor Cuantía,Obra,Seleccionado,272225935,272225926,3,3,Mes(es),2025-04-29T00:00:00.000
CO1.BDOS.7913446,SAMC-004-2025 (Manifestación de interés (Menor Cuantía)) (Presentación de oferta),MUNICIPIO DE UBATE,Cundinamarca,Villa De San Diego De Ubate,Selección Abreviada de Menor Cuantía,Obra,Seleccionado,261144549,261143554,2,2,Mes(es),2025-04-29T00:00:00.000
CO1.BDOS.8032917,MC-003-2025.,IDUVI,Cundinamarca,Chía,Mínima cuantía,Obra,Seleccionado,39000000,38118556,7,0,día(s),2025-04-28T00:00:00.000
CO1.BDOS.8024212,MC-069-CENAC-TOLEMAIDA-2025,CENAC TOLEMAIDA,Cundinamarca,Nilo,Mínima cuantía,Obra,Seleccionado,50825292,50825292,16,7,Mes(es),2025-04-25T00:00:00.000
CO1.BDOS.7901271,032-00-K-ESUFA-GRUAL-2025 (Manifestación de interés (Menor Cuantía)) (Presentación de oferta),ESCUELA DE SUBOFICIALES  FAC CT ANDRES M DIAZ,Cundinamarca,No Definido,Selección Abreviada de Menor Cuantía,Obra,Seleccionado,1202247765,1154638753,3,101,día(s),2025-04-24T00:00:00.000
CO1.BDOS.7932546,AMS-SAMC-004-2025  (Manifestación de interés (Menor Cuantía)) (Presentación de oferta),MUNICIPIO DE SUBACHOQUE,Cundinamarca,Subachoque,Selección Abreviada de Menor Cuantía,Obra,Seleccionado,125000000,118262595,9,3,Mes(es),2025-04-24T00:00:00.000
CO1.BDOS.7954702,SAMC 2025-0497 (Manifestación de interés (Menor Cuantía)) (Presentación de oferta),ALCALDIA MUNICIPAL FUSAGASUGA,Cundinamarca,Fusagasugá,Selección Abreviada de Menor Cuantía,Obra,Seleccionado,529816142,499618263,1,5,Mes(es),2025-04-24T00:00:00.000
CO1.BDOS.7904987,071-SAMC-CENACINTELIGENCIA-2025 (Manifestación de interés (Menor Cuantía)) (Presentación de oferta),CENTRAL ADMINISTRATIVA Y CONTABLE ESPECIALIZADA INTELIGENCIA,Cundinamarca,No Definido,Selección Abreviada de Menor Cuantía,Obra,Seleccionado,255018376,255018376,2,228,día(s),2025-04-24T00:00:00.000
CO1.BDOS.7954237,LP-001-2025 (Fase de Selección (Presentación de ofertas)),MUNICIPIO DE VILLAPINZON,Cundinamarca,Villapinzón,Licitación pública Obra Publica,Obra,Seleccionado,990245935,938741755,57,0,día(s),2025-04-24T00:00:00.000
CO1.BDOS.7930950,AMS-SAMC-003-2025  (Manifestación de interés (Menor Cuantía)) (Presentación de oferta),MUNICIPIO DE SUBACHOQUE,Cundinamarca,Subachoque,Selección Abreviada de Menor Cuantía,Obra,Seleccionado,300000000,283903877,6,3,Mes(es),2025-04-22T00:00:00.000
CO1.BDOS.7933689,AMS-SAMC-006-2025   (Manifestación de interés (Menor Cuantía)) (Presentación de oferta),MUNICIPIO DE SUBACHOQUE,Cundinamarca,Subachoque,Selección Abreviada de Menor Cuantía,Obra,Seleccionado,100000000,93977422,7,3,Mes(es),2025-04-22T00:00:00.000
CO1.BDOS.7933186,AMS-SAMC-005-2025   (Manifestación de interés (Menor Cuantía)) (Presentación de oferta),MUNICIPIO DE SUBACHOQUE,Cundinamarca,Subachoque,Selección Abreviada de Menor Cuantía,Obra,Seleccionado,108000000,101893784,8,3,Mes(es),2025-04-22T00:00:00.000
CO1.BDOS.7884007,SA-003-2025 (Manifestación de interés (Menor Cuantía)) (Presentación de oferta),MUNICIPIO DE LA MESA,Cundinamarca,La Mesa,Selección Abreviada de Menor Cuantía,Obra,Seleccionado,220000000,220000000,3,3,Mes(es),2025-04-21T00:00:00.000
CO1.BDOS.8003969,CO-002-2025,EMPRESA DE SERVICIOS PUBLICOS DEL MUNICIPIO DE PACHO CUNDINAMARCA SA ESPMP ESP SOCIEDAD POR ACCIONES SA,Cundinamarca,Pacho,Contratación régimen especial (con ofertas),Obra,Seleccionado,345912606,345912000,1,3,Mes(es),2025-04-21T00:00:00.000
CO1.BDOS.7929127,No.CQ-SAMC-007-2025  (Manifestación de interés (Menor Cuantía)) (Presentación de oferta),MUNICIPIO DE CAQUEZA,Cundinamarca,Caqueza,Selección Abreviada de Menor Cuantía,Obra,Seleccionado,100000000,99985791,2,3,Mes(es),2025-04-21T00:00:00.000
CO1.BDOS.7895447,SA-004-2025 (Manifestación de interés (Menor Cuantía)) (Presentación de oferta),MUNICIPIO DE LA MESA,Cundinamarca,La Mesa,Selección Abreviada de Menor Cuantía,Obra,Seleccionado,249434706,249308654,2,3,Mes(es),2025-04-21T00:00:00.000
CO1.BDOS.7908760,AMS-SAMC-002-2025 (Manifestación de interés (Menor Cuantía)) (Presentación de oferta),MUNICIPIO DE SUBACHOQUE,Cundinamarca,Subachoque,Selección Abreviada de Menor Cuantía,Obra,Seleccionado,125000000,117497563,6,3,Mes(es),2025-04-16T00:00:00.000
CO1.BDOS.7924512,SAMC_04_2025 (Manifestación de interés (Menor Cuantía)) (Presentación de oferta),ALCALDIA MUNICIPAL DE VILLETA,Cundinamarca,Villeta,Selección Abreviada de Menor Cuantía,Obra,Seleccionado,100000000,99996984,2,45,día(s),2025-04-15T00:00:00.000
CO1.BDOS.7891130,LP 02 DE 2025 (Fase de Selección (Presentación de ofertas)),ALCALDIA MUNICIPAL DE VILLETA,Cundinamarca,Villeta,Licitación pública Obra Publica,Obra,Seleccionado,467792563,467662426,4,4,Mes(es),2025-04-15T00:00:00.000
CO1.BDOS.7890005,SAMC-0002-2025 (Manifestación de interés (Menor Cuantía)) (Presentación de oferta),MUNICIPIO DE FUNZA - ALCALDÍA DE FUNZA,Cundinamarca,Funza,Selección Abreviada de Menor Cuantía,Obra,Seleccionado,337000000,337000000,1,8,Mes(es),2025-04-14T00:00:00.000
CO1.BDOS.7969128,SMC 010-2025,ALCALDIA MUNICIPIO DE NOCAIMA,Cundinamarca,Nocaima,Mínima cuantía,Obra,Seleccionado,39853427,39851668,2,2,Mes(es),2025-04-11T00:00:00.000
CO1.BDOS.7883635,SAMC-002-2025 (Manifestación de interés (Menor Cuantía)) (Presentación de oferta),MUNICIPIO DE MACHETA,Cundinamarca,Macheta,Selección Abreviada de Menor Cuantía,Obra,Seleccionado,100000000,95050582,2,3,Mes(es),2025-04-10T00:00:00.000
CO1.BDOS.7684226,SAMC-002-2025 (Manifestación de interés (Menor Cuantía)) (Presentación de oferta),ALCALDÍA MUNICIPAL DE SASAIMA,Cundinamarca,Sasaima,Selección Abreviada de Menor Cuantía,Obra,Seleccionado,207163434,206927605,1,6,Mes(es),2025-04-10T00:00:00.000
CO1.BDOS.7970543,CONVOCATORIA 007-2025,ESE HOSPITAL SALAZAR DE VILLETA,Cundinamarca,No Definido,Contratación régimen especial (con ofertas),Obra,Seleccionado,544905849,544905847,1,1,Mes(es),2025-04-10T00:00:00.000
CO1.BDOS.7890376,SAMC-004-2025 (Manifestación de interés (Menor Cuantía)) (Presentación de oferta),MUNICIPIO DE VILLAPINZON,Cundinamarca,Villapinzón,Selección Abreviada de Menor Cuantía,Obra,Seleccionado,330000000,329664854,1,0,día(s),2025-04-09T00:00:00.000
CO1.BDOS.7863062,SAMC 001-2025 (Manifestación de interés (Menor Cuantía)) (Presentación de oferta),MUNICIPIO DE GUACHETÁ,Cundinamarca,Guachetá,Selección Abreviada de Menor Cuantía,Obra,Abierto,65365815,65365815,1,1,Mes(es),2025-04-08T00:00:00.000
CO1.BDOS.7847681,SAMC-001-2025 (Manifestación de interés (Menor Cuantía)) (Presentación de oferta),MUNICIPIO DE COGUA,Cundinamarca,Cogua,Selección Abreviada de Menor Cuantía,Obra,Seleccionado,355240000,338188000,7,6,Mes(es),2025-04-08T00:00:00.000
CO1.BDOS.7939836,IPMC-002-2025,INSTITUTO MUNICIPAL DE DEPORTE Y RECREACION DE TABIO,Cundinamarca,Tabio,Mínima cuantía,Obra,Seleccionado,34902176,33146992,5,30,día(s),2025-04-08T00:00:00.000
CO1.BDOS.7856458,SA-AMS-2025-0004 (Manifestación de interés (Menor Cuantía)) (Presentación de oferta),ALCALDÍA MUNICIPAL DE SOPO,Cundinamarca,Sopó,Selección Abreviada de Menor Cuantía,Obra,Seleccionado,265217455,264953109,1,1,Mes(es),2025-04-08T00:00:00.000
CO1.BDOS.7855911,SAMC-001-2025 (Manifestación de interés (Menor Cuantía)) (Presentación de oferta),MUNICIPIO DE UBATE,Cundinamarca,Villa De San Diego De Ubate,Selección Abreviada de Menor Cuantía,Obra,Seleccionado,200000000,198000023,5,2,Mes(es),2025-04-07T00:00:00.000
CO1.BDOS.7945349,MC-021-2025,MUNICIPIO DE VILLAPINZON,Cundinamarca,Villapinzón,Mínima cuantía,Obra,Seleccionado,10946695,10946695,1,0,día(s),2025-04-07T00:00:00.000
CO1.BDOS.7860305,PL 001-2025 (Presentación de oferta),ALCALDÍA NEMOCON,Cundinamarca,Nemocón,Licitación pública,Obra,Seleccionado,791168182,790386687,2,6,Mes(es),2025-04-07T00:00:00.000
CO1.BDOS.7929471,037-00-M-CAMAN-DECAP-2025,COMANDO AEREO DE MANTENIMIENTO,Cundinamarca,Madrid,Mínima cuantía,Obra,Seleccionado,60000000,48172506,11,2,Mes(es),2025-04-04T00:00:00.000
CO1.BDOS.7785486,LP 001-2025 (Fase de Selección (Presentación de ofertas)),ALCALDIA MUNICIPIO DE NOCAIMA,Cundinamarca,Nocaima,Licitación pública Obra Publica,Obra,Seleccionado,771414417,729600517,56,6,Mes(es),2025-04-04T00:00:00.000
CO1.BDOS.7858138,SAMC 002 2025 (Manifestación de interés (Menor Cuantía)) (Presentación de oferta),MUNICIPIO DE CAPARRAPI*,Cundinamarca,Caparrapí,Selección Abreviada de Menor Cuantía,Obra,Seleccionado,350000000,349925544,2,4,Mes(es),2025-04-03T00:00:00.000
CO1.BDOS.7860884,SAMC_03_2025 (Manifestación de interés (Menor Cuantía)) (Presentación de oferta),ALCALDIA MUNICIPAL DE VILLETA,Cundinamarca,Villeta,Selección Abreviada de Menor Cuantía,Obra,Seleccionado,100000000,99996984,1,1,Mes(es),2025-04-03T00:00:00.000
CO1.BDOS.7920901,MC  2025-0472,ALCALDIA MUNICIPAL FUSAGASUGA,Cundinamarca,Fusagasugá,Mínima cuantía,Obra,Seleccionado,64000613,55853031,2,2,Mes(es),2025-04-02T00:00:00.000
CO1.BDOS.7921503,MC-009-2025,ALCALDIA MUNICIPAL DE CHIA,Cundinamarca,Chía,Mínima cuantía,Obra,Seleccionado,64057500,64057500,6,8,Mes(es),2025-04-02T00:00:00.000
CO1.BDOS.7825805,SAMC-003-2025 (Manifestación de interés (Menor Cuantía)) (Presentación de oferta),MUNICIPIO DE SAN FRANCISCO,Cundinamarca,San Francisco,Selección Abreviada de Menor Cuantía,Obra,Seleccionado,200000000,199999834,1,3,Mes(es),2025-04-01T00:00:00.000
CO1.BDOS.7841953,SAMC 002-2025 (Manifestación de interés (Menor Cuantía)) (Presentación de oferta),ALCALDÍA NEMOCON,Cundinamarca,Nemocón,Selección Abreviada de Menor Cuantía,Obra,Seleccionado,100000000,94719822,8,3,Mes(es),2025-04-01T00:00:00.000
CO1.BDOS.7845379,SAMC_02_2025 (Manifestación de interés (Menor Cuantía)) (Presentación de oferta),ALCALDIA MUNICIPAL DE VILLETA,Cundinamarca,Villeta,Selección Abreviada de Menor Cuantía,Obra,Seleccionado,100000000,99996983,1,1,Mes(es),2025-03-31T00:00:00.000
CO1.BDOS.7759387,LP-001-2025 (Fase de Selección (Presentación de ofertas)),ALCALDIA MUNICIPAL TAUSA,Cundinamarca,Tausa,Licitación pública Obra Publica,Obra,Seleccionado,2910200909,2783015096,22,8,Mes(es),2025-03-28T00:00:00.000
CO1.BDOS.7776851,SA-MC-001-2025 (Manifestación de interés (Menor Cuantía)) (Presentación de oferta),INSTITUTO MUNICIPAL DE VIVIENDA DE INTERÉS SOCIAL CAJICA,Cundinamarca,Cajicá,Selección Abreviada de Menor Cuantía,Obra,Seleccionado,398504678,398227090,1,5,Mes(es),2025-03-27T00:00:00.000
CO1.BDOS.7811151,SAMC_01_2025 (Manifestación de interés (Menor Cuantía)) (Presentación de oferta),ALCALDIA MUNICIPAL DE VILLETA,Cundinamarca,Villeta,Selección Abreviada de Menor Cuantía,Obra,Seleccionado,278835654,274932095,6,2,Mes(es),2025-03-26T00:00:00.000
CO1.BDOS.7879914,INV-PUB-MC-003-2025,ALCALDIA MUNICIPAL DE SUESCA +,Cundinamarca,Suesca,Mínima cuantía,Obra,Seleccionado,36003767,35957430,3,1,Mes(es),2025-03-26T00:00:00.000
CO1.BDOS.7817660,CQ-SAMC-004-2025 (Manifestación de interés (Menor Cuantía)) (Presentación de oferta),MUNICIPIO DE CAQUEZA,Cundinamarca,Caqueza,Selección Abreviada de Menor Cuantía,Obra,Seleccionado,100000000,99957023,3,3,Mes(es),2025-03-26T00:00:00.000
CO1.BDOS.7759011,SAMC-002-2025 (Manifestación de interés (Menor Cuantía)) (Presentación de oferta),ALCALDIA DE SESQUILE,Cundinamarca,Sesquilé,Selección Abreviada de Menor Cuantía,Obra,Seleccionado,123359000,116574928,6,2,Mes(es),2025-03-25T00:00:00.000
CO1.BDOS.7732099,SAMC-0001-2025 (Manifestación de interés (Menor Cuantía)) (Presentación de oferta),MUNICIPIO DE FUNZA - ALCALDÍA DE FUNZA,Cundinamarca,Funza,Selección Abreviada de Menor Cuantía,Obra,Seleccionado,620607344,620607344,2,9,Mes(es),2025-03-25T00:00:00.000
CO1.BDOS.7732099,SAMC-0001-2025 (Manifestación de interés (Menor Cuantía)) (Presentación de oferta),MUNICIPIO DE FUNZA - ALCALDÍA DE FUNZA,Cundinamarca,Funza,Selección Abreviada de Menor Cuantía,Obra,Seleccionado,620607344,577164830,2,9,Mes(es),2025-03-25T00:00:00.000
CO1.BDOS.7689925,SAMC-002-2025 (Manifestación de interés (Menor Cuantía)) (Presentación de oferta),MUNICIPIO DE SAN FRANCISCO,Cundinamarca,San Francisco,Selección Abreviada de Menor Cuantía,Obra,Seleccionado,300000000,299999752,1,3,Mes(es),2025-03-21T00:00:00.000
CO1.BDOS.7865332,FACATATIVA-MC-013-25,ALCALDIA MUNICIPAL DE FACATATIVA,Cundinamarca,Facatativá,Mínima cuantía,Obra,Seleccionado,64057000,43441580,44,20,día(s),2025-03-21T00:00:00.000
CO1.BDOS.7777904,SAMC-003-2025 (Manifestación de interés (Menor Cuantía)) (Presentación de oferta),ALCALDIA DE SESQUILE,Cundinamarca,Sesquilé,Selección Abreviada de Menor Cuantía,Obra,Seleccionado,161972811,155622895,8,90,día(s),2025-03-20T00:00:00.000
CO1.BDOS.7777904,SAMC-003-2025 (Manifestación de interés (Menor Cuantía)) (Presentación de oferta),ALCALDIA DE SESQUILE,Cundinamarca,Sesquilé,Selección Abreviada de Menor Cuantía,Obra,Seleccionado,161972811,157078149,8,90,día(s),2025-03-20T00:00:00.000
CO1.BDOS.7584389,016-00-M-CAMAN-GRUAL-2025 (Fase de Selección (Presentación de ofertas)),COMANDO AEREO DE MANTENIMIENTO,Cundinamarca,Madrid,Licitación pública Obra Publica,Obra,Seleccionado,4181518682,3972257955,8,8,Mes(es),2025-03-10T00:00:00.000
CO1.BDOS.7634109,SAMC 002-2025 (Manifestación de interés (Menor Cuantía)) (Presentación de oferta),MUNICIPIO DE GACHANCIPA,Cundinamarca,Gachancipá,Selección Abreviada de Menor Cuantía,Obra,Seleccionado,375837826,375459331,1,4,Mes(es),2025-03-07T00:00:00.000
CO1.BDOS.7645598,LP-006-2025 (Fase de Selección (Presentación de ofertas)),ALCALDIA MUNICIPIO DE LA VEGA CUNDINAMARCA,Cundinamarca,La Vega,Licitación pública Obra Publica,Obra,Seleccionado,1059090909,976879010,98,6,Mes(es),2025-03-07T00:00:00.000
CO1.BDOS.7589229,SAMC 002- 2025 (Manifestación de interés (Menor Cuantía)) (Presentación de oferta),ALCALDIA MUNICIPIO DE NOCAIMA,Cundinamarca,Nocaima,Selección Abreviada de Menor Cuantía,Obra,Seleccionado,200000000,200000000,3,4,Mes(es),2025-03-07T00:00:00.000
CO1.BDOS.7635717,SAMC 003-2025 (Manifestación de interés (Menor Cuantía)) (Presentación de oferta),MUNICIPIO DE GACHANCIPA,Cundinamarca,Gachancipá,Selección Abreviada de Menor Cuantía,Obra,Seleccionado,370982910,370941121,2,4,Mes(es),2025-03-07T00:00:00.000
CO1.BDOS.7668208,SAMC-003-2025 (Manifestación de interés (Menor Cuantía)) (Presentación de oferta),MUNICIPIO DE ALBAN,Cundinamarca,Albán,Selección Abreviada de Menor Cuantía,Obra,Seleccionado,229373335,229212778,1,2,Mes(es),2025-03-06T00:00:00.000
CO1.BDOS.7523647,SAMC 642-2025 (Manifestación de interés (Menor Cuantía)) (Presentación de oferta),MUNICIPIO DE AGUA DE DIOS,Cundinamarca,Agua De Dios,Selección Abreviada de Menor Cuantía,Obra,Seleccionado,200000000,199800200,2,4,Mes(es),2025-03-04T00:00:00.000
CO1.BDOS.7581129,LP-005-2025 (Fase de Selección (Presentación de ofertas)),ALCALDIA MUNICIPIO DE LA VEGA CUNDINAMARCA,Cundinamarca,La Vega,Licitación pública Obra Publica,Obra,Seleccionado,2500002532,2199985727,99,6,Mes(es),2025-03-03T00:00:00.000
CO1.BDOS.7637316,SA-MC-001-2025 (Manifestación de interés (Menor Cuantía)) (Presentación de oferta),MUNICIPIO MANTA CUNDINAMARCA,Cundinamarca,Manta,Selección Abreviada de Menor Cuantía,Obra,Seleccionado,200000000,189341159,5,3,Mes(es),2025-02-28T00:00:00.000
CO1.BDOS.7569423,SAMC-001-2025 (Manifestación de interés (Menor Cuantía)) (Presentación de oferta),MUNICIPIO DE SAN FRANCISCO,Cundinamarca,San Francisco,Selección Abreviada de Menor Cuantía,Obra,Seleccionado,300000000,299992172,2,3,Mes(es),2025-02-28T00:00:00.000
CO1.BDOS.7522269,SAMC-641-2025 (Manifestación de interés (Menor Cuantía)) (Presentación de oferta),MUNICIPIO DE AGUA DE DIOS,Cundinamarca,Agua De Dios,Selección Abreviada de Menor Cuantía,Obra,Seleccionado,200000000,199700496,2,4,Mes(es),2025-02-28T00:00:00.000
CO1.BDOS.7543058,SA-01-2025 (Manifestación de interés (Menor Cuantía)) (Presentación de oferta),MUNICIPIO DE CHOCONTÁ,Cundinamarca,Chocontá,Selección Abreviada de Menor Cuantía,Obra,Seleccionado,293624905,293327799,2,2,Mes(es),2025-02-28T00:00:00.000
CO1.BDOS.7543765,SA-02-2025 (Manifestación de interés (Menor Cuantía)) (Presentación de oferta),MUNICIPIO DE CHOCONTÁ,Cundinamarca,Chocontá,Selección Abreviada de Menor Cuantía,Obra,Seleccionado,294549000,293964496,2,2,Mes(es),2025-02-28T00:00:00.000
CO1.BDOS.7607642,SAMC-001-2025 (Manifestación de interés (Menor Cuantía)) (Presentación de oferta),MUNICIPIO DE ALBAN,Cundinamarca,Albán,Selección Abreviada de Menor Cuantía,Obra,Seleccionado,100000000,99970146,2,3,Mes(es),2025-02-27T00:00:00.000
CO1.BDOS.7688994,CONV SOL 02 DE 2025,ALCALDÍA MUNICIPAL DE SASAIMA,Cundinamarca,Sasaima,Contratación Directa (con ofertas),Obra,Seleccionado,59487152,59487152,1,0,día(s),2025-02-27T00:00:00.000
CO1.BDOS.7596445,SAMC-001-2025 (Manifestación de interés (Menor Cuantía)) (Presentación de oferta),ALCALDIA DE SESQUILE,Cundinamarca,Sesquilé,Selección Abreviada de Menor Cuantía,Obra,Seleccionado,225389143,223163618,7,120,día(s),2025-02-26T00:00:00.000
CO1.BDOS.7596445,SAMC-001-2025 (Manifestación de interés (Menor Cuantía)) (Presentación de oferta),ALCALDIA DE SESQUILE,Cundinamarca,Sesquilé,Selección Abreviada de Menor Cuantía,Obra,Seleccionado,225389143,223163618,7,120,día(s),2025-02-26T00:00:00.000
CO1.BDOS.7574293,SAMC 001-2025 (Manifestación de interés (Menor Cuantía)) (Presentación de oferta),ALCALDIA MUNICIPIO DE NOCAIMA,Cundinamarca,Nocaima,Selección Abreviada de Menor Cuantía,Obra,Seleccionado,200000000,200000000,2,3,Mes(es),2025-02-24T00:00:00.000
CO1.BDOS.7521574,SAMC-640-2025 (Manifestación de interés (Menor Cuantía)) (Presentación de oferta),MUNICIPIO DE AGUA DE DIOS,Cundinamarca,Agua De Dios,Selección Abreviada de Menor Cuantía,Obra,Seleccionado,200000000,199702205,3,4,Mes(es),2025-02-24T00:00:00.000
CO1.BDOS.7521574,SAMC-640-2025 (Manifestación de interés (Menor Cuantía)) (Presentación de oferta),MUNICIPIO DE AGUA DE DIOS,Cundinamarca,Agua De Dios,Selección Abreviada de Menor Cuantía,Obra,Seleccionado,200000000,199748589,3,4,Mes(es),2025-02-24T00:00:00.000
CO1.BDOS.7503189,SAMC-004-2025 (Manifestación de interés (Menor Cuantía)) (Presentación de oferta),ALCALDIA MUNICIPIO DE LA VEGA CUNDINAMARCA,Cundinamarca,La Vega,Selección Abreviada de Menor Cuantía,Obra,Seleccionado,325524548,323024782,1,0,día(s),2025-02-20T00:00:00.000
CO1.BDOS.7476187,SAMC-002-2025 (Manifestación de interés (Menor Cuantía)) (Presentación de oferta),MUNICIPIO DE VILLAPINZON,Cundinamarca,Villapinzón,Selección Abreviada de Menor Cuantía,Obra,Seleccionado,154434783,154434783,1,0,día(s),2025-02-14T00:00:00.000
CO1.BDOS.7570793,MC-002-2025,MUNICIPIO DE MACHETA,Cundinamarca,Macheta,Mínima cuantía,Obra,Seleccionado,12500000,12500000,2,1,Mes(es),2025-02-12T00:00:00.000
CO1.BDOS.7570793,MC-002-2025,MUNICIPIO DE MACHETA,Cundinamarca,Macheta,Mínima cuantía,Obra,Seleccionado,12500000,12500000,2,1,Mes(es),2025-02-12T00:00:00.000
CO1.BDOS.7576991,CONV SOL 01 DE 2025,ALCALDÍA MUNICIPAL DE SASAIMA,Cundinamarca,Sasaima,Contratación Directa (con ofertas),Obra,Seleccionado,59487152,59487152,1,0,día(s),2025-02-12T00:00:00.000
CO1.BDOS.7562808,MC-003-2025,ALCALDIA MUNICIPIO DE LA VEGA CUNDINAMARCA,Cundinamarca,La Vega,Mínima cuantía,Obra,Seleccionado,35143480,35105060,1,1,Mes(es),2025-02-11T00:00:00.000
CO1.BDOS.7390602,LP-004-2025 (Fase de Selección (Presentación de ofertas)),ALCALDIA MUNICIPIO DE LA VEGA CUNDINAMARCA,Cundinamarca,La Vega,Licitación pública Obra Publica,Obra,Seleccionado,400000000,399923435,2,4,Mes(es),2025-02-11T00:00:00.000
CO1.BDOS.7309692,LP-001-2025_1 (Fase de Selección (Presentación de ofertas)),ALCALDIA MUNICIPIO DE LA VEGA CUNDINAMARCA,Cundinamarca,La Vega,Licitación pública Obra Publica,Obra,Seleccionado,402123000,402006307,6,4,Mes(es),2025-02-08T00:00:00.000
CO1.BDOS.7374155,LP-002-2025 (Fase de Selección (Presentación de ofertas)),ALCALDIA MUNICIPIO DE LA VEGA CUNDINAMARCA,Cundinamarca,La Vega,Licitación pública Obra Publica,Obra,Seleccionado,420695000,420572768,5,4,Mes(es),2025-02-08T00:00:00.000
CO1.BDOS.7374155,LP-002-2025 (Fase de Selección (Presentación de ofertas)),ALCALDIA MUNICIPIO DE LA VEGA CUNDINAMARCA,Cundinamarca,La Vega,Licitación pública Obra Publica,Obra,Seleccionado,420695000,420572768,5,4,Mes(es),2025-02-08T00:00:00.000
CO1.BDOS.7484746,MC-002-2025,ALCALDIA MUNICIPIO DE LA VEGA CUNDINAMARCA,Cundinamarca,La Vega,Mínima cuantía,Obra,Seleccionado,39450892,39350800,2,1,Mes(es),2025-01-31T00:00:00.000
CO1.BDOS.7238071,SAMC-029-2024 (Manifestación de interés (Menor Cuantía)) (Presentación de oferta),MUNICIPIO DE UBATE,Cundinamarca,Villa De San Diego De Ubate,Selección Abreviada de Menor Cuantía,Obra,Seleccionado,80000000,79609555,1,1,Mes(es),2025-01-30T00:00:00.000
CO1.BDOS.7228708,SAMC 015-2024 (Manifestación de interés (Menor Cuantía)) (Presentación de oferta),ALCALDIA MUNICIPIO DE NOCAIMA,Cundinamarca,Nocaima,Selección Abreviada de Menor Cuantía,Obra,Seleccionado,57603182,57603182,2,3,Mes(es),2025-01-23T00:00:00.000
CO1.BDOS.7231368,SAMC 016-2024 (Manifestación de interés (Menor Cuantía)) (Presentación de oferta),ALCALDIA MUNICIPIO DE NOCAIMA,Cundinamarca,Nocaima,Selección Abreviada de Menor Cuantía,Obra,Seleccionado,79979450,79686948,1,3,Mes(es),2025-01-22T00:00:00.000
CO1.BDOS.7240312,SAMC-023-2024 (Manifestación de interés (Menor Cuantía)) (Presentación de oferta),MUNICIPIO DE COGUA,Cundinamarca,Cogua,Selección Abreviada de Menor Cuantía,Obra,Seleccionado,130645429,129998276,1,6,Mes(es),2025-01-17T00:00:00.000
CO1.BDOS.7220203,LPO-004-2024 (Fase de Selección (Presentación de ofertas)),MUNICIPIO DE LA CALERA CUNDINAMARCA,Cundinamarca,La Calera,Licitación pública Obra Publica,Obra,Seleccionado,571176989,568873959,1,8,Mes(es),2025-01-10T00:00:00.000
CO1.BDOS.7207522,SAMC-022-2024 (Manifestación de interés (Menor Cuantía)) (Presentación de oferta),MUNICIPIO DE COGUA,Cundinamarca,Cogua,Selección Abreviada de Menor Cuantía,Obra,Seleccionado,80000000,76376308,3,3,Mes(es),2025-01-08T00:00:00.000
CO1.BDOS.7161850,LP-01-2024 (Fase de Selección (Presentación de ofertas)),EMPRESA DE SERVICIOS PUBLICOS DE COTA SA ESP,Cundinamarca,Cota,Licitación pública Obra Publica,Obra,Seleccionado,2272722842,2071597644,30,0,día(s),2024-12-26T00:00:00.000
CO1.BDOS.7174484,SAMC-020-2024 (Manifestación de interés (Menor Cuantía)) (Presentación de oferta),MUNICIPIO DE COGUA,Cundinamarca,Cogua,Selección Abreviada de Menor Cuantía,Obra,Seleccionado,100000000,96199536,4,6,Mes(es),2024-12-23T00:00:00.000
CO1.BDOS.7158501,SAMC-012-2024 (Manifestación de interés (Menor Cuantía)) (Presentación de oferta),ALCALDIA MUNICIPAL DE SUTATAUSA,Cundinamarca,Sutatausa,Selección Abreviada de Menor Cuantía,Obra,Seleccionado,213241476,199292372,2,2,Mes(es),2024-12-21T00:00:00.000
CO1.BDOS.7136986,SAMC-011-2024 (Manifestación de interés (Menor Cuantía)) (Presentación de oferta),ALCALDIA MUNICIPAL DE SUTATAUSA,Cundinamarca,Sutatausa,Selección Abreviada de Menor Cuantía,Obra,Seleccionado,178345293,178334898,2,2,Mes(es),2024-12-20T00:00:00.000
CO1.BDOS.7163732,SAMC-009-2024 (Manifestación de interés (Menor Cuantía)) (Presentación de oferta),MUNICIPIO DE PACHO,Cundinamarca,Pacho,Selección Abreviada de Menor Cuantía,Obra,Seleccionado,125613141,125604237,2,2,Mes(es),2024-12-19T00:00:00.000
CO1.BDOS.7205212,MC 052-2024,ALCALDIA MUNICIPIO DE RICAURTE,Cundinamarca,Ricaurte,Mínima cuantía,Obra,Seleccionado,30998767,30996197,3,0,día(s),2024-12-19T00:00:00.000
CO1.BDOS.7149470,SAMC-004-2024 (Manifestación de interés (Menor Cuantía)) (Presentación de oferta),ALCALDÍA NEMOCON,Cundinamarca,Nemocón,Selección Abreviada de Menor Cuantía,Obra,Seleccionado,363486704,363475989,1,4,Mes(es),2024-12-19T00:00:00.000
CO1.BDOS.7102321,SAMC-SP-008-2024 (Manifestación de interés (Menor Cuantía)) (Presentación de oferta),MUNICIPIO DE SAN FRANCISCO,Cundinamarca,San Francisco,Selección Abreviada de Menor Cuantía,Obra,Seleccionado,87357400,87357060,1,1,Mes(es),2024-12-18T00:00:00.000
CO1.BDOS.7102321,SAMC-SP-008-2024 (Manifestación de interés (Menor Cuantía)) (Presentación de oferta),MUNICIPIO DE SAN FRANCISCO,Cundinamarca,San Francisco,Selección Abreviada de Menor Cuantía,Obra,Seleccionado,87357400,87357060,1,1,Mes(es),2024-12-18T00:00:00.000
CO1.BDOS.7142950,SAMC-014-2024 (Manifestación de interés (Menor Cuantía)) (Presentación de oferta),ALCALDIA MUNICIPIO DE ZIPAQUIRA,Cundinamarca,Zipaquirá,Selección Abreviada de Menor Cuantía,Obra,Seleccionado,148168226,148101525,2,5,Mes(es),2024-12-18T00:00:00.000
CO1.BDOS.7147246,SA-035-2024 (Manifestación de interés (Menor Cuantía)) (Presentación de oferta),CUNDINAMARCA-ALCALDIA MUNICIPIO MOSQUERA,Cundinamarca,Mosquera,Selección Abreviada de Menor Cuantía,Obra,Seleccionado,149992727,147407304,1,45,día(s),2024-12-18T00:00:00.000
CO1.BDOS.7131558,SAMC-011-2024 (Manifestación de interés (Menor Cuantía)) (Presentación de oferta),MUNICIPIO DE VILLAPINZON,Cundinamarca,Villapinzón,Selección Abreviada de Menor Cuantía,Obra,Seleccionado,66820950,66820950,1,1,día(s),2024-12-17T00:00:00.000
CO1.BDOS.7121228,LP-014-2024 (Fase de Selección (Presentación de ofertas)),MUNICIPIO DE TENJO,Cundinamarca,Tenjo,Licitación pública Obra Publica,Obra,Seleccionado,1589307504,1507873305,60,6,Mes(es),2024-12-17T00:00:00.000
CO1.BDOS.7188102,CMC-061-2024,ALCALDIA MUNICIPAL DE PUERTO SALGAR,Cundinamarca,Puerto Salgar,Mínima cuantía,Obra,Seleccionado,36000000,36000000,1,0,día(s),2024-12-16T00:00:00.000
CO1.BDOS.7124661,SAMC-006-2024 (Manifestación de interés (Menor Cuantía)) (Presentación de oferta),ALCALDIA DE TABIO,Cundinamarca,Tabio,Selección Abreviada de Menor Cuantía,Obra,Seleccionado,99812391,99752291,1,3,día(s),2024-12-16T00:00:00.000
CO1.BDOS.7193703,IMCTT-MC-018-2024,INSTITUTO MUNICIPAL DE CULTURA Y TURISMO DE TENJO,Cundinamarca,Tenjo,Mínima cuantía,Obra,Seleccionado,36155000,36040715,2,10,día(s),2024-12-16T00:00:00.000
CO1.BDOS.7110070,SAMC 008-2024 (Manifestación de interés (Menor Cuantía)) (Presentación de oferta),ALCALDIA MUNICIPIO DE RICAURTE,Cundinamarca,Ricaurte,Selección Abreviada de Menor Cuantía,Obra,Seleccionado,119196900,111534242,1,2,Mes(es),2024-12-16T00:00:00.000
CO1.BDOS.7117315,SAMC-025-2024 (Manifestación de interés (Menor Cuantía)) (Presentación de oferta),MUNICIPIO DE UBATE,Cundinamarca,Villa De San Diego De Ubate,Selección Abreviada de Menor Cuantía,Obra,Seleccionado,50000000,43028960,3,1,Mes(es),2024-12-16T00:00:00.000
CO1.BDOS.7184696,MC-041-2024,ALCALDIA MUNICIPAL DE CHIA,Cundinamarca,Chía,Mínima cuantía,Obra,Seleccionado,58368737,58133608,1,2,Mes(es),2024-12-13T00:00:00.000
CO1.BDOS.7095136,SAMC-023-2024 (Manifestación de interés (Menor Cuantía)) (Presentación de oferta),MUNICIPIO DE UBATE,Cundinamarca,Villa De San Diego De Ubate,Selección Abreviada de Menor Cuantía,Obra,Seleccionado,360000000,359806485,2,3,Mes(es),2024-12-12T00:00:00.000
CO1.BDOS.7167375,MC-062-2024,ALCALDIA MUNICIPAL DE GACHETA,Cundinamarca,Gachetá,Mínima cuantía,Obra,Seleccionado,35961345,30649373,4,12,día(s),2024-12-11T00:00:00.000
CO1.BDOS.7169532,IC-019-2024,CATEDRAL DE SAL DE ZIPAQUIRÁ SASEM,Cundinamarca,Zipaquirá,Contratación régimen especial (con ofertas),Obra,Seleccionado,441518664,441518664,2,3,Mes(es),2024-12-10T00:00:00.000
CO1.BDOS.7094645,LP-013-2024 (Fase de Selección (Presentación de ofertas)),MUNICIPIO DE FUNZA - ALCALDÍA DE FUNZA,Cundinamarca,Funza,Licitación pública Obra Publica,Obra,Seleccionado,819944390,756856649,11,4,Mes(es),2024-12-10T00:00:00.000
CO1.BDOS.7158579,MC-045-2024,ALCALDIA MUNICIPAL DE EL COLEGIO,Cundinamarca,El Colegio,Mínima cuantía,Obra,Seleccionado,20200441,20200441,1,15,día(s),2024-12-09T00:00:00.000
CO1.BDOS.7110250,SAMC.OP-003-2024 (Manifestación de interés (Menor Cuantía)) (Presentación de oferta),MUNICIPIO DE LA CALERA CUNDINAMARCA,Cundinamarca,La Calera,Selección Abreviada de Menor Cuantía,Obra,Seleccionado,124690204,117273499,3,5,día(s),2024-12-09T00:00:00.000
CO1.BDOS.7158707,CONV_SOL_15_2024,ALCALDIA MUNICIPAL DE VILLETA,Cundinamarca,Villeta,Contratación Directa (con ofertas),Obra,Seleccionado,36001784,36001784,1,0,día(s),2024-12-09T00:00:00.000
CO1.BDOS.7158904,CONV_SOL_13_2024,ALCALDIA MUNICIPAL DE VILLETA,Cundinamarca,Villeta,Contratación Directa (con ofertas),Obra,Seleccionado,36001784,36001784,1,0,día(s),2024-12-09T00:00:00.000
CO1.BDOS.7158622,CONV_SOL_17_2024,ALCALDIA MUNICIPAL DE VILLETA,Cundinamarca,Villeta,Contratación Directa (con ofertas),Obra,Seleccionado,36001784,36001784,1,0,día(s),2024-12-09T00:00:00.000
CO1.BDOS.7072851,SAMC-005 DE 2024 (Manifestación de interés (Menor Cuantía)) (Presentación de oferta),MUNICIPIO DE LENGUAZAQUE,Cundinamarca,Lenguazaque,Selección Abreviada de Menor Cuantía,Obra,Seleccionado,110651914,110619142,2,1,Mes(es),2024-12-09T00:00:00.000
CO1.BDOS.7088277,LP 003-2024 (Fase de Selección (Presentación de ofertas)),CUNDEPORTES FUNZA,Cundinamarca,Funza,Licitación pública Obra Publica,Obra,Seleccionado,1544675013,1452216383,21,150,día(s),2024-12-09T00:00:00.000
CO1.BDOS.7081257,LP-001-2024 (Fase de Selección (Presentación de ofertas)),MUNICIPIO DE COGUA,Cundinamarca,Cogua,Licitación pública Obra Publica,Obra,Seleccionado,767240205,730322158,71,6,Mes(es),2024-12-09T00:00:00.000
CO1.BDOS.7073280,LP-012-2024 (Fase de Selección (Presentación de ofertas)),MUNICIPIO DE TENJO,Cundinamarca,Tenjo,Licitación pública Obra Publica,Obra,Seleccionado,13645501998,12980414684,22,20,Mes(es),2024-12-09T00:00:00.000
CO1.BDOS.7158711,CONV_SOL_16_2024,ALCALDIA MUNICIPAL DE VILLETA,Cundinamarca,Villeta,Contratación Directa (con ofertas),Obra,Seleccionado,36001784,36001784,1,0,día(s),2024-12-09T00:00:00.000
CO1.BDOS.7158705,CONV SOL 14 2024,ALCALDIA MUNICIPAL DE VILLETA,Cundinamarca,Villeta,Contratación Directa (con ofertas),Obra,Seleccionado,36001784,36001784,1,0,día(s),2024-12-09T00:00:00.000
CO1.BDOS.7149631,CONV_SOL_11_2024,ALCALDIA MUNICIPAL DE VILLETA,Cundinamarca,Villeta,Contratación Directa (con ofertas),Obra,Seleccionado,36001784,36001784,1,0,día(s),2024-12-06T00:00:00.000
CO1.BDOS.7149991,CONV_SOL_12_2024,ALCALDIA MUNICIPAL DE VILLETA,Cundinamarca,Villeta,Contratación Directa (con ofertas),Obra,Seleccionado,36001784,36001784,1,0,día(s),2024-12-06T00:00:00.000
CO1.BDOS.7153374,CONV_SOL_10_2024,ALCALDIA MUNICIPAL DE VILLETA,Cundinamarca,Villeta,Contratación Directa (con ofertas),Obra,Seleccionado,19071766,19071766,1,0,día(s),2024-12-06T00:00:00.000
CO1.BDOS.6990579,LP-010-2024 (Fase de Selección (Presentación de ofertas)),CUNDINAMARCA-ALCALDIA MUNICIPIO MOSQUERA,Cundinamarca,Mosquera,Licitación pública Obra Publica,Obra,Seleccionado,860012716,815563985,37,4,Mes(es),2024-12-05T00:00:00.000
CO1.BDOS.7139673,MC-39-2024,MUNICIPIO DE CHOCONTÁ,Cundinamarca,Chocontá,Mínima cuantía,Obra,Seleccionado,36400000,36391345,1,10,día(s),2024-12-04T00:00:00.000
CO1.BDOS.7066782,SAMC-014-2024 (Manifestación de interés (Menor Cuantía)) (Presentación de oferta),ALCALDÍA MUNICIPAL DE MADRID CUNDINAMARCA,Cundinamarca,Madrid,Selección Abreviada de Menor Cuantía,Obra,Seleccionado,294547143,287772123,0,20,día(s),2024-12-03T00:00:00.000
CO1.BDOS.7132779,MC. 032-2024,ALCALDIA MUNICIPAL DE BOJACA,Cundinamarca,Bojacá,Mínima cuantía,Obra,Seleccionado,21676753,21676753,1,8,día(s),2024-12-03T00:00:00.000
CO1.BDOS.7030910,SA 2024-0719 (Manifestación de interés (Menor Cuantía)) (Presentación de oferta),ALCALDIA MUNICIPAL FUSAGASUGA,Cundinamarca,Fusagasugá,Selección Abreviada de Menor Cuantía,Obra,Seleccionado,158467253,158454557,1,2,Mes(es),2024-12-03T00:00:00.000
CO1.BDOS.7066782,SAMC-014-2024 (Manifestación de interés (Menor Cuantía)) (Presentación de oferta),ALCALDÍA MUNICIPAL DE MADRID CUNDINAMARCA,Cundinamarca,Madrid,Selección Abreviada de Menor Cuantía,Obra,Seleccionado,294547143,285595179,0,20,día(s),2024-12-03T00:00:00.000
CO1.BDOS.7132988,MC. 033-2024,ALCALDIA MUNICIPAL DE BOJACA,Cundinamarca,Bojacá,Mínima cuantía,Obra,Seleccionado,36400000,36400000,1,8,día(s),2024-12-03T00:00:00.000
CO1.BDOS.7130710,MC 044-2024,ALCALDIA MUNICIPIO DE RICAURTE,Cundinamarca,Ricaurte,Mínima cuantía,Obra,Seleccionado,36214517,36197280,2,0,día(s),2024-12-03T00:00:00.000
CO1.BDOS.7133612,MC. 036-2024,ALCALDIA MUNICIPAL DE BOJACA,Cundinamarca,Bojacá,Mínima cuantía,Obra,Seleccionado,32940587,26186682,3,10,día(s),2024-12-03T00:00:00.000
CO1.BDOS.7133350,MC. 034-2024,ALCALDIA MUNICIPAL DE BOJACA,Cundinamarca,Bojacá,Mínima cuantía,Obra,Seleccionado,36362000,36400000,3,8,día(s),2024-12-03T00:00:00.000
CO1.BDOS.7046022,SAMC. 008-2024 (Manifestación de interés (Menor Cuantía)) (Presentación de oferta),ALCALDIA MUNICIPAL DE BOJACA,Cundinamarca,Bojacá,Selección Abreviada de Menor Cuantía,Obra,Seleccionado,85630405,85630394,1,10,día(s),2024-12-02T00:00:00.000
CO1.BDOS.7048129,LP-009-22024 (Fase de Selección (Presentación de ofertas)),MUNICIPIO DE FUNZA - ALCALDÍA DE FUNZA,Cundinamarca,Funza,Licitación pública Obra Publica,Obra,Seleccionado,12234862063,11231872495,38,6,Mes(es),2024-11-29T00:00:00.000
CO1.BDOS.7015961,SAMC-012-2024 (Manifestación de interés (Menor Cuantía)) (Presentación de oferta),ALCALDIA MUNICIPAL TAUSA,Cundinamarca,Tausa,Selección Abreviada de Menor Cuantía,Obra,Seleccionado,80000000,79200000,1,15,día(s),2024-11-28T00:00:00.000
CO1.BDOS.7036459,MA-SAMC-004-2024 (Manifestación de interés (Menor Cuantía)) (Presentación de oferta),ALCALDIA MUNICIPIO DE ANOLAIMA,Cundinamarca,Anolaima,Selección Abreviada de Menor Cuantía,Obra,Seleccionado,149963270,142364131,1,30,día(s),2024-11-28T00:00:00.000
CO1.BDOS.7039216,LP-010-2024  (Fase de Selección (Presentación de ofertas)),MUNICIPIO DE FUNZA - ALCALDÍA DE FUNZA,Cundinamarca,Funza,Licitación pública Obra Publica,Obra,Seleccionado,5977863038,5713639120,9,0,día(s),2024-11-28T00:00:00.000
CO1.BDOS.7012029,LP-007-2024 (Fase de Selección (Presentación de ofertas)),MUNICIPIO DE SOACHA..,Cundinamarca,Soacha,Licitación pública Obra Publica,Obra,Seleccionado,3078526000,3078526000,2,12,Mes(es),2024-11-27T00:00:00.000
CO1.BDOS.6965602,SA-011-2024 (Manifestación de interés (Menor Cuantía)) (Presentación de oferta),MUNICIPIO DE LA MESA,Cundinamarca,La Mesa,Selección Abreviada de Menor Cuantía,Obra,Seleccionado,226762873,226762862,1,20,día(s),2024-11-27T00:00:00.000
CO1.BDOS.7103513,MA-MC-037-2024,ALCALDIA MUNICIPIO DE ANOLAIMA,Cundinamarca,Anolaima,Mínima cuantía,Obra,Seleccionado,36358867,36200231,2,30,día(s),2024-11-27T00:00:00.000
CO1.BDOS.7037811,SAMC 007-2024 (Manifestación de interés (Menor Cuantía)) (Presentación de oferta),ALCALDIA MUNICIPIO DE RICAURTE,Cundinamarca,Ricaurte,Selección Abreviada de Menor Cuantía,Obra,Seleccionado,363776487,363776487,1,6,Mes(es),2024-11-27T00:00:00.000
CO1.BDOS.7037811,SAMC 007-2024 (Manifestación de interés (Menor Cuantía)) (Presentación de oferta),ALCALDIA MUNICIPIO DE RICAURTE,Cundinamarca,Ricaurte,Selección Abreviada de Menor Cuantía,Obra,Seleccionado,363776487,363776487,1,6,Mes(es),2024-11-27T00:00:00.000
CO1.BDOS.7037811,SAMC 007-2024 (Manifestación de interés (Menor Cuantía)) (Presentación de oferta),ALCALDIA MUNICIPIO DE RICAURTE,Cundinamarca,Ricaurte,Selección Abreviada de Menor Cuantía,Obra,Seleccionado,363776487,363776487,1,6,Mes(es),2024-11-27T00:00:00.000
CO1.BDOS.7017411,SA 2024-0709 (Manifestación de interés (Menor Cuantía)) (Presentación de oferta),ALCALDIA MUNICIPAL FUSAGASUGA,Cundinamarca,Fusagasugá,Selección Abreviada de Menor Cuantía,Obra,Seleccionado,368286366,365236312,2,2,Mes(es),2024-11-27T00:00:00.000
CO1.BDOS.7031300,SAMC-012-2024 (Manifestación de interés (Menor Cuantía)) (Presentación de oferta),MUNICIPIO DE COGUA,Cundinamarca,Cogua,Selección Abreviada de Menor Cuantía,Obra,Seleccionado,200000000,188001331,3,2,Mes(es),2024-11-27T00:00:00.000
CO1.BDOS.7093522,INV-MIN- PUB-033-2024,ALCALDIA MUNICIPAL DE SUESCA +,Cundinamarca,Suesca,Mínima cuantía,Obra,Seleccionado,36377849,36377849,1,20,día(s),2024-11-26T00:00:00.000
CO1.BDOS.7031275,LP-008-2024 (Fase de Selección (Presentación de ofertas)),MUNICIPIO DE FUNZA - ALCALDÍA DE FUNZA,Cundinamarca,Funza,Licitación pública Obra Publica,Obra,Seleccionado,2736826414,2573711415,45,0,día(s),2024-11-26T00:00:00.000
CO1.BDOS.7018509,MA-SAMC-003-2024 (Manifestación de interés (Menor Cuantía)) (Presentación de oferta),ALCALDIA MUNICIPIO DE ANOLAIMA,Cundinamarca,Anolaima,Selección Abreviada de Menor Cuantía,Obra,Seleccionado,42187600,40039650,1,30,día(s),2024-11-26T00:00:00.000
CO1.BDOS.7093522,INV-MIN- PUB-033-2024,ALCALDIA MUNICIPAL DE SUESCA +,Cundinamarca,Suesca,Mínima cuantía,Obra,Seleccionado,36377849,36377849,1,20,día(s),2024-11-26T00:00:00.000
CO1.BDOS.7091868,MC. 028-2024,ALCALDIA MUNICIPAL DE BOJACA,Cundinamarca,Bojacá,Mínima cuantía,Obra,Seleccionado,27910000,27910000,1,5,día(s),2024-11-25T00:00:00.000
CO1.BDOS.7086603,MC-CMC-CDA-023-2024,SENA REGIONAL CUNDINAMARCA Grupo Administrativo CDA,Cundinamarca,Chía,Mínima cuantía,Obra,Seleccionado,45000000,45000000,2,0,día(s),2024-11-25T00:00:00.000
CO1.BDOS.7092082,IMCTT-MC-016-2024,INSTITUTO MUNICIPAL DE CULTURA Y TURISMO DE TENJO,Cundinamarca,Tenjo,Mínima cuantía,Obra,Seleccionado,35833714,35516739,3,20,día(s),2024-11-25T00:00:00.000
CO1.BDOS.7001130,LP-007-2024 (Fase de Selección (Presentación de ofertas)),MUNICIPIO DE FUNZA - ALCALDÍA DE FUNZA,Cundinamarca,Funza,Licitación pública Obra Publica,Obra,Seleccionado,1065897418,997145112,59,3,Mes(es),2024-11-22T00:00:00.000
CO1.BDOS.7074431,MA-MC-034-2024,ALCALDIA MUNICIPIO DE ANOLAIMA,Cundinamarca,Anolaima,Mínima cuantía,Obra,Seleccionado,7994711,7994600,1,30,día(s),2024-11-21T00:00:00.000
CO1.BDOS.7071577,INV-MIN- PUB-032-2024,ALCALDIA MUNICIPAL DE SUESCA +,Cundinamarca,Suesca,Mínima cuantía,Obra,Seleccionado,35998320,35998320,1,1,Mes(es),2024-11-21T00:00:00.000
CO1.BDOS.6974964,SAMC-025-2024 (Manifestación de interés (Menor Cuantía)) (Presentación de oferta),ALCALDIA MUNICIPIO DE CAJICA,Cundinamarca,Cajicá,Selección Abreviada de Menor Cuantía,Obra,Seleccionado,581265306,581264952,2,6,Mes(es),2024-11-20T00:00:00.000
CO1.BDOS.7067326,MC-047-2024,ALCALDIA MUNICIPAL DE GACHETA,Cundinamarca,Gachetá,Mínima cuantía,Obra,Seleccionado,36320861,36218653,1,30,día(s),2024-11-20T00:00:00.000
CO1.BDOS.6979056,SA 2024-0651 (Manifestación de interés (Menor Cuantía)) (Presentación de oferta),ALCALDIA MUNICIPAL FUSAGASUGA,Cundinamarca,Fusagasugá,Selección Abreviada de Menor Cuantía,Obra,Seleccionado,442662382,442534524,1,30,día(s),2024-11-20T00:00:00.000
CO1.BDOS.7065589,MC-046-2021,ALCALDIA MUNICIPAL DE GACHETA,Cundinamarca,Gachetá,Mínima cuantía,Obra,Seleccionado,19978095,19915991,1,30,día(s),2024-11-20T00:00:00.000
CO1.BDOS.6979056,SA 2024-0651 (Manifestación de interés (Menor Cuantía)) (Presentación de oferta),ALCALDIA MUNICIPAL FUSAGASUGA,Cundinamarca,Fusagasugá,Selección Abreviada de Menor Cuantía,Obra,Seleccionado,442662382,442534524,1,30,día(s),2024-11-20T00:00:00.000
CO1.BDOS.7067326,MC-047-2024,ALCALDIA MUNICIPAL DE GACHETA,Cundinamarca,Gachetá,Mínima cuantía,Obra,Seleccionado,36320861,36218653,1,30,día(s),2024-11-20T00:00:00.000
CO1.BDOS.6941036,LICITACION PUBLICA 089-2024 (Fase de Selección (Presentación de ofertas)),MUNICIPIO DE ANAPOIMA/,Cundinamarca,No Definido,Licitación pública Obra Publica,Obra,Seleccionado,12685003524,12672048881,1,11,Mes(es),2024-11-19T00:00:00.000
CO1.BDOS.6977121,SAMC-027-2024 (Manifestación de interés (Menor Cuantía)) (Presentación de oferta),ALCALDIA MUNICIPIO DE CAJICA,Cundinamarca,Cajicá,Selección Abreviada de Menor Cuantía,Obra,Seleccionado,582000000,581708779,1,6,día(s),2024-11-19T00:00:00.000
CO1.BDOS.6988499,SAMC 006-2024 (Manifestación de interés (Menor Cuantía)) (Presentación de oferta),ALCALDIA MUNICIPIO DE RICAURTE,Cundinamarca,Ricaurte,Selección Abreviada de Menor Cuantía,Obra,Seleccionado,68449323,68449323,1,1,Mes(es),2024-11-19T00:00:00.000
CO1.BDOS.6978407,SAMC-028-2024 (Manifestación de interés (Menor Cuantía)) (Presentación de oferta),ALCALDIA MUNICIPIO DE CAJICA,Cundinamarca,Cajicá,Selección Abreviada de Menor Cuantía,Obra,Seleccionado,223500550,162066056,0,3,Mes(es),2024-11-19T00:00:00.000
CO1.BDOS.6978407,SAMC-028-2024 (Manifestación de interés (Menor Cuantía)) (Presentación de oferta),ALCALDIA MUNICIPIO DE CAJICA,Cundinamarca,Cajicá,Selección Abreviada de Menor Cuantía,Obra,Seleccionado,223500550,222433134,0,3,Mes(es),2024-11-19T00:00:00.000
CO1.BDOS.7057724,MC-070-2024,MUNICIPIO DE VILLAPINZON,Cundinamarca,Villapinzón,Mínima cuantía,Obra,Seleccionado,36400000,36400000,1,0,día(s),2024-11-19T00:00:00.000
CO1.BDOS.6897414,SA 2024-0598 (Manifestación de interés (Menor Cuantía)) (Presentación de oferta),ALCALDIA MUNICIPAL FUSAGASUGA,Cundinamarca,Fusagasugá,Selección Abreviada de Menor Cuantía,Obra,Seleccionado,581620123,553988878,7,2,Mes(es),2024-11-19T00:00:00.000
CO1.BDOS.6977322,SAMC-003-2024 (Manifestación de interés (Menor Cuantía)) (Presentación de oferta),INSTITUTO MUNICIPAL DE RECREACIÓN Y DEPORTES DE CHIA,Cundinamarca,Chía,Selección Abreviada de Menor Cuantía,Obra,Seleccionado,249081561,248705323,1,10,día(s),2024-11-19T00:00:00.000
CO1.BDOS.6953509,LP-001-2024 (Fase de Selección (Presentación de ofertas)),INSTITUTO MUNICIPAL DE VIVIENDA DE INTERÉS SOCIAL CAJICA,Cundinamarca,Cajicá,Licitación pública Obra Publica,Obra,Seleccionado,1210117716,1208847876,1,7,Mes(es),2024-11-18T00:00:00.000
CO1.BDOS.6979263,SAMC 176-2024 (Manifestación de interés (Menor Cuantía)) (Presentación de oferta),IDERF,Cundinamarca,Fusagasugá,Selección Abreviada de Menor Cuantía,Obra,Seleccionado,163865508,161148208,1,20,día(s),2024-11-18T00:00:00.000
CO1.BDOS.7055079,MC-029-2024,MUNICIPIO DE ALBAN,Cundinamarca,Albán,Mínima cuantía,Obra,Seleccionado,36377275,34941295,1,42,día(s),2024-11-18T00:00:00.000
CO1.BDOS.7049688,MC. 025-2024,ALCALDIA MUNICIPAL DE BOJACA,Cundinamarca,Bojacá,Mínima cuantía,Obra,Seleccionado,36400000,32439657,3,30,día(s),2024-11-18T00:00:00.000
CO1.BDOS.6942755,SA-030-2024 (Manifestación de interés (Menor Cuantía)) (Presentación de oferta),CUNDINAMARCA-ALCALDIA MUNICIPIO MOSQUERA,Cundinamarca,Mosquera,Selección Abreviada de Menor Cuantía,Obra,Seleccionado,381999786,378846263,1,30,día(s),2024-11-15T00:00:00.000
CO1.BDOS.7023956,SMC 017-2024,ALCALDIA MUNICIPIO DE NOCAIMA,Cundinamarca,Nocaima,Mínima cuantía,Obra,Seleccionado,20000000,20000000,2,45,día(s),2024-11-13T00:00:00.000
CO1.BDOS.7025944,072-00-M-CAMAN-GRUAL-2024,COMANDO AEREO DE MANTENIMIENTO,Cundinamarca,Madrid,Mínima cuantía,Obra,Seleccionado,25431629,25431629,3,30,día(s),2024-11-13T00:00:00.000
CO1.BDOS.7028797,IPMC-028-2024,MUNICIPIO DE COGUA,Cundinamarca,Cogua,Mínima cuantía,Obra,Seleccionado,36400000,36144672,2,1,Mes(es),2024-11-13T00:00:00.000
CO1.BDOS.6935911,LP-002-2024 (Fase de Selección (Presentación de ofertas)),IDUVI,Cundinamarca,Chía,Licitación pública Obra Publica,Obra,Seleccionado,1158650551,1109429858,28,180,día(s),2024-11-13T00:00:00.000
CO1.BDOS.6940560,SAMC-023-2024 (Manifestación de interés (Menor Cuantía)) (Presentación de oferta),ALCALDIA MUNICIPIO DE CAJICA,Cundinamarca,Cajicá,Selección Abreviada de Menor Cuantía,Obra,Seleccionado,154845908,154780952,1,3,Mes(es),2024-11-12T00:00:00.000
CO1.BDOS.6908261,SAMC-026-2024 (Manifestación de interés (Menor Cuantía)) (Presentación de oferta),ALCALDIA MUNICIPIO DE LA VEGA CUNDINAMARCA,Cundinamarca,La Vega,Selección Abreviada de Menor Cuantía,Obra,Seleccionado,324072427,322035188,3,1,Mes(es),2024-11-12T00:00:00.000
CO1.BDOS.7021020,SMIN-033-2024,ALCALDIA MUNICIPIO DE ZIPAQUIRA,Cundinamarca,Zipaquirá,Mínima cuantía,Obra,Seleccionado,54172000,54137156,1,1,Mes(es),2024-11-12T00:00:00.000
CO1.BDOS.6930879,LP-005-2024 (Presentación de oferta),INSTITUTO MUNICIPAL DE RECREACION Y DEPORTE DE COTA CUNDINAMARCA,Cundinamarca,Cota,Licitación pública,Obra,Seleccionado,417600000,413408529,1,40,día(s),2024-11-12T00:00:00.000
CO1.BDOS.6912871,SAMC-011-2024 (Manifestación de interés (Menor Cuantía)) (Presentación de oferta),ALCALDIA MUNICIPIO DE ZIPAQUIRA,Cundinamarca,Zipaquirá,Selección Abreviada de Menor Cuantía,Obra,Seleccionado,299963583,299854985,2,5,Mes(es),2024-11-12T00:00:00.000
CO1.BDOS.7009286,MC-069-2024,MUNICIPIO DE VILLAPINZON,Cundinamarca,Villapinzón,Mínima cuantía,Obra,Seleccionado,36400000,36400000,1,40,día(s),2024-11-12T00:00:00.000
CO1.BDOS.6923510,SA-AMS-2024-0012 (Manifestación de interés (Menor Cuantía)) (Presentación de oferta),ALCALDÍA MUNICIPAL DE SOPO,Cundinamarca,Sopó,Selección Abreviada de Menor Cuantía,Obra,Seleccionado,76041000,76040524,2,1,Mes(es),2024-11-12T00:00:00.000
CO1.BDOS.6902032,SAMC-025-2024 (Manifestación de interés (Menor Cuantía)) (Presentación de oferta),ALCALDIA MUNICIPIO DE LA VEGA CUNDINAMARCA,Cundinamarca,La Vega,Selección Abreviada de Menor Cuantía,Obra,Seleccionado,333479190,333349659,2,1,Mes(es),2024-11-08T00:00:00.000
CO1.BDOS.7011353,MC-022 de 2024,ALCALDÍA MUNICIPAL DE SASAIMA,Cundinamarca,Sasaima,Mínima cuantía,Obra,Seleccionado,25924434,25537944,2,0,día(s),2024-11-08T00:00:00.000
CO1.BDOS.6947975,SAMC.OP-002-2024 (Manifestación de interés (Menor Cuantía)) (Presentación de oferta),MUNICIPIO DE LA CALERA CUNDINAMARCA,Cundinamarca,La Calera,Selección Abreviada de Menor Cuantía,Obra,Seleccionado,348443158,331521316,9,45,día(s),2024-11-08T00:00:00.000
CO1.BDOS.6920711,LP 010-2024 (Fase de Selección (Presentación de ofertas)),ALCALDIA MUNICIPIO DE CAJICA,Cundinamarca,Cajicá,Licitación pública Obra Publica,Obra,Seleccionado,1963016500,1962962275,1,7,Mes(es),2024-11-07T00:00:00.000
CO1.BDOS.6919525,SAMC-019-2024 (Manifestación de interés (Menor Cuantía)) (Presentación de oferta),ALCALDIA MUNICIPIO DE CAJICA,Cundinamarca,Cajicá,Selección Abreviada de Menor Cuantía,Obra,Seleccionado,352939866,352764182,1,7,Mes(es),2024-11-07T00:00:00.000
CO1.BDOS.7002574,MC-037-2024,ALCALDIA DE SESQUILE,Cundinamarca,Sesquilé,Mínima cuantía,Obra,Seleccionado,29989909,23628200,4,30,día(s),2024-11-07T00:00:00.000
CO1.BDOS.6911602,SAMC-010-2024 (Manifestación de interés (Menor Cuantía)) (Presentación de oferta),ALCALDIA MUNICIPIO DE ZIPAQUIRA,Cundinamarca,Zipaquirá,Selección Abreviada de Menor Cuantía,Obra,Seleccionado,184992730,184926371,1,5,Mes(es),2024-11-06T00:00:00.000
CO1.BDOS.6898146,LP-001-2024 (Fase de Selección (Presentación de ofertas)),IDUVI,Cundinamarca,Chía,Licitación pública Obra Publica,Obra,Seleccionado,1499999365,1499999310,1,180,día(s),2024-11-05T00:00:00.000
CO1.BDOS.6892178,SAMC 005 2024 (Manifestación de interés (Menor Cuantía)) (Presentación de oferta),ALCALDIA MUNICIPAL DE EL COLEGIO,Cundinamarca,El Colegio,Selección Abreviada de Menor Cuantía,Obra,Seleccionado,87000000,86987519,1,30,día(s),2024-11-05T00:00:00.000
CO1.BDOS.6904323,SA 2024-0603 (Manifestación de interés (Menor Cuantía)) (Presentación de oferta),ALCALDIA MUNICIPAL FUSAGASUGA,Cundinamarca,Fusagasugá,Selección Abreviada de Menor Cuantía,Obra,Seleccionado,214518593,210164099,2,2,Mes(es),2024-11-05T00:00:00.000
CO1.BDOS.6890642,SA 2024-0590 (Manifestación de interés (Menor Cuantía)) (Presentación de oferta),ALCALDIA MUNICIPAL FUSAGASUGA,Cundinamarca,Fusagasugá,Selección Abreviada de Menor Cuantía,Obra,Seleccionado,249839763,241013042,4,2,Mes(es),2024-11-05T00:00:00.000
CO1.BDOS.6875868,SAMC-010-2024 (Manifestación de interés (Menor Cuantía)) (Presentación de oferta),ALCALDIA MUNICIPAL TAUSA,Cundinamarca,Tausa,Selección Abreviada de Menor Cuantía,Obra,Seleccionado,190438500,186142894,2,2,Mes(es),2024-10-31T00:00:00.000
CO1.BDOS.6885070,SAMC-011-2024   (Manifestación de interés (Menor Cuantía)) (Presentación de oferta),MUNICIPIO DE UBATE,Cundinamarca,Villa De San Diego De Ubate,Selección Abreviada de Menor Cuantía,Obra,Seleccionado,348887311,348877138,2,1,Mes(es),2024-10-31T00:00:00.000
CO1.BDOS.6890585,SAMC-012-2024 (Manifestación de interés (Menor Cuantía)) (Presentación de oferta),MUNICIPIO DE UBATE,Cundinamarca,Villa De San Diego De Ubate,Selección Abreviada de Menor Cuantía,Obra,Seleccionado,359258346,359244165,1,1,Mes(es),2024-10-31T00:00:00.000
CO1.BDOS.6877021,SAMC-011-2024 (Manifestación de interés (Menor Cuantía)) (Presentación de oferta),ALCALDIA MUNICIPAL TAUSA,Cundinamarca,Tausa,Selección Abreviada de Menor Cuantía,Obra,Seleccionado,160000000,160000000,1,2,Mes(es),2024-10-31T00:00:00.000
CO1.BDOS.6884958,LP-009-2024 (Fase de Selección (Presentación de ofertas)),ALCALDIA MUNICIPIO DE CAJICA,Cundinamarca,Cajicá,Licitación pública Obra Publica,Obra,Seleccionado,700236051,666267515,45,8,Mes(es),2024-10-31T00:00:00.000
CO1.BDOS.6956802,SMC 019 DE 2024,ALCALDIA DE GAMA,Cundinamarca,Gama,Mínima cuantía,Obra,Seleccionado,36400000,36160029,4,2,Mes(es),2024-10-30T00:00:00.000
CO1.BDOS.6841802,SAMC-023-2024 (Manifestación de interés (Menor Cuantía)) (Presentación de oferta),ALCALDIA MUNICIPIO DE LA VEGA CUNDINAMARCA,Cundinamarca,La Vega,Selección Abreviada de Menor Cuantía,Obra,Seleccionado,208548610,208508050,2,45,día(s),2024-10-30T00:00:00.000
CO1.BDOS.6883140,LP -008 DE 2024 (Fase de Selección (Presentación de ofertas)),ALCALDIA MUNICIPIO DE CAJICA,Cundinamarca,Cajicá,Licitación pública Obra Publica,Obra,Seleccionado,841121495,800738618,33,5,Mes(es),2024-10-30T00:00:00.000
CO1.BDOS.6960293,IPMC-030-2024,ALCALDIA DE TABIO,Cundinamarca,Tabio,Mínima cuantía,Obra,Seleccionado,36199194,33499271,3,30,día(s),2024-10-30T00:00:00.000
CO1.BDOS.6890342,SAMC-009-2024 (Manifestación de interés (Menor Cuantía)) (Presentación de oferta),MUNICIPIO DE VILLAPINZON,Cundinamarca,Villapinzón,Selección Abreviada de Menor Cuantía,Obra,Seleccionado,50000000,50000000,1,0,día(s),2024-10-29T00:00:00.000
CO1.BDOS.6774222,SAMC-020-2024 (Manifestación de interés (Menor Cuantía)) (Presentación de oferta),ALCALDIA MUNICIPIO DE LA VEGA CUNDINAMARCA,Cundinamarca,La Vega,Selección Abreviada de Menor Cuantía,Obra,Seleccionado,350354237,331085753,4,2,Mes(es),2024-10-29T00:00:00.000
CO1.BDOS.6846739,SA-002-2024 (Manifestación de interés (Menor Cuantía)) (Presentación de oferta),MUNICIPIO DE AGUA DE DIOS,Cundinamarca,Agua De Dios,Selección Abreviada de Menor Cuantía,Obra,Seleccionado,160301016,160301016,1,2,Mes(es),2024-10-28T00:00:00.000
CO1.BDOS.6846739,SA-002-2024 (Manifestación de interés (Menor Cuantía)) (Presentación de oferta),MUNICIPIO DE AGUA DE DIOS,Cundinamarca,Agua De Dios,Selección Abreviada de Menor Cuantía,Obra,Seleccionado,160301016,160301016,1,2,Mes(es),2024-10-28T00:00:00.000
CO1.BDOS.6888721,SAMC-008-2024 (Manifestación de interés (Menor Cuantía)) (Presentación de oferta),MUNICIPIO DE VILLAPINZON,Cundinamarca,Villapinzón,Selección Abreviada de Menor Cuantía,Obra,Seleccionado,363980636,363980636,1,0,día(s),2024-10-28T00:00:00.000
CO1.BDOS.6820426,SAMC-022-2024 (Manifestación de interés (Menor Cuantía)) (Presentación de oferta),ALCALDIA MUNICIPIO DE LA VEGA CUNDINAMARCA,Cundinamarca,La Vega,Selección Abreviada de Menor Cuantía,Obra,Seleccionado,223677199,208801858,4,45,día(s),2024-10-28T00:00:00.000
CO1.BDOS.6862617,SAMC 169-2024 (Manifestación de interés (Menor Cuantía)) (Presentación de oferta),IDERF,Cundinamarca,Fusagasugá,Selección Abreviada de Menor Cuantía,Obra,Seleccionado,297262752,293670000,1,75,día(s),2024-10-24T00:00:00.000
CO1.BDOS.6852133,SAMC-009-2024 (Manifestación de interés (Menor Cuantía)) (Presentación de oferta),ALCALDIA MUNICIPAL TAUSA,Cundinamarca,Tausa,Selección Abreviada de Menor Cuantía,Obra,Seleccionado,128109754,128014854,3,45,día(s),2024-10-24T00:00:00.000
CO1.BDOS.6859313,SAMC-002-2024 (Manifestación de interés (Menor Cuantía)) (Presentación de oferta),IDUVI,Cundinamarca,Chía,Selección Abreviada de Menor Cuantía,Obra,Seleccionado,364000000,364000000,1,60,día(s),2024-10-23T00:00:00.000
CO1.BDOS.6620011,FACATATIVA-LP-594-24 (Fase de Selección (Presentación de ofertas)),ALCALDIA MUNICIPAL DE FACATATIVA,Cundinamarca,Facatativá,Licitación pública Obra Publica,Obra,Seleccionado,4000000000,3783078312,56,3,Mes(es),2024-10-23T00:00:00.000
CO1.BDOS.6912768,MC-062-2024,MUNICIPIO DE VILLAPINZON,Cundinamarca,Villapinzón,Mínima cuantía,Obra,Seleccionado,25000000,25000000,3,0,día(s),2024-10-22T00:00:00.000
CO1.BDOS.6847472,SAMC-01-2024 (Manifestación de interés (Menor Cuantía)) (Presentación de oferta),IDUVI,Cundinamarca,Chía,Selección Abreviada de Menor Cuantía,Obra,Seleccionado,363999551,362246105,1,60,día(s),2024-10-22T00:00:00.000
CO1.BDOS.6912685,MC-098-CENACTELEMATICA-2024,CENTRAL ADMINISTRATIVA Y CONTABLE TELEMATICA,Cundinamarca,Facatativá,Mínima cuantía,Obra,Seleccionado,48060033,32373108,12,0,día(s),2024-10-21T00:00:00.000
CO1.BDOS.6821223,SA-023-2024 (Manifestación de interés (Menor Cuantía)) (Presentación de oferta),CUNDINAMARCA-ALCALDIA MUNICIPIO MOSQUERA,Cundinamarca,Mosquera,Selección Abreviada de Menor Cuantía,Obra,Seleccionado,584756436,559588878,2,45,día(s),2024-10-18T00:00:00.000
CO1.BDOS.6819963,IMDERS-SAMC-02-2024 (Manifestación de interés (Menor Cuantía)) (Presentación de oferta),IMDERS SIBATÉ,Cundinamarca,Sibaté,Selección Abreviada de Menor Cuantía,Obra,Seleccionado,314670880,314670880,1,2,Mes(es),2024-10-18T00:00:00.000
CO1.BDOS.6827074,SAMC-015-2024 (Manifestación de interés (Menor Cuantía)) (Presentación de oferta),ALCALDIA MUNICIPAL DE CHIA,Cundinamarca,Chía,Selección Abreviada de Menor Cuantía,Obra,Seleccionado,548629166,514062172,5,1,Mes(es),2024-10-18T00:00:00.000
CO1.BDOS.6888986,MC 2024-0589,ALCALDIA MUNICIPAL FUSAGASUGA,Cundinamarca,Fusagasugá,Mínima cuantía,Obra,Seleccionado,58499992,53186259,15,1,Mes(es),2024-10-16T00:00:00.000
CO1.BDOS.6891895,SMC 173-2024,IDERF,Cundinamarca,Fusagasugá,Mínima cuantía,Obra,Seleccionado,35281601,30418483,1,45,día(s),2024-10-16T00:00:00.000
CO1.BDOS.6754960,SAMC 009-2024 (Manifestación de interés (Menor Cuantía)) (Presentación de oferta),ALCALDIA MUNICIPIO DE NOCAIMA,Cundinamarca,Nocaima,Selección Abreviada de Menor Cuantía,Obra,Seleccionado,215752413,215752413,2,3,Mes(es),2024-10-15T00:00:00.000
CO1.BDOS.6791506,SAMC - 004 DE 2024  (Manifestación de interés (Menor Cuantía)) (Presentación de oferta),ALCALDÍA MUNICIPAL DE SASAIMA,Cundinamarca,Sasaima,Selección Abreviada de Menor Cuantía,Obra,Seleccionado,342961336,342456995,1,0,día(s),2024-10-12T00:00:00.000
CO1.BDOS.6775039,LP-001-2024. (Fase de Selección (Presentación de ofertas)),ALCALDIA MUNICIPAL DE PUERTO SALGAR,Cundinamarca,Puerto Salgar,Licitación pública Obra Publica,Obra,Seleccionado,544549000,544549000,1,2,Mes(es),2024-10-11T00:00:00.000
CO1.BDOS.6780851,SAMC-005-2024 (Manifestación de interés (Menor Cuantía)) (Presentación de oferta),MUNICIPIO DE PACHO,Cundinamarca,Pacho,Selección Abreviada de Menor Cuantía,Obra,Seleccionado,239000000,237788609,1,2,Mes(es),2024-10-11T00:00:00.000
CO1.BDOS.6761296,SAMC-002-2024 (Manifestación de interés (Menor Cuantía)) (Presentación de oferta),INSTITUTO MUNICIPAL DE VIVIENDA DE INTERÉS SOCIAL CAJICA,Cundinamarca,Cajicá,Selección Abreviada de Menor Cuantía,Obra,Seleccionado,219991823,219991823,1,2,Mes(es),2024-10-09T00:00:00.000
CO1.BDOS.6746478,SAMC-011-2024 (Manifestación de interés (Menor Cuantía)) (Presentación de oferta),MUNICIPIO DE COGUA,Cundinamarca,Cogua,Selección Abreviada de Menor Cuantía,Obra,Seleccionado,260000000,250673295,6,75,día(s),2024-10-07T00:00:00.000
CO1.BDOS.6734244,SAMC-004-2024 (Manifestación de interés (Menor Cuantía)) (Presentación de oferta),MUNICIPIO DE PACHO,Cundinamarca,Pacho,Selección Abreviada de Menor Cuantía,Obra,Seleccionado,190000000,189953545,1,3,Mes(es),2024-10-07T00:00:00.000
CO1.BDOS.6705204,SAMC-007-2024 (Manifestación de interés (Menor Cuantía)) (Presentación de oferta),ALCALDIA MUNICIPAL TAUSA,Cundinamarca,Tausa,Selección Abreviada de Menor Cuantía,Obra,Seleccionado,300000000,299950142,1,2,Mes(es),2024-10-07T00:00:00.000
CO1.BDOS.6808728,RE 010.1 2024,INSTITUCION EDUCATIVA DEPARTAMENTAL FRANCISCO JULIAN OLAYA,Cundinamarca,La Mesa,Contratación régimen especial (con ofertas),Obra,Abierto,26000000,19920660,3,30,día(s),2024-10-02T00:00:00.000
CO1.BDOS.6698912,SAMC-006-2024 (Manifestación de interés (Menor Cuantía)) (Presentación de oferta),ALCALDIA MUNICIPAL TAUSA,Cundinamarca,Tausa,Selección Abreviada de Menor Cuantía,Obra,Seleccionado,310538690,306378361,1,3,Mes(es),2024-10-02T00:00:00.000
CO1.BDOS.6810243,CMC-031-2024,ALCALDIA MUNICIPAL DE PUERTO SALGAR,Cundinamarca,Puerto Salgar,Mínima cuantía,Obra,Seleccionado,36000000,36000000,2,60,día(s),2024-10-02T00:00:00.000
CO1.BDOS.6793327,RE 011 2024,INSTITUCION EDUCATIVA DEPARTAMENTAL FRANCISCO JULIAN OLAYA,Cundinamarca,La Mesa,Contratación régimen especial (con ofertas),Obra,Abierto,13000000,11499999,4,30,día(s),2024-10-01T00:00:00.000
CO1.BDOS.6788619,M.C. 002-2024,INSTITUCION EDUCATIVA ROBERTO VELANDIA,Cundinamarca,Mosquera,Mínima cuantía,Obra,Seleccionado,28984977,23477831,7,45,día(s),2024-09-30T00:00:00.000
CO1.BDOS.6798126,MC 032-2024,ALCALDIA MUNICIPIO DE RICAURTE,Cundinamarca,Ricaurte,Mínima cuantía,Obra,Seleccionado,33699159,33698946,1,1,Mes(es),2024-09-30T00:00:00.000
CO1.BDOS.6678234,067-SAMC-CENACTOLEMAIDA-2024 (Manifestación de interés (Menor Cuantía)) (Presentación de oferta),CENAC TOLEMAIDA,Cundinamarca,Nilo,Selección Abreviada de Menor Cuantía,Obra,Seleccionado,159999000,154254480,25,40,día(s),2024-09-27T00:00:00.000
CO1.BDOS.6288575,SAMC-CMC-CBA-005-2024 (Manifestación de interés (Menor Cuantía)) (Presentación de oferta),SENA REGIONAL CUNDINAMARCA Grupo Administrativo CBA,Cundinamarca,Mosquera,Selección Abreviada de Menor Cuantía,Obra,Seleccionado,1169820153,989960399,2,3,Mes(es),2024-09-27T00:00:00.000
CO1.BDOS.6719287,SAMC-007-2024 (Manifestación de interés (Menor Cuantía)) (Presentación de oferta),MUNICIPIO DE VILLAPINZON,Cundinamarca,Villapinzón,Selección Abreviada de Menor Cuantía,Obra,Seleccionado,150000000,149913260,4,2,Mes(es),2024-09-26T00:00:00.000
CO1.BDOS.6683198,SAMC-008-2024 (Manifestación de interés (Menor Cuantía)) (Presentación de oferta),MUNICIPIO DE UBATE,Cundinamarca,Villa De San Diego De Ubate,Selección Abreviada de Menor Cuantía,Obra,Seleccionado,360000000,359997259,3,60,día(s),2024-09-24T00:00:00.000
CO1.BDOS.6755960,SMIN-029-2024,ALCALDIA MUNICIPIO DE ZIPAQUIRA,Cundinamarca,Zipaquirá,Mínima cuantía,Obra,Seleccionado,48916720,48916720,1,3,Mes(es),2024-09-23T00:00:00.000
CO1.BDOS.6728612,MC-053-2024,MUNICIPIO DE VILLAPINZON,Cundinamarca,Villapinzón,Mínima cuantía,Obra,Seleccionado,35000000,35000000,1,2,Mes(es),2024-09-17T00:00:00.000
CO1.BDOS.6559788,061-SMC-CENACTOLEMAIDA-2024 (Manifestación de interés (Menor Cuantía)) (Presentación de oferta),CENAC TOLEMAIDA,Cundinamarca,Nilo,Selección Abreviada de Menor Cuantía,Obra,Seleccionado,590299640,572590425,16,60,día(s),2024-09-12T00:00:00.000
CO1.BDOS.6679052,ID-MC-004-2024,"INSTITUTO MUNICIPAL PARA EL DEPORTE, LA RECREACIÓN, LA EDUCACIÓN Y LA EDUCACIÓN FÍSICA EXTRAESCOLAR",Cundinamarca,Villapinzón,Mínima cuantía,Obra,Seleccionado,5000000,5000000,2,20,día(s),2024-09-09T00:00:00.000
CO1.BDOS.6584285,SAMC-008-2024 (Manifestación de interés (Menor Cuantía)) (Presentación de oferta),ALCALDIA MUNICIPIO DE ZIPAQUIRA,Cundinamarca,Zipaquirá,Selección Abreviada de Menor Cuantía,Obra,Seleccionado,100000000,99937289,1,3,Mes(es),2024-09-09T00:00:00.000
CO1.BDOS.6675516,RE 009 2024,INSTITUCION EDUCATIVA DEPARTAMENTAL FRANCISCO JULIAN OLAYA,Cundinamarca,La Mesa,Contratación régimen especial (con ofertas),Obra,Abierto,8000000,6041000,1,30,día(s),2024-09-09T00:00:00.000
CO1.BDOS.6556233,060-LP-CENACTOLEMAIDA-2024 (Fase de Selección (Presentación de ofertas)),CENAC TOLEMAIDA,Cundinamarca,Nilo,Licitación pública Obra Publica,Obra,Seleccionado,1878669053,1810002035,20,60,día(s),2024-09-05T00:00:00.000
CO1.BDOS.6516850,LP - 04 - 2024 (Fase de Selección (Presentación de ofertas)),MUNICIPIO DE LA MESA,Cundinamarca,La Mesa,Licitación pública Obra Publica,Obra,Seleccionado,499360452,494367679,1,4,Mes(es),2024-09-03T00:00:00.000
CO1.BDOS.6643367,MC-051-2024,MUNICIPIO DE VILLAPINZON,Cundinamarca,Villapinzón,Mínima cuantía,Obra,Seleccionado,36400000,36399886,1,0,día(s),2024-09-03T00:00:00.000
CO1.BDOS.6539079,AML-SAMC- 004 DE 2024 (Manifestación de interés (Menor Cuantía)) (Presentación de oferta),MUNICIPIO DE LENGUAZAQUE,Cundinamarca,Lenguazaque,Selección Abreviada de Menor Cuantía,Obra,Seleccionado,200000000,199973578,3,1,Mes(es),2024-08-29T00:00:00.000
CO1.BDOS.6370515,050-SAMC-CENACTOLEMAIDA-2024 (Manifestación de interés (Menor Cuantía)) (Presentación de oferta),CENAC TOLEMAIDA,Cundinamarca,Nilo,Selección Abreviada de Menor Cuantía,Obra,Seleccionado,196047334,190558009,6,0,día(s),2024-08-23T00:00:00.000
CO1.BDOS.6573775,MC-046-2024,MUNICIPIO DE VILLAPINZON,Cundinamarca,Villapinzón,Mínima cuantía,Obra,Seleccionado,30000000,30000000,2,0,día(s),2024-08-21T00:00:00.000
CO1.BDOS.6261224,LP-001 DE 2024 (Fase de Selección (Presentación de ofertas)),ALCALDÍA MUNICIPAL DE SASAIMA,Cundinamarca,Sasaima,Licitación pública Obra Publica,Obra,Seleccionado,1212779433,1137356530,81,0,día(s),2024-08-18T00:00:00.000
CO1.BDOS.6412301,051-SAMC-CENACTOLEMAIDA-2024 (Manifestación de interés (Menor Cuantía)) (Presentación de oferta),CENAC TOLEMAIDA,Cundinamarca,Nilo,Selección Abreviada de Menor Cuantía,Obra,Seleccionado,310040020,295359853,4,0,día(s),2024-08-01T00:00:00.000
CO1.BDOS.6379926,SAMC-003 DE 2024 (Manifestación de interés (Menor Cuantía)) (Presentación de oferta),MUNICIPIO DE LENGUAZAQUE,Cundinamarca,Lenguazaque,Selección Abreviada de Menor Cuantía,Obra,Seleccionado,363850169,363821843,1,3,Mes(es),2024-07-29T00:00:00.000
CO1.BDOS.6371321,SAMC-006-2024 (Manifestación de interés (Menor Cuantía)) (Presentación de oferta),ALCALDIA MUNICIPIO DE ZIPAQUIRA,Cundinamarca,Zipaquirá,Selección Abreviada de Menor Cuantía,Obra,Seleccionado,508495493,507422093,1,4,Mes(es),2024-07-26T00:00:00.000
CO1.BDOS.6314620,LP-006-2024 (Fase de Selección (Presentación de ofertas)),ALCALDÍA MUNICIPAL DE MADRID CUNDINAMARCA,Cundinamarca,Madrid,Licitación pública Obra Publica,Obra,Seleccionado,3633499273,3180477841,7,0,día(s),2024-07-26T00:00:00.000
CO1.BDOS.6342777,SAMC-004-2024 (Manifestación de interés (Menor Cuantía)) (Presentación de oferta),ALCALDIA MUNICIPIO DE ZIPAQUIRA,Cundinamarca,Zipaquirá,Selección Abreviada de Menor Cuantía,Obra,Seleccionado,186723948,182977502,1,4,Mes(es),2024-07-23T00:00:00.000
CO1.BDOS.6206901,PN ESJIM SA MC 002 2024 (Manifestación de interés (Menor Cuantía)) (Presentación de oferta),ESCUELA DE SUBOFICIALES Y NIVEL EJECUTIVO  GONZALO JIMENEZ DE QUESADA,Cundinamarca,Sibaté,Selección Abreviada de Menor Cuantía,Obra,Seleccionado,2819826006,2238826006,7,100,día(s),2024-07-23T00:00:00.000
CO1.BDOS.6206901,PN ESJIM SA MC 002 2024 (Manifestación de interés (Menor Cuantía)) (Presentación de oferta),ESCUELA DE SUBOFICIALES Y NIVEL EJECUTIVO  GONZALO JIMENEZ DE QUESADA,Cundinamarca,Sibaté,Selección Abreviada de Menor Cuantía,Obra,Seleccionado,2819826006,581000000,7,100,día(s),2024-07-23T00:00:00.000
CO1.BDOS.6206901,PN ESJIM SA MC 002 2024 (Manifestación de interés (Menor Cuantía)) (Presentación de oferta),ESCUELA DE SUBOFICIALES Y NIVEL EJECUTIVO  GONZALO JIMENEZ DE QUESADA,Cundinamarca,Sibaté,Selección Abreviada de Menor Cuantía,Obra,Seleccionado,2819826006,2238826006,7,100,día(s),2024-07-23T00:00:00.000
CO1.BDOS.6342777,SAMC-004-2024 (Manifestación de interés (Menor Cuantía)) (Presentación de oferta),ALCALDIA MUNICIPIO DE ZIPAQUIRA,Cundinamarca,Zipaquirá,Selección Abreviada de Menor Cuantía,Obra,Seleccionado,186723948,182977502,1,4,Mes(es),2024-07-23T00:00:00.000
CO1.BDOS.6206901,PN ESJIM SA MC 002 2024 (Manifestación de interés (Menor Cuantía)) (Presentación de oferta),ESCUELA DE SUBOFICIALES Y NIVEL EJECUTIVO  GONZALO JIMENEZ DE QUESADA,Cundinamarca,Sibaté,Selección Abreviada de Menor Cuantía,Obra,Seleccionado,2819826006,581000000,7,100,día(s),2024-07-23T00:00:00.000
CO1.BDOS.6282185,FACATATIVA-LP-543-24 (Fase de Selección (Presentación de ofertas)),ALCALDIA MUNICIPAL DE FACATATIVA,Cundinamarca,Facatativá,Licitación pública Obra Publica,Obra,Seleccionado,1280014840,1218651201,2,4,Mes(es),2024-07-19T00:00:00.000
CO1.BDOS.6355407,SAMC 006-2024 (Manifestación de interés (Menor Cuantía)) (Presentación de oferta),ALCALDIA MUNICIPIO DE NOCAIMA,Cundinamarca,Nocaima,Selección Abreviada de Menor Cuantía,Obra,Seleccionado,150630466,150033487,1,4,Mes(es),2024-07-19T00:00:00.000
CO1.BDOS.6208414,SAMC-008-2024 (Manifestación de interés (Menor Cuantía)) (Presentación de oferta),ALCALDIA MUNICIPAL DE CHIA,Cundinamarca,Chía,Selección Abreviada de Menor Cuantía,Obra,Seleccionado,579953649,540717694,49,3,Mes(es),2024-07-19T00:00:00.000
CO1.BDOS.6370501,047-MC-CENACTOLEMAIDA-2024,CENAC TOLEMAIDA,Cundinamarca,Nilo,Mínima cuantía,Obra,Seleccionado,49299984,49299984,8,60,día(s),2024-07-11T00:00:00.000
CO1.BDOS.6286206,SAMC-003-2024. (Manifestación de interés (Menor Cuantía)) (Presentación de oferta),MUNICIPIO DE PACHO,Cundinamarca,Pacho,Selección Abreviada de Menor Cuantía,Obra,Seleccionado,289507491,289487663,1,3,Mes(es),2024-07-09T00:00:00.000
CO1.BDOS.6270066,MC-001-2024,INSTITUCION EDUCATIVA DEPARTAMENTAL FRANCISCO JULIAN OLAYA,Cundinamarca,La Mesa,Mínima cuantía,Obra,Seleccionado,33000000,20806440,19,30,día(s),2024-07-06T00:00:00.000
CO1.BDOS.6278410,SAMC 084-2024 (Manifestación de interés (Menor Cuantía)) (Presentación de oferta),IDERF,Cundinamarca,Fusagasugá,Selección Abreviada de Menor Cuantía,Obra,Seleccionado,200000000,200000000,1,180,día(s),2024-07-05T00:00:00.000
CO1.BDOS.6305405,MC-028-2024,MUNICIPIO DE VILLAPINZON,Cundinamarca,Villapinzón,Mínima cuantía,Obra,Abierto,25000000,22250313,2,0,día(s),2024-06-26T00:00:00.000
CO1.BDOS.6177257,SAMC-004-2024 (Manifestación de interés (Menor Cuantía)) (Presentación de oferta),MUNICIPIO DE FUNZA - ALCALDÍA DE FUNZA,Cundinamarca,Funza,Selección Abreviada de Menor Cuantía,Obra,Seleccionado,300000000,300000000,3,5,Mes(es),2024-06-20T00:00:00.000
CO1.BDOS.6216777,SAMC 01 DE 2024 MANTENBIEMIENTO AREAS AQRUTECTONIC (Manifestación de interés (Menor Cuantía)) (Presentación de oferta),ESCUELA DE FORMACION INPEC,Cundinamarca,No Definido,Selección Abreviada de Menor Cuantía,Obra,Seleccionado,749902455,599921948,13,3,Mes(es),2024-06-19T00:00:00.000
CO1.BDOS.6230631,SAMC-005-2024 (Manifestación de interés (Menor Cuantía)) (Presentación de oferta),MUNICIPIO DE FUNZA - ALCALDÍA DE FUNZA,Cundinamarca,Funza,Selección Abreviada de Menor Cuantía,Obra,Seleccionado,583300000,583300000,1,6,Mes(es),2024-06-19T00:00:00.000
CO1.BDOS.6198272,SAMC-009-2024 (Manifestación de interés (Menor Cuantía)) (Presentación de oferta),MUNICIPIO DE COGUA,Cundinamarca,Cogua,Selección Abreviada de Menor Cuantía,Obra,Seleccionado,198924835,193025214,1,2,Mes(es),2024-06-17T00:00:00.000
CO1.BDOS.5908674,016-00-K-ESUFA-GRUAL-2024 (Manifestación de interés (Menor Cuantía)) (Presentación de oferta),ESCUELA DE SUBOFICIALES  FAC CT ANDRES M DIAZ,Cundinamarca,No Definido,Selección Abreviada de Menor Cuantía,Obra,Seleccionado,764840867,744666914,8,205,día(s),2024-06-06T00:00:00.000
CO1.BDOS.6133262,SAMC-CMC-CDA-001-2024 (Manifestación de interés (Menor Cuantía)) (Presentación de oferta),SENA REGIONAL CUNDINAMARCA Grupo Administrativo CDA,Cundinamarca,Chía,Selección Abreviada de Menor Cuantía,Obra,Seleccionado,625456000,625456000,1,0,día(s),2024-06-04T00:00:00.000
CO1.BDOS.6127451,PN ESCAR SA MC 048 2024 (Manifestación de interés (Menor Cuantía)) (Presentación de oferta),ESCUELA NACIONAL DE CARABINEROS POLICIA NACIONAL,Cundinamarca,Facatativá,Selección Abreviada de Menor Cuantía,Obra,Seleccionado,1235000000,1235000000,6,150,día(s),2024-06-04T00:00:00.000
CO1.BDOS.6098589,LP 02 DE 2024  (Fase de Selección (Presentación de ofertas)),ALCALDIA MUNICIPAL DE VILLETA,Cundinamarca,Villeta,Licitación pública Obra Publica,Obra,Seleccionado,462359651,462357977,4,0,día(s),2024-05-28T00:00:00.000
CO1.BDOS.6080096,SAMC 004 MT 2024 (Manifestación de interés (Menor Cuantía)) (Presentación de oferta),MUNICIPIO DE TOCANCIPA,Cundinamarca,Tocancipá,Selección Abreviada de Menor Cuantía,Obra,Seleccionado,500000000,499973125,3,4,Mes(es),2024-05-27T00:00:00.000
CO1.BDOS.6025686,PN ESSUM SA MC 034 2024 (Manifestación de interés (Menor Cuantía)) (Presentación de oferta),ESCUELA DE POLICIA DE PROVINCIA DE SUMAPAZ INTENDENTE MARITZA BONILLA RUIZ,Cundinamarca,Fusagasugá,Selección Abreviada de Menor Cuantía,Obra,Seleccionado,3400000000,2500000000,7,200,día(s),2024-05-23T00:00:00.000
CO1.BDOS.6025686,PN ESSUM SA MC 034 2024 (Manifestación de interés (Menor Cuantía)) (Presentación de oferta),ESCUELA DE POLICIA DE PROVINCIA DE SUMAPAZ INTENDENTE MARITZA BONILLA RUIZ,Cundinamarca,Fusagasugá,Selección Abreviada de Menor Cuantía,Obra,Seleccionado,3400000000,900000000,7,200,día(s),2024-05-23T00:00:00.000
CO1.BDOS.6148238,MC-024-2024,ALCALDIA MUNICIPAL DE EL COLEGIO,Cundinamarca,El Colegio,Mínima cuantía,Obra,Seleccionado,36000000,29419881,2,60,día(s),2024-05-21T00:00:00.000
CO1.BDOS.5996797,031-00-M-CAMAN-GRUAL-2024 (Manifestación de interés (Menor Cuantía)) (Presentación de oferta),COMANDO AEREO DE MANTENIMIENTO,Cundinamarca,Madrid,Selección Abreviada de Menor Cuantía,Obra,Seleccionado,1299000000,1298856723,5,5,Mes(es),2024-05-21T00:00:00.000
CO1.BDOS.6062659,SAMC-CMC-CTDPE-001-2024 (Manifestación de interés (Menor Cuantía)) (Presentación de oferta),SENA REGIONAL CUNDINAMARCA Grupo Administrativo CTDPE,Cundinamarca,Girardot,Selección Abreviada de Menor Cuantía,Obra,Seleccionado,409931219,407425347,2,7,Mes(es),2024-05-20T00:00:00.000
CO1.BDOS.5993598,LP-001-2024 (Fase de Selección (Presentación de ofertas)),EMPRESA DE SERVICIOS PUBLICOS MUNICIPIO DE VILLETA*,Cundinamarca,Villeta,Licitación pública Obra Publica,Obra,Seleccionado,533717654,513562079,20,4,Mes(es),2024-05-17T00:00:00.000
CO1.BDOS.6053060,CQ- SAMC-03-2024   (Presentación de oferta),MUNICIPIO DE CAQUEZA,Cundinamarca,Caqueza,Seleccion Abreviada Menor Cuantia Sin Manifestacion Interes,Obra,Seleccionado,1769690265,1693647795,5,6,Mes(es),2024-05-09T00:00:00.000
CO1.BDOS.6083369,MC-024-2024,MUNICIPIO DE VILLAPINZON,Cundinamarca,Villapinzón,Mínima cuantía,Obra,Seleccionado,12000000,12000000,1,2,Mes(es),2024-05-08T00:00:00.000
CO1.BDOS.6009372,SAMC-001-2024 (Manifestación de interés (Menor Cuantía)) (Presentación de oferta),INSTITUTO MUNICIPAL DE VIVIENDA DE INTERÉS SOCIAL CAJICA,Cundinamarca,Cajicá,Selección Abreviada de Menor Cuantía,Obra,Seleccionado,273998227,273998227,1,4,Mes(es),2024-05-08T00:00:00.000
CO1.BDOS.6061860,MC 2024 - 0316,ALCALDIA MUNICIPAL FUSAGASUGA,Cundinamarca,Fusagasugá,Mínima cuantía,Obra,Seleccionado,55715124,55714398,5,2,Mes(es),2024-05-03T00:00:00.000
CO1.BDOS.5966559,SAMC 030-2024 (Manifestación de interés (Menor Cuantía)) (Presentación de oferta),MUNICIPIO DE ANAPOIMA/,Cundinamarca,No Definido,Selección Abreviada de Menor Cuantía,Obra,Seleccionado,338998643,324420765,5,3,Mes(es),2024-05-03T00:00:00.000
CO1.BDOS.6047136,MC-018-2024,ALCALDIA MUNICIPIO DE LA VEGA CUNDINAMARCA,Cundinamarca,La Vega,Mínima cuantía,Obra,Seleccionado,36386012,31655831,3,30,día(s),2024-04-30T00:00:00.000
CO1.BDOS.6040497,MC-009-2024,MUNICIPIO DE SOACHA..,Cundinamarca,Soacha,Mínima cuantía,Obra,Seleccionado,84365882,63738600,15,1,Mes(es),2024-04-29T00:00:00.000
CO1.BDOS.6039058,MC-2024-0010,MUNICIPIO DE GACHANCIPA,Cundinamarca,Gachancipá,Mínima cuantía,Obra,Seleccionado,36313750,36297011,2,1,Mes(es),2024-04-29T00:00:00.000
CO1.BDOS.5353036,LPO-011-2023 (Fase de Selección (Presentación de ofertas)),MUNICIPIO DE LA CALERA CUNDINAMARCA,Cundinamarca,La Calera,Licitación pública Obra Publica,Obra,Seleccionado,1060952383,1013737100,79,7,Mes(es),2024-04-24T00:00:00.000
CO1.BDOS.6018409,MC-016-CENACTELEMATICA-2024,CENTRAL ADMINISTRATIVA Y CONTABLE TELEMATICA,Cundinamarca,Facatativá,Mínima cuantía,Obra,Seleccionado,103999968,103999968,35,7,Mes(es),2024-04-24T00:00:00.000
CO1.BDOS.6001033,CONV SOL 02 DE 2024,ALCALDÍA MUNICIPAL DE SASAIMA,Cundinamarca,Sasaima,Contratación Directa (con ofertas),Obra,Seleccionado,56543025,56543025,1,0,día(s),2024-04-19T00:00:00.000
CO1.BDOS.5979436,MC 2024 - 0258,ALCALDIA MUNICIPAL FUSAGASUGA,Cundinamarca,Fusagasugá,Mínima cuantía,Obra,Seleccionado,49675149,49670017,13,2,Mes(es),2024-04-16T00:00:00.000
CO1.BDOS.5975417,CMC-010-2024,ALCALDIA MUNICIPAL TAUSA,Cundinamarca,Tausa,Mínima cuantía,Obra,Seleccionado,33452321,24754717,14,10,día(s),2024-04-15T00:00:00.000
CO1.BDOS.5891508,SAMC-002-2024 (Manifestación de interés (Menor Cuantía)) (Presentación de oferta),MUNICIPIO DE VILLAPINZON,Cundinamarca,Villapinzón,Selección Abreviada de Menor Cuantía,Obra,Seleccionado,240000000,227156280,8,3,Mes(es),2024-04-11T00:00:00.000
CO1.BDOS.5879183,SAMC-2024-0003 (Manifestación de interés (Menor Cuantía)) (Presentación de oferta),MUNICIPIO DE GACHANCIPA,Cundinamarca,Gachancipá,Selección Abreviada de Menor Cuantía,Obra,Seleccionado,270347898,270347898,1,4,Mes(es),2024-04-10T00:00:00.000
CO1.BDOS.5879183,SAMC-2024-0003 (Manifestación de interés (Menor Cuantía)) (Presentación de oferta),MUNICIPIO DE GACHANCIPA,Cundinamarca,Gachancipá,Selección Abreviada de Menor Cuantía,Obra,Seleccionado,270347898,270354815,1,4,Mes(es),2024-04-10T00:00:00.000
CO1.BDOS.5822532,SAMC 024-2024 (Manifestación de interés (Menor Cuantía)) (Presentación de oferta),MUNICIPIO DE ANAPOIMA/,Cundinamarca,No Definido,Selección Abreviada de Menor Cuantía,Obra,Seleccionado,352998691,352857889,1,3,Mes(es),2024-04-03T00:00:00.000
CO1.BDOS.5914929,MC-012-2024,ALCALDIA MUNICIPAL DE EL COLEGIO,Cundinamarca,El Colegio,Mínima cuantía,Obra,Seleccionado,21497681,20049786,2,30,día(s),2024-04-02T00:00:00.000
CO1.BDOS.5909513,MC-003-2024,ALCALDÍA MUNICIPAL COTA,Cundinamarca,Cota,Mínima cuantía,Obra,Seleccionado,57788370,47583114,7,1,Mes(es),2024-04-01T00:00:00.000
CO1.BDOS.5907502,MC-011-2024,ALCALDIA MUNICIPIO DE LA VEGA CUNDINAMARCA,Cundinamarca,La Vega,Mínima cuantía,Obra,Seleccionado,36345055,31604929,3,30,día(s),2024-04-01T00:00:00.000
CO1.BDOS.5825513,MC-013-2024,MUNICIPIO DE VILLAPINZON,Cundinamarca,Villapinzón,Mínima cuantía,Obra,Seleccionado,36400000,36400000,1,2,Mes(es),2024-03-13T00:00:00.000
CO1.BDOS.5825513,MC-013-2024,MUNICIPIO DE VILLAPINZON,Cundinamarca,Villapinzón,Mínima cuantía,Obra,Seleccionado,36400000,36400000,1,2,Mes(es),2024-03-13T00:00:00.000
CO1.BDOS.5687434,058-SAMC-CENACINTELIGENCIA-2024 (Manifestación de interés (Menor Cuantía)) (Presentación de oferta),CENTRAL ADMINISTRATIVA Y CONTABLE ESPECIALIZADA INTELIGENCIA,Cundinamarca,No Definido,Selección Abreviada de Menor Cuantía,Obra,Seleccionado,191999964,191999964,7,8,Mes(es),2024-03-12T00:00:00.000
CO1.BDOS.5669226,SAMC 016-2024 (Manifestación de interés (Menor Cuantía)) (Presentación de oferta),MUNICIPIO DE ANAPOIMA/,Cundinamarca,No Definido,Selección Abreviada de Menor Cuantía,Obra,Seleccionado,218999354,218914496,1,3,Mes(es),2024-03-04T00:00:00.000
CO1.BDOS.5734935,MC-002-2024,MUNICIPIO DE SOACHA..,Cundinamarca,Soacha,Mínima cuantía,Obra,Seleccionado,83232199,59398670,36,1,Mes(es),2024-02-27T00:00:00.000
CO1.BDOS.5734935,MC-002-2024,MUNICIPIO DE SOACHA..,Cundinamarca,Soacha,Mínima cuantía,Obra,Seleccionado,83232199,59398670,36,1,Mes(es),2024-02-27T00:00:00.000
CO1.BDOS.5734935,MC-002-2024,MUNICIPIO DE SOACHA..,Cundinamarca,Soacha,Mínima cuantía,Obra,Seleccionado,83232199,59398670,36,1,Mes(es),2024-02-27T00:00:00.000
CO1.BDOS.5734935,MC-002-2024,MUNICIPIO DE SOACHA..,Cundinamarca,Soacha,Mínima cuantía,Obra,Seleccionado,83232199,59398670,36,1,Mes(es),2024-02-27T00:00:00.000
CO1.BDOS.5681174,MC-009-2024,MUNICIPIO DE VILLAPINZON,Cundinamarca,Villapinzón,Mínima cuantía,Obra,Seleccionado,36399186,23999666,14,0,día(s),2024-02-20T00:00:00.000
CO1.BDOS.5681174,MC-009-2024,MUNICIPIO DE VILLAPINZON,Cundinamarca,Villapinzón,Mínima cuantía,Obra,Seleccionado,36399186,32759416,14,0,día(s),2024-02-20T00:00:00.000
CO1.BDOS.5614284,CONVOCATORIA PÚBLICA N° 008 DE 2024,empresa social del estado región de salud soacha.,Cundinamarca,Soacha,Contratación régimen especial (con ofertas),Obra,Seleccionado,150517275253,150516221003,2,23,Mes(es),2024-02-09T00:00:00.000
CO1.BDOS.5586317,SGG-MC-001-2024,MUNICIPIO DE EL ROSAL,Cundinamarca,El Rosal,Mínima cuantía,Obra,Seleccionado,36399999,29601766,22,1,Mes(es),2024-02-05T00:00:00.000
CO1.BDOS.5582714,MC-005-2024,MUNICIPIO DE VILLAPINZON,Cundinamarca,Villapinzón,Mínima cuantía,Obra,Seleccionado,36400000,36400000,1,0,día(s),2024-02-05T00:00:00.000
CO1.BDOS.5349093,SAMC-IMVIUR-003-2023 (Manifestación de interés (Menor Cuantía)) (Presentación de oferta),INSTITUTO MUNICIPAL DE VIVIENDA URBANA Y RURAL IMVIUR,Cundinamarca,La Calera,Selección Abreviada de Menor Cuantía,Obra,Seleccionado,409101897,405506296,4,2,Mes(es),2024-01-29T00:00:00.000
CO1.BDOS.5308326,SAMC-19 DE 2023 (Manifestación de interés (Menor Cuantía)) (Presentación de oferta),ALCALDIA DE GAMA,Cundinamarca,Gama,Selección Abreviada de Menor Cuantía,Obra,Seleccionado,171608386,171574256,1,5,Mes(es),2023-12-28T00:00:00.000
CO1.BDOS.5309886,MC-CMC-050-CBA-2023,SENA REGIONAL CUNDINAMARCA Grupo Administrativo CBA,Cundinamarca,Mosquera,Mínima cuantía,Obra,Seleccionado,61593976,60460838,2,5,día(s),2023-12-15T00:00:00.000
CO1.BDOS.5300420,CONVENIO INTERADMINISTRATIVO # 2023005 DE 2023,ALCALDIA MUNICIPIO DE LA VEGA CUNDINAMARCA,Cundinamarca,La Vega,Contratación Directa (con ofertas),Obra,Seleccionado,161978249,161978249,1,30,día(s),2023-12-13T00:00:00.000
CO1.BDOS.5245165,SAMC-SM-017-2023 (Presentación de oferta),ALCALDIA MUNICIPIO DE NOCAIMA,Cundinamarca,Nocaima,Seleccion Abreviada Menor Cuantia Sin Manifestacion Interes,Obra,Seleccionado,732363423,698816818,21,180,día(s),2023-12-13T00:00:00.000
CO1.BDOS.5264206,SAMC 030-2023 (Manifestación de interés (Menor Cuantía)) (Presentación de oferta),MUNICIPIO DE ALBAN,Cundinamarca,Albán,Selección Abreviada de Menor Cuantía,Obra,Seleccionado,275565736,275559639,1,1,Mes(es),2023-12-13T00:00:00.000
CO1.BDOS.5267522,SMC 028-2023,ALCALDIA MUNICIPIO DE NOCAIMA,Cundinamarca,Nocaima,Mínima cuantía,Obra,Seleccionado,30929599,29992416,4,20,día(s),2023-12-12T00:00:00.000
CO1.BDOS.5227235,SAMC 031 DE 2023 (Manifestación de interés (Menor Cuantía)) (Presentación de oferta),MUNICIPIO DE SUBACHOQUE,Cundinamarca,Subachoque,Selección Abreviada de Menor Cuantía,Obra,Seleccionado,324527762,324468958,1,3,Mes(es),2023-12-11T00:00:00.000
CO1.BDOS.5275345,SPU-MIC-052-2023,MUNICIPIO DE UBATE,Cundinamarca,Villa De San Diego De Ubate,Mínima cuantía,Obra,Seleccionado,24062483,21354466,1,0,día(s),2023-12-11T00:00:00.000
CO1.BDOS.5287573,CUN-MC-08-2023,INSTITUTO COLOMBIANO AGROPECUARIO - SECCIONAL CUNDINAMARCA,Cundinamarca,Mosquera,Mínima cuantía,Obra,Seleccionado,20000000,18805689,3,30,día(s),2023-12-11T00:00:00.000
CO1.BDOS.5291423,SSP-MC-080-2023,MUNICIPIO DE VILLAPINZON,Cundinamarca,Villapinzón,Mínima cuantía,Obra,Seleccionado,32480000,31926924,1,8,día(s),2023-12-11T00:00:00.000
CO1.BDOS.5275810,MC 060-2023,ALCALDIA MUNICIPAL DE CHIA,Cundinamarca,Chía,Mínima cuantía,Obra,Seleccionado,51594064,47904129,2,0,día(s),2023-12-06T00:00:00.000
CO1.BDOS.5209750,SAMC-053-2023 (Manifestación de interés (Menor Cuantía)) (Presentación de oferta),ALCALDIA MUNICIPIO DE ZIPAQUIRA,Cundinamarca,Zipaquirá,Selección Abreviada de Menor Cuantía,Obra,Seleccionado,74000000,73977121,1,15,día(s),2023-12-06T00:00:00.000
CO1.BDOS.5201122,SAMC_29_2023 (Manifestación de interés (Menor Cuantía)) (Presentación de oferta),ALCALDIA MUNICIPAL DE VILLETA,Cundinamarca,Villeta,Selección Abreviada de Menor Cuantía,Obra,Seleccionado,302262600,249761601,1,16,día(s),2023-12-05T00:00:00.000
CO1.BDOS.5219529,SAMC 029-2023 (Manifestación de interés (Menor Cuantía)) (Presentación de oferta),MUNICIPIO DE ALBAN,Cundinamarca,Albán,Selección Abreviada de Menor Cuantía,Obra,Seleccionado,262128626,262122942,1,30,día(s),2023-12-05T00:00:00.000
CO1.BDOS.5203479,SAMC-30-2023 (Manifestación de interés (Menor Cuantía)) (Presentación de oferta),ALCALDIA MUNICIPAL DE VILLETA,Cundinamarca,Villeta,Selección Abreviada de Menor Cuantía,Obra,Seleccionado,296618822,296618821,1,15,día(s),2023-12-05T00:00:00.000
CO1.BDOS.5264864,IPMC 060-2023,MUNICIPIO DE ALBAN,Cundinamarca,Albán,Mínima cuantía,Obra,Seleccionado,10318475,10317776,1,2,Mes(es),2023-12-04T00:00:00.000
CO1.BDOS.5242086,MA-SAMC-OED-SP-019-2023 (Presentación de oferta),ALCALDIA MUNICIPIO DE ANOLAIMA,Cundinamarca,Anolaima,Seleccion Abreviada Menor Cuantia Sin Manifestacion Interes,Obra,Seleccionado,200000000,191622848,3,60,día(s),2023-12-01T00:00:00.000
CO1.BDOS.5242086,MA-SAMC-OED-SP-019-2023 (Presentación de oferta),ALCALDIA MUNICIPIO DE ANOLAIMA,Cundinamarca,Anolaima,Seleccion Abreviada Menor Cuantia Sin Manifestacion Interes,Obra,Seleccionado,200000000,191622848,3,60,día(s),2023-12-01T00:00:00.000
CO1.BDOS.5194447,SAMC-052-2023 (Manifestación de interés (Menor Cuantía)) (Presentación de oferta),ALCALDIA MUNICIPIO DE ZIPAQUIRA,Cundinamarca,Zipaquirá,Selección Abreviada de Menor Cuantía,Obra,Seleccionado,454000000,453519057,1,15,día(s),2023-12-01T00:00:00.000
CO1.BDOS.5182729,SAMC-050-2023 (Manifestación de interés (Menor Cuantía)) (Presentación de oferta),ALCALDIA MUNICIPIO DE ZIPAQUIRA,Cundinamarca,Zipaquirá,Selección Abreviada de Menor Cuantía,Obra,Seleccionado,451650645,451650645,1,15,día(s),2023-11-30T00:00:00.000
CO1.BDOS.5171981,SAMC-051-2023 (Manifestación de interés (Menor Cuantía)) (Presentación de oferta),ALCALDIA MUNICIPIO DE ZIPAQUIRA,Cundinamarca,Zipaquirá,Selección Abreviada de Menor Cuantía,Obra,Seleccionado,170000000,168515771,1,15,día(s),2023-11-30T00:00:00.000
CO1.BDOS.5085021,LIC 001 ESPT 2023 (Fase de Selección (Presentación de ofertas)),EMPRESA DE SERVICIOS PUBLICOS DE TOCANCIPA S.A. E.S.P.,Cundinamarca,Tocancipá,Licitación pública Obra Publica,Obra,Seleccionado,25148359268,25116584000,2,12,Mes(es),2023-11-29T00:00:00.000
CO1.BDOS.5236753,MC 057 DE 2023,ALCALDIA MUNICIPAL DE CHIA,Cundinamarca,Chía,Mínima cuantía,Obra,Seleccionado,51982752,48343959,4,20,día(s),2023-11-28T00:00:00.000
CO1.BDOS.5237304,FACATATIVA-MC-068-23,ALCALDIA MUNICIPAL DE FACATATIVA,Cundinamarca,Facatativá,Mínima cuantía,Obra,Seleccionado,52039000,46280000,6,7,día(s),2023-11-28T00:00:00.000
CO1.BDOS.5111853,MA-SAMC-OPITPH-SP-015-2023 (Manifestación de interés (Menor Cuantía)) (Presentación de oferta),ALCALDIA MUNICIPIO DE ANOLAIMA,Cundinamarca,Anolaima,Selección Abreviada de Menor Cuantía,Obra,Seleccionado,134418577,133075407,2,2,Mes(es),2023-11-28T00:00:00.000
CO1.BDOS.5228161,ESAP -TCUN MIN 006 DE 2023,ESAP TERRITORIAL CUNDINAMARCA,Cundinamarca,Fusagasugá,Mínima cuantía,Obra,Seleccionado,9274289,7962815,1,8,día(s),2023-11-27T00:00:00.000
CO1.BDOS.5146481,SAMC 028-2023 (Manifestación de interés (Menor Cuantía)) (Presentación de oferta),MUNICIPIO DE ALBAN,Cundinamarca,Albán,Selección Abreviada de Menor Cuantía,Obra,Seleccionado,262059364,262044039,1,2,Mes(es),2023-11-24T00:00:00.000
CO1.BDOS.5217501,CUN-MC-07-2023,INSTITUTO COLOMBIANO AGROPECUARIO - SECCIONAL CUNDINAMARCA,Cundinamarca,Mosquera,Mínima cuantía,Obra,Seleccionado,10800000,10800000,1,30,día(s),2023-11-24T00:00:00.000
CO1.BDOS.5121954,SIOP-SAMC-0005-2023 (Manifestación de interés (Menor Cuantía)) (Presentación de oferta),ALCALDÍA MUNICIPAL COTA,Cundinamarca,Cota,Selección Abreviada de Menor Cuantía,Obra,Seleccionado,500000000,455000256,2,0,día(s),2023-11-24T00:00:00.000
CO1.BDOS.5157983,SAMC 28 DE 2023 (Manifestación de interés (Menor Cuantía)) (Presentación de oferta),ALCALDIA MUNICIPAL DE VILLETA,Cundinamarca,Villeta,Selección Abreviada de Menor Cuantía,Obra,Seleccionado,171993848,171993848,1,30,día(s),2023-11-23T00:00:00.000
CO1.BDOS.5110854,LP-005-2023 (Fase de Selección (Presentación de ofertas)),ALCALDIA DE TABIO,Cundinamarca,Tabio,Licitación pública Obra Publica,Obra,Seleccionado,2154167045,2154056103,1,12,Mes(es),2023-11-22T00:00:00.000
CO1.BDOS.5137399,SAMC - 052 DE 2023 (Manifestación de interés (Menor Cuantía)) (Presentación de oferta),MUNICIPIO DE SOACHA..,Cundinamarca,Soacha,Selección Abreviada de Menor Cuantía,Obra,Seleccionado,545000000,545000000,1,1,Mes(es),2023-11-22T00:00:00.000
CO1.BDOS.5114256,SA 2023-0921 (Manifestación de interés (Menor Cuantía)) (Presentación de oferta),ALCALDIA MUNICIPAL FUSAGASUGA,Cundinamarca,Fusagasugá,Selección Abreviada de Menor Cuantía,Obra,Seleccionado,389157416,383335058,2,3,Mes(es),2023-11-21T00:00:00.000
CO1.BDOS.5167038,SOPI-MC-073-2023,MUNICIPIO DE VILLAPINZON,Cundinamarca,Villapinzón,Mínima cuantía,Obra,Seleccionado,31556639,31556639,2,20,día(s),2023-11-20T00:00:00.000
CO1.BDOS.5113804,SP-SAMC-011-2023 (Manifestación de interés (Menor Cuantía)) (Presentación de oferta),MUNICIPIO DE VILLAPINZON,Cundinamarca,Villapinzón,Selección Abreviada de Menor Cuantía,Obra,Seleccionado,169680931,165351645,1,0,día(s),2023-11-20T00:00:00.000
CO1.BDOS.5113804,SP-SAMC-011-2023 (Manifestación de interés (Menor Cuantía)) (Presentación de oferta),MUNICIPIO DE VILLAPINZON,Cundinamarca,Villapinzón,Selección Abreviada de Menor Cuantía,Obra,Seleccionado,169680931,165351645,1,0,día(s),2023-11-20T00:00:00.000
CO1.BDOS.5113804,SP-SAMC-011-2023 (Manifestación de interés (Menor Cuantía)) (Presentación de oferta),MUNICIPIO DE VILLAPINZON,Cundinamarca,Villapinzón,Selección Abreviada de Menor Cuantía,Obra,Seleccionado,169680931,165351645,1,0,día(s),2023-11-20T00:00:00.000
CO1.BDOS.5166894,SOPI-MC-074-2023,MUNICIPIO DE VILLAPINZON,Cundinamarca,Villapinzón,Mínima cuantía,Obra,Seleccionado,32480000,32480000,1,20,día(s),2023-11-20T00:00:00.000
CO1.BDOS.5166337,SOPI-MC-071-2023,MUNICIPIO DE VILLAPINZON,Cundinamarca,Villapinzón,Mínima cuantía,Obra,Seleccionado,15000000,15000000,1,20,día(s),2023-11-20T00:00:00.000
CO1.BDOS.5165552,SMC 024-2023,ALCALDIA MUNICIPIO DE NOCAIMA,Cundinamarca,Nocaima,Mínima cuantía,Obra,Seleccionado,30000000,27495614,2,30,día(s),2023-11-20T00:00:00.000
CO1.BDOS.5129453,SAMC 019-2023 (Manifestación de interés (Menor Cuantía)) (Presentación de oferta),ALCALDIA MUNICIPAL DE CHIA,Cundinamarca,Chía,Selección Abreviada de Menor Cuantía,Obra,Seleccionado,180967226,180966352,4,1,Mes(es),2023-11-20T00:00:00.000
CO1.BDOS.5108101,SA 2023-0903 (Manifestación de interés (Menor Cuantía)) (Presentación de oferta),ALCALDIA MUNICIPAL FUSAGASUGA,Cundinamarca,Fusagasugá,Selección Abreviada de Menor Cuantía,Obra,Seleccionado,100000000,94810747,11,45,día(s),2023-11-20T00:00:00.000
CO1.BDOS.5194760,IPMC-054-2023,ALCALDIA DE TABIO,Cundinamarca,Tabio,Mínima cuantía,Obra,Seleccionado,32477025,31974290,1,0,día(s),2023-11-20T00:00:00.000
CO1.BDOS.5027704,LP 007-2023 (Fase de Selección (Presentación de ofertas)),ALCALDIA MUNICIPIO DE RICAURTE,Cundinamarca,Ricaurte,Licitación pública Obra Publica,Obra,Seleccionado,2158992101,2051948083,21,5,Mes(es),2023-11-20T00:00:00.000
CO1.BDOS.4992637,MA-SAMC-OPBA-SP-012-2023 (Manifestación de interés (Menor Cuantía)) (Presentación de oferta),ALCALDIA MUNICIPIO DE ANOLAIMA,Cundinamarca,Anolaima,Selección Abreviada de Menor Cuantía,Obra,Seleccionado,210000000,204510001,1,2,Mes(es),2023-11-17T00:00:00.000
CO1.BDOS.5138186,IMRD SAMC 005 2023 (Presentación de oferta),INSTITUTO MUNICIPAL DE RECREACIÓN Y DEPORTES DE CHIA,Cundinamarca,Chía,Seleccion Abreviada Menor Cuantia Sin Manifestacion Interes,Obra,Seleccionado,94813726,94678097,2,0,día(s),2023-11-17T00:00:00.000
CO1.BDOS.5116310,SAMC_27_2023 (Manifestación de interés (Menor Cuantía)) (Presentación de oferta),ALCALDIA MUNICIPAL DE VILLETA,Cundinamarca,Villeta,Selección Abreviada de Menor Cuantía,Obra,Seleccionado,323410139,323410139,1,25,día(s),2023-11-17T00:00:00.000
CO1.BDOS.5108512,SAMC 013-2023 (Manifestación de interés (Menor Cuantía)) (Presentación de oferta),ALCALDIA MUNICIPAL TAUSA,Cundinamarca,Tausa,Selección Abreviada de Menor Cuantía,Obra,Seleccionado,89293874,85811335,4,30,día(s),2023-11-17T00:00:00.000
CO1.BDOS.5111702,SAMC-049-2023 (Manifestación de interés (Menor Cuantía)) (Presentación de oferta),ALCALDIA MUNICIPIO DE ZIPAQUIRA,Cundinamarca,Zipaquirá,Selección Abreviada de Menor Cuantía,Obra,Seleccionado,349999999,349436633,1,1,Mes(es),2023-11-16T00:00:00.000
CO1.BDOS.5038389,MA-SAMC-OPITVU-SP-013-2023 (Manifestación de interés (Menor Cuantía)) (Presentación de oferta),ALCALDIA MUNICIPIO DE ANOLAIMA,Cundinamarca,Anolaima,Selección Abreviada de Menor Cuantía,Obra,Seleccionado,181818852,174000250,5,3,Mes(es),2023-11-15T00:00:00.000
CO1.BDOS.5096273,SA  021 MT 2023 (Manifestación de interés (Menor Cuantía)) (Presentación de oferta),MUNICIPIO DE TOCANCIPA,Cundinamarca,Tocancipá,Selección Abreviada de Menor Cuantía,Obra,Seleccionado,81105687,81007320,2,30,día(s),2023-11-15T00:00:00.000
CO1.BDOS.5165462,IPMC 057-2023,MUNICIPIO DE ALBAN,Cundinamarca,Albán,Mínima cuantía,Obra,Seleccionado,29997559,29875377,2,1,Mes(es),2023-11-15T00:00:00.000
CO1.BDOS.5087243,SAMC-014-2023 (Manifestación de interés (Menor Cuantía)) (Presentación de oferta),ALCALDIA MUNICIPIO DE RICAURTE,Cundinamarca,Ricaurte,Selección Abreviada de Menor Cuantía,Obra,Seleccionado,203559367,203559367,1,2,Mes(es),2023-11-14T00:00:00.000
CO1.BDOS.5158284,IMC-SP-035-2023,ALCALDIA MUNICIPIO DE ANOLAIMA,Cundinamarca,Anolaima,Mínima cuantía,Obra,Seleccionado,6274367,5350723,5,30,día(s),2023-11-13T00:00:00.000
CO1.BDOS.5143847,CONVOCATORIA 022,ESE HOSPITAL SAN RAFAEL DE FUSAGASUGÁ,Cundinamarca,Fusagasugá,Contratación régimen especial (con ofertas),Obra,Seleccionado,219980354907,219980354894,1,48,Mes(es),2023-11-08T00:00:00.000
CO1.BDOS.5128483,SMC 043-2023,ALCALDIA MUNICIPAL TAUSA,Cundinamarca,Tausa,Mínima cuantía,Obra,Seleccionado,22549869,18265394,2,10,día(s),2023-11-07T00:00:00.000
CO1.BDOS.5133525,017_2023,EMPRESAS PUBLICAS DE NILO S.A.S. E.S.P. - EMPUNILO S.A.S. E.S.P.,Cundinamarca,Nilo,Contratación régimen especial (con ofertas),Obra,Seleccionado,303821951,303813576,1,30,día(s),2023-11-07T00:00:00.000
CO1.BDOS.5076924,SAMC 23 DE 2023 (Manifestación de interés (Menor Cuantía)) (Presentación de oferta),ALCALDIA MUNICIPAL DE VILLETA,Cundinamarca,Villeta,Selección Abreviada de Menor Cuantía,Obra,Seleccionado,179939124,179939124,1,30,día(s),2023-11-03T00:00:00.000
CO1.BDOS.5067346,SAMC 013 -2023 (Manifestación de interés (Menor Cuantía)) (Presentación de oferta),MUNICIPIO DE COGUA,Cundinamarca,Cogua,Selección Abreviada de Menor Cuantía,Obra,Seleccionado,71250549,68599688,1,1,Mes(es),2023-11-03T00:00:00.000
CO1.BDOS.5063074,SA 2023-0902 (Manifestación de interés (Menor Cuantía)) (Presentación de oferta),ALCALDIA MUNICIPAL FUSAGASUGA,Cundinamarca,Fusagasugá,Selección Abreviada de Menor Cuantía,Obra,Seleccionado,89999787,89979932,2,2,Mes(es),2023-11-02T00:00:00.000
CO1.BDOS.5121595,016_2023,EMPRESAS PUBLICAS DE NILO S.A.S. E.S.P. - EMPUNILO S.A.S. E.S.P.,Cundinamarca,Nilo,Contratación régimen especial (con ofertas),Obra,Seleccionado,201692171,201688703,1,40,día(s),2023-11-02T00:00:00.000
CO1.BDOS.5116895,CUN-MC-05-2023,INSTITUTO COLOMBIANO AGROPECUARIO - SECCIONAL CUNDINAMARCA,Cundinamarca,Mosquera,Mínima cuantía,Obra,Seleccionado,5620370,3345090,9,60,día(s),2023-11-02T00:00:00.000
CO1.BDOS.5037368,LICITACION PUBLICA 099-2023 (Fase de Selección (Presentación de ofertas)),MUNICIPIO DE ANAPOIMA/,Cundinamarca,No Definido,Licitación pública Obra Publica,Obra,Seleccionado,1095706571,1095698559,1,4,Mes(es),2023-10-31T00:00:00.000
CO1.BDOS.5109321,MC-071-2023,ALCALDIA MUNICIPAL DE PUERTO SALGAR,Cundinamarca,Puerto Salgar,Mínima cuantía,Obra,Seleccionado,20000000,19250000,2,25,día(s),2023-10-31T00:00:00.000
CO1.BDOS.5060635,SAMC 013-2023 (Manifestación de interés (Menor Cuantía)) (Presentación de oferta),ALCALDIA MUNICIPIO DE RICAURTE,Cundinamarca,Ricaurte,Selección Abreviada de Menor Cuantía,Obra,Seleccionado,158294426,158294426,1,2,Mes(es),2023-10-30T00:00:00.000
CO1.BDOS.4994555,LP 2023-0882 (Fase de Selección (Presentación de ofertas)),ALCALDIA MUNICIPAL FUSAGASUGA,Cundinamarca,Fusagasugá,Licitación pública Obra Publica,Obra,Seleccionado,780656414,729512577,1,7,Mes(es),2023-10-30T00:00:00.000
CO1.BDOS.5044100,SA-MC-029-2023 (Manifestación de interés (Menor Cuantía)) (Presentación de oferta),MUNICIPIO DE UBATE,Cundinamarca,Villa De San Diego De Ubate,Selección Abreviada de Menor Cuantía,Obra,Seleccionado,270664680,270664680,1,0,día(s),2023-10-27T00:00:00.000
CO1.BDOS.5015355,SAMC 21 DE 2023 (Manifestación de interés (Menor Cuantía)) (Presentación de oferta),ALCALDIA MUNICIPAL DE VILLETA,Cundinamarca,Villeta,Selección Abreviada de Menor Cuantía,Obra,Seleccionado,58433954,58422833,2,45,día(s),2023-10-27T00:00:00.000
CO1.BDOS.5044100,SA-MC-029-2023 (Manifestación de interés (Menor Cuantía)) (Presentación de oferta),MUNICIPIO DE UBATE,Cundinamarca,Villa De San Diego De Ubate,Selección Abreviada de Menor Cuantía,Obra,Seleccionado,270664680,270664680,1,0,día(s),2023-10-27T00:00:00.000
CO1.BDOS.5065749,IMRD SAMC 004 2023 (Fase de ofertas),INSTITUTO MUNICIPAL DE RECREACIÓN Y DEPORTES DE CHIA,Cundinamarca,Chía,Seleccion Abreviada Menor Cuantia Sin Manifestacion Interes,Obra,Seleccionado,66760587,53550000,2,0,día(s),2023-10-26T00:00:00.000
CO1.BDOS.5008159,SAMC-009-2023 (Manifestación de interés (Menor Cuantía)) (Presentación de oferta),ALCALDIA DE TABIO,Cundinamarca,Tabio,Selección Abreviada de Menor Cuantía,Obra,Seleccionado,200000000,198299463,3,3,día(s),2023-10-26T00:00:00.000
CO1.BDOS.5008159,SAMC-009-2023 (Manifestación de interés (Menor Cuantía)) (Presentación de oferta),ALCALDIA DE TABIO,Cundinamarca,Tabio,Selección Abreviada de Menor Cuantía,Obra,Seleccionado,200000000,198299463,3,3,día(s),2023-10-26T00:00:00.000
CO1.BDOS.5089794,MC 2023-0913,ALCALDIA MUNICIPAL FUSAGASUGA,Cundinamarca,Fusagasugá,Mínima cuantía,Obra,Seleccionado,23893962,23893962,3,2,Mes(es),2023-10-25T00:00:00.000
CO1.BDOS.5082534,SMIN-073-2023,ALCALDIA MUNICIPIO DE ZIPAQUIRA,Cundinamarca,Zipaquirá,Mínima cuantía,Obra,Seleccionado,51790842,51489844,2,1,Mes(es),2023-10-24T00:00:00.000
CO1.BDOS.5027085,SAMC 011-2023 (Manifestación de interés (Menor Cuantía)) (Presentación de oferta),ALCALDIA MUNICIPIO DE RICAURTE,Cundinamarca,Ricaurte,Selección Abreviada de Menor Cuantía,Obra,Seleccionado,41979295,41979295,1,2,Mes(es),2023-10-24T00:00:00.000
CO1.BDOS.5029990,SAMC-048-2023 (Manifestación de interés (Menor Cuantía)) (Presentación de oferta),MUNICIPIO DE SOACHA..,Cundinamarca,Soacha,Selección Abreviada de Menor Cuantía,Obra,Seleccionado,280441428,265398840,1,1,Mes(es),2023-10-23T00:00:00.000
CO1.BDOS.5002138,SAMC-CMC-CBA-011-2023 (Manifestación de interés (Menor Cuantía)) (Presentación de oferta),SENA REGIONAL CUNDINAMARCA Grupo Administrativo CBA,Cundinamarca,Mosquera,Selección Abreviada de Menor Cuantía,Obra,Seleccionado,450000000,449596386,2,75,día(s),2023-10-23T00:00:00.000
CO1.BDOS.5071344,MC-136-CENACTELEMATICA-2023,CENTRAL ADMINISTRATIVA Y CONTABLE TELEMATICA,Cundinamarca,Facatativá,Mínima cuantía,Obra,Seleccionado,59687055,38066593,13,0,día(s),2023-10-23T00:00:00.000
CO1.BDOS.5029048,SAMC 012-2023 (Manifestación de interés (Menor Cuantía)) (Presentación de oferta),ALCALDIA MUNICIPIO DE RICAURTE,Cundinamarca,Ricaurte,Selección Abreviada de Menor Cuantía,Obra,Seleccionado,269797635,269797635,1,3,Mes(es),2023-10-20T00:00:00.000
CO1.BDOS.4986349,SA 2023-0876 (Manifestación de interés (Menor Cuantía)) (Presentación de oferta),ALCALDIA MUNICIPAL FUSAGASUGA,Cundinamarca,Fusagasugá,Selección Abreviada de Menor Cuantía,Obra,Seleccionado,522000000,493095562,3,4,Mes(es),2023-10-20T00:00:00.000
CO1.BDOS.4988191,SAMC_20_2023 (Manifestación de interés (Menor Cuantía)) (Presentación de oferta),ALCALDIA MUNICIPAL DE VILLETA,Cundinamarca,Villeta,Selección Abreviada de Menor Cuantía,Obra,Seleccionado,61986121,61983452,1,1,Mes(es),2023-10-19T00:00:00.000
CO1.BDOS.5050884,MC-2023-0894,ALCALDIA MUNICIPAL FUSAGASUGA,Cundinamarca,Fusagasugá,Mínima cuantía,Obra,Seleccionado,44498974,44498946,2,2,Mes(es),2023-10-18T00:00:00.000
CO1.BDOS.5010813,FACATATIVA-SA-033-23 (Manifestación de interés (Menor Cuantía)) (Presentación de oferta),ALCALDIA MUNICIPAL DE FACATATIVA,Cundinamarca,Facatativá,Selección Abreviada de Menor Cuantía,Obra,Seleccionado,95660000,95660000,12,2,Mes(es),2023-10-18T00:00:00.000
CO1.BDOS.4999799,SAMC-016-2023 (Manifestación de interés (Menor Cuantía)) (Presentación de oferta),ALCALDÍA MUNICIPAL DE MADRID CUNDINAMARCA,Cundinamarca,Madrid,Selección Abreviada de Menor Cuantía,Obra,Seleccionado,300000000,278986649,8,2,Mes(es),2023-10-17T00:00:00.000
CO1.BDOS.5055513,MC 2023-0898,ALCALDIA MUNICIPAL FUSAGASUGA,Cundinamarca,Fusagasugá,Mínima cuantía,Obra,Seleccionado,51932224,51929356,1,2,Mes(es),2023-10-17T00:00:00.000
CO1.BDOS.5054728,MC 040-2023,ALCALDIA MUNICIPAL DE CHIA,Cundinamarca,Chía,Mínima cuantía,Obra,Seleccionado,40070700,38022646,1,0,día(s),2023-10-17T00:00:00.000
CO1.BDOS.4975524,LPO-010-2023 (Fase de Selección (Presentación de ofertas)),MUNICIPIO DE LA CALERA CUNDINAMARCA,Cundinamarca,La Calera,Licitación pública Obra Publica,Obra,Seleccionado,476882785,449791659,14,4,Mes(es),2023-10-13T00:00:00.000
CO1.BDOS.4963730,FACATATIVA-SA-029-23 (Manifestación de interés (Menor Cuantía)) (Presentación de oferta),ALCALDIA MUNICIPAL DE FACATATIVA,Cundinamarca,Facatativá,Selección Abreviada de Menor Cuantía,Obra,Seleccionado,119985185,118187861,5,2,Mes(es),2023-10-13T00:00:00.000
CO1.BDOS.4961999,SA-AMS-2023-0022 (Manifestación de interés (Menor Cuantía)) (Presentación de oferta),ALCALDÍA MUNICIPAL DE SOPO,Cundinamarca,Sopó,Selección Abreviada de Menor Cuantía,Obra,Seleccionado,211701818,211634955,1,45,día(s),2023-10-12T00:00:00.000
CO1.BDOS.4992315,SIOP-SAMC-0004-2023 (Manifestación de interés (Menor Cuantía)) (Presentación de oferta),ALCALDÍA MUNICIPAL COTA,Cundinamarca,Cota,Selección Abreviada de Menor Cuantía,Obra,Seleccionado,450000000,449748024,1,0,día(s),2023-10-12T00:00:00.000
CO1.BDOS.4980018,SAMC-008-2023 (Manifestación de interés (Menor Cuantía)) (Presentación de oferta),ALCALDIA DE TABIO,Cundinamarca,Tabio,Selección Abreviada de Menor Cuantía,Obra,Seleccionado,200000000,190117481,4,3,Mes(es),2023-10-11T00:00:00.000
CO1.BDOS.4987326,LP-013-2023 (Fase de Selección (Presentación de ofertas)),ALCALDIA MUNICIPIO DE CAJICA,Cundinamarca,Cajicá,Licitación pública Obra Publica,Obra,Seleccionado,647962932,610860384,7,45,día(s),2023-10-11T00:00:00.000
CO1.BDOS.4980018,SAMC-008-2023 (Manifestación de interés (Menor Cuantía)) (Presentación de oferta),ALCALDIA DE TABIO,Cundinamarca,Tabio,Selección Abreviada de Menor Cuantía,Obra,Seleccionado,200000000,190117481,4,3,Mes(es),2023-10-11T00:00:00.000
CO1.BDOS.5031958,092-MC-CENACTOLEMAIDA-2023,CENAC TOLEMAIDA,Cundinamarca,Nilo,Mínima cuantía,Obra,Seleccionado,50000000,39401434,4,0,día(s),2023-10-10T00:00:00.000
CO1.BDOS.4982991,SAMC-005-2023 (Manifestación de interés (Menor Cuantía)) (Presentación de oferta),CORPORACION PRODESARROLLO Y SEGURIDAD DEL MUNICIPIO DE GIRARDOT,Cundinamarca,Girardot,Selección Abreviada de Menor Cuantía,Obra,Seleccionado,275197501,275188811,1,2,Mes(es),2023-10-10T00:00:00.000
CO1.BDOS.4972846,SAMC_18 DE 2023 (Manifestación de interés (Menor Cuantía)) (Presentación de oferta),ALCALDIA MUNICIPAL DE VILLETA,Cundinamarca,Villeta,Selección Abreviada de Menor Cuantía,Obra,Seleccionado,129244884,129244884,1,45,día(s),2023-10-07T00:00:00.000
CO1.BDOS.4984969,SAMC 19 DE 2023 (Manifestación de interés (Menor Cuantía)) (Presentación de oferta),ALCALDIA MUNICIPAL DE VILLETA,Cundinamarca,Villeta,Selección Abreviada de Menor Cuantía,Obra,Seleccionado,247227380,247226286,1,60,día(s),2023-10-07T00:00:00.000
CO1.BDOS.4955338,LP 11 DE 2023 (Fase de Selección (Presentación de ofertas)),ALCALDIA MUNICIPAL DE VILLETA,Cundinamarca,Villeta,Licitación pública Obra Publica,Obra,Seleccionado,614673838,602001895,1,45,día(s),2023-10-03T00:00:00.000
CO1.BDOS.4948578,LP-015-2023 (Fase de Selección (Presentación de ofertas)),ALCALDIA MUNICIPIO DE ZIPAQUIRA,Cundinamarca,Zipaquirá,Licitación pública Obra Publica,Obra,Seleccionado,1869112531,1765665595,24,2,Mes(es),2023-10-03T00:00:00.000
CO1.BDOS.4944607,SAMC-CMC-CBA-008-2023 (Manifestación de interés (Menor Cuantía)) (Presentación de oferta),SENA REGIONAL CUNDINAMARCA Grupo Administrativo CBA,Cundinamarca,Mosquera,Selección Abreviada de Menor Cuantía,Obra,Seleccionado,1159980195,1158243163,2,3,Mes(es),2023-10-03T00:00:00.000
CO1.BDOS.4945316,FACATATIVA-SA-027-23 (Manifestación de interés (Menor Cuantía)) (Presentación de oferta),ALCALDIA MUNICIPAL DE FACATATIVA,Cundinamarca,Facatativá,Selección Abreviada de Menor Cuantía,Obra,Seleccionado,80000000,78399961,3,2,Mes(es),2023-10-02T00:00:00.000
CO1.BDOS.4944042,SAMC-047-2023 (Manifestación de interés (Menor Cuantía)) (Presentación de oferta),ALCALDIA MUNICIPIO DE ZIPAQUIRA,Cundinamarca,Zipaquirá,Selección Abreviada de Menor Cuantía,Obra,Seleccionado,271259071,269933232,1,2,Mes(es),2023-10-02T00:00:00.000
CO1.BDOS.5001203,IA-003-2023*,EPUXUA E.I.C.E.,Cundinamarca,Soacha,Contratación régimen especial (con ofertas),Obra,Seleccionado,12440073917,12297016642,1,8,Mes(es),2023-09-29T00:00:00.000
CO1.BDOS.4939762,LP 2023 - 0863 (Fase de Selección (Presentación de ofertas)),ALCALDIA MUNICIPAL FUSAGASUGA,Cundinamarca,Fusagasugá,Licitación pública Obra Publica,Obra,Seleccionado,1093455253,1042360630,42,3,Mes(es),2023-09-28T00:00:00.000
CO1.BDOS.4992383,IA-003-2023,EPUXUA E.I.C.E.,Cundinamarca,Soacha,Contratación régimen especial (con ofertas),Obra,Seleccionado,12520311810,12219815825,1,8,Mes(es),2023-09-27T00:00:00.000
CO1.BDOS.4942933,SAMC-016-2023 (Manifestación de interés (Menor Cuantía)) (Presentación de oferta),MUNICIPIO DE FUNZA - ALCALDÍA DE FUNZA,Cundinamarca,Funza,Selección Abreviada de Menor Cuantía,Obra,Seleccionado,250000000,250000000,1,5,Mes(es),2023-09-27T00:00:00.000
CO1.BDOS.4936680,SAMC-046-2023 (Manifestación de interés (Menor Cuantía)) (Presentación de oferta),ALCALDIA MUNICIPIO DE ZIPAQUIRA,Cundinamarca,Zipaquirá,Selección Abreviada de Menor Cuantía,Obra,Seleccionado,219971889,219951090,1,2,Mes(es),2023-09-26T00:00:00.000
CO1.BDOS.4935645,SAMC 2023 - 115 (Manifestación de interés (Menor Cuantía)) (Presentación de oferta),IDERF,Cundinamarca,Fusagasugá,Selección Abreviada de Menor Cuantía,Obra,Seleccionado,122102571,116004521,3,45,día(s),2023-09-25T00:00:00.000
CO1.BDOS.4917336,SP-LP-005-2023 (Fase de Selección (Presentación de ofertas)),MUNICIPIO DE VILLAPINZON,Cundinamarca,Villapinzón,Licitación pública Obra Publica,Obra,Seleccionado,480212863,451906000,17,0,día(s),2023-09-22T00:00:00.000
CO1.BDOS.4924508,SAMC-005-2023 (Manifestación de interés (Menor Cuantía)) (Presentación de oferta),INSTITUTO MUNICIPAL DE TURISMO CULTURA Y FOMENTO DE GIRARDOT,Cundinamarca,Girardot,Selección Abreviada de Menor Cuantía,Obra,Seleccionado,184269592,184079080,2,45,día(s),2023-09-22T00:00:00.000
CO1.BDOS.4971842,02,IED INSTITUTO AGRICOLA PEÑA NEGRA,Cundinamarca,Cachipay,Contratación régimen especial (con ofertas),Obra,Seleccionado,30000000,26494688,0,30,día(s),2023-09-22T00:00:00.000
CO1.BDOS.4893390,SA 2023-0847 (Manifestación de interés (Menor Cuantía)) (Presentación de oferta),ALCALDIA MUNICIPAL FUSAGASUGA,Cundinamarca,Fusagasugá,Selección Abreviada de Menor Cuantía,Obra,Seleccionado,300000000,285334863,18,6,Mes(es),2023-09-22T00:00:00.000
CO1.BDOS.4905723,SP-SAMC-010-2023 (Manifestación de interés (Menor Cuantía)) (Presentación de oferta),MUNICIPIO DE VILLAPINZON,Cundinamarca,Villapinzón,Selección Abreviada de Menor Cuantía,Obra,Seleccionado,305212002,305169418,3,0,día(s),2023-09-20T00:00:00.000
CO1.BDOS.4969654,SMC 2023-118,IDERF,Cundinamarca,Fusagasugá,Mínima cuantía,Obra,Seleccionado,0,20208424,2,1,Mes(es),2023-09-20T00:00:00.000
CO1.BDOS.4410895,LP-004-2023 (Fase de Selección (Presentación de ofertas)),ALCALDIA MUNICIPIO DE CAJICA,Cundinamarca,Cajicá,Licitación pública Obra Publica,Obra,Seleccionado,5598211297,5360634579,22,180,día(s),2023-09-20T00:00:00.000
CO1.BDOS.4891486,SAMC-CMC-CBA-007-2023 (Manifestación de interés (Menor Cuantía)) (Presentación de oferta),SENA REGIONAL CUNDINAMARCA Grupo Administrativo CBA,Cundinamarca,Mosquera,Selección Abreviada de Menor Cuantía,Obra,Seleccionado,207426460,99768820,2,3,Mes(es),2023-09-18T00:00:00.000
CO1.BDOS.4920402,SAMC_17 DE 2023 (Manifestación de interés (Menor Cuantía)) (Presentación de oferta),ALCALDIA MUNICIPAL DE VILLETA,Cundinamarca,Villeta,Selección Abreviada de Menor Cuantía,Obra,Seleccionado,204176590,204175670,1,45,día(s),2023-09-18T00:00:00.000
CO1.BDOS.4891486,SAMC-CMC-CBA-007-2023 (Manifestación de interés (Menor Cuantía)) (Presentación de oferta),SENA REGIONAL CUNDINAMARCA Grupo Administrativo CBA,Cundinamarca,Mosquera,Selección Abreviada de Menor Cuantía,Obra,Seleccionado,207426460,99768820,2,3,Mes(es),2023-09-18T00:00:00.000
CO1.BDOS.4891486,SAMC-CMC-CBA-007-2023 (Manifestación de interés (Menor Cuantía)) (Presentación de oferta),SENA REGIONAL CUNDINAMARCA Grupo Administrativo CBA,Cundinamarca,Mosquera,Selección Abreviada de Menor Cuantía,Obra,Seleccionado,207426460,7682935,2,3,Mes(es),2023-09-18T00:00:00.000
CO1.BDOS.4891486,SAMC-CMC-CBA-007-2023 (Manifestación de interés (Menor Cuantía)) (Presentación de oferta),SENA REGIONAL CUNDINAMARCA Grupo Administrativo CBA,Cundinamarca,Mosquera,Selección Abreviada de Menor Cuantía,Obra,Seleccionado,207426460,99710785,2,3,Mes(es),2023-09-18T00:00:00.000
CO1.BDOS.4891486,SAMC-CMC-CBA-007-2023 (Manifestación de interés (Menor Cuantía)) (Presentación de oferta),SENA REGIONAL CUNDINAMARCA Grupo Administrativo CBA,Cundinamarca,Mosquera,Selección Abreviada de Menor Cuantía,Obra,Seleccionado,207426460,7682935,2,3,Mes(es),2023-09-18T00:00:00.000
CO1.BDOS.4874148,SAMC 02 DE 2023 EFINPEC SERVICIO MANT AREAS ARQUIT (Manifestación de interés (Menor Cuantía)) (Presentación de oferta),ESCUELA DE FORMACION INPEC,Cundinamarca,No Definido,Selección Abreviada de Menor Cuantía,Obra,Seleccionado,999983323,844367844,0,3,Mes(es),2023-09-18T00:00:00.000
CO1.BDOS.4891486,SAMC-CMC-CBA-007-2023 (Manifestación de interés (Menor Cuantía)) (Presentación de oferta),SENA REGIONAL CUNDINAMARCA Grupo Administrativo CBA,Cundinamarca,Mosquera,Selección Abreviada de Menor Cuantía,Obra,Seleccionado,207426460,99710785,2,3,Mes(es),2023-09-18T00:00:00.000
CO1.BDOS.4858977,LPO-009-2023 (Fase de Selección (Presentación de ofertas)),MUNICIPIO DE LA CALERA CUNDINAMARCA,Cundinamarca,La Calera,Licitación pública Obra Publica,Obra,Seleccionado,370445308,369842082,1,0,día(s),2023-09-15T00:00:00.000
CO1.BDOS.4858977,LPO-009-2023 (Fase de Selección (Presentación de ofertas)),MUNICIPIO DE LA CALERA CUNDINAMARCA,Cundinamarca,La Calera,Licitación pública Obra Publica,Obra,Seleccionado,370445308,369842082,1,0,día(s),2023-09-15T00:00:00.000
CO1.BDOS.4883368,FACATATIVA-SA-022-23 (Manifestación de interés (Menor Cuantía)) (Presentación de oferta),ALCALDIA MUNICIPAL DE FACATATIVA,Cundinamarca,Facatativá,Selección Abreviada de Menor Cuantía,Obra,Seleccionado,200000000,184618857,3,3,Mes(es),2023-09-14T00:00:00.000
CO1.BDOS.4886218,SAMC.OP-003-2023 (Manifestación de interés (Menor Cuantía)) (Presentación de oferta),MUNICIPIO DE LA CALERA CUNDINAMARCA,Cundinamarca,La Calera,Selección Abreviada de Menor Cuantía,Obra,Seleccionado,106881924,101673282,10,4,Mes(es),2023-09-14T00:00:00.000
CO1.BDOS.4821596,SAMC-013-2023 (Manifestación de interés (Menor Cuantía)) (Presentación de oferta),ALCALDIA MUNICIPAL DE VILLETA,Cundinamarca,Villeta,Selección Abreviada de Menor Cuantía,Obra,Seleccionado,210482592,210468454,1,60,día(s),2023-09-14T00:00:00.000
CO1.BDOS.4934043,MC-049-2023,MUNICIPIO DE SOACHA..,Cundinamarca,Soacha,Mínima cuantía,Obra,Seleccionado,72100000,70739550,2,3,Mes(es),2023-09-13T00:00:00.000
CO1.BDOS.4873412,SAMC-032-2023 (Manifestación de interés (Menor Cuantía)) (Presentación de oferta),ALCALDIA MUNICIPIO DE CAJICA,Cundinamarca,Cajicá,Selección Abreviada de Menor Cuantía,Obra,Seleccionado,424051758,404969426,7,2,Mes(es),2023-09-13T00:00:00.000
CO1.BDOS.4878229,SAMC-007-2023 (Manifestación de interés (Menor Cuantía)) (Presentación de oferta),ALCALDIA DE TABIO,Cundinamarca,Tabio,Selección Abreviada de Menor Cuantía,Obra,Seleccionado,300000000,286953769,6,3,Mes(es),2023-09-12T00:00:00.000
CO1.BDOS.4878229,SAMC-007-2023 (Manifestación de interés (Menor Cuantía)) (Presentación de oferta),ALCALDIA DE TABIO,Cundinamarca,Tabio,Selección Abreviada de Menor Cuantía,Obra,Seleccionado,300000000,286953769,6,3,Mes(es),2023-09-12T00:00:00.000
CO1.BDOS.4900940,MA-SAMC-OPITPH-SP-10-2023 (Manifestación de interés (Menor Cuantía)) (Presentación de oferta),ALCALDIA MUNICIPIO DE ANOLAIMA,Cundinamarca,Anolaima,Selección Abreviada de Menor Cuantía,Obra,Seleccionado,200000000,188884264,6,2,Mes(es),2023-09-12T00:00:00.000
CO1.BDOS.4878229,SAMC-007-2023 (Manifestación de interés (Menor Cuantía)) (Presentación de oferta),ALCALDIA DE TABIO,Cundinamarca,Tabio,Selección Abreviada de Menor Cuantía,Obra,Seleccionado,300000000,286953769,6,3,Mes(es),2023-09-12T00:00:00.000
CO1.BDOS.4884081,SA 2023- 0839 (Manifestación de interés (Menor Cuantía)) (Presentación de oferta),ALCALDIA MUNICIPAL FUSAGASUGA,Cundinamarca,Fusagasugá,Selección Abreviada de Menor Cuantía,Obra,Seleccionado,261330812,261330812,1,4,Mes(es),2023-09-12T00:00:00.000
CO1.BDOS.4881881,SAMC-CMC-CBA-006-2023 (Manifestación de interés (Menor Cuantía)) (Presentación de oferta),SENA REGIONAL CUNDINAMARCA Grupo Administrativo CBA,Cundinamarca,Mosquera,Selección Abreviada de Menor Cuantía,Obra,Seleccionado,290235960,284544223,2,3,Mes(es),2023-09-12T00:00:00.000
CO1.BDOS.4896286,MA-SP-SAMC-009-2023 (Manifestación de interés (Menor Cuantía)) (Presentación de oferta),ALCALDIA MUNICIPIO DE ANOLAIMA,Cundinamarca,Anolaima,Selección Abreviada de Menor Cuantía,Obra,Seleccionado,300000000,283202592,6,2,Mes(es),2023-09-11T00:00:00.000
CO1.BDOS.4866592,SP-SAMC-009-2023 (Manifestación de interés (Menor Cuantía)) (Presentación de oferta),MUNICIPIO DE VILLAPINZON,Cundinamarca,Villapinzón,Selección Abreviada de Menor Cuantía,Obra,Seleccionado,206092585,206092298,3,0,día(s),2023-09-11T00:00:00.000
CO1.BDOS.4881449,SAMC-045-2023 (Manifestación de interés (Menor Cuantía)) (Presentación de oferta),ALCALDIA MUNICIPIO DE ZIPAQUIRA,Cundinamarca,Zipaquirá,Selección Abreviada de Menor Cuantía,Obra,Seleccionado,300000000,299762700,1,3,Mes(es),2023-09-11T00:00:00.000
CO1.BDOS.4886739,FACATATIVA-SA-023-23 (Manifestación de interés (Menor Cuantía)) (Presentación de oferta),ALCALDIA MUNICIPAL DE FACATATIVA,Cundinamarca,Facatativá,Selección Abreviada de Menor Cuantía,Obra,Seleccionado,85728484,83747280,1,1,Mes(es),2023-09-11T00:00:00.000
CO1.BDOS.4934795,014-2023,EMPRESAS PUBLICAS DE NILO S.A.S. E.S.P. - EMPUNILO S.A.S. E.S.P.,Cundinamarca,Nilo,Contratación régimen especial (con ofertas),Obra,Seleccionado,205351727,205000000,1,2,Mes(es),2023-09-11T00:00:00.000
CO1.BDOS.4876126,SA 2023-0837 (Manifestación de interés (Menor Cuantía)) (Presentación de oferta),ALCALDIA MUNICIPAL FUSAGASUGA,Cundinamarca,Fusagasugá,Selección Abreviada de Menor Cuantía,Obra,Seleccionado,275494279,261389430,8,4,Mes(es),2023-09-08T00:00:00.000
CO1.BDOS.4864592,LP 10 DE 2023 (Fase de Selección (Presentación de ofertas)),ALCALDIA MUNICIPAL DE VILLETA,Cundinamarca,Villeta,Licitación pública Obra Publica,Obra,Seleccionado,900000000,860324292,21,75,día(s),2023-09-08T00:00:00.000
CO1.BDOS.4864998,LP 2023-0831  (Fase de Selección (Presentación de ofertas)),ALCALDIA MUNICIPAL FUSAGASUGA,Cundinamarca,Fusagasugá,Licitación pública Obra Publica,Obra,Seleccionado,1610461681,1603373278,2,3,Mes(es),2023-09-08T00:00:00.000
CO1.BDOS.4876126,SA 2023-0837 (Manifestación de interés (Menor Cuantía)) (Presentación de oferta),ALCALDIA MUNICIPAL FUSAGASUGA,Cundinamarca,Fusagasugá,Selección Abreviada de Menor Cuantía,Obra,Seleccionado,275494279,261389430,8,4,Mes(es),2023-09-08T00:00:00.000
CO1.BDOS.4876126,SA 2023-0837 (Manifestación de interés (Menor Cuantía)) (Presentación de oferta),ALCALDIA MUNICIPAL FUSAGASUGA,Cundinamarca,Fusagasugá,Selección Abreviada de Menor Cuantía,Obra,Seleccionado,275494279,261389430,8,4,Mes(es),2023-09-08T00:00:00.000
CO1.BDOS.4861405,SAMC-043-2023 (Manifestación de interés (Menor Cuantía)) (Presentación de oferta),ALCALDIA MUNICIPIO DE ZIPAQUIRA,Cundinamarca,Zipaquirá,Selección Abreviada de Menor Cuantía,Obra,Seleccionado,232507283,231778685,1,3,Mes(es),2023-09-08T00:00:00.000
CO1.BDOS.4915794,013-2023,EMPRESAS PUBLICAS DE NILO S.A.S. E.S.P. - EMPUNILO S.A.S. E.S.P.,Cundinamarca,Nilo,Contratación régimen especial (con ofertas),Obra,Seleccionado,121787048,121768797,1,2,Mes(es),2023-09-07T00:00:00.000
CO1.BDOS.4915967,012-2023,EMPRESAS PUBLICAS DE NILO S.A.S. E.S.P. - EMPUNILO S.A.S. E.S.P.,Cundinamarca,Nilo,Contratación régimen especial (con ofertas),Obra,Seleccionado,172073269,172073269,1,3,Mes(es),2023-09-07T00:00:00.000
CO1.BDOS.4849507,SP-LP-004-2023 (Fase de Selección (Presentación de ofertas)),MUNICIPIO DE VILLAPINZON,Cundinamarca,Villapinzón,Licitación pública Obra Publica,Obra,Seleccionado,1395104895,1329237697,7,0,día(s),2023-09-07T00:00:00.000
CO1.BDOS.4900539,083- MC - CENAC TOLEMAIDA- 2023,CENAC TOLEMAIDA,Cundinamarca,Nilo,Mínima cuantía,Obra,Seleccionado,47800000,47800000,8,0,día(s),2023-09-07T00:00:00.000
CO1.BDOS.4839924,LP-AMS-2023-0013 (Fase de Selección (Presentación de ofertas)),ALCALDÍA MUNICIPAL DE SOPO,Cundinamarca,Sopó,Licitación pública Obra Publica,Obra,Seleccionado,5697793490,5522589034,7,3,Mes(es),2023-09-07T00:00:00.000
CO1.BDOS.4844801,FACATATIVA-LP-008-23 (Fase de Selección (Presentación de ofertas)),ALCALDIA MUNICIPAL DE FACATATIVA,Cundinamarca,Facatativá,Licitación pública Obra Publica,Obra,Seleccionado,1795652188,1708922814,22,3,Mes(es),2023-09-07T00:00:00.000
CO1.BDOS.4850308,SAMC-041-2023 (Manifestación de interés (Menor Cuantía)) (Presentación de oferta),ALCALDIA MUNICIPIO DE ZIPAQUIRA,Cundinamarca,Zipaquirá,Selección Abreviada de Menor Cuantía,Obra,Seleccionado,478399907,461601110,5,2,Mes(es),2023-09-06T00:00:00.000
CO1.BDOS.4828540,010-MDN-CGFM-DIGSA-JEFSA-FAC-CAMAN-2023 (Manifestación de interés (Menor Cuantía)) (Presentación de oferta),ESM COMANDO AÉREO DE MANTENIMIENTO,Cundinamarca,Madrid,Selección Abreviada de Menor Cuantía,Obra,Seleccionado,450000000,449999919,4,4,Mes(es),2023-09-06T00:00:00.000
CO1.BDOS.4913571,ADS-MIC-027-2023,MUNICIPIO DE UBATE,Cundinamarca,Villa De San Diego De Ubate,Mínima cuantía,Obra,Seleccionado,30217959,28114074,1,1,Mes(es),2023-09-06T00:00:00.000
CO1.BDOS.4876119,SAMC-015-2023 (Presentación de oferta),ALCALDÍA MUNICIPAL DE MADRID CUNDINAMARCA,Cundinamarca,Madrid,Seleccion Abreviada Menor Cuantia Sin Manifestacion Interes,Obra,Seleccionado,1205797102,1198108366,2,4,Mes(es),2023-09-06T00:00:00.000
CO1.BDOS.4860408,SA-MC-021-2023 (Manifestación de interés (Menor Cuantía)) (Presentación de oferta),MUNICIPIO DE UBATE,Cundinamarca,Villa De San Diego De Ubate,Selección Abreviada de Menor Cuantía,Obra,Seleccionado,100000000,99999066,1,2,Mes(es),2023-09-05T00:00:00.000
CO1.BDOS.4864976,SAMC-002-2023 (Manifestación de interés (Menor Cuantía)) (Presentación de oferta),INSTITUTO MUNICIPAL DE VIVIENDA DE INTERÉS SOCIAL CAJICA,Cundinamarca,Cajicá,Selección Abreviada de Menor Cuantía,Obra,Seleccionado,91559640,91559234,1,2,Mes(es),2023-09-05T00:00:00.000
CO1.BDOS.4850328,SAMC_14 DE 2023 (Manifestación de interés (Menor Cuantía)) (Presentación de oferta),ALCALDIA MUNICIPAL DE VILLETA,Cundinamarca,Villeta,Selección Abreviada de Menor Cuantía,Obra,Seleccionado,151786942,151786942,2,60,día(s),2023-09-05T00:00:00.000
CO1.BDOS.4827853,OPTIMIZACIÓN DE LA RED CONDUCCIÓN DEL ACUEDUCTO DE (Fase de Selección (Presentación de ofertas)),MUNICIPIO DE CABRERA,Cundinamarca,No Definido,Licitación pública Obra Publica,Obra,Seleccionado,628953119,608142507,5,65,día(s),2023-09-04T00:00:00.000
CO1.BDOS.4852140,SAMC-042-2023 (Manifestación de interés (Menor Cuantía)) (Presentación de oferta),ALCALDIA MUNICIPIO DE ZIPAQUIRA,Cundinamarca,Zipaquirá,Selección Abreviada de Menor Cuantía,Obra,Seleccionado,216999777,216864318,1,2,Mes(es),2023-09-04T00:00:00.000
CO1.BDOS.4876702,MA-SAMC-OPITPH-SP-008-2023 (Manifestación de interés (Menor Cuantía)) (Presentación de oferta),ALCALDIA MUNICIPIO DE ANOLAIMA,Cundinamarca,Anolaima,Selección Abreviada de Menor Cuantía,Obra,Seleccionado,300000000,282141327,4,2,Mes(es),2023-09-04T00:00:00.000
CO1.BDOS.4858475,SAMC-044-2023 (Manifestación de interés (Menor Cuantía)) (Presentación de oferta),ALCALDIA MUNICIPIO DE ZIPAQUIRA,Cundinamarca,Zipaquirá,Selección Abreviada de Menor Cuantía,Obra,Seleccionado,170000000,169859091,1,3,Mes(es),2023-09-04T00:00:00.000
CO1.BDOS.4805743,LP-001-2023 (Fase de Selección (Presentación de ofertas)),CENTRO CULTURAL BACATA,Cundinamarca,Funza,Licitación pública Obra Publica,Obra,Seleccionado,714674940,663837130,39,3,Mes(es),2023-08-31T00:00:00.000
CO1.BDOS.4846469,SA-192-DISAN-EJC-DMTOL-2023 (Manifestación de interés (Menor Cuantía)) (Presentación de oferta),DISPENSARIO MEDICO TOLEMAIDA.,Cundinamarca,Nilo,Selección Abreviada de Menor Cuantía,Obra,Seleccionado,332469170,322587834,9,3,Mes(es),2023-08-31T00:00:00.000
CO1.BDOS.4836590,LP-011-2023 (Fase de Selección (Presentación de ofertas)),ALCALDÍA MUNICIPAL DE MADRID CUNDINAMARCA,Cundinamarca,Madrid,Licitación pública Obra Publica,Obra,Seleccionado,1755000000,1677257684,7,4,Mes(es),2023-08-31T00:00:00.000
CO1.BDOS.4827687,SA 2023-0818. (Manifestación de interés (Menor Cuantía)) (Presentación de oferta),ALCALDIA MUNICIPAL FUSAGASUGA,Cundinamarca,Fusagasugá,Selección Abreviada de Menor Cuantía,Obra,Seleccionado,518091780,489396387,17,2,Mes(es),2023-08-31T00:00:00.000
CO1.BDOS.4836590,LP-011-2023 (Fase de Selección (Presentación de ofertas)),ALCALDÍA MUNICIPAL DE MADRID CUNDINAMARCA,Cundinamarca,Madrid,Licitación pública Obra Publica,Obra,Seleccionado,1755000000,1677257684,7,4,Mes(es),2023-08-31T00:00:00.000
CO1.BDOS.4824414,LICITACIÓN PÚBLICA No LP 011-2023 (Fase de Selección (Presentación de ofertas)),ALCALDIA MUNICIPAL DE CHIA,Cundinamarca,Chía,Licitación pública Obra Publica,Obra,Seleccionado,2924208903,1299697206,25,90,día(s),2023-08-30T00:00:00.000
CO1.BDOS.4824414,LICITACIÓN PÚBLICA No LP 011-2023 (Fase de Selección (Presentación de ofertas)),ALCALDIA MUNICIPAL DE CHIA,Cundinamarca,Chía,Licitación pública Obra Publica,Obra,Seleccionado,2924208903,626610584,25,90,día(s),2023-08-30T00:00:00.000
CO1.BDOS.4824414,LICITACIÓN PÚBLICA No LP 011-2023 (Fase de Selección (Presentación de ofertas)),ALCALDIA MUNICIPAL DE CHIA,Cundinamarca,Chía,Licitación pública Obra Publica,Obra,Seleccionado,2924208903,626610584,25,90,día(s),2023-08-30T00:00:00.000
CO1.BDOS.4824414,LICITACIÓN PÚBLICA No LP 011-2023 (Fase de Selección (Presentación de ofertas)),ALCALDIA MUNICIPAL DE CHIA,Cundinamarca,Chía,Licitación pública Obra Publica,Obra,Seleccionado,2924208903,626610584,25,90,día(s),2023-08-30T00:00:00.000
CO1.BDOS.4824414,LICITACIÓN PÚBLICA No LP 011-2023 (Fase de Selección (Presentación de ofertas)),ALCALDIA MUNICIPAL DE CHIA,Cundinamarca,Chía,Licitación pública Obra Publica,Obra,Seleccionado,2924208903,626610584,25,90,día(s),2023-08-30T00:00:00.000
CO1.BDOS.4824414,LICITACIÓN PÚBLICA No LP 011-2023 (Fase de Selección (Presentación de ofertas)),ALCALDIA MUNICIPAL DE CHIA,Cundinamarca,Chía,Licitación pública Obra Publica,Obra,Seleccionado,2924208903,626610584,25,90,día(s),2023-08-30T00:00:00.000
CO1.BDOS.4826402,LP-010-2023 (Fase de Selección (Presentación de ofertas)),ALCALDÍA MUNICIPAL DE MADRID CUNDINAMARCA,Cundinamarca,Madrid,Licitación pública Obra Publica,Obra,Seleccionado,412919477,381660729,8,4,Mes(es),2023-08-30T00:00:00.000
CO1.BDOS.4824414,LICITACIÓN PÚBLICA No LP 011-2023 (Fase de Selección (Presentación de ofertas)),ALCALDIA MUNICIPAL DE CHIA,Cundinamarca,Chía,Licitación pública Obra Publica,Obra,Seleccionado,2924208903,626610584,25,90,día(s),2023-08-30T00:00:00.000
CO1.BDOS.4824414,LICITACIÓN PÚBLICA No LP 011-2023 (Fase de Selección (Presentación de ofertas)),ALCALDIA MUNICIPAL DE CHIA,Cundinamarca,Chía,Licitación pública Obra Publica,Obra,Seleccionado,2924208903,626610584,25,90,día(s),2023-08-30T00:00:00.000
CO1.BDOS.4824414,LICITACIÓN PÚBLICA No LP 011-2023 (Fase de Selección (Presentación de ofertas)),ALCALDIA MUNICIPAL DE CHIA,Cundinamarca,Chía,Licitación pública Obra Publica,Obra,Seleccionado,2924208903,626610584,25,90,día(s),2023-08-30T00:00:00.000
CO1.BDOS.4824414,LICITACIÓN PÚBLICA No LP 011-2023 (Fase de Selección (Presentación de ofertas)),ALCALDIA MUNICIPAL DE CHIA,Cundinamarca,Chía,Licitación pública Obra Publica,Obra,Seleccionado,2924208903,626610584,25,90,día(s),2023-08-30T00:00:00.000
CO1.BDOS.4824414,LICITACIÓN PÚBLICA No LP 011-2023 (Fase de Selección (Presentación de ofertas)),ALCALDIA MUNICIPAL DE CHIA,Cundinamarca,Chía,Licitación pública Obra Publica,Obra,Seleccionado,2924208903,626610584,25,90,día(s),2023-08-30T00:00:00.000
CO1.BDOS.4824414,LICITACIÓN PÚBLICA No LP 011-2023 (Fase de Selección (Presentación de ofertas)),ALCALDIA MUNICIPAL DE CHIA,Cundinamarca,Chía,Licitación pública Obra Publica,Obra,Seleccionado,2924208903,626610584,25,90,día(s),2023-08-30T00:00:00.000
CO1.BDOS.4824414,LICITACIÓN PÚBLICA No LP 011-2023 (Fase de Selección (Presentación de ofertas)),ALCALDIA MUNICIPAL DE CHIA,Cundinamarca,Chía,Licitación pública Obra Publica,Obra,Seleccionado,2924208903,626610584,25,90,día(s),2023-08-30T00:00:00.000
CO1.BDOS.4824414,LICITACIÓN PÚBLICA No LP 011-2023 (Fase de Selección (Presentación de ofertas)),ALCALDIA MUNICIPAL DE CHIA,Cundinamarca,Chía,Licitación pública Obra Publica,Obra,Seleccionado,2924208903,626610584,25,90,día(s),2023-08-30T00:00:00.000
CO1.BDOS.4824414,LICITACIÓN PÚBLICA No LP 011-2023 (Fase de Selección (Presentación de ofertas)),ALCALDIA MUNICIPAL DE CHIA,Cundinamarca,Chía,Licitación pública Obra Publica,Obra,Seleccionado,2924208903,626610584,25,90,día(s),2023-08-30T00:00:00.000
CO1.BDOS.4824414,LICITACIÓN PÚBLICA No LP 011-2023 (Fase de Selección (Presentación de ofertas)),ALCALDIA MUNICIPAL DE CHIA,Cundinamarca,Chía,Licitación pública Obra Publica,Obra,Seleccionado,2924208903,626610584,25,90,día(s),2023-08-30T00:00:00.000
CO1.BDOS.4824414,LICITACIÓN PÚBLICA No LP 011-2023 (Fase de Selección (Presentación de ofertas)),ALCALDIA MUNICIPAL DE CHIA,Cundinamarca,Chía,Licitación pública Obra Publica,Obra,Seleccionado,2924208903,626610584,25,90,día(s),2023-08-30T00:00:00.000
CO1.BDOS.4824414,LICITACIÓN PÚBLICA No LP 011-2023 (Fase de Selección (Presentación de ofertas)),ALCALDIA MUNICIPAL DE CHIA,Cundinamarca,Chía,Licitación pública Obra Publica,Obra,Seleccionado,2924208903,626610584,25,90,día(s),2023-08-30T00:00:00.000
CO1.BDOS.4824414,LICITACIÓN PÚBLICA No LP 011-2023 (Fase de Selección (Presentación de ofertas)),ALCALDIA MUNICIPAL DE CHIA,Cundinamarca,Chía,Licitación pública Obra Publica,Obra,Seleccionado,2924208903,626610584,25,90,día(s),2023-08-30T00:00:00.000
CO1.BDOS.4824414,LICITACIÓN PÚBLICA No LP 011-2023 (Fase de Selección (Presentación de ofertas)),ALCALDIA MUNICIPAL DE CHIA,Cundinamarca,Chía,Licitación pública Obra Publica,Obra,Seleccionado,2924208903,626610584,25,90,día(s),2023-08-30T00:00:00.000
CO1.BDOS.4824414,LICITACIÓN PÚBLICA No LP 011-2023 (Fase de Selección (Presentación de ofertas)),ALCALDIA MUNICIPAL DE CHIA,Cundinamarca,Chía,Licitación pública Obra Publica,Obra,Seleccionado,2924208903,626610584,25,90,día(s),2023-08-30T00:00:00.000
CO1.BDOS.4824414,LICITACIÓN PÚBLICA No LP 011-2023 (Fase de Selección (Presentación de ofertas)),ALCALDIA MUNICIPAL DE CHIA,Cundinamarca,Chía,Licitación pública Obra Publica,Obra,Seleccionado,2924208903,626610584,25,90,día(s),2023-08-30T00:00:00.000
CO1.BDOS.4824414,LICITACIÓN PÚBLICA No LP 011-2023 (Fase de Selección (Presentación de ofertas)),ALCALDIA MUNICIPAL DE CHIA,Cundinamarca,Chía,Licitación pública Obra Publica,Obra,Seleccionado,2924208903,626610584,25,90,día(s),2023-08-30T00:00:00.000
CO1.BDOS.4824414,LICITACIÓN PÚBLICA No LP 011-2023 (Fase de Selección (Presentación de ofertas)),ALCALDIA MUNICIPAL DE CHIA,Cundinamarca,Chía,Licitación pública Obra Publica,Obra,Seleccionado,2924208903,626610584,25,90,día(s),2023-08-30T00:00:00.000
CO1.BDOS.4824414,LICITACIÓN PÚBLICA No LP 011-2023 (Fase de Selección (Presentación de ofertas)),ALCALDIA MUNICIPAL DE CHIA,Cundinamarca,Chía,Licitación pública Obra Publica,Obra,Seleccionado,2924208903,626610584,25,90,día(s),2023-08-30T00:00:00.000
CO1.BDOS.4824414,LICITACIÓN PÚBLICA No LP 011-2023 (Fase de Selección (Presentación de ofertas)),ALCALDIA MUNICIPAL DE CHIA,Cundinamarca,Chía,Licitación pública Obra Publica,Obra,Seleccionado,2924208903,626610584,25,90,día(s),2023-08-30T00:00:00.000
CO1.BDOS.4824414,LICITACIÓN PÚBLICA No LP 011-2023 (Fase de Selección (Presentación de ofertas)),ALCALDIA MUNICIPAL DE CHIA,Cundinamarca,Chía,Licitación pública Obra Publica,Obra,Seleccionado,2924208903,626610584,25,90,día(s),2023-08-30T00:00:00.000
CO1.BDOS.4824414,LICITACIÓN PÚBLICA No LP 011-2023 (Fase de Selección (Presentación de ofertas)),ALCALDIA MUNICIPAL DE CHIA,Cundinamarca,Chía,Licitación pública Obra Publica,Obra,Seleccionado,2924208903,626610584,25,90,día(s),2023-08-30T00:00:00.000
CO1.BDOS.4824414,LICITACIÓN PÚBLICA No LP 011-2023 (Fase de Selección (Presentación de ofertas)),ALCALDIA MUNICIPAL DE CHIA,Cundinamarca,Chía,Licitación pública Obra Publica,Obra,Seleccionado,2924208903,626610584,25,90,día(s),2023-08-30T00:00:00.000
CO1.BDOS.4888664,SMIN-060-2023,ALCALDIA MUNICIPIO DE ZIPAQUIRA,Cundinamarca,Zipaquirá,Mínima cuantía,Obra,Seleccionado,49991736,48905686,1,1,Mes(es),2023-08-30T00:00:00.000
CO1.BDOS.4824414,LICITACIÓN PÚBLICA No LP 011-2023 (Fase de Selección (Presentación de ofertas)),ALCALDIA MUNICIPAL DE CHIA,Cundinamarca,Chía,Licitación pública Obra Publica,Obra,Seleccionado,2924208903,864144358,25,90,día(s),2023-08-30T00:00:00.000
CO1.BDOS.4824414,LICITACIÓN PÚBLICA No LP 011-2023 (Fase de Selección (Presentación de ofertas)),ALCALDIA MUNICIPAL DE CHIA,Cundinamarca,Chía,Licitación pública Obra Publica,Obra,Seleccionado,2924208903,864144358,25,90,día(s),2023-08-30T00:00:00.000
CO1.BDOS.4824414,LICITACIÓN PÚBLICA No LP 011-2023 (Fase de Selección (Presentación de ofertas)),ALCALDIA MUNICIPAL DE CHIA,Cundinamarca,Chía,Licitación pública Obra Publica,Obra,Seleccionado,2924208903,864144358,25,90,día(s),2023-08-30T00:00:00.000
CO1.BDOS.4824414,LICITACIÓN PÚBLICA No LP 011-2023 (Fase de Selección (Presentación de ofertas)),ALCALDIA MUNICIPAL DE CHIA,Cundinamarca,Chía,Licitación pública Obra Publica,Obra,Seleccionado,2924208903,864144358,25,90,día(s),2023-08-30T00:00:00.000
CO1.BDOS.4824414,LICITACIÓN PÚBLICA No LP 011-2023 (Fase de Selección (Presentación de ofertas)),ALCALDIA MUNICIPAL DE CHIA,Cundinamarca,Chía,Licitación pública Obra Publica,Obra,Seleccionado,2924208903,864144358,25,90,día(s),2023-08-30T00:00:00.000
CO1.BDOS.4824414,LICITACIÓN PÚBLICA No LP 011-2023 (Fase de Selección (Presentación de ofertas)),ALCALDIA MUNICIPAL DE CHIA,Cundinamarca,Chía,Licitación pública Obra Publica,Obra,Seleccionado,2924208903,864144358,25,90,día(s),2023-08-30T00:00:00.000
CO1.BDOS.4824414,LICITACIÓN PÚBLICA No LP 011-2023 (Fase de Selección (Presentación de ofertas)),ALCALDIA MUNICIPAL DE CHIA,Cundinamarca,Chía,Licitación pública Obra Publica,Obra,Seleccionado,2924208903,864144358,25,90,día(s),2023-08-30T00:00:00.000
CO1.BDOS.4824414,LICITACIÓN PÚBLICA No LP 011-2023 (Fase de Selección (Presentación de ofertas)),ALCALDIA MUNICIPAL DE CHIA,Cundinamarca,Chía,Licitación pública Obra Publica,Obra,Seleccionado,2924208903,864144358,25,90,día(s),2023-08-30T00:00:00.000
CO1.BDOS.4824414,LICITACIÓN PÚBLICA No LP 011-2023 (Fase de Selección (Presentación de ofertas)),ALCALDIA MUNICIPAL DE CHIA,Cundinamarca,Chía,Licitación pública Obra Publica,Obra,Seleccionado,2924208903,864144358,25,90,día(s),2023-08-30T00:00:00.000
CO1.BDOS.4824414,LICITACIÓN PÚBLICA No LP 011-2023 (Fase de Selección (Presentación de ofertas)),ALCALDIA MUNICIPAL DE CHIA,Cundinamarca,Chía,Licitación pública Obra Publica,Obra,Seleccionado,2924208903,864144358,25,90,día(s),2023-08-30T00:00:00.000
CO1.BDOS.4824414,LICITACIÓN PÚBLICA No LP 011-2023 (Fase de Selección (Presentación de ofertas)),ALCALDIA MUNICIPAL DE CHIA,Cundinamarca,Chía,Licitación pública Obra Publica,Obra,Seleccionado,2924208903,864144358,25,90,día(s),2023-08-30T00:00:00.000
CO1.BDOS.4824414,LICITACIÓN PÚBLICA No LP 011-2023 (Fase de Selección (Presentación de ofertas)),ALCALDIA MUNICIPAL DE CHIA,Cundinamarca,Chía,Licitación pública Obra Publica,Obra,Seleccionado,2924208903,864144358,25,90,día(s),2023-08-30T00:00:00.000
CO1.BDOS.4824414,LICITACIÓN PÚBLICA No LP 011-2023 (Fase de Selección (Presentación de ofertas)),ALCALDIA MUNICIPAL DE CHIA,Cundinamarca,Chía,Licitación pública Obra Publica,Obra,Seleccionado,2924208903,864144358,25,90,día(s),2023-08-30T00:00:00.000
CO1.BDOS.4824414,LICITACIÓN PÚBLICA No LP 011-2023 (Fase de Selección (Presentación de ofertas)),ALCALDIA MUNICIPAL DE CHIA,Cundinamarca,Chía,Licitación pública Obra Publica,Obra,Seleccionado,2924208903,864144358,25,90,día(s),2023-08-30T00:00:00.000
CO1.BDOS.4824414,LICITACIÓN PÚBLICA No LP 011-2023 (Fase de Selección (Presentación de ofertas)),ALCALDIA MUNICIPAL DE CHIA,Cundinamarca,Chía,Licitación pública Obra Publica,Obra,Seleccionado,2924208903,1299697206,25,90,día(s),2023-08-30T00:00:00.000
CO1.BDOS.4824414,LICITACIÓN PÚBLICA No LP 011-2023 (Fase de Selección (Presentación de ofertas)),ALCALDIA MUNICIPAL DE CHIA,Cundinamarca,Chía,Licitación pública Obra Publica,Obra,Seleccionado,2924208903,1299697206,25,90,día(s),2023-08-30T00:00:00.000
CO1.BDOS.4824414,LICITACIÓN PÚBLICA No LP 011-2023 (Fase de Selección (Presentación de ofertas)),ALCALDIA MUNICIPAL DE CHIA,Cundinamarca,Chía,Licitación pública Obra Publica,Obra,Seleccionado,2924208903,1299697206,25,90,día(s),2023-08-30T00:00:00.000
CO1.BDOS.4824414,LICITACIÓN PÚBLICA No LP 011-2023 (Fase de Selección (Presentación de ofertas)),ALCALDIA MUNICIPAL DE CHIA,Cundinamarca,Chía,Licitación pública Obra Publica,Obra,Seleccionado,2924208903,1299697206,25,90,día(s),2023-08-30T00:00:00.000
CO1.BDOS.4824414,LICITACIÓN PÚBLICA No LP 011-2023 (Fase de Selección (Presentación de ofertas)),ALCALDIA MUNICIPAL DE CHIA,Cundinamarca,Chía,Licitación pública Obra Publica,Obra,Seleccionado,2924208903,1299697206,25,90,día(s),2023-08-30T00:00:00.000
CO1.BDOS.4824414,LICITACIÓN PÚBLICA No LP 011-2023 (Fase de Selección (Presentación de ofertas)),ALCALDIA MUNICIPAL DE CHIA,Cundinamarca,Chía,Licitación pública Obra Publica,Obra,Seleccionado,2924208903,1299697206,25,90,día(s),2023-08-30T00:00:00.000
CO1.BDOS.4824414,LICITACIÓN PÚBLICA No LP 011-2023 (Fase de Selección (Presentación de ofertas)),ALCALDIA MUNICIPAL DE CHIA,Cundinamarca,Chía,Licitación pública Obra Publica,Obra,Seleccionado,2924208903,1299697206,25,90,día(s),2023-08-30T00:00:00.000
CO1.BDOS.4824414,LICITACIÓN PÚBLICA No LP 011-2023 (Fase de Selección (Presentación de ofertas)),ALCALDIA MUNICIPAL DE CHIA,Cundinamarca,Chía,Licitación pública Obra Publica,Obra,Seleccionado,2924208903,1299697206,25,90,día(s),2023-08-30T00:00:00.000
CO1.BDOS.4824414,LICITACIÓN PÚBLICA No LP 011-2023 (Fase de Selección (Presentación de ofertas)),ALCALDIA MUNICIPAL DE CHIA,Cundinamarca,Chía,Licitación pública Obra Publica,Obra,Seleccionado,2924208903,1299697206,25,90,día(s),2023-08-30T00:00:00.000
CO1.BDOS.4824414,LICITACIÓN PÚBLICA No LP 011-2023 (Fase de Selección (Presentación de ofertas)),ALCALDIA MUNICIPAL DE CHIA,Cundinamarca,Chía,Licitación pública Obra Publica,Obra,Seleccionado,2924208903,1299697206,25,90,día(s),2023-08-30T00:00:00.000
CO1.BDOS.4824414,LICITACIÓN PÚBLICA No LP 011-2023 (Fase de Selección (Presentación de ofertas)),ALCALDIA MUNICIPAL DE CHIA,Cundinamarca,Chía,Licitación pública Obra Publica,Obra,Seleccionado,2924208903,1299697206,25,90,día(s),2023-08-30T00:00:00.000
CO1.BDOS.4824414,LICITACIÓN PÚBLICA No LP 011-2023 (Fase de Selección (Presentación de ofertas)),ALCALDIA MUNICIPAL DE CHIA,Cundinamarca,Chía,Licitación pública Obra Publica,Obra,Seleccionado,2924208903,1299697206,25,90,día(s),2023-08-30T00:00:00.000
CO1.BDOS.4824414,LICITACIÓN PÚBLICA No LP 011-2023 (Fase de Selección (Presentación de ofertas)),ALCALDIA MUNICIPAL DE CHIA,Cundinamarca,Chía,Licitación pública Obra Publica,Obra,Seleccionado,2924208903,1299697206,25,90,día(s),2023-08-30T00:00:00.000
CO1.BDOS.4824414,LICITACIÓN PÚBLICA No LP 011-2023 (Fase de Selección (Presentación de ofertas)),ALCALDIA MUNICIPAL DE CHIA,Cundinamarca,Chía,Licitación pública Obra Publica,Obra,Seleccionado,2924208903,1299697206,25,90,día(s),2023-08-30T00:00:00.000
CO1.BDOS.4824414,LICITACIÓN PÚBLICA No LP 011-2023 (Fase de Selección (Presentación de ofertas)),ALCALDIA MUNICIPAL DE CHIA,Cundinamarca,Chía,Licitación pública Obra Publica,Obra,Seleccionado,2924208903,864144358,25,90,día(s),2023-08-30T00:00:00.000
CO1.BDOS.4824414,LICITACIÓN PÚBLICA No LP 011-2023 (Fase de Selección (Presentación de ofertas)),ALCALDIA MUNICIPAL DE CHIA,Cundinamarca,Chía,Licitación pública Obra Publica,Obra,Seleccionado,2924208903,864144358,25,90,día(s),2023-08-30T00:00:00.000
CO1.BDOS.4826101,FACATATIVA-LP-007-23 (Fase de Selección (Presentación de ofertas)),ALCALDIA MUNICIPAL DE FACATATIVA,Cundinamarca,Facatativá,Licitación pública Obra Publica,Obra,Seleccionado,1880000000,1795901863,2,3,Mes(es),2023-08-30T00:00:00.000
CO1.BDOS.4824414,LICITACIÓN PÚBLICA No LP 011-2023 (Fase de Selección (Presentación de ofertas)),ALCALDIA MUNICIPAL DE CHIA,Cundinamarca,Chía,Licitación pública Obra Publica,Obra,Seleccionado,2924208903,864144358,25,90,día(s),2023-08-30T00:00:00.000
CO1.BDOS.4824414,LICITACIÓN PÚBLICA No LP 011-2023 (Fase de Selección (Presentación de ofertas)),ALCALDIA MUNICIPAL DE CHIA,Cundinamarca,Chía,Licitación pública Obra Publica,Obra,Seleccionado,2924208903,1299697206,25,90,día(s),2023-08-30T00:00:00.000
CO1.BDOS.4824414,LICITACIÓN PÚBLICA No LP 011-2023 (Fase de Selección (Presentación de ofertas)),ALCALDIA MUNICIPAL DE CHIA,Cundinamarca,Chía,Licitación pública Obra Publica,Obra,Seleccionado,2924208903,864144358,25,90,día(s),2023-08-30T00:00:00.000
CO1.BDOS.4824414,LICITACIÓN PÚBLICA No LP 011-2023 (Fase de Selección (Presentación de ofertas)),ALCALDIA MUNICIPAL DE CHIA,Cundinamarca,Chía,Licitación pública Obra Publica,Obra,Seleccionado,2924208903,864144358,25,90,día(s),2023-08-30T00:00:00.000
CO1.BDOS.4824414,LICITACIÓN PÚBLICA No LP 011-2023 (Fase de Selección (Presentación de ofertas)),ALCALDIA MUNICIPAL DE CHIA,Cundinamarca,Chía,Licitación pública Obra Publica,Obra,Seleccionado,2924208903,864144358,25,90,día(s),2023-08-30T00:00:00.000
CO1.BDOS.4824414,LICITACIÓN PÚBLICA No LP 011-2023 (Fase de Selección (Presentación de ofertas)),ALCALDIA MUNICIPAL DE CHIA,Cundinamarca,Chía,Licitación pública Obra Publica,Obra,Seleccionado,2924208903,864144358,25,90,día(s),2023-08-30T00:00:00.000
CO1.BDOS.4824414,LICITACIÓN PÚBLICA No LP 011-2023 (Fase de Selección (Presentación de ofertas)),ALCALDIA MUNICIPAL DE CHIA,Cundinamarca,Chía,Licitación pública Obra Publica,Obra,Seleccionado,2924208903,864144358,25,90,día(s),2023-08-30T00:00:00.000
CO1.BDOS.4824414,LICITACIÓN PÚBLICA No LP 011-2023 (Fase de Selección (Presentación de ofertas)),ALCALDIA MUNICIPAL DE CHIA,Cundinamarca,Chía,Licitación pública Obra Publica,Obra,Seleccionado,2924208903,864144358,25,90,día(s),2023-08-30T00:00:00.000
CO1.BDOS.4824414,LICITACIÓN PÚBLICA No LP 011-2023 (Fase de Selección (Presentación de ofertas)),ALCALDIA MUNICIPAL DE CHIA,Cundinamarca,Chía,Licitación pública Obra Publica,Obra,Seleccionado,2924208903,864144358,25,90,día(s),2023-08-30T00:00:00.000
CO1.BDOS.4824414,LICITACIÓN PÚBLICA No LP 011-2023 (Fase de Selección (Presentación de ofertas)),ALCALDIA MUNICIPAL DE CHIA,Cundinamarca,Chía,Licitación pública Obra Publica,Obra,Seleccionado,2924208903,864144358,25,90,día(s),2023-08-30T00:00:00.000
CO1.BDOS.4824414,LICITACIÓN PÚBLICA No LP 011-2023 (Fase de Selección (Presentación de ofertas)),ALCALDIA MUNICIPAL DE CHIA,Cundinamarca,Chía,Licitación pública Obra Publica,Obra,Seleccionado,2924208903,864144358,25,90,día(s),2023-08-30T00:00:00.000
CO1.BDOS.4824414,LICITACIÓN PÚBLICA No LP 011-2023 (Fase de Selección (Presentación de ofertas)),ALCALDIA MUNICIPAL DE CHIA,Cundinamarca,Chía,Licitación pública Obra Publica,Obra,Seleccionado,2924208903,864144358,25,90,día(s),2023-08-30T00:00:00.000
CO1.BDOS.4824414,LICITACIÓN PÚBLICA No LP 011-2023 (Fase de Selección (Presentación de ofertas)),ALCALDIA MUNICIPAL DE CHIA,Cundinamarca,Chía,Licitación pública Obra Publica,Obra,Seleccionado,2924208903,864144358,25,90,día(s),2023-08-30T00:00:00.000
CO1.BDOS.4824414,LICITACIÓN PÚBLICA No LP 011-2023 (Fase de Selección (Presentación de ofertas)),ALCALDIA MUNICIPAL DE CHIA,Cundinamarca,Chía,Licitación pública Obra Publica,Obra,Seleccionado,2924208903,1299697206,25,90,día(s),2023-08-30T00:00:00.000
CO1.BDOS.4824414,LICITACIÓN PÚBLICA No LP 011-2023 (Fase de Selección (Presentación de ofertas)),ALCALDIA MUNICIPAL DE CHIA,Cundinamarca,Chía,Licitación pública Obra Publica,Obra,Seleccionado,2924208903,1299697206,25,90,día(s),2023-08-30T00:00:00.000
CO1.BDOS.4824414,LICITACIÓN PÚBLICA No LP 011-2023 (Fase de Selección (Presentación de ofertas)),ALCALDIA MUNICIPAL DE CHIA,Cundinamarca,Chía,Licitación pública Obra Publica,Obra,Seleccionado,2924208903,864144358,25,90,día(s),2023-08-30T00:00:00.000
CO1.BDOS.4824414,LICITACIÓN PÚBLICA No LP 011-2023 (Fase de Selección (Presentación de ofertas)),ALCALDIA MUNICIPAL DE CHIA,Cundinamarca,Chía,Licitación pública Obra Publica,Obra,Seleccionado,2924208903,1299697206,25,90,día(s),2023-08-30T00:00:00.000
CO1.BDOS.4824414,LICITACIÓN PÚBLICA No LP 011-2023 (Fase de Selección (Presentación de ofertas)),ALCALDIA MUNICIPAL DE CHIA,Cundinamarca,Chía,Licitación pública Obra Publica,Obra,Seleccionado,2924208903,1299697206,25,90,día(s),2023-08-30T00:00:00.000
CO1.BDOS.4824414,LICITACIÓN PÚBLICA No LP 011-2023 (Fase de Selección (Presentación de ofertas)),ALCALDIA MUNICIPAL DE CHIA,Cundinamarca,Chía,Licitación pública Obra Publica,Obra,Seleccionado,2924208903,864144358,25,90,día(s),2023-08-30T00:00:00.000
CO1.BDOS.4824414,LICITACIÓN PÚBLICA No LP 011-2023 (Fase de Selección (Presentación de ofertas)),ALCALDIA MUNICIPAL DE CHIA,Cundinamarca,Chía,Licitación pública Obra Publica,Obra,Seleccionado,2924208903,864144358,25,90,día(s),2023-08-30T00:00:00.000
CO1.BDOS.4824414,LICITACIÓN PÚBLICA No LP 011-2023 (Fase de Selección (Presentación de ofertas)),ALCALDIA MUNICIPAL DE CHIA,Cundinamarca,Chía,Licitación pública Obra Publica,Obra,Seleccionado,2924208903,864144358,25,90,día(s),2023-08-30T00:00:00.000
CO1.BDOS.4812440,SAMC-IMVIUR-001-2023 (Manifestación de interés (Menor Cuantía)) (Presentación de oferta),INSTITUTO MUNICIPAL DE VIVIENDA URBANA Y RURAL IMVIUR,Cundinamarca,La Calera,Selección Abreviada de Menor Cuantía,Obra,Seleccionado,156345820,155403900,3,0,día(s),2023-08-30T00:00:00.000
CO1.BDOS.4824414,LICITACIÓN PÚBLICA No LP 011-2023 (Fase de Selección (Presentación de ofertas)),ALCALDIA MUNICIPAL DE CHIA,Cundinamarca,Chía,Licitación pública Obra Publica,Obra,Seleccionado,2924208903,864144358,25,90,día(s),2023-08-30T00:00:00.000
CO1.BDOS.4824414,LICITACIÓN PÚBLICA No LP 011-2023 (Fase de Selección (Presentación de ofertas)),ALCALDIA MUNICIPAL DE CHIA,Cundinamarca,Chía,Licitación pública Obra Publica,Obra,Seleccionado,2924208903,864144358,25,90,día(s),2023-08-30T00:00:00.000
CO1.BDOS.4824414,LICITACIÓN PÚBLICA No LP 011-2023 (Fase de Selección (Presentación de ofertas)),ALCALDIA MUNICIPAL DE CHIA,Cundinamarca,Chía,Licitación pública Obra Publica,Obra,Seleccionado,2924208903,1299697206,25,90,día(s),2023-08-30T00:00:00.000
CO1.BDOS.4824414,LICITACIÓN PÚBLICA No LP 011-2023 (Fase de Selección (Presentación de ofertas)),ALCALDIA MUNICIPAL DE CHIA,Cundinamarca,Chía,Licitación pública Obra Publica,Obra,Seleccionado,2924208903,1299697206,25,90,día(s),2023-08-30T00:00:00.000
CO1.BDOS.4824414,LICITACIÓN PÚBLICA No LP 011-2023 (Fase de Selección (Presentación de ofertas)),ALCALDIA MUNICIPAL DE CHIA,Cundinamarca,Chía,Licitación pública Obra Publica,Obra,Seleccionado,2924208903,1299697206,25,90,día(s),2023-08-30T00:00:00.000
CO1.BDOS.4824414,LICITACIÓN PÚBLICA No LP 011-2023 (Fase de Selección (Presentación de ofertas)),ALCALDIA MUNICIPAL DE CHIA,Cundinamarca,Chía,Licitación pública Obra Publica,Obra,Seleccionado,2924208903,864144358,25,90,día(s),2023-08-30T00:00:00.000
CO1.BDOS.4824414,LICITACIÓN PÚBLICA No LP 011-2023 (Fase de Selección (Presentación de ofertas)),ALCALDIA MUNICIPAL DE CHIA,Cundinamarca,Chía,Licitación pública Obra Publica,Obra,Seleccionado,2924208903,864144358,25,90,día(s),2023-08-30T00:00:00.000
CO1.BDOS.4824414,LICITACIÓN PÚBLICA No LP 011-2023 (Fase de Selección (Presentación de ofertas)),ALCALDIA MUNICIPAL DE CHIA,Cundinamarca,Chía,Licitación pública Obra Publica,Obra,Seleccionado,2924208903,1299697206,25,90,día(s),2023-08-30T00:00:00.000
CO1.BDOS.4824414,LICITACIÓN PÚBLICA No LP 011-2023 (Fase de Selección (Presentación de ofertas)),ALCALDIA MUNICIPAL DE CHIA,Cundinamarca,Chía,Licitación pública Obra Publica,Obra,Seleccionado,2924208903,1299697206,25,90,día(s),2023-08-30T00:00:00.000
CO1.BDOS.4824414,LICITACIÓN PÚBLICA No LP 011-2023 (Fase de Selección (Presentación de ofertas)),ALCALDIA MUNICIPAL DE CHIA,Cundinamarca,Chía,Licitación pública Obra Publica,Obra,Seleccionado,2924208903,1299697206,25,90,día(s),2023-08-30T00:00:00.000
CO1.BDOS.4824414,LICITACIÓN PÚBLICA No LP 011-2023 (Fase de Selección (Presentación de ofertas)),ALCALDIA MUNICIPAL DE CHIA,Cundinamarca,Chía,Licitación pública Obra Publica,Obra,Seleccionado,2924208903,864144358,25,90,día(s),2023-08-30T00:00:00.000
CO1.BDOS.4824414,LICITACIÓN PÚBLICA No LP 011-2023 (Fase de Selección (Presentación de ofertas)),ALCALDIA MUNICIPAL DE CHIA,Cundinamarca,Chía,Licitación pública Obra Publica,Obra,Seleccionado,2924208903,1299697206,25,90,día(s),2023-08-30T00:00:00.000
CO1.BDOS.4824414,LICITACIÓN PÚBLICA No LP 011-2023 (Fase de Selección (Presentación de ofertas)),ALCALDIA MUNICIPAL DE CHIA,Cundinamarca,Chía,Licitación pública Obra Publica,Obra,Seleccionado,2924208903,864144358,25,90,día(s),2023-08-30T00:00:00.000
CO1.BDOS.4824414,LICITACIÓN PÚBLICA No LP 011-2023 (Fase de Selección (Presentación de ofertas)),ALCALDIA MUNICIPAL DE CHIA,Cundinamarca,Chía,Licitación pública Obra Publica,Obra,Seleccionado,2924208903,1299697206,25,90,día(s),2023-08-30T00:00:00.000
CO1.BDOS.4824414,LICITACIÓN PÚBLICA No LP 011-2023 (Fase de Selección (Presentación de ofertas)),ALCALDIA MUNICIPAL DE CHIA,Cundinamarca,Chía,Licitación pública Obra Publica,Obra,Seleccionado,2924208903,1299697206,25,90,día(s),2023-08-30T00:00:00.000
CO1.BDOS.4824414,LICITACIÓN PÚBLICA No LP 011-2023 (Fase de Selección (Presentación de ofertas)),ALCALDIA MUNICIPAL DE CHIA,Cundinamarca,Chía,Licitación pública Obra Publica,Obra,Seleccionado,2924208903,1299697206,25,90,día(s),2023-08-30T00:00:00.000
CO1.BDOS.4824414,LICITACIÓN PÚBLICA No LP 011-2023 (Fase de Selección (Presentación de ofertas)),ALCALDIA MUNICIPAL DE CHIA,Cundinamarca,Chía,Licitación pública Obra Publica,Obra,Seleccionado,2924208903,864144358,25,90,día(s),2023-08-30T00:00:00.000
CO1.BDOS.4824414,LICITACIÓN PÚBLICA No LP 011-2023 (Fase de Selección (Presentación de ofertas)),ALCALDIA MUNICIPAL DE CHIA,Cundinamarca,Chía,Licitación pública Obra Publica,Obra,Seleccionado,2924208903,1299697206,25,90,día(s),2023-08-30T00:00:00.000
CO1.BDOS.4824414,LICITACIÓN PÚBLICA No LP 011-2023 (Fase de Selección (Presentación de ofertas)),ALCALDIA MUNICIPAL DE CHIA,Cundinamarca,Chía,Licitación pública Obra Publica,Obra,Seleccionado,2924208903,1299697206,25,90,día(s),2023-08-30T00:00:00.000
CO1.BDOS.4824414,LICITACIÓN PÚBLICA No LP 011-2023 (Fase de Selección (Presentación de ofertas)),ALCALDIA MUNICIPAL DE CHIA,Cundinamarca,Chía,Licitación pública Obra Publica,Obra,Seleccionado,2924208903,1299697206,25,90,día(s),2023-08-30T00:00:00.000
CO1.BDOS.4824414,LICITACIÓN PÚBLICA No LP 011-2023 (Fase de Selección (Presentación de ofertas)),ALCALDIA MUNICIPAL DE CHIA,Cundinamarca,Chía,Licitación pública Obra Publica,Obra,Seleccionado,2924208903,1299697206,25,90,día(s),2023-08-30T00:00:00.000
CO1.BDOS.4824414,LICITACIÓN PÚBLICA No LP 011-2023 (Fase de Selección (Presentación de ofertas)),ALCALDIA MUNICIPAL DE CHIA,Cundinamarca,Chía,Licitación pública Obra Publica,Obra,Seleccionado,2924208903,864144358,25,90,día(s),2023-08-30T00:00:00.000
CO1.BDOS.4824414,LICITACIÓN PÚBLICA No LP 011-2023 (Fase de Selección (Presentación de ofertas)),ALCALDIA MUNICIPAL DE CHIA,Cundinamarca,Chía,Licitación pública Obra Publica,Obra,Seleccionado,2924208903,1299697206,25,90,día(s),2023-08-30T00:00:00.000
CO1.BDOS.4824414,LICITACIÓN PÚBLICA No LP 011-2023 (Fase de Selección (Presentación de ofertas)),ALCALDIA MUNICIPAL DE CHIA,Cundinamarca,Chía,Licitación pública Obra Publica,Obra,Seleccionado,2924208903,626610584,25,90,día(s),2023-08-30T00:00:00.000
CO1.BDOS.4824414,LICITACIÓN PÚBLICA No LP 011-2023 (Fase de Selección (Presentación de ofertas)),ALCALDIA MUNICIPAL DE CHIA,Cundinamarca,Chía,Licitación pública Obra Publica,Obra,Seleccionado,2924208903,626610584,25,90,día(s),2023-08-30T00:00:00.000
CO1.BDOS.4824414,LICITACIÓN PÚBLICA No LP 011-2023 (Fase de Selección (Presentación de ofertas)),ALCALDIA MUNICIPAL DE CHIA,Cundinamarca,Chía,Licitación pública Obra Publica,Obra,Seleccionado,2924208903,626610584,25,90,día(s),2023-08-30T00:00:00.000
CO1.BDOS.4824414,LICITACIÓN PÚBLICA No LP 011-2023 (Fase de Selección (Presentación de ofertas)),ALCALDIA MUNICIPAL DE CHIA,Cundinamarca,Chía,Licitación pública Obra Publica,Obra,Seleccionado,2924208903,1299697206,25,90,día(s),2023-08-30T00:00:00.000
CO1.BDOS.4824414,LICITACIÓN PÚBLICA No LP 011-2023 (Fase de Selección (Presentación de ofertas)),ALCALDIA MUNICIPAL DE CHIA,Cundinamarca,Chía,Licitación pública Obra Publica,Obra,Seleccionado,2924208903,626610584,25,90,día(s),2023-08-30T00:00:00.000
CO1.BDOS.4824414,LICITACIÓN PÚBLICA No LP 011-2023 (Fase de Selección (Presentación de ofertas)),ALCALDIA MUNICIPAL DE CHIA,Cundinamarca,Chía,Licitación pública Obra Publica,Obra,Seleccionado,2924208903,864144358,25,90,día(s),2023-08-30T00:00:00.000
CO1.BDOS.4824414,LICITACIÓN PÚBLICA No LP 011-2023 (Fase de Selección (Presentación de ofertas)),ALCALDIA MUNICIPAL DE CHIA,Cundinamarca,Chía,Licitación pública Obra Publica,Obra,Seleccionado,2924208903,626610584,25,90,día(s),2023-08-30T00:00:00.000
CO1.BDOS.4824414,LICITACIÓN PÚBLICA No LP 011-2023 (Fase de Selección (Presentación de ofertas)),ALCALDIA MUNICIPAL DE CHIA,Cundinamarca,Chía,Licitación pública Obra Publica,Obra,Seleccionado,2924208903,1299697206,25,90,día(s),2023-08-30T00:00:00.000
CO1.BDOS.4824414,LICITACIÓN PÚBLICA No LP 011-2023 (Fase de Selección (Presentación de ofertas)),ALCALDIA MUNICIPAL DE CHIA,Cundinamarca,Chía,Licitación pública Obra Publica,Obra,Seleccionado,2924208903,1299697206,25,90,día(s),2023-08-30T00:00:00.000
CO1.BDOS.4824414,LICITACIÓN PÚBLICA No LP 011-2023 (Fase de Selección (Presentación de ofertas)),ALCALDIA MUNICIPAL DE CHIA,Cundinamarca,Chía,Licitación pública Obra Publica,Obra,Seleccionado,2924208903,626610584,25,90,día(s),2023-08-30T00:00:00.000
CO1.BDOS.4821436,CONSTRUCCIÓN DE 50 UNIDADES SANITARIAS EN EL SECTO (Fase de Selección (Presentación de ofertas)),MUNICIPIO DE CABRERA,Cundinamarca,No Definido,Licitación pública Obra Publica,Obra,Seleccionado,842709650,800522650,2,70,día(s),2023-08-30T00:00:00.000
CO1.BDOS.4824414,LICITACIÓN PÚBLICA No LP 011-2023 (Fase de Selección (Presentación de ofertas)),ALCALDIA MUNICIPAL DE CHIA,Cundinamarca,Chía,Licitación pública Obra Publica,Obra,Seleccionado,2924208903,626610584,25,90,día(s),2023-08-30T00:00:00.000
CO1.BDOS.4824414,LICITACIÓN PÚBLICA No LP 011-2023 (Fase de Selección (Presentación de ofertas)),ALCALDIA MUNICIPAL DE CHIA,Cundinamarca,Chía,Licitación pública Obra Publica,Obra,Seleccionado,2924208903,626610584,25,90,día(s),2023-08-30T00:00:00.000
CO1.BDOS.4824414,LICITACIÓN PÚBLICA No LP 011-2023 (Fase de Selección (Presentación de ofertas)),ALCALDIA MUNICIPAL DE CHIA,Cundinamarca,Chía,Licitación pública Obra Publica,Obra,Seleccionado,2924208903,626610584,25,90,día(s),2023-08-30T00:00:00.000
CO1.BDOS.4824414,LICITACIÓN PÚBLICA No LP 011-2023 (Fase de Selección (Presentación de ofertas)),ALCALDIA MUNICIPAL DE CHIA,Cundinamarca,Chía,Licitación pública Obra Publica,Obra,Seleccionado,2924208903,626610584,25,90,día(s),2023-08-30T00:00:00.000
CO1.BDOS.4824414,LICITACIÓN PÚBLICA No LP 011-2023 (Fase de Selección (Presentación de ofertas)),ALCALDIA MUNICIPAL DE CHIA,Cundinamarca,Chía,Licitación pública Obra Publica,Obra,Seleccionado,2924208903,864144358,25,90,día(s),2023-08-30T00:00:00.000
CO1.BDOS.4824414,LICITACIÓN PÚBLICA No LP 011-2023 (Fase de Selección (Presentación de ofertas)),ALCALDIA MUNICIPAL DE CHIA,Cundinamarca,Chía,Licitación pública Obra Publica,Obra,Seleccionado,2924208903,626610584,25,90,día(s),2023-08-30T00:00:00.000
CO1.BDOS.4824414,LICITACIÓN PÚBLICA No LP 011-2023 (Fase de Selección (Presentación de ofertas)),ALCALDIA MUNICIPAL DE CHIA,Cundinamarca,Chía,Licitación pública Obra Publica,Obra,Seleccionado,2924208903,626610584,25,90,día(s),2023-08-30T00:00:00.000
CO1.BDOS.4824414,LICITACIÓN PÚBLICA No LP 011-2023 (Fase de Selección (Presentación de ofertas)),ALCALDIA MUNICIPAL DE CHIA,Cundinamarca,Chía,Licitación pública Obra Publica,Obra,Seleccionado,2924208903,1299697206,25,90,día(s),2023-08-30T00:00:00.000
CO1.BDOS.4824414,LICITACIÓN PÚBLICA No LP 011-2023 (Fase de Selección (Presentación de ofertas)),ALCALDIA MUNICIPAL DE CHIA,Cundinamarca,Chía,Licitación pública Obra Publica,Obra,Seleccionado,2924208903,626610584,25,90,día(s),2023-08-30T00:00:00.000
CO1.BDOS.4824414,LICITACIÓN PÚBLICA No LP 011-2023 (Fase de Selección (Presentación de ofertas)),ALCALDIA MUNICIPAL DE CHIA,Cundinamarca,Chía,Licitación pública Obra Publica,Obra,Seleccionado,2924208903,1299697206,25,90,día(s),2023-08-30T00:00:00.000
CO1.BDOS.4824414,LICITACIÓN PÚBLICA No LP 011-2023 (Fase de Selección (Presentación de ofertas)),ALCALDIA MUNICIPAL DE CHIA,Cundinamarca,Chía,Licitación pública Obra Publica,Obra,Seleccionado,2924208903,626610584,25,90,día(s),2023-08-30T00:00:00.000
CO1.BDOS.4824414,LICITACIÓN PÚBLICA No LP 011-2023 (Fase de Selección (Presentación de ofertas)),ALCALDIA MUNICIPAL DE CHIA,Cundinamarca,Chía,Licitación pública Obra Publica,Obra,Seleccionado,2924208903,1299697206,25,90,día(s),2023-08-30T00:00:00.000
CO1.BDOS.4824414,LICITACIÓN PÚBLICA No LP 011-2023 (Fase de Selección (Presentación de ofertas)),ALCALDIA MUNICIPAL DE CHIA,Cundinamarca,Chía,Licitación pública Obra Publica,Obra,Seleccionado,2924208903,1299697206,25,90,día(s),2023-08-30T00:00:00.000
CO1.BDOS.4882827,MC 2023-0838,ALCALDIA MUNICIPAL FUSAGASUGA,Cundinamarca,Fusagasugá,Mínima cuantía,Obra,Seleccionado,41043300,40960010,2,2,Mes(es),2023-08-29T00:00:00.000
CO1.BDOS.4828600,SAMC 009-2023 (Manifestación de interés (Menor Cuantía)) (Presentación de oferta),ALCALDIA MUNICIPIO DE RICAURTE,Cundinamarca,Ricaurte,Selección Abreviada de Menor Cuantía,Obra,Seleccionado,41377675,41377675,1,3,Mes(es),2023-08-29T00:00:00.000
CO1.BDOS.4833283,SA-AMS-2023-0017 (Manifestación de interés (Menor Cuantía)) (Presentación de oferta),ALCALDÍA MUNICIPAL DE SOPO,Cundinamarca,Sopó,Selección Abreviada de Menor Cuantía,Obra,Seleccionado,64553196,64531256,1,2,Mes(es),2023-08-28T00:00:00.000
CO1.BDOS.4871157,081-MC-CENACTOLEMAIDA-2023,CENAC TOLEMAIDA,Cundinamarca,Nilo,Mínima cuantía,Obra,Seleccionado,85674438,83001168,2,3,Mes(es),2023-08-28T00:00:00.000
CO1.BDOS.4804110,SAMC-031-2023 (Manifestación de interés (Menor Cuantía)) (Presentación de oferta),ALCALDIA MUNICIPIO DE CAJICA,Cundinamarca,Cajicá,Selección Abreviada de Menor Cuantía,Obra,Seleccionado,300000000,287241741,6,2,Mes(es),2023-08-28T00:00:00.000
CO1.BDOS.4823873,SAMC-040-2023 (Manifestación de interés (Menor Cuantía)) (Presentación de oferta),ALCALDIA MUNICIPIO DE ZIPAQUIRA,Cundinamarca,Zipaquirá,Selección Abreviada de Menor Cuantía,Obra,Seleccionado,300000000,299762700,1,3,Mes(es),2023-08-25T00:00:00.000
CO1.BDOS.4869103,078-MC CENAC TOLEMAIDA,CENAC TOLEMAIDA,Cundinamarca,Nilo,Mínima cuantía,Obra,Seleccionado,65251393,65248962,7,3,Mes(es),2023-08-25T00:00:00.000
CO1.BDOS.4807489,SA 2023-0817 (Manifestación de interés (Menor Cuantía)) (Presentación de oferta),ALCALDIA MUNICIPAL FUSAGASUGA,Cundinamarca,Fusagasugá,Selección Abreviada de Menor Cuantía,Obra,Seleccionado,518049225,495228267,11,2,Mes(es),2023-08-25T00:00:00.000
CO1.BDOS.4811889,LP 09 DE 2023 (Fase de Selección (Presentación de ofertas)),ALCALDIA MUNICIPAL DE VILLETA,Cundinamarca,Villeta,Licitación pública Obra Publica,Obra,Seleccionado,381016828,380991950,2,75,día(s),2023-08-24T00:00:00.000
CO1.BDOS.4817488,SAMC-039-2023 (Manifestación de interés (Menor Cuantía)) (Presentación de oferta),ALCALDIA MUNICIPIO DE ZIPAQUIRA,Cundinamarca,Zipaquirá,Selección Abreviada de Menor Cuantía,Obra,Seleccionado,100000000,99999658,1,3,Mes(es),2023-08-24T00:00:00.000
CO1.BDOS.4865204,IMRD IPMC 019 2023,INSTITUTO MUNICIPAL DE RECREACIÓN Y DEPORTES DE CHIA,Cundinamarca,Chía,Mínima cuantía,Obra,Seleccionado,31102237,22520750,4,0,día(s),2023-08-23T00:00:00.000
CO1.BDOS.4803886,LP 08 DE 2023 (Fase de Selección (Presentación de ofertas)),ALCALDIA MUNICIPAL DE VILLETA,Cundinamarca,Villeta,Licitación pública Obra Publica,Obra,Seleccionado,397350879,394890200,4,2,Mes(es),2023-08-23T00:00:00.000
CO1.BDOS.4737541,LP-AMS-2023-0011 (Fase de Selección (Presentación de ofertas)),ALCALDÍA MUNICIPAL DE SOPO,Cundinamarca,Sopó,Licitación pública Obra Publica,Obra,Seleccionado,772919544,752263364,4,0,día(s),2023-08-23T00:00:00.000
CO1.BDOS.4790541,LICITACION PUBLICA 080-2023 (Fase de Selección (Presentación de ofertas)),MUNICIPIO DE ANAPOIMA/,Cundinamarca,No Definido,Licitación pública Obra Publica,Obra,Seleccionado,348561941,334697075,14,2,Mes(es),2023-08-22T00:00:00.000
CO1.BDOS.4803537,SAMC-037-2023 (Manifestación de interés (Menor Cuantía)) (Presentación de oferta),ALCALDIA MUNICIPIO DE ZIPAQUIRA,Cundinamarca,Zipaquirá,Selección Abreviada de Menor Cuantía,Obra,Seleccionado,100000000,99241716,1,3,Mes(es),2023-08-22T00:00:00.000
CO1.BDOS.4803537,SAMC-037-2023 (Manifestación de interés (Menor Cuantía)) (Presentación de oferta),ALCALDIA MUNICIPIO DE ZIPAQUIRA,Cundinamarca,Zipaquirá,Selección Abreviada de Menor Cuantía,Obra,Seleccionado,100000000,99999672,1,3,Mes(es),2023-08-22T00:00:00.000
CO1.BDOS.4854249,LP 2023-0828 (Fase de Selección (Presentación de ofertas)),ALCALDIA MUNICIPAL FUSAGASUGA,Cundinamarca,Fusagasugá,Licitación pública Obra Publica,Obra,Seleccionado,3375750706,3337218695,2,7,Mes(es),2023-08-18T00:00:00.000
CO1.BDOS.4788286,FACATATIVA-SA-018-23 (Manifestación de interés (Menor Cuantía)) (Presentación de oferta),ALCALDIA MUNICIPAL DE FACATATIVA,Cundinamarca,Facatativá,Selección Abreviada de Menor Cuantía,Obra,Seleccionado,200437242,196412531,1,3,Mes(es),2023-08-17T00:00:00.000
CO1.BDOS.4723550,LP-008-2023 (Fase de Selección (Presentación de ofertas)),MUNICIPIO DE FUNZA - ALCALDÍA DE FUNZA,Cundinamarca,Funza,Licitación pública Obra Publica,Obra,Seleccionado,1961799315,1867044320,20,150,día(s),2023-08-17T00:00:00.000
CO1.BDOS.4796678,SAMC-10 DE 2023 (Manifestación de interés (Menor Cuantía)) (Presentación de oferta),ALCALDIA MUNICIPAL DE VILLETA,Cundinamarca,Villeta,Selección Abreviada de Menor Cuantía,Obra,Seleccionado,246107327,246106300,1,2,Mes(es),2023-08-17T00:00:00.000
CO1.BDOS.4843755,071-MC-CENACTOLEMAIDA-2023,CENAC TOLEMAIDA,Cundinamarca,Nilo,Mínima cuantía,Obra,Seleccionado,109311356,79940280,8,0,día(s),2023-08-17T00:00:00.000
CO1.BDOS.4786037,SAMC 2023 - 109 (Manifestación de interés (Menor Cuantía)) (Presentación de oferta),IDERF,Cundinamarca,Fusagasugá,Selección Abreviada de Menor Cuantía,Obra,Seleccionado,229757658,228462780,1,4,Mes(es),2023-08-16T00:00:00.000
CO1.BDOS.4770817,LP 07 DE 2023 (Fase de Selección (Presentación de ofertas)),ALCALDIA MUNICIPAL DE VILLETA,Cundinamarca,Villeta,Licitación pública Obra Publica,Obra,Seleccionado,421338636,421336994,3,3,Mes(es),2023-08-15T00:00:00.000
CO1.BDOS.4791102,SAMC 11 DE 2023 (Manifestación de interés (Menor Cuantía)) (Presentación de oferta),ALCALDIA MUNICIPAL DE VILLETA,Cundinamarca,Villeta,Selección Abreviada de Menor Cuantía,Obra,Seleccionado,308363901,308363304,1,2,Mes(es),2023-08-15T00:00:00.000
CO1.BDOS.4741236,LP-009-2023 (Fase de Selección (Presentación de ofertas)),ALCALDIA MUNICIPIO DE CAJICA,Cundinamarca,Cajicá,Licitación pública Obra Publica,Obra,Seleccionado,719392940,683274356,26,3,Mes(es),2023-08-15T00:00:00.000
CO1.BDOS.4778011,SA-AMS-2023-0015 (Manifestación de interés (Menor Cuantía)) (Presentación de oferta),ALCALDÍA MUNICIPAL DE SOPO,Cundinamarca,Sopó,Selección Abreviada de Menor Cuantía,Obra,Seleccionado,133774088,133673268,1,2,Mes(es),2023-08-14T00:00:00.000
CO1.BDOS.4832731,IPMC-005-2023,CORPORACION PRODESARROLLO Y SEGURIDAD DEL MUNICIPIO DE GIRARDOT,Cundinamarca,Girardot,Mínima cuantía,Obra,Seleccionado,32388753,31995107,1,15,día(s),2023-08-14T00:00:00.000
CO1.BDOS.4770312,SA-AMS-2023-0016 (Manifestación de interés (Menor Cuantía)) (Presentación de oferta),ALCALDÍA MUNICIPAL DE SOPO,Cundinamarca,Sopó,Selección Abreviada de Menor Cuantía,Obra,Seleccionado,296562412,296517571,1,3,Mes(es),2023-08-14T00:00:00.000
CO1.BDOS.4778011,SA-AMS-2023-0015 (Manifestación de interés (Menor Cuantía)) (Presentación de oferta),ALCALDÍA MUNICIPAL DE SOPO,Cundinamarca,Sopó,Selección Abreviada de Menor Cuantía,Obra,Seleccionado,133774088,133673268,1,2,Mes(es),2023-08-14T00:00:00.000
CO1.BDOS.4776827,SAMC 008-2023 (Manifestación de interés (Menor Cuantía)) (Presentación de oferta),ALCALDIA MUNICIPIO DE RICAURTE,Cundinamarca,Ricaurte,Selección Abreviada de Menor Cuantía,Obra,Seleccionado,101309781,101309781,1,3,Mes(es),2023-08-11T00:00:00.000
CO1.BDOS.4764645,LICITACION PUBLICA 079-2023 (Fase de Selección (Presentación de ofertas)),MUNICIPIO DE ANAPOIMA/,Cundinamarca,No Definido,Licitación pública Obra Publica,Obra,Seleccionado,859083002,822131149,15,2,Mes(es),2023-08-11T00:00:00.000
CO1.BDOS.4817155,IA-001-2023,EPUXUA E.I.C.E.,Cundinamarca,Soacha,Contratación régimen especial (con ofertas),Obra,Seleccionado,12478870093,12379038691,1,23,Mes(es),2023-08-11T00:00:00.000
CO1.BDOS.4757785,LP-011-2023 (Fase de Selección (Presentación de ofertas)),ALCALDIA MUNICIPIO DE CAJICA,Cundinamarca,Cajicá,Licitación pública Obra Publica,Obra,Seleccionado,934579439,869909277,22,105,día(s),2023-08-11T00:00:00.000
CO1.BDOS.4769870,066-SAMC-CENACTOLEMAIDA-2023 (Manifestación de interés (Menor Cuantía)) (Presentación de oferta),CENAC TOLEMAIDA,Cundinamarca,Nilo,Selección Abreviada de Menor Cuantía,Obra,Seleccionado,400000000,399921364,2,0,día(s),2023-08-10T00:00:00.000
CO1.BDOS.4741066,LP-010-2023 (Fase de Selección (Presentación de ofertas)),ALCALDIA MUNICIPIO DE CAJICA,Cundinamarca,Cajicá,Licitación pública Obra Publica,Obra,Seleccionado,1249202487,1180292988,10,3,Mes(es),2023-08-10T00:00:00.000
CO1.BDOS.4773058,SAMC-009-2023 (Manifestación de interés (Menor Cuantía)) (Presentación de oferta),ALCALDIA MUNICIPAL DE VILLETA,Cundinamarca,Villeta,Selección Abreviada de Menor Cuantía,Obra,Seleccionado,100000000,99994517,1,1,Mes(es),2023-08-10T00:00:00.000
CO1.BDOS.4820853,SMC 2023-112,IDERF,Cundinamarca,Fusagasugá,Mínima cuantía,Obra,Seleccionado,31507258,28611284,6,45,día(s),2023-08-09T00:00:00.000
CO1.BDOS.4760644,SIOP-SAMC-0001-2023 (Manifestación de interés (Menor Cuantía)) (Presentación de oferta),ALCALDÍA MUNICIPAL COTA,Cundinamarca,Cota,Selección Abreviada de Menor Cuantía,Obra,Seleccionado,420000000,419961929,1,0,día(s),2023-08-09T00:00:00.000
CO1.BDOS.4768060,SAMC-08-2023 (Manifestación de interés (Menor Cuantía)) (Presentación de oferta),ALCALDIA MUNICIPAL DE VILLETA,Cundinamarca,Villeta,Selección Abreviada de Menor Cuantía,Obra,Seleccionado,100000000,99993957,1,1,Mes(es),2023-08-09T00:00:00.000
CO1.BDOS.4742302,MENOR CUANTIA 075-2023 (Manifestación de interés (Menor Cuantía)) (Presentación de oferta),MUNICIPIO DE ANAPOIMA/,Cundinamarca,No Definido,Selección Abreviada de Menor Cuantía,Obra,Seleccionado,300000000,284230159,3,2,Mes(es),2023-08-08T00:00:00.000
CO1.BDOS.4756908,SAMC 07 DE 2023 (Manifestación de interés (Menor Cuantía)) (Presentación de oferta),ALCALDIA MUNICIPAL DE VILLETA,Cundinamarca,Villeta,Selección Abreviada de Menor Cuantía,Obra,Seleccionado,242224451,242192323,1,75,día(s),2023-08-04T00:00:00.000
CO1.BDOS.4717229,FACATATIVA-SA-016-23 (Manifestación de interés (Menor Cuantía)) (Presentación de oferta),ALCALDIA MUNICIPAL DE FACATATIVA,Cundinamarca,Facatativá,Selección Abreviada de Menor Cuantía,Obra,Seleccionado,247880511,241918531,1,3,Mes(es),2023-08-04T00:00:00.000
CO1.BDOS.4738620,MENOR CUANTIA 072-2023 (Manifestación de interés (Menor Cuantía)) (Presentación de oferta),MUNICIPIO DE ANAPOIMA/,Cundinamarca,No Definido,Selección Abreviada de Menor Cuantía,Obra,Seleccionado,100000000,97865738,7,2,Mes(es),2023-08-04T00:00:00.000
CO1.BDOS.4755122,065-SAMC-CENACTOLEMAIDA-2023 (Manifestación de interés (Menor Cuantía)) (Presentación de oferta),CENAC TOLEMAIDA,Cundinamarca,Nilo,Selección Abreviada de Menor Cuantía,Obra,Seleccionado,195000000,189290238,11,0,día(s),2023-08-03T00:00:00.000
CO1.BDOS.4734107,SAMC-06-2023 (Manifestación de interés (Menor Cuantía)) (Presentación de oferta),ALCALDIA MUNICIPAL DE VILLETA,Cundinamarca,Villeta,Selección Abreviada de Menor Cuantía,Obra,Seleccionado,200000000,199996250,2,60,día(s),2023-08-03T00:00:00.000
CO1.BDOS.4736993,LP_06_2023 (Fase de Selección (Presentación de ofertas)),ALCALDIA MUNICIPAL DE VILLETA,Cundinamarca,Villeta,Licitación pública Obra Publica,Obra,Seleccionado,390162279,390157575,2,30,Mes(es),2023-08-02T00:00:00.000
CO1.BDOS.4737468,MENOR CUANTIA 071-2023 (Manifestación de interés (Menor Cuantía)) (Presentación de oferta),MUNICIPIO DE ANAPOIMA/,Cundinamarca,No Definido,Selección Abreviada de Menor Cuantía,Obra,Seleccionado,300000000,299992878,1,2,Mes(es),2023-08-01T00:00:00.000
CO1.BDOS.4719889,SAMC-022-2023 (Manifestación de interés (Menor Cuantía)) (Presentación de oferta),ALCALDIA MUNICIPIO DE CAJICA,Cundinamarca,Cajicá,Selección Abreviada de Menor Cuantía,Obra,Seleccionado,450000000,450000000,1,4,Mes(es),2023-07-27T00:00:00.000
CO1.BDOS.4711593,FACATATIVA-SA-015-23 (Manifestación de interés (Menor Cuantía)) (Presentación de oferta),ALCALDIA MUNICIPAL DE FACATATIVA,Cundinamarca,Facatativá,Selección Abreviada de Menor Cuantía,Obra,Seleccionado,240420355,232472545,3,2,Mes(es),2023-07-24T00:00:00.000
CO1.BDOS.4711593,FACATATIVA-SA-015-23 (Manifestación de interés (Menor Cuantía)) (Presentación de oferta),ALCALDIA MUNICIPAL DE FACATATIVA,Cundinamarca,Facatativá,Selección Abreviada de Menor Cuantía,Obra,Seleccionado,240420355,232472545,3,2,Mes(es),2023-07-24T00:00:00.000
CO1.BDOS.4634830,SAMC-009-2023 (Manifestación de interés (Menor Cuantía)) (Presentación de oferta),MUNICIPIO DE FUNZA - ALCALDÍA DE FUNZA,Cundinamarca,Funza,Selección Abreviada de Menor Cuantía,Obra,Seleccionado,520000000,520000000,2,150,día(s),2023-07-24T00:00:00.000
CO1.BDOS.4709735,SAMC-011-2023 (Manifestación de interés (Menor Cuantía)) (Presentación de oferta),ALCALDÍA MUNICIPAL DE MADRID CUNDINAMARCA,Cundinamarca,Madrid,Selección Abreviada de Menor Cuantía,Obra,Seleccionado,37991701,36868672,2,60,día(s),2023-07-21T00:00:00.000
CO1.BDOS.4673791,LP-AMS-2023-0010 (Fase de Selección (Presentación de ofertas)),ALCALDÍA MUNICIPAL DE SOPO,Cundinamarca,Sopó,Licitación pública Obra Publica,Obra,Seleccionado,374998642,374889224,1,3,Mes(es),2023-07-18T00:00:00.000
CO1.BDOS.4678720,SAMC-031-2023 (Manifestación de interés (Menor Cuantía)) (Presentación de oferta),ALCALDIA MUNICIPIO DE ZIPAQUIRA,Cundinamarca,Zipaquirá,Selección Abreviada de Menor Cuantía,Obra,Seleccionado,400000000,399994782,1,4,Mes(es),2023-07-18T00:00:00.000
CO1.BDOS.4647463,SA-MC-015-2023 (Manifestación de interés (Menor Cuantía)) (Presentación de oferta),MUNICIPIO DE UBATE,Cundinamarca,Villa De San Diego De Ubate,Selección Abreviada de Menor Cuantía,Obra,Seleccionado,169999959,169790425,1,2,Mes(es),2023-07-17T00:00:00.000
CO1.BDOS.4685010,SA 2023-0784 (Manifestación de interés (Menor Cuantía)) (Presentación de oferta),ALCALDIA MUNICIPAL FUSAGASUGA,Cundinamarca,Fusagasugá,Selección Abreviada de Menor Cuantía,Obra,Seleccionado,341619076,326943185,12,6,Mes(es),2023-07-14T00:00:00.000
CO1.BDOS.4561455,LP 006-2023 (Fase de Selección (Presentación de ofertas)),ALCALDIA MUNICIPIO DE RICAURTE,Cundinamarca,Ricaurte,Licitación pública Obra Publica,Obra,Seleccionado,11773123033,11302197879,6,7,Mes(es),2023-07-13T00:00:00.000
CO1.BDOS.4655199,SA-MC-017-2023 (Manifestación de interés (Menor Cuantía)) (Presentación de oferta),MUNICIPIO DE UBATE,Cundinamarca,Villa De San Diego De Ubate,Selección Abreviada de Menor Cuantía,Obra,Seleccionado,151005324,147920183,1,3,Mes(es),2023-07-13T00:00:00.000
CO1.BDOS.4640439,SAMC-029-2023 (Manifestación de interés (Menor Cuantía)) (Presentación de oferta),ALCALDIA MUNICIPIO DE ZIPAQUIRA,Cundinamarca,Zipaquirá,Selección Abreviada de Menor Cuantía,Obra,Seleccionado,100000000,99994872,1,3,Mes(es),2023-07-13T00:00:00.000
CO1.BDOS.4618130,SP-SAMC-006-2023 (Manifestación de interés (Menor Cuantía)) (Presentación de oferta),MUNICIPIO DE VILLAPINZON,Cundinamarca,Villapinzón,Selección Abreviada de Menor Cuantía,Obra,Seleccionado,81038694,81038681,1,0,día(s),2023-07-12T00:00:00.000
CO1.BDOS.4716927,MC 043-2023,ALCALDIA MUNICIPIO DE RICAURTE,Cundinamarca,Ricaurte,Mínima cuantía,Obra,Seleccionado,14822696,11893388,8,1,Mes(es),2023-07-12T00:00:00.000
CO1.BDOS.4628974,SA-AMS-2023-0013 (Manifestación de interés (Menor Cuantía)) (Presentación de oferta),ALCALDÍA MUNICIPAL DE SOPO,Cundinamarca,Sopó,Selección Abreviada de Menor Cuantía,Obra,Seleccionado,324074834,324050985,1,3,Mes(es),2023-07-12T00:00:00.000
CO1.BDOS.4634754,SAMC 2023 - 099 (Manifestación de interés (Menor Cuantía)) (Presentación de oferta),IDERF,Cundinamarca,Fusagasugá,Selección Abreviada de Menor Cuantía,Obra,Seleccionado,130000000,130000000,1,6,Mes(es),2023-07-11T00:00:00.000
CO1.BDOS.4549888,LPO-008-2023 (Fase de Selección (Presentación de ofertas)),MUNICIPIO DE LA CALERA CUNDINAMARCA,Cundinamarca,La Calera,Licitación pública Obra Publica,Obra,Seleccionado,830727090,794302720,40,6,Mes(es),2023-07-11T00:00:00.000
CO1.BDOS.4531451,LPO-007-2023 (Fase de Selección (Presentación de ofertas)),MUNICIPIO DE LA CALERA CUNDINAMARCA,Cundinamarca,La Calera,Licitación pública Obra Publica,Obra,Seleccionado,564156792,539536752,35,4,Mes(es),2023-07-10T00:00:00.000
CO1.BDOS.4594861,LP-013-2023 (Fase de Selección (Presentación de ofertas)),ALCALDIA MUNICIPIO DE ZIPAQUIRA,Cundinamarca,Zipaquirá,Licitación pública Obra Publica,Obra,Seleccionado,744055944,743622708,1,3,Mes(es),2023-07-10T00:00:00.000
CO1.BDOS.4532273,LPO-006-2023 (Fase de Selección (Presentación de ofertas)),MUNICIPIO DE LA CALERA CUNDINAMARCA,Cundinamarca,La Calera,Licitación pública Obra Publica,Obra,Seleccionado,705069878,668054581,35,4,Mes(es),2023-07-10T00:00:00.000
CO1.BDOS.4532273,LPO-006-2023 (Fase de Selección (Presentación de ofertas)),MUNICIPIO DE LA CALERA CUNDINAMARCA,Cundinamarca,La Calera,Licitación pública Obra Publica,Obra,Seleccionado,705069878,668054581,35,4,Mes(es),2023-07-10T00:00:00.000
CO1.BDOS.4532273,LPO-006-2023 (Fase de Selección (Presentación de ofertas)),MUNICIPIO DE LA CALERA CUNDINAMARCA,Cundinamarca,La Calera,Licitación pública Obra Publica,Obra,Seleccionado,705069878,668054581,35,4,Mes(es),2023-07-10T00:00:00.000
CO1.BDOS.4532273,LPO-006-2023 (Fase de Selección (Presentación de ofertas)),MUNICIPIO DE LA CALERA CUNDINAMARCA,Cundinamarca,La Calera,Licitación pública Obra Publica,Obra,Seleccionado,705069878,668054581,35,4,Mes(es),2023-07-10T00:00:00.000
CO1.BDOS.4599079,LP 009-2023 (Fase de Selección (Presentación de ofertas)),ALCALDIA MUNICIPAL DE CHIA,Cundinamarca,Chía,Licitación pública Obra Publica,Obra,Seleccionado,1021428571,976176120,30,4,Mes(es),2023-07-10T00:00:00.000
CO1.BDOS.4589099,059-SAMC-CENACTOLEMAIDA-2023  (Manifestación de interés (Menor Cuantía)) (Presentación de oferta),CENAC TOLEMAIDA,Cundinamarca,Nilo,Selección Abreviada de Menor Cuantía,Obra,Seleccionado,418535000,417515843,11,0,día(s),2023-07-07T00:00:00.000
CO1.BDOS.4593571,LP-006-2023 (Fase de Selección (Presentación de ofertas)),CUNDINAMARCA-ALCALDIA MUNICIPIO MOSQUERA,Cundinamarca,Mosquera,Licitación pública Obra Publica,Obra,Seleccionado,3984925365,3984714221,1,4,Mes(es),2023-07-06T00:00:00.000
CO1.BDOS.4593571,LP-006-2023 (Fase de Selección (Presentación de ofertas)),CUNDINAMARCA-ALCALDIA MUNICIPIO MOSQUERA,Cundinamarca,Mosquera,Licitación pública Obra Publica,Obra,Seleccionado,3984925365,3984714221,1,4,Mes(es),2023-07-06T00:00:00.000
CO1.BDOS.4607391,SAMC-010-2023 (Presentación de oferta),ALCALDÍA MUNICIPAL DE MADRID CUNDINAMARCA,Cundinamarca,Madrid,Seleccion Abreviada Menor Cuantia Sin Manifestacion Interes,Obra,Seleccionado,1173284442,1154347166,2,6,Mes(es),2023-07-06T00:00:00.000
CO1.BDOS.4607391,SAMC-010-2023 (Presentación de oferta),ALCALDÍA MUNICIPAL DE MADRID CUNDINAMARCA,Cundinamarca,Madrid,Seleccion Abreviada Menor Cuantia Sin Manifestacion Interes,Obra,Seleccionado,1173284442,1154347166,2,6,Mes(es),2023-07-06T00:00:00.000
CO1.BDOS.4607391,SAMC-010-2023 (Presentación de oferta),ALCALDÍA MUNICIPAL DE MADRID CUNDINAMARCA,Cundinamarca,Madrid,Seleccion Abreviada Menor Cuantia Sin Manifestacion Interes,Obra,Seleccionado,1173284442,1154347166,2,6,Mes(es),2023-07-06T00:00:00.000
CO1.BDOS.4551347,LP-003-2023 (Fase de Selección (Presentación de ofertas)),ALCALDIA MUNICIPAL DE GIRARDOT,Cundinamarca,Girardot,Licitación pública Obra Publica,Obra,Seleccionado,1020518343,1005969775,1,4,Mes(es),2023-07-05T00:00:00.000
CO1.BDOS.4496724,LP-001-2023 (Fase de Selección (Presentación de ofertas)),EMPRESA DE SERVICIOS PUBLICOS DE CAJICA,Cundinamarca,Cajicá,Licitación pública Obra Publica,Obra,Seleccionado,22964934675,22654256644,2,12,Mes(es),2023-07-05T00:00:00.000
CO1.BDOS.4581068,SAMC 009- 2023 (Manifestación de interés (Menor Cuantía)) (Presentación de oferta),ALCALDIA MUNICIPAL DE CHIA,Cundinamarca,Chía,Selección Abreviada de Menor Cuantía,Obra,Seleccionado,478138864,456762881,6,2,Mes(es),2023-07-04T00:00:00.000
CO1.BDOS.4581068,SAMC 009- 2023 (Manifestación de interés (Menor Cuantía)) (Presentación de oferta),ALCALDIA MUNICIPAL DE CHIA,Cundinamarca,Chía,Selección Abreviada de Menor Cuantía,Obra,Seleccionado,478138864,456762881,6,2,Mes(es),2023-07-04T00:00:00.000
CO1.BDOS.4581068,SAMC 009- 2023 (Manifestación de interés (Menor Cuantía)) (Presentación de oferta),ALCALDIA MUNICIPAL DE CHIA,Cundinamarca,Chía,Selección Abreviada de Menor Cuantía,Obra,Seleccionado,478138864,456762881,6,2,Mes(es),2023-07-04T00:00:00.000
CO1.BDOS.4581068,SAMC 009- 2023 (Manifestación de interés (Menor Cuantía)) (Presentación de oferta),ALCALDIA MUNICIPAL DE CHIA,Cundinamarca,Chía,Selección Abreviada de Menor Cuantía,Obra,Seleccionado,478138864,456762881,6,2,Mes(es),2023-07-04T00:00:00.000
CO1.BDOS.4505450,LIC 004 MT 2023 (Fase de Selección (Presentación de ofertas)),MUNICIPIO DE TOCANCIPA,Cundinamarca,Tocancipá,Licitación pública Obra Publica,Obra,Seleccionado,6279999994,5820874247,13,5,Mes(es),2023-06-30T00:00:00.000
CO1.BDOS.4528885,LPO-005-2023 (Fase de Selección (Presentación de ofertas)),MUNICIPIO DE LA CALERA CUNDINAMARCA,Cundinamarca,La Calera,Licitación pública Obra Publica,Obra,Seleccionado,426022052,406938045,33,4,Mes(es),2023-06-30T00:00:00.000
CO1.BDOS.4528885,LPO-005-2023 (Fase de Selección (Presentación de ofertas)),MUNICIPIO DE LA CALERA CUNDINAMARCA,Cundinamarca,La Calera,Licitación pública Obra Publica,Obra,Seleccionado,426022052,406938045,33,4,Mes(es),2023-06-30T00:00:00.000
CO1.BDOS.4525814,SAMC 007-2023_8 (Presentación de oferta),ALCALDIA MUNICIPAL DE CHIA,Cundinamarca,Chía,Selección Abreviada de Menor Cuantía,Obra,Seleccionado,447750139,429249943,2,2,Mes(es),2023-06-30T00:00:00.000
CO1.BDOS.4528885,LPO-005-2023 (Fase de Selección (Presentación de ofertas)),MUNICIPIO DE LA CALERA CUNDINAMARCA,Cundinamarca,La Calera,Licitación pública Obra Publica,Obra,Seleccionado,426022052,406938045,33,4,Mes(es),2023-06-30T00:00:00.000
CO1.BDOS.4525814,SAMC 007-2023_8 (Presentación de oferta),ALCALDIA MUNICIPAL DE CHIA,Cundinamarca,Chía,Selección Abreviada de Menor Cuantía,Obra,Seleccionado,447750139,429249943,2,2,Mes(es),2023-06-30T00:00:00.000
CO1.BDOS.4525814,SAMC 007-2023_8 (Presentación de oferta),ALCALDIA MUNICIPAL DE CHIA,Cundinamarca,Chía,Selección Abreviada de Menor Cuantía,Obra,Seleccionado,447750139,429249943,2,2,Mes(es),2023-06-30T00:00:00.000
CO1.BDOS.4525814,SAMC 007-2023_8 (Presentación de oferta),ALCALDIA MUNICIPAL DE CHIA,Cundinamarca,Chía,Selección Abreviada de Menor Cuantía,Obra,Seleccionado,447750139,429249943,2,2,Mes(es),2023-06-30T00:00:00.000
CO1.BDOS.4573825,SA 003 MT 2023 (Presentación de oferta),MUNICIPIO DE TOCANCIPA,Cundinamarca,Tocancipá,Seleccion Abreviada Menor Cuantia Sin Manifestacion Interes,Obra,Seleccionado,3479455075,3315270852,14,5,Mes(es),2023-06-29T00:00:00.000
CO1.BDOS.4647339,SOP-MIC-014-2023,MUNICIPIO DE UBATE,Cundinamarca,Villa De San Diego De Ubate,Mínima cuantía,Obra,Seleccionado,13701098,12810864,1,3,Mes(es),2023-06-28T00:00:00.000
CO1.BDOS.4485764,LP-006-2023 (Fase de Selección (Presentación de ofertas)),MUNICIPIO DE FUNZA - ALCALDÍA DE FUNZA,Cundinamarca,Funza,Licitación pública Obra Publica,Obra,Seleccionado,1493891317,1374381718,7,5,Mes(es),2023-06-28T00:00:00.000
CO1.BDOS.4661353,CONV_SOL_12_2023,ALCALDIA MUNICIPAL DE VILLETA,Cundinamarca,Villeta,Contratación Directa (con ofertas),Obra,Seleccionado,50000000,50000000,0,60,día(s),2023-06-28T00:00:00.000
CO1.BDOS.4501682,LP-004-2023 (Fase de Selección (Presentación de ofertas)),MUNICIPIO DE SOACHA..,Cundinamarca,Soacha,Licitación pública Obra Publica,Obra,Seleccionado,1578997185,1369493635,32,6,Mes(es),2023-06-27T00:00:00.000
CO1.BDOS.4638718,MC-CMC-CTDPE-010-2023,SENA REGIONAL CUNDINAMARCA Grupo Administrativo CTDPE,Cundinamarca,Girardot,Mínima cuantía,Obra,Seleccionado,81308676,81308676,3,2,Mes(es),2023-06-27T00:00:00.000
CO1.BDOS.4546190,SAMC 008-2023 (Manifestación de interés (Menor Cuantía)) (Presentación de oferta),ALCALDIA MUNICIPAL DE CHIA,Cundinamarca,Chía,Selección Abreviada de Menor Cuantía,Obra,Seleccionado,481052001,460262373,9,2,Mes(es),2023-06-27T00:00:00.000
CO1.BDOS.4546190,SAMC 008-2023 (Manifestación de interés (Menor Cuantía)) (Presentación de oferta),ALCALDIA MUNICIPAL DE CHIA,Cundinamarca,Chía,Selección Abreviada de Menor Cuantía,Obra,Seleccionado,481052001,460262373,9,2,Mes(es),2023-06-27T00:00:00.000
CO1.BDOS.4546190,SAMC 008-2023 (Manifestación de interés (Menor Cuantía)) (Presentación de oferta),ALCALDIA MUNICIPAL DE CHIA,Cundinamarca,Chía,Selección Abreviada de Menor Cuantía,Obra,Seleccionado,481052001,460262373,9,2,Mes(es),2023-06-27T00:00:00.000
CO1.BDOS.4546190,SAMC 008-2023 (Manifestación de interés (Menor Cuantía)) (Presentación de oferta),ALCALDIA MUNICIPAL DE CHIA,Cundinamarca,Chía,Selección Abreviada de Menor Cuantía,Obra,Seleccionado,481052001,460262373,9,2,Mes(es),2023-06-27T00:00:00.000
CO1.BDOS.4632232,CONV_10_2023,ALCALDIA MUNICIPAL DE VILLETA,Cundinamarca,Villeta,Contratación Directa (con ofertas),Obra,Seleccionado,347101613,347104613,1,90,día(s),2023-06-26T00:00:00.000
CO1.BDOS.4628368,CONV_07_2023,ALCALDIA MUNICIPAL DE VILLETA,Cundinamarca,Villeta,Contratación Directa (con ofertas),Obra,Seleccionado,1148041561,1148041561,1,60,día(s),2023-06-26T00:00:00.000
CO1.BDOS.4506900,FACATATIVA-LP-003-23 (Fase de Selección (Presentación de ofertas)),ALCALDIA MUNICIPAL DE FACATATIVA,Cundinamarca,Facatativá,Licitación pública Obra Publica,Obra,Seleccionado,2139206270,2030182940,18,0,día(s),2023-06-23T00:00:00.000
CO1.BDOS.4498721,LICITACION PUBLICA 059-2023 (Fase de Selección (Presentación de ofertas)),MUNICIPIO DE ANAPOIMA/,Cundinamarca,No Definido,Licitación pública Obra Publica,Obra,Seleccionado,1925418065,1925072061,1,4,Mes(es),2023-06-23T00:00:00.000
CO1.BDOS.4516438,SAMC-026-2023 (Manifestación de interés (Menor Cuantía)) (Presentación de oferta),ALCALDIA MUNICIPIO DE ZIPAQUIRA,Cundinamarca,Zipaquirá,Selección Abreviada de Menor Cuantía,Obra,Seleccionado,240000000,239667174,1,3,Mes(es),2023-06-22T00:00:00.000
CO1.BDOS.4524394,SAMC-025-2023 (Manifestación de interés (Menor Cuantía)) (Presentación de oferta),ALCALDIA MUNICIPIO DE ZIPAQUIRA,Cundinamarca,Zipaquirá,Selección Abreviada de Menor Cuantía,Obra,Seleccionado,100000000,99983546,1,3,Mes(es),2023-06-22T00:00:00.000
CO1.BDOS.4520052,SAMC-024-2023 (Manifestación de interés (Menor Cuantía)) (Presentación de oferta),ALCALDIA MUNICIPIO DE ZIPAQUIRA,Cundinamarca,Zipaquirá,Selección Abreviada de Menor Cuantía,Obra,Seleccionado,100000000,99983546,1,3,Mes(es),2023-06-21T00:00:00.000
CO1.BDOS.4517048,SA 2023-0657 (Manifestación de interés (Menor Cuantía)) (Presentación de oferta),ALCALDIA MUNICIPAL FUSAGASUGA,Cundinamarca,Fusagasugá,Selección Abreviada de Menor Cuantía,Obra,Seleccionado,284965000,271793407,7,5,Mes(es),2023-06-21T00:00:00.000
CO1.BDOS.4507984,SAMC-011-2023 (Manifestación de interés (Menor Cuantía)) (Presentación de oferta),ALCALDIA MUNICIPIO DE CAJICA,Cundinamarca,Cajicá,Selección Abreviada de Menor Cuantía,Obra,Seleccionado,521500000,521497650,1,4,Mes(es),2023-06-21T00:00:00.000
CO1.BDOS.4515562,SAMC-023-2023 (Manifestación de interés (Menor Cuantía)) (Presentación de oferta),ALCALDIA MUNICIPIO DE ZIPAQUIRA,Cundinamarca,Zipaquirá,Selección Abreviada de Menor Cuantía,Obra,Seleccionado,100000000,99983545,1,3,Mes(es),2023-06-20T00:00:00.000
CO1.BDOS.4489742,SAMC-022-2023 (Manifestación de interés (Menor Cuantía)) (Presentación de oferta),ALCALDIA MUNICIPIO DE ZIPAQUIRA,Cundinamarca,Zipaquirá,Selección Abreviada de Menor Cuantía,Obra,Seleccionado,100000000,99920900,1,3,Mes(es),2023-06-20T00:00:00.000
CO1.BDOS.4427266,LP-009-2023 (Fase de Selección (Presentación de ofertas)),MUNICIPIO DE UBATE,Cundinamarca,Villa De San Diego De Ubate,Licitación pública Obra Publica,Obra,Seleccionado,1141037586,1080110132,33,3,Mes(es),2023-06-15T00:00:00.000
CO1.BDOS.4489069,SAMC-021-2023 (Manifestación de interés (Menor Cuantía)) (Presentación de oferta),ALCALDIA MUNICIPIO DE ZIPAQUIRA,Cundinamarca,Zipaquirá,Selección Abreviada de Menor Cuantía,Obra,Seleccionado,100000000,99920900,1,3,Mes(es),2023-06-15T00:00:00.000
CO1.BDOS.4466344,SAMC-020-2023 (Manifestación de interés (Menor Cuantía)) (Presentación de oferta),ALCALDIA MUNICIPIO DE ZIPAQUIRA,Cundinamarca,Zipaquirá,Selección Abreviada de Menor Cuantía,Obra,Seleccionado,333967296,333947292,1,4,Mes(es),2023-06-14T00:00:00.000
CO1.BDOS.4466344,SAMC-020-2023 (Manifestación de interés (Menor Cuantía)) (Presentación de oferta),ALCALDIA MUNICIPIO DE ZIPAQUIRA,Cundinamarca,Zipaquirá,Selección Abreviada de Menor Cuantía,Obra,Seleccionado,333967296,333947292,1,4,Mes(es),2023-06-14T00:00:00.000
CO1.BDOS.4458432,LP 008-2023 (Fase de Selección (Presentación de ofertas)),ALCALDIA MUNICIPAL DE CHIA,Cundinamarca,Chía,Licitación pública Obra Publica,Obra,Seleccionado,1995148464,1911285728,41,6,Mes(es),2023-06-13T00:00:00.000
CO1.BDOS.4464973,LP-001-2023 (Fase de Selección (Presentación de ofertas)),IDUVI,Cundinamarca,Chía,Licitación pública Obra Publica,Obra,Seleccionado,0,15315136779,2,1,Mes(es),2023-06-13T00:00:00.000
CO1.BDOS.4464973,LP-001-2023 (Fase de Selección (Presentación de ofertas)),IDUVI,Cundinamarca,Chía,Licitación pública Obra Publica,Obra,Seleccionado,0,15315136779,2,1,Mes(es),2023-06-13T00:00:00.000
CO1.BDOS.4560417,010-2023,EMPRESAS PUBLICAS DE NILO S.A.S. E.S.P. - EMPUNILO S.A.S. E.S.P.,Cundinamarca,Nilo,Contratación régimen especial (con ofertas),Obra,Seleccionado,218510376,218509968,1,3,Mes(es),2023-06-13T00:00:00.000
CO1.BDOS.4458978,SAMC-018-2023 (Manifestación de interés (Menor Cuantía)) (Presentación de oferta),ALCALDIA MUNICIPIO DE ZIPAQUIRA,Cundinamarca,Zipaquirá,Selección Abreviada de Menor Cuantía,Obra,Seleccionado,100000000,99999989,0,3,Mes(es),2023-06-09T00:00:00.000
CO1.BDOS.4457895,LP-010-2023 (Fase de Selección (Presentación de ofertas)),ALCALDIA MUNICIPIO DE ZIPAQUIRA,Cundinamarca,Zipaquirá,Licitación pública Obra Publica,Obra,Seleccionado,1600000000,1532320084,39,4,Mes(es),2023-06-09T00:00:00.000
CO1.BDOS.4459316,SAMC-019-2023 (Manifestación de interés (Menor Cuantía)) (Presentación de oferta),ALCALDIA MUNICIPIO DE ZIPAQUIRA,Cundinamarca,Zipaquirá,Selección Abreviada de Menor Cuantía,Obra,Seleccionado,443073035,441654480,1,3,Mes(es),2023-06-08T00:00:00.000
CO1.BDOS.4451752,LP-009-2023 (Fase de Selección (Presentación de ofertas)),ALCALDIA MUNICIPIO DE ZIPAQUIRA,Cundinamarca,Zipaquirá,Licitación pública Obra Publica,Obra,Seleccionado,703132867,673462308,28,3,Mes(es),2023-06-08T00:00:00.000
CO1.BDOS.4434529,LPO-004-2023 (Fase de Selección (Presentación de ofertas)),MUNICIPIO DE LA CALERA CUNDINAMARCA,Cundinamarca,La Calera,Licitación pública Obra Publica,Obra,Seleccionado,2220999535,2110312248,38,8,Mes(es),2023-06-08T00:00:00.000
CO1.BDOS.4471060,SAMC 04 DE 2023 (Manifestación de interés (Menor Cuantía)) (Presentación de oferta),ALCALDIA MUNICIPAL DE VILLETA,Cundinamarca,Villeta,Selección Abreviada de Menor Cuantía,Obra,Seleccionado,321819153,321812142,0,3,Mes(es),2023-06-08T00:00:00.000
CO1.BDOS.4431094,FACATATIVA-LP-002-23 (Fase de Selección (Presentación de ofertas)),ALCALDIA MUNICIPAL DE FACATATIVA,Cundinamarca,Facatativá,Licitación pública Obra Publica,Obra,Seleccionado,1254617497,1197825321,10,4,Mes(es),2023-06-07T00:00:00.000
CO1.BDOS.4446552,014-00-K-ESUFA-GRUAL-2023 (Manifestación de interés (Menor Cuantía)) (Presentación de oferta),ESCUELA DE SUBOFICIALES  FAC CT ANDRES M DIAZ,Cundinamarca,No Definido,Selección Abreviada de Menor Cuantía,Obra,Seleccionado,895364000,895364000,7,5,Mes(es),2023-06-07T00:00:00.000
CO1.BDOS.4405535,PN ESCAR SA MC 042 2023_4 (Presentación de oferta),ESCUELA NACIONAL DE CARABINEROS POLICIA NACIONAL,Cundinamarca,Facatativá,Selección Abreviada de Menor Cuantía,Obra,Seleccionado,1400002523,1400002523,3,150,día(s),2023-06-06T00:00:00.000
CO1.BDOS.4430928,LP-008-2023 (Fase de Selección (Presentación de ofertas)),ALCALDIA MUNICIPIO DE ZIPAQUIRA,Cundinamarca,Zipaquirá,Licitación pública Obra Publica,Obra,Seleccionado,3000000000,2843400000,26,4,Mes(es),2023-06-05T00:00:00.000
CO1.BDOS.4518960,MC 017-2023,ALCALDIA MUNICIPAL DE CHIA,Cundinamarca,Chía,Mínima cuantía,Obra,Seleccionado,39740191,35170068,4,0,día(s),2023-06-05T00:00:00.000
CO1.BDOS.4317170,LP-004-2023 (Fase de Selección (Presentación de ofertas)),ALCALDÍA MUNICIPAL DE MADRID CUNDINAMARCA,Cundinamarca,Madrid,Licitación pública Obra Publica,Obra,Seleccionado,8330963756,8015529254,6,5,Mes(es),2023-06-01T00:00:00.000
CO1.BDOS.4496943,SG-MC-038-2023,MUNICIPIO DE VILLAPINZON,Cundinamarca,Villapinzón,Mínima cuantía,Obra,Seleccionado,3500000,3499984,1,30,día(s),2023-05-31T00:00:00.000
CO1.BDOS.4313214,SIOP-LPO-0001-2023 (Fase de Selección (Presentación de ofertas)),ALCALDÍA MUNICIPAL COTA,Cundinamarca,Cota,Licitación pública Obra Publica,Obra,Seleccionado,914258741,874214188,36,0,día(s),2023-05-31T00:00:00.000
CO1.BDOS.4488933,MC-CMC-CTDPE-004-2023,SENA REGIONAL CUNDINAMARCA Grupo Administrativo CTDPE,Cundinamarca,Girardot,Mínima cuantía,Obra,Seleccionado,51034218,51304218,2,0,día(s),2023-05-30T00:00:00.000
CO1.BDOS.4398681,LP-007-2023 (Fase de Selección (Presentación de ofertas)),ALCALDIA MUNICIPAL DE CHIA,Cundinamarca,Chía,Licitación pública Obra Publica,Obra,Seleccionado,4650349103,4417856739,23,6,Mes(es),2023-05-29T00:00:00.000
CO1.BDOS.4410914,MENOR CUANTIA 050-2023* (Manifestación de interés (Menor Cuantía)) (Presentación de oferta),MUNICIPIO DE ANAPOIMA/,Cundinamarca,No Definido,Selección Abreviada de Menor Cuantía,Obra,Seleccionado,100000000,99710000,1,2,Mes(es),2023-05-29T00:00:00.000
CO1.BDOS.4394174,SP -SAMC -004-2023 (Manifestación de interés (Menor Cuantía)) (Presentación de oferta),MUNICIPIO DE VILLAPINZON,Cundinamarca,Villapinzón,Selección Abreviada de Menor Cuantía,Obra,Seleccionado,112690316,112390160,1,3,Mes(es),2023-05-26T00:00:00.000
CO1.BDOS.4394174,SP -SAMC -004-2023 (Manifestación de interés (Menor Cuantía)) (Presentación de oferta),MUNICIPIO DE VILLAPINZON,Cundinamarca,Villapinzón,Selección Abreviada de Menor Cuantía,Obra,Seleccionado,112690316,112390160,1,3,Mes(es),2023-05-26T00:00:00.000
CO1.BDOS.4190004,MA-SAMC-OPITPH-SP-003-2023 (Manifestación de interés (Menor Cuantía)) (Presentación de oferta),ALCALDIA MUNICIPIO DE ANOLAIMA,Cundinamarca,Anolaima,Selección Abreviada de Menor Cuantía,Obra,Seleccionado,95000000,90755981,13,3,Mes(es),2023-05-25T00:00:00.000
CO1.BDOS.4385587,LP-AMS-2023-0005 (Fase de Selección (Presentación de ofertas)),ALCALDÍA MUNICIPAL DE SOPO,Cundinamarca,Sopó,Licitación pública Obra Publica,Obra,Seleccionado,6958809577,6388334645,14,170,día(s),2023-05-25T00:00:00.000
CO1.BDOS.4470314,MC- CMM-026 - 2023,CONCEJO MUNICIPAL DE MADRID,Cundinamarca,Madrid,Mínima cuantía,Obra,Seleccionado,32000000,25939518,5,20,día(s),2023-05-25T00:00:00.000
CO1.BDOS.4373685,LP-003-2023 (Fase de Selección (Presentación de ofertas)),ALCALDIA DE TABIO,Cundinamarca,Tabio,Licitación pública Obra Publica,Obra,Seleccionado,995174825,952085136,21,5,Mes(es),2023-05-25T00:00:00.000
CO1.BDOS.4385587,LP-AMS-2023-0005 (Fase de Selección (Presentación de ofertas)),ALCALDÍA MUNICIPAL DE SOPO,Cundinamarca,Sopó,Licitación pública Obra Publica,Obra,Seleccionado,6958809577,6388334645,14,170,día(s),2023-05-25T00:00:00.000
CO1.BDOS.4340326,LP-007-2023 (Fase de Selección (Presentación de ofertas)),MUNICIPIO DE UBATE,Cundinamarca,Villa De San Diego De Ubate,Licitación pública Obra Publica,Obra,Seleccionado,631820473,603388490,12,3,Mes(es),2023-05-24T00:00:00.000
CO1.BDOS.4457243,MC-CMC-CTDPE-003-2023,SENA REGIONAL CUNDINAMARCA Grupo Administrativo CTDPE,Cundinamarca,Girardot,Mínima cuantía,Obra,Seleccionado,99911350,99811323,1,2,Mes(es),2023-05-23T00:00:00.000
CO1.BDOS.4458462,SMC 2023-092,IDERF,Cundinamarca,Fusagasugá,Mínima cuantía,Obra,Seleccionado,0,29922750,2,1,Mes(es),2023-05-23T00:00:00.000
CO1.BDOS.4364795,SAMC 03 DE 2023 (Manifestación de interés (Menor Cuantía)) (Presentación de oferta),ALCALDIA MUNICIPAL DE VILLETA,Cundinamarca,Villeta,Selección Abreviada de Menor Cuantía,Obra,Seleccionado,289346400,289322973,1,3,Mes(es),2023-05-19T00:00:00.000
CO1.BDOS.4365834,LP-02-2023 (Fase de Selección (Presentación de ofertas)),INSTITUTO MUNICIPAL DE VIVIENDA DE INTERÉS SOCIAL CAJICA,Cundinamarca,Cajicá,Licitación pública Obra Publica,Obra,Seleccionado,1028050516,1028050516,1,5,Mes(es),2023-05-18T00:00:00.000
CO1.BDOS.4277855,SA-MC-010-2023 (Manifestación de interés (Menor Cuantía)) (Presentación de oferta),MUNICIPIO DE UBATE,Cundinamarca,Villa De San Diego De Ubate,Selección Abreviada de Menor Cuantía,Obra,Seleccionado,66159064,66098708,2,2,Mes(es),2023-05-18T00:00:00.000
CO1.BDOS.4273263,SA-MC-009-2023 (Manifestación de interés (Menor Cuantía)) (Presentación de oferta),MUNICIPIO DE UBATE,Cundinamarca,Villa De San Diego De Ubate,Selección Abreviada de Menor Cuantía,Obra,Seleccionado,285592086,285426987,2,2,Mes(es),2023-05-18T00:00:00.000
CO1.BDOS.4350202,PN ESJIM SA MC 001 2023 (Manifestación de interés (Menor Cuantía)) (Presentación de oferta),ESCUELA DE SUBOFICIALES Y NIVEL EJECUTIVO  GONZALO JIMENEZ DE QUESADA,Cundinamarca,Sibaté,Selección Abreviada de Menor Cuantía,Obra,Seleccionado,2015440000,2015440000,3,180,día(s),2023-05-17T00:00:00.000
CO1.BDOS.4337679,LP 2023-0583 (Fase de Selección (Presentación de ofertas)),ALCALDIA MUNICIPAL FUSAGASUGA,Cundinamarca,Fusagasugá,Licitación pública Obra Publica,Obra,Seleccionado,2620113936,2500017215,44,6,Mes(es),2023-05-16T00:00:00.000
CO1.BDOS.4341610,LP-008-2023 (Fase de Selección (Presentación de ofertas)),MUNICIPIO DE UBATE,Cundinamarca,Villa De San Diego De Ubate,Licitación pública Obra Publica,Obra,Seleccionado,934573426,893583846,31,3,Mes(es),2023-05-16T00:00:00.000
CO1.BDOS.4330397,LP-005-2023 (Fase de Selección (Presentación de ofertas)),MUNICIPIO DE UBATE,Cundinamarca,Villa De San Diego De Ubate,Licitación pública Obra Publica,Obra,Seleccionado,10022940818,10012200000,1,1324,día(s),2023-05-16T00:00:00.000
CO1.BDOS.4426208,MC-022-2023,ALCALDIA MUNICIPAL DE GIRARDOT,Cundinamarca,Girardot,Mínima cuantía,Obra,Seleccionado,31886729,31886729,1,2,Mes(es),2023-05-16T00:00:00.000
CO1.BDOS.4303735,SIOP-LPO-0002-2023 (Fase de Selección (Presentación de ofertas)),ALCALDÍA MUNICIPAL COTA,Cundinamarca,Cota,Licitación pública Obra Publica,Obra,Seleccionado,4993082683,4795657013,19,0,día(s),2023-05-16T00:00:00.000
CO1.BDOS.4340067,LP-006-2023 (Fase de Selección (Presentación de ofertas)),MUNICIPIO DE UBATE,Cundinamarca,Villa De San Diego De Ubate,Licitación pública Obra Publica,Obra,Seleccionado,2282990400,2188396047,25,195,día(s),2023-05-15T00:00:00.000
CO1.BDOS.4421966,CONVOCATORIA 010 DE 2023,ESE HOSPITAL SALAZAR DE VILLETA,Cundinamarca,No Definido,Contratación régimen especial (con ofertas),Obra,Seleccionado,3694381361,3694381361,1,345,día(s),2023-05-15T00:00:00.000
CO1.BDOS.4325905,LP-002-2023 (Fase de Selección (Presentación de ofertas)),ALCALDIA DE TABIO,Cundinamarca,Tabio,Licitación pública Obra Publica,Obra,Seleccionado,1199171713,1103235537,50,5,Mes(es),2023-05-12T00:00:00.000
CO1.BDOS.4148959,LP-003-2023 (Fase de Selección (Presentación de ofertas)),ALCALDIA MUNICIPIO DE ZIPAQUIRA,Cundinamarca,Zipaquirá,Licitación pública Obra Publica,Obra,Seleccionado,44495406872,43521153674,9,18,Mes(es),2023-05-10T00:00:00.000
CO1.BDOS.4397952,MC 030-2023,ALCALDIA MUNICIPIO DE RICAURTE,Cundinamarca,Ricaurte,Mínima cuantía,Obra,Seleccionado,24450660,24414000,1,2,Mes(es),2023-05-10T00:00:00.000
CO1.BDOS.4384186,SMIN-036-2023,ALCALDIA MUNICIPIO DE ZIPAQUIRA,Cundinamarca,Zipaquirá,Mínima cuantía,Obra,Seleccionado,26413735,26299162,1,20,día(s),2023-05-08T00:00:00.000
CO1.BDOS.4292645,SAMC-015-2023 (Manifestación de interés (Menor Cuantía)) (Presentación de oferta),ALCALDIA MUNICIPIO DE ZIPAQUIRA,Cundinamarca,Zipaquirá,Selección Abreviada de Menor Cuantía,Obra,Seleccionado,200000000,197969175,1,2,Mes(es),2023-05-04T00:00:00.000
CO1.BDOS.4269733,SAMC 02 DE 2023 (Manifestación de interés (Menor Cuantía)) (Presentación de oferta),ALCALDIA MUNICIPAL DE VILLETA,Cundinamarca,Villeta,Selección Abreviada de Menor Cuantía,Obra,Seleccionado,51854049,51853633,1,45,día(s),2023-04-21T00:00:00.000
CO1.BDOS.4246586,SP-LP-002-2023 (Fase de Selección (Presentación de ofertas)),MUNICIPIO DE VILLAPINZON,Cundinamarca,Villapinzón,Licitación pública Obra Publica,Obra,Seleccionado,1146176246,1084254395,5,6,Mes(es),2023-04-21T00:00:00.000
CO1.BDOS.4236298,PN ESSUM SA MC 011 2023 (Manifestación de interés (Menor Cuantía)) (Presentación de oferta),ESCUELA DE POLICIA DE PROVINCIA DE SUMAPAZ INTENDENTE MARITZA BONILLA RUIZ,Cundinamarca,Fusagasugá,Selección Abreviada de Menor Cuantía,Obra,Seleccionado,876201236,876201236,5,120,día(s),2023-04-20T00:00:00.000
CO1.BDOS.4233622,LP 004-2023 (Fase de Selección (Presentación de ofertas)),ALCALDIA MUNICIPAL DE CHIA,Cundinamarca,Chía,Licitación pública Obra Publica,Obra,Seleccionado,1645440102,1565196878,22,7,Mes(es),2023-04-20T00:00:00.000
CO1.BDOS.4229571,014-DIGSA-FAC-JEFSA-CACOM-1-ESM11782-2023 (Manifestación de interés (Menor Cuantía)) (Presentación de oferta),ESM COMANDO AEREO DE COMBATE NO 1,Cundinamarca,Puerto Salgar,Selección Abreviada de Menor Cuantía,Obra,Seleccionado,304746803,298724547,8,0,día(s),2023-04-19T00:00:00.000
CO1.BDOS.4144638,LP-002-2023 (Fase de Selección (Presentación de ofertas)),ALCALDIA MUNICIPIO DE ZIPAQUIRA,Cundinamarca,Zipaquirá,Licitación pública Obra Publica,Obra,Seleccionado,55120579544,55069873243,5,24,Mes(es),2023-04-18T00:00:00.000
CO1.BDOS.4243774,SA-AMS-2023-0007 (Manifestación de interés (Menor Cuantía)) (Presentación de oferta),ALCALDÍA MUNICIPAL DE SOPO,Cundinamarca,Sopó,Selección Abreviada de Menor Cuantía,Obra,Seleccionado,282256467,282241681,1,5,Mes(es),2023-04-18T00:00:00.000
CO1.BDOS.4226641,LP-005-2023 (Fase de Selección (Presentación de ofertas)),ALCALDIA MUNICIPIO DE ZIPAQUIRA,Cundinamarca,Zipaquirá,Licitación pública Obra Publica,Obra,Seleccionado,1042195134,1039120526,1,5,Mes(es),2023-04-17T00:00:00.000
CO1.BDOS.4216123,MENOR CUANTIA 028-2023* (Manifestación de interés (Menor Cuantía)) (Presentación de oferta),MUNICIPIO DE ANAPOIMA/,Cundinamarca,No Definido,Selección Abreviada de Menor Cuantía,Obra,Seleccionado,100000000,99197000,3,2,Mes(es),2023-04-14T00:00:00.000
CO1.BDOS.4218453,LP 02 DE 2023 (Fase de Selección (Presentación de ofertas)),ALCALDIA MUNICIPAL DE VILLETA,Cundinamarca,Villeta,Licitación pública Obra Publica,Obra,Seleccionado,2350000494,2248121163,23,5,Mes(es),2023-04-14T00:00:00.000
CO1.BDOS.4107647,LP 2023-0379 (Fase de Selección (Presentación de ofertas)),ALCALDIA MUNICIPAL FUSAGASUGA,Cundinamarca,Fusagasugá,Licitación pública Obra Publica,Obra,Seleccionado,4784861042,4597889828,15,8,Mes(es),2023-04-14T00:00:00.000
CO1.BDOS.4013237,LP 002-2023 (Fase de Selección (Presentación de ofertas)),ALCALDIA MUNICIPIO DE RICAURTE,Cundinamarca,Ricaurte,Licitación pública Obra Publica,Obra,Seleccionado,4763399385,4644381531,14,7,Mes(es),2023-04-13T00:00:00.000
CO1.BDOS.4258212,MC-023-CENACTELEMATICA-2023,CENTRAL ADMINISTRATIVA Y CONTABLE TELEMATICA,Cundinamarca,Facatativá,Mínima cuantía,Obra,Seleccionado,74707000,74707000,21,9,Mes(es),2023-04-11T00:00:00.000
CO1.BDOS.4203546,LP 01 DE 2023 (Fase de Selección (Presentación de ofertas)),ALCALDIA MUNICIPAL DE VILLETA,Cundinamarca,Villeta,Licitación pública Obra Publica,Obra,Seleccionado,426132298,426086142,3,3,Mes(es),2023-04-11T00:00:00.000
CO1.BDOS.4198977,SA-AMS- 2023-0002 (Manifestación de interés (Menor Cuantía)) (Presentación de oferta),ALCALDÍA MUNICIPAL DE SOPO,Cundinamarca,Sopó,Selección Abreviada de Menor Cuantía,Obra,Seleccionado,293898752,293898149,4,3,Mes(es),2023-04-10T00:00:00.000
CO1.BDOS.4201381,SP-SAMC-002-2023 (Manifestación de interés (Menor Cuantía)) (Presentación de oferta),MUNICIPIO DE VILLAPINZON,Cundinamarca,Villapinzón,Selección Abreviada de Menor Cuantía,Obra,Seleccionado,140636795,138438035,4,2,Mes(es),2023-04-10T00:00:00.000
CO1.BDOS.4194212,SA-AMS- 2023-0003 (Manifestación de interés (Menor Cuantía)) (Presentación de oferta),ALCALDÍA MUNICIPAL DE SOPO,Cundinamarca,Sopó,Selección Abreviada de Menor Cuantía,Obra,Seleccionado,148556728,148556728,4,3,Mes(es),2023-04-10T00:00:00.000
CO1.BDOS.4095595,SAMC-002-2023 (Manifestación de interés (Menor Cuantía)) (Presentación de oferta),MUNICIPIO DE UBATE,Cundinamarca,Villa De San Diego De Ubate,Selección Abreviada de Menor Cuantía,Obra,Seleccionado,80000000,79999997,1,2,Mes(es),2023-04-10T00:00:00.000
CO1.BDOS.4194196,SAMC-002-2023 (Presentación de oferta),EMPRESA DE SERVICIOS PUBLICOS DE COTA SA ESP,Cundinamarca,Cota,Seleccion Abreviada Menor Cuantia Sin Manifestacion Interes,Obra,Seleccionado,47028771204,47022914187,5,8,Mes(es),2023-04-04T00:00:00.000
CO1.BDOS.4137927,LP-003-2023 (Fase de Selección (Presentación de ofertas)),CUNDINAMARCA-ALCALDIA MUNICIPIO MOSQUERA,Cundinamarca,Mosquera,Licitación pública Obra Publica,Obra,Seleccionado,5115381103,4895419715,6,7,Mes(es),2023-03-30T00:00:00.000
CO1.BDOS.4016600,LP 2023-0304 (Fase de Selección (Presentación de ofertas)),ALCALDIA MUNICIPAL FUSAGASUGA,Cundinamarca,Fusagasugá,Licitación pública Obra Publica,Obra,Seleccionado,9300699298,8370631493,13,9,Mes(es),2023-03-29T00:00:00.000
CO1.BDOS.4169176,FACATATIVA-SA-06-23 (Manifestación de interés (Menor Cuantía)) (Presentación de oferta),ALCALDIA MUNICIPAL DE FACATATIVA,Cundinamarca,Facatativá,Selección Abreviada de Menor Cuantía,Obra,Seleccionado,85969054,85969052,2,2,Mes(es),2023-03-28T00:00:00.000
CO1.BDOS.4141000,SAMC_01_2023 (Manifestación de interés (Menor Cuantía)) (Presentación de oferta),ALCALDIA MUNICIPAL DE VILLETA,Cundinamarca,Villeta,Selección Abreviada de Menor Cuantía,Obra,Seleccionado,300000000,299999918,2,3,Mes(es),2023-03-27T00:00:00.000
CO1.BDOS.4101190,SAMC-004-2023 (Manifestación de interés (Menor Cuantía)) (Presentación de oferta),MUNICIPIO DE UBATE,Cundinamarca,Villa De San Diego De Ubate,Selección Abreviada de Menor Cuantía,Obra,Seleccionado,279692091,279676310,1,2,Mes(es),2023-03-27T00:00:00.000
CO1.BDOS.4223627,CONVOCATORIA 007 DE 2023,ESE HOSPITAL SALAZAR DE VILLETA,Cundinamarca,No Definido,Contratación régimen especial (con ofertas),Obra,Seleccionado,1907495966,1907443319,1,0,día(s),2023-03-27T00:00:00.000
CO1.BDOS.4102227,SAMC-005-2023 (Manifestación de interés (Menor Cuantía)) (Presentación de oferta),MUNICIPIO DE UBATE,Cundinamarca,Villa De San Diego De Ubate,Selección Abreviada de Menor Cuantía,Obra,Seleccionado,216669166,216615314,1,2,Mes(es),2023-03-23T00:00:00.000
CO1.BDOS.4087494,LP 003-2023 (Fase de Selección (Presentación de ofertas)),ALCALDIA MUNICIPIO DE RICAURTE,Cundinamarca,Ricaurte,Licitación pública Obra Publica,Obra,Seleccionado,2179637573,2081555191,41,5,Mes(es),2023-03-23T00:00:00.000
CO1.BDOS.4092325,LP 004-2023 (Fase de Selección (Presentación de ofertas)),ALCALDIA MUNICIPIO DE RICAURTE,Cundinamarca,Ricaurte,Licitación pública Obra Publica,Obra,Seleccionado,1088229208,1021725855,34,4,Mes(es),2023-03-23T00:00:00.000
CO1.BDOS.4111814,SAMC-001-2023 (Manifestación de interés (Menor Cuantía)) (Presentación de oferta),Concejo Municipal de Soacha,Cundinamarca,Soacha,Selección Abreviada de Menor Cuantía,Obra,Seleccionado,318184625,316593513,1,3,Mes(es),2023-03-22T00:00:00.000
CO1.BDOS.4199219,IMRD IPMC 006 2023,INSTITUTO MUNICIPAL DE RECREACIÓN Y DEPORTES DE CHIA,Cundinamarca,Chía,Mínima cuantía,Obra,Seleccionado,32288667,22198722,15,60,día(s),2023-03-22T00:00:00.000
CO1.BDOS.4111999,SAMC-007-2023 (Manifestación de interés (Menor Cuantía)) (Presentación de oferta),ALCALDIA MUNICIPIO DE ZIPAQUIRA,Cundinamarca,Zipaquirá,Selección Abreviada de Menor Cuantía,Obra,Seleccionado,283259692,283259121,1,2,Mes(es),2023-03-22T00:00:00.000
CO1.BDOS.4201521,071-MC-CENACINTELIGENCIA-2023,CENTRAL ADMINISTRATIVA Y CONTABLE ESPECIALIZADA INTELIGENCIA,Cundinamarca,No Definido,Mínima cuantía,Obra,Seleccionado,106000000,106000000,20,8,Mes(es),2023-03-22T00:00:00.000
CO1.BDOS.4109169,SA-MC-006-2023   (Manifestación de interés (Menor Cuantía)) (Presentación de oferta),MUNICIPIO DE UBATE,Cundinamarca,Villa De San Diego De Ubate,Selección Abreviada de Menor Cuantía,Obra,Seleccionado,252593661,252271332,1,2,Mes(es),2023-03-17T00:00:00.000
CO1.BDOS.4187557,003-2023,EMPRESAS PUBLICAS DE NILO S.A.S. E.S.P. - EMPUNILO S.A.S. E.S.P.,Cundinamarca,Nilo,Contratación régimen especial (con ofertas),Obra,Seleccionado,226144429,226144144,1,8,Mes(es),2023-03-17T00:00:00.000
CO1.BDOS.4059096,SP-LP-001-2023 (Fase de Selección (Presentación de ofertas)),MUNICIPIO DE VILLAPINZON,Cundinamarca,Villapinzón,Licitación pública Obra Publica,Obra,Seleccionado,974833535,974812146,1,6,Mes(es),2023-03-10T00:00:00.000
CO1.BDOS.4144585,MC-002-2023,Concejo Municipal de Soacha,Cundinamarca,Soacha,Mínima cuantía,Obra,Seleccionado,2400000,1790000,1,5,día(s),2023-03-09T00:00:00.000
CO1.BDOS.4122633,SMIN-018-2023,ALCALDIA MUNICIPIO DE ZIPAQUIRA,Cundinamarca,Zipaquirá,Mínima cuantía,Obra,Seleccionado,52195158,52148280,2,45,día(s),2023-03-06T00:00:00.000
CO1.BDOS.3988237,LP 2023-0286 (Fase de Selección (Presentación de ofertas)),ALCALDIA MUNICIPAL FUSAGASUGA,Cundinamarca,Fusagasugá,Licitación pública Obra Publica,Obra,Seleccionado,2599916552,2464770054,35,7,Mes(es),2023-03-01T00:00:00.000
CO1.BDOS.3997660,SAMC-004-2023 (Manifestación de interés (Menor Cuantía)) (Presentación de oferta),ALCALDIA MUNICIPIO DE ZIPAQUIRA,Cundinamarca,Zipaquirá,Selección Abreviada de Menor Cuantía,Obra,Seleccionado,180000000,179895163,3,2,Mes(es),2023-03-01T00:00:00.000
CO1.BDOS.3997577,SAMC-003-2023 (Manifestación de interés (Menor Cuantía)) (Presentación de oferta),ALCALDIA MUNICIPIO DE ZIPAQUIRA,Cundinamarca,Zipaquirá,Selección Abreviada de Menor Cuantía,Obra,Seleccionado,150000000,149970347,2,2,Mes(es),2023-02-28T00:00:00.000
CO1.BDOS.4088994,SMIN-016-2023,ALCALDIA MUNICIPIO DE ZIPAQUIRA,Cundinamarca,Zipaquirá,Mínima cuantía,Obra,Seleccionado,40000000,39849812,2,20,día(s),2023-02-28T00:00:00.000
CO1.BDOS.3989290,SAMC-002-2023 (Manifestación de interés (Menor Cuantía)) (Presentación de oferta),ALCALDIA MUNICIPIO DE ZIPAQUIRA,Cundinamarca,Zipaquirá,Selección Abreviada de Menor Cuantía,Obra,Seleccionado,244348000,244216585,2,3,Mes(es),2023-02-27T00:00:00.000
CO1.BDOS.3959434,LP-002-2023 (Fase de Selección (Presentación de ofertas)),ALCALDIA MUNICIPAL DE GIRARDOT,Cundinamarca,Girardot,Licitación pública Obra Publica,Obra,Seleccionado,22624820093,21496000972,10,9,Mes(es),2023-02-23T00:00:00.000
CO1.BDOS.3959434,LP-002-2023 (Fase de Selección (Presentación de ofertas)),ALCALDIA MUNICIPAL DE GIRARDOT,Cundinamarca,Girardot,Licitación pública Obra Publica,Obra,Seleccionado,22624820093,21496000972,10,9,Mes(es),2023-02-23T00:00:00.000
CO1.BDOS.4052424,MC-003-2023,ALCALDIA MUNICIPAL DE GIRARDOT,Cundinamarca,Girardot,Mínima cuantía,Obra,Seleccionado,37246692,35030514,4,2,Mes(es),2023-02-22T00:00:00.000
CO1.BDOS.3913838,LP-003-2023 (Fase de Selección (Presentación de ofertas)),MUNICIPIO DE UBATE,Cundinamarca,Villa De San Diego De Ubate,Licitación pública Obra Publica,Obra,Seleccionado,1264593570,1212019201,9,5,Mes(es),2023-02-20T00:00:00.000
CO1.BDOS.3684233,LP-011-2022 (Fase de Selección (Presentación de ofertas)),ALCALDIA MUNICIPIO DE CAJICA,Cundinamarca,Cajicá,Licitación pública Obra Publica,Obra,Seleccionado,20740578237,19220484520,13,255,día(s),2023-02-15T00:00:00.000
CO1.BDOS.3865812,LP-002-2023 (Fase de Selección (Presentación de ofertas)),MUNICIPIO DE UBATE,Cundinamarca,Villa De San Diego De Ubate,Licitación pública Obra Publica,Obra,Seleccionado,1054507610,1054220858,1,6,Mes(es),2023-02-13T00:00:00.000
CO1.BDOS.3873304,SA-AMS- 2023-0001 (Manifestación de interés (Menor Cuantía)) (Presentación de oferta),ALCALDÍA MUNICIPAL DE SOPO,Cundinamarca,Sopó,Selección Abreviada de Menor Cuantía,Obra,Seleccionado,228740194,228603148,2,3,Mes(es),2023-02-13T00:00:00.000
CO1.BDOS.3651117,FACATATIVA-LP-008-22 (Fase de Selección (Presentación de ofertas)),ALCALDIA MUNICIPAL DE FACATATIVA,Cundinamarca,Facatativá,Licitación pública Obra Publica,Obra,Seleccionado,914351894,864300974,64,4,Mes(es),2023-01-27T00:00:00.000
CO1.BDOS.3660770,MA-APSB-LP-003-2022 (Fase de Selección (Presentación de ofertas)),ALCALDIA MUNICIPIO DE ANOLAIMA,Cundinamarca,Anolaima,Licitación pública Obra Publica,Obra,Seleccionado,818594427,778482395,6,3,Mes(es),2023-01-26T00:00:00.000
CO1.BDOS.3825091,INVITACION PUBLICA 01-2023,EMPRESA DE SERVICIOS PÚBLICOS DE PUERTO SALGAR CUNDINAMARCA,Cundinamarca,Puerto Salgar,Contratación régimen especial (con ofertas),Obra,Seleccionado,1273688994,1273688989,1,0,día(s),2023-01-23T00:00:00.000
CO1.BDOS.3825091,INVITACION PUBLICA 01-2023,EMPRESA DE SERVICIOS PÚBLICOS DE PUERTO SALGAR CUNDINAMARCA,Cundinamarca,Puerto Salgar,Contratación régimen especial (con ofertas),Obra,Seleccionado,1273688994,1273688989,1,0,día(s),2023-01-23T00:00:00.000
CO1.BDOS.3684813,FACATATIVA-LP-012-22 (Fase de Selección (Presentación de ofertas)),ALCALDIA MUNICIPAL DE FACATATIVA,Cundinamarca,Facatativá,Licitación pública Obra Publica,Obra,Seleccionado,2721000000,2524815901,14,9,Mes(es),2023-01-20T00:00:00.000
CO1.BDOS.3676269,FACATATIVA-SA-019-22 (Manifestación de interés (Menor Cuantía)) (Presentación de oferta),ALCALDIA MUNICIPAL DE FACATATIVA,Cundinamarca,Facatativá,Selección Abreviada de Menor Cuantía,Obra,Seleccionado,276575080,274143405,2,4,Mes(es),2023-01-19T00:00:00.000
CO1.BDOS.3676595,SAMC-047-2022 (Manifestación de interés (Menor Cuantía)) (Presentación de oferta),ALCALDIA MUNICIPIO DE ZIPAQUIRA,Cundinamarca,Zipaquirá,Selección Abreviada de Menor Cuantía,Obra,Seleccionado,164106844,156760173,4,2,Mes(es),2023-01-16T00:00:00.000
CO1.BDOS.3650888,SAMC-007-2022 (Manifestación de interés (Menor Cuantía)) (Presentación de oferta),MUNICIPIO DE LA CALERA CUNDINAMARCA,Cundinamarca,La Calera,Selección Abreviada de Menor Cuantía,Obra,Seleccionado,273665686,271203594,6,0,día(s),2023-01-10T00:00:00.000
CO1.BDOS.3650888,SAMC-007-2022 (Manifestación de interés (Menor Cuantía)) (Presentación de oferta),MUNICIPIO DE LA CALERA CUNDINAMARCA,Cundinamarca,La Calera,Selección Abreviada de Menor Cuantía,Obra,Seleccionado,273665686,271203594,6,0,día(s),2023-01-10T00:00:00.000
CO1.BDOS.3650888,SAMC-007-2022 (Manifestación de interés (Menor Cuantía)) (Presentación de oferta),MUNICIPIO DE LA CALERA CUNDINAMARCA,Cundinamarca,La Calera,Selección Abreviada de Menor Cuantía,Obra,Seleccionado,273665686,271203594,6,0,día(s),2023-01-10T00:00:00.000
CO1.BDOS.3660149,SA 027 MT 2022 (Manifestación de interés (Menor Cuantía)) (Presentación de oferta),MUNICIPIO DE TOCANCIPA,Cundinamarca,Tocancipá,Selección Abreviada de Menor Cuantía,Obra,Seleccionado,340270000,340243474,1,90,día(s),2023-01-05T00:00:00.000
CO1.BDOS.3592127,LP 013-2022 (Fase de Selección (Presentación de ofertas)),ALCALDIA MUNICIPAL DE CHIA,Cundinamarca,Chía,Licitación pública Obra Publica,Obra,Seleccionado,12049808974,11568942332,9,11,Mes(es),2022-12-30T00:00:00.000
CO1.BDOS.3675208,CONV_06_2022,ALCALDIA MUNICIPAL DE VILLETA,Cundinamarca,Villeta,Contratación Directa (con ofertas),Obra,Seleccionado,220504460,220504460,0,50,día(s),2022-12-28T00:00:00.000
CO1.BDOS.3614846,SAMC-045-2022 (Manifestación de interés (Menor Cuantía)) (Presentación de oferta),ALCALDIA MUNICIPIO DE ZIPAQUIRA,Cundinamarca,Zipaquirá,Selección Abreviada de Menor Cuantía,Obra,Seleccionado,130000000,129520116,0,30,día(s),2022-12-23T00:00:00.000
CO1.BDOS.3602959,SA 023 MT 2022 (Manifestación de interés (Menor Cuantía)) (Presentación de oferta),MUNICIPIO DE TOCANCIPA,Cundinamarca,Tocancipá,Selección Abreviada de Menor Cuantía,Obra,Seleccionado,446000000,445969040,1,3,Mes(es),2022-12-21T00:00:00.000
CO1.BDOS.3611077,SA 2022-0921 (Manifestación de interés (Menor Cuantía)) (Presentación de oferta),ALCALDIA MUNICIPAL FUSAGASUGA,Cundinamarca,Fusagasugá,Selección Abreviada de Menor Cuantía,Obra,Seleccionado,120000000,119652348,0,2,Mes(es),2022-12-21T00:00:00.000
CO1.BDOS.3612298,SA 024 MT 2022 (Manifestación de interés (Menor Cuantía)) (Presentación de oferta),MUNICIPIO DE TOCANCIPA,Cundinamarca,Tocancipá,Selección Abreviada de Menor Cuantía,Obra,Seleccionado,322309206,322200915,1,3,Mes(es),2022-12-21T00:00:00.000
CO1.BDOS.3612298,SA 024 MT 2022 (Manifestación de interés (Menor Cuantía)) (Presentación de oferta),MUNICIPIO DE TOCANCIPA,Cundinamarca,Tocancipá,Selección Abreviada de Menor Cuantía,Obra,Seleccionado,322309206,322200915,1,3,Mes(es),2022-12-21T00:00:00.000
CO1.BDOS.3612298,SA 024 MT 2022 (Manifestación de interés (Menor Cuantía)) (Presentación de oferta),MUNICIPIO DE TOCANCIPA,Cundinamarca,Tocancipá,Selección Abreviada de Menor Cuantía,Obra,Seleccionado,322309206,322200915,1,3,Mes(es),2022-12-21T00:00:00.000
CO1.BDOS.3616303,SAMC 020-2022 (Manifestación de interés (Menor Cuantía)) (Presentación de oferta),ALCALDIA MUNICIPIO DE RICAURTE,Cundinamarca,Ricaurte,Selección Abreviada de Menor Cuantía,Obra,Seleccionado,141113198,141103337,0,3,Mes(es),2022-12-20T00:00:00.000
CO1.BDOS.3653518,IC-018-2022,CATEDRAL DE SAL DE ZIPAQUIRÁ SASEM,Cundinamarca,Zipaquirá,Contratación régimen especial (con ofertas),Obra,Seleccionado,560000000,559025356,0,2,Mes(es),2022-12-20T00:00:00.000
CO1.BDOS.3647312,IC-016-2022,CATEDRAL DE SAL DE ZIPAQUIRÁ SASEM,Cundinamarca,Zipaquirá,Contratación régimen especial (con ofertas),Obra,Seleccionado,594126000,588140546,0,7,Mes(es),2022-12-19T00:00:00.000
CO1.BDOS.3610184,SAMC 019-2022 (Manifestación de interés (Menor Cuantía)) (Presentación de oferta),ALCALDIA MUNICIPIO DE RICAURTE,Cundinamarca,Ricaurte,Selección Abreviada de Menor Cuantía,Obra,Seleccionado,84455358,84447046,0,2,Mes(es),2022-12-16T00:00:00.000
CO1.BDOS.3450145,SAMC 017-2022 (Manifestación de interés (Menor Cuantía)) (Presentación de oferta),ALCALDIA MUNICIPIO DE RICAURTE,Cundinamarca,Ricaurte,Selección Abreviada de Menor Cuantía,Obra,Seleccionado,110114020,110111795,0,2,Mes(es),2022-12-13T00:00:00.000
CO1.BDOS.3598857,SAMC_002_2022 (Manifestación de interés (Menor Cuantía)) (Presentación de oferta),"INSTITUTO MUNICIPAL DE CULTURA, RECREACION Y DEPORTE DE ZIPAQUIRA",Cundinamarca,Zipaquirá,Selección Abreviada de Menor Cuantía,Obra,Seleccionado,69000335,68347506,0,7,día(s),2022-12-13T00:00:00.000
CO1.BDOS.3619315,SMIN-079-2022,ALCALDIA MUNICIPIO DE ZIPAQUIRA,Cundinamarca,Zipaquirá,Mínima cuantía,Obra,Seleccionado,45000000,44793837,0,15,día(s),2022-12-09T00:00:00.000
CO1.BDOS.3612553,IC-014-2022,CATEDRAL DE SAL DE ZIPAQUIRÁ SASEM,Cundinamarca,Zipaquirá,Contratación régimen especial (con ofertas),Obra,Seleccionado,700000000,698997837,1,7,Mes(es),2022-12-07T00:00:00.000
CO1.BDOS.3536918,SA-AMS-2022-0026 (Manifestación de interés (Menor Cuantía)) (Presentación de oferta),ALCALDÍA MUNICIPAL DE SOPO,Cundinamarca,Sopó,Selección Abreviada de Menor Cuantía,Obra,Seleccionado,279999485,273861673,0,4,Mes(es),2022-12-06T00:00:00.000
CO1.BDOS.3536918,SA-AMS-2022-0026 (Manifestación de interés (Menor Cuantía)) (Presentación de oferta),ALCALDÍA MUNICIPAL DE SOPO,Cundinamarca,Sopó,Selección Abreviada de Menor Cuantía,Obra,Seleccionado,279999485,273861673,0,4,Mes(es),2022-12-06T00:00:00.000
CO1.BDOS.3475882,LP 008-2022 (Fase de Selección (Presentación de ofertas)),ALCALDIA MUNICIPIO DE RICAURTE,Cundinamarca,Ricaurte,Licitación pública Obra Publica,Obra,Seleccionado,1355331355,1314671407,20,4,Mes(es),2022-12-06T00:00:00.000
CO1.BDOS.3604741,IDRF-MC-021-2022,INSTITUTO DE DEPORTES Y RECREACIÓN DEL MUNICIPIO DE FACATATIVA,Cundinamarca,Facatativá,Mínima cuantía,Obra,Seleccionado,7215000,6349200,2,15,día(s),2022-12-05T00:00:00.000
CO1.BDOS.3364525,SAMC-020-2022 (Presentación de oferta),ALCALDÍA MUNICIPAL DE MADRID CUNDINAMARCA,Cundinamarca,Madrid,Seleccion Abreviada Menor Cuantia Sin Manifestacion Interes,Obra,Seleccionado,11386861313,11342690501,0,10,Mes(es),2022-12-02T00:00:00.000
CO1.BDOS.3485644,SAMC 2022 - 187 (Manifestación de interés (Menor Cuantía)) (Presentación de oferta),IDERF,Cundinamarca,Fusagasugá,Selección Abreviada de Menor Cuantía,Obra,Seleccionado,172935042,172764603,5,45,día(s),2022-12-01T00:00:00.000
CO1.BDOS.3466554,SAMC 016-2022 (Manifestación de interés (Menor Cuantía)) (Presentación de oferta),ALCALDIA MUNICIPIO DE RICAURTE,Cundinamarca,Ricaurte,Selección Abreviada de Menor Cuantía,Obra,Seleccionado,150826715,150804203,2,2,Mes(es),2022-12-01T00:00:00.000
CO1.BDOS.3485644,SAMC 2022 - 187 (Manifestación de interés (Menor Cuantía)) (Presentación de oferta),IDERF,Cundinamarca,Fusagasugá,Selección Abreviada de Menor Cuantía,Obra,Seleccionado,172935042,170388410,5,45,día(s),2022-12-01T00:00:00.000
CO1.BDOS.3466157,SAMC 015-2022 (Manifestación de interés (Menor Cuantía)) (Presentación de oferta),ALCALDIA MUNICIPIO DE RICAURTE,Cundinamarca,Ricaurte,Selección Abreviada de Menor Cuantía,Obra,Seleccionado,212215940,212184217,2,2,Mes(es),2022-12-01T00:00:00.000
CO1.BDOS.3487042,LP-020-2022 (Fase de Selección (Presentación de ofertas)),MUNICIPIO DE FUNZA - ALCALDÍA DE FUNZA,Cundinamarca,Funza,Licitación pública Obra Publica,Obra,Seleccionado,1769490844,1698564451,33,6,Mes(es),2022-11-30T00:00:00.000
CO1.BDOS.3492055,SAMC-018-2022 (Manifestación de interés (Menor Cuantía)) (Presentación de oferta),MUNICIPIO DE FUNZA - ALCALDÍA DE FUNZA,Cundinamarca,Funza,Selección Abreviada de Menor Cuantía,Obra,Seleccionado,449908950,449908876,1,10,Mes(es),2022-11-30T00:00:00.000
CO1.BDOS.3579860,SMIN-068-2022,ALCALDIA MUNICIPIO DE ZIPAQUIRA,Cundinamarca,Zipaquirá,Mínima cuantía,Obra,Seleccionado,23159468,22703462,1,20,día(s),2022-11-29T00:00:00.000
CO1.BDOS.3510617,SA 2022-0876 (Manifestación de interés (Menor Cuantía)) (Presentación de oferta),ALCALDIA MUNICIPAL FUSAGASUGA,Cundinamarca,Fusagasugá,Selección Abreviada de Menor Cuantía,Obra,Seleccionado,94261604,94260772,4,3,Mes(es),2022-11-28T00:00:00.000
CO1.BDOS.3410649,LP-019-2022 (Fase de Selección (Presentación de ofertas)),MUNICIPIO DE FUNZA - ALCALDÍA DE FUNZA,Cundinamarca,Funza,Licitación pública Obra Publica,Obra,Seleccionado,26716464019,25401231643,1,8,Mes(es),2022-11-28T00:00:00.000
CO1.BDOS.3544135,SAMC-002-2022 (Manifestación de interés (Menor Cuantía)) (Presentación de oferta),INSTITUTO MUNICIPAL DE VIVIENDA DE INTERÉS SOCIAL CAJICA,Cundinamarca,Cajicá,Selección Abreviada de Menor Cuantía,Obra,Seleccionado,121064637,121063535,1,4,Mes(es),2022-11-25T00:00:00.000
CO1.BDOS.3505011,SA 2022-0871 (Manifestación de interés (Menor Cuantía)) (Presentación de oferta),ALCALDIA MUNICIPAL FUSAGASUGA,Cundinamarca,Fusagasugá,Selección Abreviada de Menor Cuantía,Obra,Seleccionado,415409721,412501914,0,3,Mes(es),2022-11-25T00:00:00.000
CO1.BDOS.3499485,SAMC 15 DE 2022 (Manifestación de interés (Menor Cuantía)) (Presentación de oferta),ALCALDIA MUNICIPAL DE VILLETA,Cundinamarca,Villeta,Selección Abreviada de Menor Cuantía,Obra,Seleccionado,100000000,100000000,1,25,día(s),2022-11-23T00:00:00.000
CO1.BDOS.3457187,SAMC-002-2022 (Manifestación de interés (Menor Cuantía)) (Presentación de oferta),Concejo Municipal de Soacha,Cundinamarca,Soacha,Selección Abreviada de Menor Cuantía,Obra,Seleccionado,259397440,255513072,1,2,Mes(es),2022-11-23T00:00:00.000
CO1.BDOS.3481356,SAMC-024-2022 (Manifestación de interés (Menor Cuantía)) (Presentación de oferta),ALCALDIA MUNICIPAL DE GIRARDOT,Cundinamarca,Girardot,Selección Abreviada de Menor Cuantía,Obra,Seleccionado,110039581,108752391,1,1,Mes(es),2022-11-22T00:00:00.000
CO1.BDOS.3447942,LP 007-2022. (Fase de Selección (Presentación de ofertas)),ALCALDIA MUNICIPIO DE RICAURTE,Cundinamarca,Ricaurte,Licitación pública Obra Publica,Obra,Seleccionado,5754572302,5754153814,0,7,Mes(es),2022-11-22T00:00:00.000
CO1.BDOS.3481425,SAMC-042-2022 (Manifestación de interés (Menor Cuantía)) (Presentación de oferta),ALCALDIA MUNICIPIO DE ZIPAQUIRA,Cundinamarca,Zipaquirá,Selección Abreviada de Menor Cuantía,Obra,Seleccionado,110000000,109806148,1,25,día(s),2022-11-22T00:00:00.000
CO1.BDOS.3545921,SMIN-057-2022,ALCALDIA MUNICIPIO DE ZIPAQUIRA,Cundinamarca,Zipaquirá,Mínima cuantía,Obra,Seleccionado,44784706,42827597,1,30,día(s),2022-11-21T00:00:00.000
CO1.BDOS.3536450,SMC-019-2022,MUNICIPIO DE LA CALERA CUNDINAMARCA,Cundinamarca,La Calera,Mínima cuantía,Obra,Seleccionado,20429459,19799987,1,0,día(s),2022-11-18T00:00:00.000
CO1.BDOS.3460165,SA-057-2022 (Manifestación de interés (Menor Cuantía)) (Presentación de oferta),CUNDINAMARCA-ALCALDIA MUNICIPIO MOSQUERA,Cundinamarca,Mosquera,Selección Abreviada de Menor Cuantía,Obra,Seleccionado,450000000,449189598,1,0,día(s),2022-11-18T00:00:00.000
CO1.BDOS.3452033,SA-MC-019-2022 (Manifestación de interés (Menor Cuantía)) (Presentación de oferta),MUNICIPIO DE UBATE,Cundinamarca,Villa De San Diego De Ubate,Selección Abreviada de Menor Cuantía,Obra,Seleccionado,158561331,158561272,1,33,día(s),2022-11-18T00:00:00.000
CO1.BDOS.3451177,SA-MC-018-2022 (Manifestación de interés (Menor Cuantía)) (Presentación de oferta),MUNICIPIO DE UBATE,Cundinamarca,Villa De San Diego De Ubate,Selección Abreviada de Menor Cuantía,Obra,Seleccionado,41639430,41616902,1,33,día(s),2022-11-18T00:00:00.000
CO1.BDOS.3421907,LP 2022 - 175 (Fase de Selección (Presentación de ofertas)),IDERF,Cundinamarca,Fusagasugá,Licitación pública Obra Publica,Obra,Seleccionado,1496952437,1432325232,16,4,Mes(es),2022-11-18T00:00:00.000
CO1.BDOS.3465018,SAMC-072-2022 (Manifestación de interés (Menor Cuantía)) (Presentación de oferta),MUNICIPIO DE SOACHA..,Cundinamarca,Soacha,Selección Abreviada de Menor Cuantía,Obra,Seleccionado,830000000,826207715,2,1,Mes(es),2022-11-18T00:00:00.000
CO1.BDOS.3464254,SA2022-0843 (Manifestación de interés (Menor Cuantía)) (Presentación de oferta),ALCALDIA MUNICIPAL FUSAGASUGA,Cundinamarca,Fusagasugá,Selección Abreviada de Menor Cuantía,Obra,Seleccionado,99216135,99143680,2,45,día(s),2022-11-17T00:00:00.000
CO1.BDOS.3408729,LP-018-2022 (Fase de Selección (Presentación de ofertas)),MUNICIPIO DE FUNZA - ALCALDÍA DE FUNZA,Cundinamarca,Funza,Licitación pública Obra Publica,Obra,Seleccionado,8599648502,8000879663,18,9,Mes(es),2022-11-17T00:00:00.000
CO1.BDOS.3461104,SAMC 2022 - 182 (Manifestación de interés (Menor Cuantía)) (Presentación de oferta),IDERF,Cundinamarca,Fusagasugá,Selección Abreviada de Menor Cuantía,Obra,Seleccionado,150106420,149043026,1,15,día(s),2022-11-17T00:00:00.000
CO1.BDOS.3460296,SAMC 2022 - 181 (Manifestación de interés (Menor Cuantía)) (Presentación de oferta),IDERF,Cundinamarca,Fusagasugá,Selección Abreviada de Menor Cuantía,Obra,Seleccionado,197167828,192534205,3,2,Mes(es),2022-11-17T00:00:00.000
CO1.BDOS.3465517,SAMC-IMVIUR-001-2022 (Manifestación de interés (Menor Cuantía)) (Presentación de oferta),INSTITUTO MUNICIPAL DE VIVIENDA URBANA Y RURAL IMVIUR,Cundinamarca,La Calera,Selección Abreviada de Menor Cuantía,Obra,Seleccionado,822696829,822561834,1,10,Mes(es),2022-11-17T00:00:00.000
CO1.BDOS.3286781,SAMC-006-2022 (Manifestación de interés (Menor Cuantía)) (Presentación de oferta),MUNICIPIO DE LA CALERA CUNDINAMARCA,Cundinamarca,La Calera,Selección Abreviada de Menor Cuantía,Obra,Seleccionado,240000000,236397984,1,1,Mes(es),2022-11-16T00:00:00.000
CO1.BDOS.3223022,SAMC-005-2022 (Manifestación de interés (Menor Cuantía)) (Presentación de oferta),MUNICIPIO DE LA CALERA CUNDINAMARCA,Cundinamarca,La Calera,Selección Abreviada de Menor Cuantía,Obra,Seleccionado,278359585,277969585,1,6,Mes(es),2022-11-15T00:00:00.000
CO1.BDOS.3413450,MA-SAMC-SP-09-2022 (Manifestación de interés (Menor Cuantía)) (Presentación de oferta),ALCALDIA MUNICIPIO DE ANOLAIMA,Cundinamarca,Anolaima,Selección Abreviada de Menor Cuantía,Obra,Seleccionado,56858110,56858110,1,2,Mes(es),2022-11-09T00:00:00.000
CO1.BDOS.3426607,SASI-038-2022 (Manifestación de interés (Menor Cuantía)) (Presentación de oferta),ALCALDIA MUNICIPIO DE ZIPAQUIRA,Cundinamarca,Zipaquirá,Selección Abreviada de Menor Cuantía,Obra,Seleccionado,123314425,121862000,1,20,día(s),2022-11-09T00:00:00.000
CO1.BDOS.3436864,SAMC-034-2022 (Manifestación de interés (Menor Cuantía)) (Presentación de oferta),ALCALDIA MUNICIPIO DE ZIPAQUIRA,Cundinamarca,Zipaquirá,Selección Abreviada de Menor Cuantía,Obra,Seleccionado,159990283,159983367,1,30,día(s),2022-11-08T00:00:00.000
CO1.BDOS.3384629,LP-013-2022 (Fase de Selección (Presentación de ofertas)),ALCALDÍA MUNICIPAL DE MADRID CUNDINAMARCA,Cundinamarca,Madrid,Licitación pública Obra Publica,Obra,Seleccionado,710000000,676749066,9,5,Mes(es),2022-11-03T00:00:00.000
CO1.BDOS.3436990,SA-054-2022 (Presentación de oferta),CUNDINAMARCA-ALCALDIA MUNICIPIO MOSQUERA,Cundinamarca,Mosquera,Seleccion Abreviada Menor Cuantia Sin Manifestacion Interes,Obra,Seleccionado,590001885,589900446,1,30,día(s),2022-11-02T00:00:00.000
CO1.BDOS.3408367,SA-MC-015-2022 (Manifestación de interés (Menor Cuantía)) (Presentación de oferta),MUNICIPIO DE UBATE,Cundinamarca,Villa De San Diego De Ubate,Selección Abreviada de Menor Cuantía,Obra,Seleccionado,140142219,140142219,1,40,día(s),2022-11-02T00:00:00.000
CO1.BDOS.3332374,LP-012-2022 (Fase de Selección (Presentación de ofertas)),ALCALDÍA MUNICIPAL DE MADRID CUNDINAMARCA,Cundinamarca,Madrid,Licitación pública Obra Publica,Obra,Seleccionado,1290510908,1239402676,0,5,Mes(es),2022-11-01T00:00:00.000
CO1.BDOS.3463744,050-00-K-ESUFA-GRUAL-2022,ESCUELA DE SUBOFICIALES  FAC CT ANDRES M DIAZ,Cundinamarca,No Definido,Mínima cuantía,Obra,Seleccionado,50000000,37499874,0,30,día(s),2022-11-01T00:00:00.000
CO1.BDOS.3458003,SMIN-055-2022,ALCALDIA MUNICIPIO DE ZIPAQUIRA,Cundinamarca,Zipaquirá,Mínima cuantía,Obra,Seleccionado,44999986,44926258,0,1,Mes(es),2022-10-31T00:00:00.000
CO1.BDOS.3403358,SAMC - 173 (Manifestación de interés (Menor Cuantía)) (Presentación de oferta),IDERF,Cundinamarca,Fusagasugá,Selección Abreviada de Menor Cuantía,Obra,Seleccionado,46167731,45444654,0,1,Mes(es),2022-10-31T00:00:00.000
CO1.BDOS.3446992,MC-140-CENACTELEMATICA-2022,CENTRAL ADMINISTRATIVA Y CONTABLE TELEMATICA,Cundinamarca,Facatativá,Mínima cuantía,Obra,Seleccionado,99993659,64757410,0,1,Mes(es),2022-10-28T00:00:00.000
CO1.BDOS.3383074,SAMC-003 (Manifestación de interés (Menor Cuantía)) (Presentación de oferta),INSTITUCION EDUCATIVA CIUDAD VERDE,Cundinamarca,Soacha,Selección Abreviada de Menor Cuantía,Obra,Seleccionado,78565058,76429648,0,40,día(s),2022-10-27T00:00:00.000
CO1.BDOS.3441874,MC 2022-0828,ALCALDIA MUNICIPAL FUSAGASUGA,Cundinamarca,Fusagasugá,Mínima cuantía,Obra,Seleccionado,12775308,10599474,0,2,Mes(es),2022-10-26T00:00:00.000
CO1.BDOS.3431920,IPMC-042-2022,ALCALDIA DE TABIO,Cundinamarca,Tabio,Mínima cuantía,Obra,Seleccionado,23157057,19804878,0,45,día(s),2022-10-24T00:00:00.000
CO1.BDOS.3422595,IC-009-2022,CATEDRAL DE SAL DE ZIPAQUIRÁ SASEM,Cundinamarca,Zipaquirá,Contratación régimen especial (con ofertas),Obra,Seleccionado,979197990,979197990,0,2,Mes(es),2022-10-21T00:00:00.000
CO1.BDOS.3412982,MC-CTDPE-020-2022,SENA REGIONAL CUNDINAMARCA Grupo Administrativo CTDPE,Cundinamarca,Girardot,Mínima cuantía,Obra,Seleccionado,90615663,83766409,6,0,día(s),2022-10-20T00:00:00.000
CO1.BDOS.3336404,LP-017-2022 (Fase de Selección (Presentación de ofertas)),MUNICIPIO DE FUNZA - ALCALDÍA DE FUNZA,Cundinamarca,Funza,Licitación pública Obra Publica,Obra,Seleccionado,1855942459,1778954111,28,6,Mes(es),2022-10-19T00:00:00.000
CO1.BDOS.3342162,lP-014-2022 (Fase de Selección (Presentación de ofertas)),MUNICIPIO DE FUNZA - ALCALDÍA DE FUNZA,Cundinamarca,Funza,Licitación pública Obra Publica,Obra,Seleccionado,1497689025,1402250845,5,180,día(s),2022-10-19T00:00:00.000
CO1.BDOS.3310237,SAMC 014-2022 (Manifestación de interés (Menor Cuantía)) (Presentación de oferta),ALCALDIA MUNICIPIO DE RICAURTE,Cundinamarca,Ricaurte,Selección Abreviada de Menor Cuantía,Obra,Seleccionado,156567444,156506500,0,2,Mes(es),2022-10-19T00:00:00.000
CO1.BDOS.3412796,IMC-SDE-052-2022,ALCALDIA MUNICIPIO DE ANOLAIMA,Cundinamarca,Anolaima,Mínima cuantía,Obra,Seleccionado,27400000,27274000,0,2,Mes(es),2022-10-19T00:00:00.000
CO1.BDOS.3319209,MA-SAMC-SP-07-2022 (Manifestación de interés (Menor Cuantía)) (Presentación de oferta),ALCALDIA MUNICIPIO DE ANOLAIMA,Cundinamarca,Anolaima,Selección Abreviada de Menor Cuantía,Obra,Seleccionado,85307393,85275001,1,3,Mes(es),2022-10-18T00:00:00.000
CO1.BDOS.3331365,SA 2022-0757 (Manifestación de interés (Menor Cuantía)) (Presentación de oferta),ALCALDIA MUNICIPAL FUSAGASUGA,Cundinamarca,Fusagasugá,Selección Abreviada de Menor Cuantía,Obra,Seleccionado,354517342,352567544,1,75,día(s),2022-10-14T00:00:00.000
CO1.BDOS.3326869,SAMC-015-2021 (Manifestación de interés (Menor Cuantía)) (Presentación de oferta),MUNICIPIO DE FUNZA - ALCALDÍA DE FUNZA,Cundinamarca,Funza,Selección Abreviada de Menor Cuantía,Obra,Seleccionado,252000000,252000000,0,3,Mes(es),2022-10-12T00:00:00.000
CO1.BDOS.3365222,MC-113 CENAC TOLEMAIDA 2022,CENAC TOLEMAIDA,Cundinamarca,Nilo,Mínima cuantía,Obra,Seleccionado,100000000,95609260,0,0,día(s),2022-10-06T00:00:00.000
CO1.BDOS.3358168,INVITACION PRIVADA No. 017 de 2022,EMPRESA DE SERVICIOS PUBLICOS DE CHIA E.S.P.,Cundinamarca,Chía,Contratación régimen especial (con ofertas),Obra,Seleccionado,619207907,619207907,0,60,día(s),2022-10-05T00:00:00.000
CO1.BDOS.3294980,SAMC 029-2022 (Manifestación de interés (Menor Cuantía)) (Presentación de oferta),MUNICIPIO DE SOACHA..,Cundinamarca,Soacha,Selección Abreviada de Menor Cuantía,Obra,Seleccionado,699348131,699348131,0,45,día(s),2022-10-03T00:00:00.000
CO1.BDOS.3210755,LP-007-2022 (Fase de Selección (Presentación de ofertas)),ALCALDIA MUNICIPIO DE CAJICA,Cundinamarca,Cajicá,Licitación pública Obra Publica,Obra,Seleccionado,2351435235,2223528268,48,6,Mes(es),2022-10-03T00:00:00.000
CO1.BDOS.3288765,SAMC-031-2022 (Manifestación de interés (Menor Cuantía)) (Presentación de oferta),MUNICIPIO DE SOACHA..,Cundinamarca,Soacha,Selección Abreviada de Menor Cuantía,Obra,Seleccionado,258086043,257254332,0,2,Mes(es),2022-09-30T00:00:00.000
CO1.BDOS.3339172,INVITACION PUBLICA No. 001 DE 2022,EMPRESA DE SERVICIOS PUBLICOS DE CHIA E.S.P.,Cundinamarca,Chía,Contratación régimen especial (con ofertas),Obra,Seleccionado,1231884217,1207241063,0,61,día(s),2022-09-30T00:00:00.000
CO1.BDOS.3323849,MC-030-2022,ALCALDIA MUNICIPAL DE GIRARDOT,Cundinamarca,Girardot,Mínima cuantía,Obra,Seleccionado,45000000,40489373,0,2,Mes(es),2022-09-29T00:00:00.000
CO1.BDOS.3281356,IMRD SAMC 003 2022 (Presentación de oferta),INSTITUTO MUNICIPAL DE RECREACIÓN Y DEPORTES DE CHIA,Cundinamarca,Chía,Seleccion Abreviada Menor Cuantia Sin Manifestacion Interes,Obra,Seleccionado,100000000,98316819,0,30,día(s),2022-09-27T00:00:00.000
CO1.BDOS.3321831,SMC 2022-167,IDERF,Cundinamarca,Fusagasugá,Mínima cuantía,Obra,Seleccionado,27895907,26126100,0,2,Mes(es),2022-09-26T00:00:00.000
CO1.BDOS.3242787,SAMC-031-2022 (Manifestación de interés (Menor Cuantía)) (Presentación de oferta),ALCALDIA MUNICIPIO DE CAJICA,Cundinamarca,Cajicá,Selección Abreviada de Menor Cuantía,Obra,Seleccionado,350815096,349727568,0,2,Mes(es),2022-09-23T00:00:00.000
CO1.BDOS.3223423,LP-020-2022 (Fase de Selección (Presentación de ofertas)),ALCALDÍA MUNICIPAL DE MADRID CUNDINAMARCA,Cundinamarca,Madrid,Licitación pública Obra Publica,Obra,Seleccionado,1023120000,1023120000,0,5,Mes(es),2022-09-23T00:00:00.000
CO1.BDOS.3073380,SIOP-SAMC-0001-2022 (Manifestación de interés (Menor Cuantía)) (Presentación de oferta),ALCALDÍA MUNICIPAL COTA,Cundinamarca,Cota,Selección Abreviada de Menor Cuantía,Obra,Seleccionado,399987941,391203307,0,0,día(s),2022-09-22T00:00:00.000
CO1.BDOS.3306201,MC-108 CENAC TOLEMAIDA 2022,CENAC TOLEMAIDA,Cundinamarca,Nilo,Mínima cuantía,Obra,Seleccionado,50000000,49982491,0,60,día(s),2022-09-22T00:00:00.000
CO1.BDOS.3218558,SAMC-030-2022 (Manifestación de interés (Menor Cuantía)) (Presentación de oferta),ALCALDIA MUNICIPIO DE CAJICA,Cundinamarca,Cajicá,Selección Abreviada de Menor Cuantía,Obra,Seleccionado,321771393,321614130,0,75,día(s),2022-09-20T00:00:00.000
CO1.BDOS.3194094,LP-010-2022 (Fase de Selección (Presentación de ofertas)),ALCALDÍA MUNICIPAL DE MADRID CUNDINAMARCA,Cundinamarca,Madrid,Licitación pública Obra Publica,Obra,Seleccionado,4744525535,4511001127,1,6,Mes(es),2022-09-20T00:00:00.000
CO1.BDOS.3239881,LP-008-2022 (Fase de Selección (Presentación de ofertas)),ALCALDIA MUNICIPAL DE GIRARDOT,Cundinamarca,Girardot,Licitación pública Obra Publica,Obra,Seleccionado,607476636,604487392,0,3,Mes(es),2022-09-19T00:00:00.000
CO1.BDOS.3238229,SAMC 016-2022 (Manifestación de interés (Menor Cuantía)) (Presentación de oferta),ALCALDIA MUNICIPAL DE CHIA,Cundinamarca,Chía,Selección Abreviada de Menor Cuantía,Obra,Seleccionado,449995570,449995498,0,60,día(s),2022-09-16T00:00:00.000
CO1.BDOS.3203819,SAMC 2022 - 157 (Manifestación de interés (Menor Cuantía)) (Presentación de oferta),IDERF,Cundinamarca,Fusagasugá,Selección Abreviada de Menor Cuantía,Obra,Seleccionado,74324545,74324545,0,105,día(s),2022-09-12T00:00:00.000
CO1.BDOS.3167338,MA-SAMC-SP-06-2022 (Manifestación de interés (Menor Cuantía)) (Presentación de oferta),ALCALDIA MUNICIPIO DE ANOLAIMA,Cundinamarca,Anolaima,Selección Abreviada de Menor Cuantía,Obra,Seleccionado,147840000,144480037,0,3,Mes(es),2022-09-08T00:00:00.000
CO1.BDOS.3249749,MC-CMC-CDA-039-2022,SENA REGIONAL CUNDINAMARCA Grupo Administrativo CDA,Cundinamarca,Chía,Mínima cuantía,Obra,Seleccionado,11985526,11733565,2,2,Mes(es),2022-09-08T00:00:00.000
CO1.BDOS.3157984,LP-006-2022 (Fase de Selección (Presentación de ofertas)),ALCALDIA MUNICIPIO DE CAJICA,Cundinamarca,Cajicá,Licitación pública Obra Publica,Obra,Seleccionado,5710179687,5470186487,0,11,Mes(es),2022-09-07T00:00:00.000
CO1.BDOS.3180689,SAMC-027-2022 (Manifestación de interés (Menor Cuantía)) (Presentación de oferta),ALCALDIA MUNICIPIO DE ZIPAQUIRA,Cundinamarca,Zipaquirá,Selección Abreviada de Menor Cuantía,Obra,Seleccionado,406779462,406693788,1,3,Mes(es),2022-09-06T00:00:00.000
CO1.BDOS.3130992,LP-001-2022 (Fase de Selección (Presentación de ofertas)),INSTITUCION EDUCATIVA BUENOS AIRES,Cundinamarca,Soacha,Licitación pública Obra Publica,Obra,Seleccionado,472291971,422214852,37,90,día(s),2022-09-05T00:00:00.000
CO1.BDOS.3171916,SAMC-093 CENAC TOLEMAIDA 2022 (Manifestación de interés (Menor Cuantía)) (Presentación de oferta),CENAC TOLEMAIDA,Cundinamarca,Nilo,Selección Abreviada de Menor Cuantía,Obra,Seleccionado,470000000,468586049,12,0,día(s),2022-09-02T00:00:00.000
CO1.BDOS.3046814,LP 2022-0631 (Fase de Selección (Presentación de ofertas)),ALCALDIA MUNICIPAL FUSAGASUGA,Cundinamarca,Fusagasugá,Licitación pública Obra Publica,Obra,Seleccionado,1506751037,1439671595,89,4,Mes(es),2022-08-26T00:00:00.000
CO1.BDOS.3043732,PN ESSUM SA MC 022 2022 (Manifestación de interés (Menor Cuantía)) (Presentación de oferta),ESCUELA DE POLICIA DE PROVINCIA DE SUMAPAZ INTENDENTE MARITZA BONILLA RUIZ,Cundinamarca,Fusagasugá,Selección Abreviada de Menor Cuantía,Obra,Seleccionado,311027000,311027000,6,120,día(s),2022-08-23T00:00:00.000
CO1.BDOS.3106639,SAMC-024-2022 (Manifestación de interés (Menor Cuantía)) (Presentación de oferta),ALCALDIA MUNICIPIO DE CAJICA,Cundinamarca,Cajicá,Selección Abreviada de Menor Cuantía,Obra,Seleccionado,300000000,299966592,3,3,Mes(es),2022-08-22T00:00:00.000
CO1.BDOS.3172138,MC-094 - CENAC TOLEMAIDA 2022,CENAC TOLEMAIDA,Cundinamarca,Nilo,Mínima cuantía,Obra,Seleccionado,47500000,47499184,10,75,día(s),2022-08-22T00:00:00.000
CO1.BDOS.3122705,SAMC-11-2022 (Presentación de oferta),MUNICIPIO DE FUNZA - ALCALDÍA DE FUNZA,Cundinamarca,Funza,Seleccion Abreviada Menor Cuantia Sin Manifestacion Interes,Obra,Seleccionado,6146521067,6140098547,2,10,Mes(es),2022-08-19T00:00:00.000
CO1.BDOS.3025162,SIOP-LPO-0002-2022 (Fase de Selección (Presentación de ofertas)),ALCALDÍA MUNICIPAL COTA,Cundinamarca,Cota,Licitación pública Obra Publica,Obra,Seleccionado,7511832069,7168352263,33,0,día(s),2022-08-19T00:00:00.000
CO1.BDOS.3021782,LIC 016 MT 2022 (Presentación de oferta),MUNICIPIO DE TOCANCIPA,Cundinamarca,Tocancipá,Licitación pública,Obra,Seleccionado,2688816856,2686128039,3,0,día(s),2022-08-19T00:00:00.000
CO1.BDOS.3094745,SA-MC-026-2022 (Manifestación de interés (Menor Cuantía)) (Presentación de oferta),ALCALDIA MUNICIPIO DE ZIPAQUIRA,Cundinamarca,Zipaquirá,Selección Abreviada de Menor Cuantía,Obra,Seleccionado,300000000,288711886,6,3,Mes(es),2022-08-18T00:00:00.000
CO1.BDOS.3154668,MC-CMC-CDA-037-2022,SENA REGIONAL CUNDINAMARCA Grupo Administrativo CDA,Cundinamarca,Chía,Mínima cuantía,Obra,Seleccionado,41905052,33261648,5,1,Mes(es),2022-08-17T00:00:00.000
CO1.BDOS.3087561,SAMC-025-2022 (Manifestación de interés (Menor Cuantía)) (Presentación de oferta),ALCALDIA MUNICIPIO DE CAJICA,Cundinamarca,Cajicá,Selección Abreviada de Menor Cuantía,Obra,Seleccionado,130000000,129985327,1,2,Mes(es),2022-08-17T00:00:00.000
CO1.BDOS.2977475,SA No. 2022-0162 (Manifestación de interés (Menor Cuantía)) (Presentación de oferta),ALCALDIA MUNICIPAL FUSAGASUGA,Cundinamarca,Fusagasugá,Selección Abreviada de Menor Cuantía,Obra,Seleccionado,214628789,193122951,6,6,Mes(es),2022-08-12T00:00:00.000
CO1.BDOS.3057195,LP 2022-0644 (Fase de Selección (Presentación de ofertas)),ALCALDIA MUNICIPAL FUSAGASUGA,Cundinamarca,Fusagasugá,Licitación pública Obra Publica,Obra,Seleccionado,13168878519,13169446661,2,4,Mes(es),2022-08-12T00:00:00.000
CO1.BDOS.3070735,SAMC 013-2022 (Manifestación de interés (Menor Cuantía)) (Presentación de oferta),ALCALDIA MUNICIPIO DE RICAURTE,Cundinamarca,Ricaurte,Selección Abreviada de Menor Cuantía,Obra,Seleccionado,89820699,88029892,5,3,Mes(es),2022-08-11T00:00:00.000
CO1.BDOS.3027806,LP-007-2022 (Fase de Selección (Presentación de ofertas)),ALCALDIA MUNICIPIO DE ZIPAQUIRA,Cundinamarca,Zipaquirá,Licitación pública Obra Publica,Obra,Seleccionado,5369658480,5098580930,49,10,Mes(es),2022-08-10T00:00:00.000
CO1.BDOS.3068732,SAMC 012-2022 (Manifestación de interés (Menor Cuantía)) (Presentación de oferta),ALCALDIA MUNICIPIO DE RICAURTE,Cundinamarca,Ricaurte,Selección Abreviada de Menor Cuantía,Obra,Seleccionado,279762471,279762471,1,2,Mes(es),2022-08-10T00:00:00.000
CO1.BDOS.2884931,lP-005-2022 (Fase de Selección (Presentación de ofertas)),MUNICIPIO DE FUNZA - ALCALDÍA DE FUNZA,Cundinamarca,Funza,Licitación pública Obra Publica,Obra,Seleccionado,10758579951,10673962681,1,12,Mes(es),2022-08-10T00:00:00.000
CO1.BDOS.3052557,SA 2022-0641 (Manifestación de interés (Menor Cuantía)) (Presentación de oferta),ALCALDIA MUNICIPAL FUSAGASUGA,Cundinamarca,Fusagasugá,Selección Abreviada de Menor Cuantía,Obra,Seleccionado,51969426,51709508,1,3,Mes(es),2022-08-08T00:00:00.000
CO1.BDOS.3040096,SIOP-LPO-0003-2022 (Fase de Selección (Presentación de ofertas)),ALCALDÍA MUNICIPAL COTA,Cundinamarca,Cota,Licitación pública Obra Publica,Obra,Seleccionado,910000000,900900917,1,0,día(s),2022-08-04T00:00:00.000
CO1.BDOS.3034479,SA 2022-0630 (Manifestación de interés (Menor Cuantía)) (Presentación de oferta),ALCALDIA MUNICIPAL FUSAGASUGA,Cundinamarca,Fusagasugá,Selección Abreviada de Menor Cuantía,Obra,Seleccionado,323748052,322812376,4,4,Mes(es),2022-08-03T00:00:00.000
CO1.BDOS.2996047,FACATATIVA-LP-005-22 (Fase de Selección (Presentación de ofertas)),ALCALDIA MUNICIPAL DE FACATATIVA,Cundinamarca,Facatativá,Licitación pública Obra Publica,Obra,Seleccionado,873034091,776301914,38,3,Mes(es),2022-08-01T00:00:00.000
CO1.BDOS.3089932,MC 2022-0653,ALCALDIA MUNICIPAL FUSAGASUGA,Cundinamarca,Fusagasugá,Mínima cuantía,Obra,Seleccionado,11082681,10392070,5,2,Mes(es),2022-08-01T00:00:00.000
CO1.BDOS.3023571,LP-004-2022 (Fase de Selección (Presentación de ofertas)),ALCALDIA MUNICIPIO DE CAJICA,Cundinamarca,Cajicá,Licitación pública Obra Publica,Obra,Seleccionado,804687903,804686095,1,0,día(s),2022-07-28T00:00:00.000
CO1.BDOS.2993802,FACATATIVA-LP-003-22 (Fase de Selección (Presentación de ofertas)),ALCALDIA MUNICIPAL DE FACATATIVA,Cundinamarca,Facatativá,Licitación pública Obra Publica,Obra,Seleccionado,1403739294,1341613352,4,3,Mes(es),2022-07-27T00:00:00.000
CO1.BDOS.3010320,PN ESJIM SA MC 001 2022 (Manifestación de interés (Menor Cuantía)) (Presentación de oferta),ESCUELA DE SUBOFICIALES Y NIVEL EJECUTIVO  GONZALO JIMENEZ DE QUESADA,Cundinamarca,Sibaté,Selección Abreviada de Menor Cuantía,Obra,Seleccionado,430000000,430000000,7,100,día(s),2022-07-24T00:00:00.000
CO1.BDOS.2987285,SAMC 023-2022 (Manifestación de interés (Menor Cuantía)) (Presentación de oferta),MUNICIPIO DE SOACHA..,Cundinamarca,Soacha,Selección Abreviada de Menor Cuantía,Obra,Seleccionado,849995912,802597984,19,5,Mes(es),2022-07-22T00:00:00.000
CO1.BDOS.3016563,SA 2022-0624 (Manifestación de interés (Menor Cuantía)) (Presentación de oferta),ALCALDIA MUNICIPAL FUSAGASUGA,Cundinamarca,Fusagasugá,Selección Abreviada de Menor Cuantía,Obra,Seleccionado,87836319,85595385,2,3,Mes(es),2022-07-22T00:00:00.000
CO1.BDOS.2880804,LP-002-2022 (Fase de Selección (Presentación de ofertas)),MUNICIPIO DE FUNZA - ALCALDÍA DE FUNZA,Cundinamarca,Funza,Licitación pública Obra Publica,Obra,Seleccionado,41087304846,41070430107,1,18,Mes(es),2022-07-21T00:00:00.000
CO1.BDOS.3009819,LP 004-2022 (Fase de Selección (Presentación de ofertas)),ALCALDIA MUNICIPIO DE RICAURTE,Cundinamarca,Ricaurte,Licitación pública Obra Publica,Obra,Seleccionado,634408926,605226077,60,3,Mes(es),2022-07-21T00:00:00.000
CO1.BDOS.3001042,SAMC-015-2022 (Manifestación de interés (Menor Cuantía)) (Presentación de oferta),ALCALDIA MUNICIPAL DE GIRARDOT,Cundinamarca,Girardot,Selección Abreviada de Menor Cuantía,Obra,Seleccionado,150000000,149999945,1,4,Mes(es),2022-07-19T00:00:00.000
CO1.BDOS.3048168,MC-46 de 2022,ALCALDIA MUNICIPAL DE VILLETA,Cundinamarca,Villeta,Mínima cuantía,Obra,Seleccionado,20816732,18736550,7,5,Mes(es),2022-07-19T00:00:00.000
CO1.BDOS.3045808,IMC-SP-035-2022,ALCALDIA MUNICIPIO DE ANOLAIMA,Cundinamarca,Anolaima,Mínima cuantía,Obra,Seleccionado,27941027,22242518,2,4,Mes(es),2022-07-18T00:00:00.000
CO1.BDOS.2996653,FACATATIVA-SA-011-22 (Manifestación de interés (Menor Cuantía)) (Presentación de oferta),ALCALDIA MUNICIPAL DE FACATATIVA,Cundinamarca,Facatativá,Selección Abreviada de Menor Cuantía,Obra,Seleccionado,144029626,143124943,1,3,Mes(es),2022-07-18T00:00:00.000
CO1.BDOS.3044800,IMC-SP-034-2022,ALCALDIA MUNICIPIO DE ANOLAIMA,Cundinamarca,Anolaima,Mínima cuantía,Obra,Seleccionado,10639160,8754498,4,30,día(s),2022-07-18T00:00:00.000
CO1.BDOS.2473223,LP 020-2021 (Fase de Selección (Presentación de ofertas)),ALCALDIA MUNICIPIO DE ZIPAQUIRA,Cundinamarca,Zipaquirá,Licitación pública Obra Publica,Obra,Seleccionado,24140809610,24122315188,1,10,Mes(es),2022-07-14T00:00:00.000
CO1.BDOS.2471905,FACATATIVA-LP-009-21 (Fase de Selección (Presentación de ofertas)),ALCALDIA MUNICIPAL DE FACATATIVA,Cundinamarca,Facatativá,Licitación pública Obra Publica,Obra,Seleccionado,1700578079,1697176922,1,6,Mes(es),2022-07-14T00:00:00.000
CO1.BDOS.2985573,LP-009-2022 (Fase de Selección (Presentación de ofertas)),MUNICIPIO DE FUNZA - ALCALDÍA DE FUNZA,Cundinamarca,Funza,Licitación pública Obra Publica,Obra,Seleccionado,3424978350,3336272645,2,15,Mes(es),2022-07-13T00:00:00.000
CO1.BDOS.2886114,LIC 011 MT 2022 (Fase de Selección (Presentación de ofertas)),MUNICIPIO DE TOCANCIPA,Cundinamarca,Tocancipá,Licitación pública Obra Publica,Obra,Seleccionado,11999999998,11999999997,1,12,Mes(es),2022-07-13T00:00:00.000
CO1.BDOS.3028502,MC-079 CENAC TOLEMAIDA-2022,CENAC TOLEMAIDA,Cundinamarca,Nilo,Mínima cuantía,Obra,Seleccionado,95000000,94989055,9,0,día(s),2022-07-13T00:00:00.000
CO1.BDOS.2966656,LP-007-2022 (Fase de Selección (Presentación de ofertas)),ALCALDIA MUNICIPAL DE GIRARDOT,Cundinamarca,Girardot,Licitación pública Obra Publica,Obra,Seleccionado,757960621,756004119,1,4,Mes(es),2022-07-12T00:00:00.000
CO1.BDOS.2987420,SA-034-2022 (Manifestación de interés (Menor Cuantía)) (Presentación de oferta),CUNDINAMARCA-ALCALDIA MUNICIPIO MOSQUERA,Cundinamarca,Mosquera,Selección Abreviada de Menor Cuantía,Obra,Seleccionado,5072520000,5068008013,1,13,Mes(es),2022-07-12T00:00:00.000
CO1.BDOS.3012964,MC No. 159-DGSM-EJC-DMTOL-2022,DISPENSARIO MEDICO TOLEMAIDA.,Cundinamarca,Nilo,Mínima cuantía,Obra,Seleccionado,11000000,11000000,10,5,Mes(es),2022-07-08T00:00:00.000
CO1.BDOS.2973448,FACATATIVA-LP-004-22 (Fase de Selección (Presentación de ofertas)),ALCALDIA MUNICIPAL DE FACATATIVA,Cundinamarca,Facatativá,Licitación pública Obra Publica,Obra,Seleccionado,812873762,748030032,35,5,Mes(es),2022-07-07T00:00:00.000
CO1.BDOS.2966822,LP 008-2022 (Fase de Selección (Presentación de ofertas)),ALCALDIA MUNICIPAL DE CHIA,Cundinamarca,Chía,Licitación pública Obra Publica,Obra,Seleccionado,587708880,560381442,31,4,Mes(es),2022-06-30T00:00:00.000
CO1.BDOS.2956456,LP 007-2022 (Fase de Selección (Presentación de ofertas)),ALCALDIA MUNICIPAL DE CHIA,Cundinamarca,Chía,Licitación pública Obra Publica,Obra,Seleccionado,864095876,827605218,43,150,día(s),2022-06-22T00:00:00.000
CO1.BDOS.2964606,SAMC 010 DE 2022 (Manifestación de interés (Menor Cuantía)) (Presentación de oferta),ALCALDIA MUNICIPAL DE VILLETA,Cundinamarca,Villeta,Selección Abreviada de Menor Cuantía,Obra,Seleccionado,100000000,95799980,9,2,Mes(es),2022-06-21T00:00:00.000
CO1.BDOS.2950918,SAMC 2022-078 (Manifestación de interés (Menor Cuantía)) (Presentación de oferta),IDERF,Cundinamarca,Fusagasugá,Selección Abreviada de Menor Cuantía,Obra,Seleccionado,136445599,133610753,1,45,día(s),2022-06-17T00:00:00.000
CO1.BDOS.2868528,LP 2022-0499 (Fase de Selección (Presentación de ofertas)),ALCALDIA MUNICIPAL FUSAGASUGA,Cundinamarca,Fusagasugá,Licitación pública Obra Publica,Obra,Seleccionado,1720229952,1685055996,6,5,Mes(es),2022-06-15T00:00:00.000
CO1.BDOS.2942502,LP 005-2022 (Fase de Selección (Presentación de ofertas)),ALCALDIA MUNICIPAL DE CHIA,Cundinamarca,Chía,Licitación pública Obra Publica,Obra,Seleccionado,758193072,733927252,37,4,Mes(es),2022-06-13T00:00:00.000
CO1.BDOS.2950927,SAMC 09 DE 2022 (Manifestación de interés (Menor Cuantía)) (Presentación de oferta),ALCALDIA MUNICIPAL DE VILLETA,Cundinamarca,Villeta,Selección Abreviada de Menor Cuantía,Obra,Seleccionado,100000000,94516794,10,2,Mes(es),2022-06-13T00:00:00.000
CO1.BDOS.2950004,SAMC 005-2022 (Manifestación de interés (Menor Cuantía)) (Presentación de oferta),ALCALDIA MUNICIPAL DE CHIA,Cundinamarca,Chía,Selección Abreviada de Menor Cuantía,Obra,Seleccionado,150000000,144210000,2,2,Mes(es),2022-06-13T00:00:00.000
CO1.BDOS.2930837,LP OBRA PUBLICA-004-2022 (Fase de Selección (Presentación de ofertas)),MUNICIPIO DE LA CALERA CUNDINAMARCA,Cundinamarca,La Calera,Licitación pública Obra Publica,Obra,Seleccionado,399991302,372602079,40,3,Mes(es),2022-06-10T00:00:00.000
CO1.BDOS.2883781,LP-003-2022 (Fase de Selección (Presentación de ofertas)),MUNICIPIO DE FUNZA - ALCALDÍA DE FUNZA,Cundinamarca,Funza,Licitación pública Obra Publica,Obra,Seleccionado,12098219638,12027067806,1,14,Mes(es),2022-06-09T00:00:00.000
CO1.BDOS.2926308,MA-SAMC-OPIT-SP-03-2022 (Manifestación de interés (Menor Cuantía)) (Presentación de oferta),ALCALDIA MUNICIPIO DE ANOLAIMA,Cundinamarca,Anolaima,Selección Abreviada de Menor Cuantía,Obra,Seleccionado,100000000,95673259,6,3,Mes(es),2022-06-08T00:00:00.000
CO1.BDOS.2924766,SA-MC-007-2022 (Manifestación de interés (Menor Cuantía)) (Presentación de oferta),MUNICIPIO DE UBATE,Cundinamarca,Villa De San Diego De Ubate,Selección Abreviada de Menor Cuantía,Obra,Seleccionado,217582690,217473370,1,3,Mes(es),2022-06-07T00:00:00.000
CO1.BDOS.2924648,SA-MC-006-2022 (Manifestación de interés (Menor Cuantía)) (Presentación de oferta),MUNICIPIO DE UBATE,Cundinamarca,Villa De San Diego De Ubate,Selección Abreviada de Menor Cuantía,Obra,Seleccionado,217582690,217473370,1,3,Mes(es),2022-06-07T00:00:00.000
CO1.BDOS.2965257,IP-012-2022,ALCALDÍA MUNICIPAL DE MADRID CUNDINAMARCA,Cundinamarca,Madrid,Mínima cuantía,Obra,Seleccionado,20296923,15124345,2,20,día(s),2022-06-07T00:00:00.000
CO1.BDOS.2924344,SA-MC-005-2022 (Manifestación de interés (Menor Cuantía)) (Presentación de oferta),MUNICIPIO DE UBATE,Cundinamarca,Villa De San Diego De Ubate,Selección Abreviada de Menor Cuantía,Obra,Seleccionado,215582240,215473661,1,3,Mes(es),2022-06-07T00:00:00.000
CO1.BDOS.2924483,SA-MC-009-2022 (Manifestación de interés (Menor Cuantía)) (Presentación de oferta),MUNICIPIO DE UBATE,Cundinamarca,Villa De San Diego De Ubate,Selección Abreviada de Menor Cuantía,Obra,Seleccionado,217582690,217473370,1,3,Mes(es),2022-06-07T00:00:00.000
CO1.BDOS.2938704,SAMC-006-2022 (Manifestación de interés (Menor Cuantía)) (Presentación de oferta),MUNICIPIO DE FUNZA - ALCALDÍA DE FUNZA,Cundinamarca,Funza,Selección Abreviada de Menor Cuantía,Obra,Seleccionado,250000000,250000000,1,180,día(s),2022-06-07T00:00:00.000
CO1.BDOS.2924684,SA-MC-008-2022 (Manifestación de interés (Menor Cuantía)) (Presentación de oferta),MUNICIPIO DE UBATE,Cundinamarca,Villa De San Diego De Ubate,Selección Abreviada de Menor Cuantía,Obra,Seleccionado,217582690,217473370,1,3,Mes(es),2022-06-07T00:00:00.000
CO1.BDOS.2900123,SA-AMS-2022-0006 (Manifestación de interés (Menor Cuantía)) (Presentación de oferta),ALCALDÍA MUNICIPAL DE SOPO,Cundinamarca,Sopó,Selección Abreviada de Menor Cuantía,Obra,Seleccionado,278945121,278777050,1,120,día(s),2022-06-06T00:00:00.000
CO1.BDOS.2942828,SAMC 08 DE 2022 (Manifestación de interés (Menor Cuantía)) (Presentación de oferta),ALCALDIA MUNICIPAL DE VILLETA,Cundinamarca,Villeta,Selección Abreviada de Menor Cuantía,Obra,Seleccionado,100000000,95372990,9,2,Mes(es),2022-06-06T00:00:00.000
CO1.BDOS.2932132,SA 2022-0590 (Manifestación de interés (Menor Cuantía)) (Presentación de oferta),ALCALDIA MUNICIPAL FUSAGASUGA,Cundinamarca,Fusagasugá,Selección Abreviada de Menor Cuantía,Obra,Seleccionado,415409721,415409721,2,3,Mes(es),2022-06-03T00:00:00.000
CO1.BDOS.2933062,SAMC-093-CENACINTELIGENCIA-2022  (Manifestación de interés (Menor Cuantía)) (Presentación de oferta),CENTRAL ADMINISTRATIVA Y CONTABLE ESPECIALIZADA INTELIGENCIA,Cundinamarca,No Definido,Selección Abreviada de Menor Cuantía,Obra,Seleccionado,145650812,145650812,4,5,Mes(es),2022-06-01T00:00:00.000
CO1.BDOS.2930250,LP-005-2022 (Fase de Selección (Presentación de ofertas)),ALCALDIA MUNICIPIO DE ZIPAQUIRA,Cundinamarca,Zipaquirá,Licitación pública Obra Publica,Obra,Seleccionado,2000000000,1911200639,56,4,Mes(es),2022-06-01T00:00:00.000
CO1.BDOS.2934462,LP 004-2022 (Fase de Selección (Presentación de ofertas)),ALCALDIA MUNICIPAL DE CHIA,Cundinamarca,Chía,Licitación pública Obra Publica,Obra,Seleccionado,1141957118,1082340439,10,4,Mes(es),2022-06-01T00:00:00.000
CO1.BDOS.2924374,SAMC-010-2022 (Manifestación de interés (Menor Cuantía)) (Presentación de oferta),ALCALDIA MUNICIPIO DE CAJICA,Cundinamarca,Cajicá,Selección Abreviada de Menor Cuantía,Obra,Seleccionado,200000000,200000000,3,3,Mes(es),2022-06-01T00:00:00.000
CO1.BDOS.2883863,LP-009-2022 (Fase de Selección (Presentación de ofertas)),CUNDINAMARCA-ALCALDIA MUNICIPIO MOSQUERA,Cundinamarca,Mosquera,Licitación pública Obra Publica,Obra,Seleccionado,16528000000,16523436819,1,420,día(s),2022-06-01T00:00:00.000
CO1.BDOS.2898514,LP-007-2022 (Fase de Selección (Presentación de ofertas)),MUNICIPIO DE UBATE,Cundinamarca,Villa De San Diego De Ubate,Licitación pública Obra Publica,Obra,Seleccionado,949094896,949094896,38,6,Mes(es),2022-05-31T00:00:00.000
CO1.BDOS.2846649,LP-002-2022 (Fase de Selección (Presentación de ofertas)),MUNICIPIO DE UBATE,Cundinamarca,Villa De San Diego De Ubate,Licitación pública Obra Publica,Obra,Seleccionado,1637853146,1624060556,2,6,Mes(es),2022-05-31T00:00:00.000
CO1.BDOS.2891316,LP-002-2022 (Fase de Selección (Presentación de ofertas)),ALCALDIA MUNICIPIO DE CAJICA,Cundinamarca,Cajicá,Licitación pública Obra Publica,Obra,Seleccionado,5049340644,4799748580,14,7,Mes(es),2022-05-31T00:00:00.000
CO1.BDOS.2893403,LP-003-2022 (Fase de Selección (Presentación de ofertas)),ALCALDIA MUNICIPIO DE CAJICA,Cundinamarca,Cajicá,Licitación pública Obra Publica,Obra,Seleccionado,1057746911,1014377253,29,7,Mes(es),2022-05-31T00:00:00.000
CO1.BDOS.2928954,LP-004-2022 (Fase de Selección (Presentación de ofertas)),ALCALDIA MUNICIPIO DE ZIPAQUIRA,Cundinamarca,Zipaquirá,Licitación pública Obra Publica,Obra,Seleccionado,668717686,639865170,18,5,Mes(es),2022-05-26T00:00:00.000
CO1.BDOS.2925603,SAMC 07 DE 2022 (Manifestación de interés (Menor Cuantía)) (Presentación de oferta),ALCALDIA MUNICIPAL DE VILLETA,Cundinamarca,Villeta,Selección Abreviada de Menor Cuantía,Obra,Seleccionado,100000000,95297556,10,60,día(s),2022-05-23T00:00:00.000
CO1.BDOS.2941948,MC-040-CENACTELEMATICA-2022,CENTRAL ADMINISTRATIVA Y CONTABLE TELEMATICA,Cundinamarca,Facatativá,Mínima cuantía,Obra,Seleccionado,55437180,55437180,17,7,Mes(es),2022-05-20T00:00:00.000
CO1.BDOS.2920901,SA 2022-0587 (Manifestación de interés (Menor Cuantía)) (Presentación de oferta),ALCALDIA MUNICIPAL FUSAGASUGA,Cundinamarca,Fusagasugá,Selección Abreviada de Menor Cuantía,Obra,Seleccionado,100000000,95100101,19,2,Mes(es),2022-05-18T00:00:00.000
CO1.BDOS.2919974,SAMC 010-2022 (Manifestación de interés (Menor Cuantía)) (Presentación de oferta),ALCALDIA MUNICIPIO DE RICAURTE,Cundinamarca,Ricaurte,Selección Abreviada de Menor Cuantía,Obra,Seleccionado,118064906,118014026,1,2,Mes(es),2022-05-16T00:00:00.000
CO1.BDOS.2907204,LP 06 DE 2022 (Fase de Selección (Presentación de ofertas)),ALCALDIA MUNICIPAL DE VILLETA,Cundinamarca,Villeta,Licitación pública Obra Publica,Obra,Seleccionado,597104895,595952778,1,4,Mes(es),2022-05-13T00:00:00.000
CO1.BDOS.2874310,LP-008-2022 (Fase de Selección (Presentación de ofertas)),CUNDINAMARCA-ALCALDIA MUNICIPIO MOSQUERA,Cundinamarca,Mosquera,Licitación pública Obra Publica,Obra,Seleccionado,3777985075,3770308120,1,8,Mes(es),2022-05-13T00:00:00.000
CO1.BDOS.2935401,IPMC-FPS - 006 - 2022,FONDO DE PASIVO SOCIAL DE FERROCARRILES NACIONALES DE COLOMBIA ENTIDAD,Cundinamarca,No Definido,Mínima cuantía,Obra,Seleccionado,64968525,58670815,5,66,día(s),2022-05-13T00:00:00.000
CO1.BDOS.2916706,SAMC 009-2022 (Presentación de oferta),ALCALDIA MUNICIPIO DE RICAURTE,Cundinamarca,Ricaurte,Seleccion Abreviada Menor Cuantia Sin Manifestacion Interes,Obra,Seleccionado,2070000000,2066667000,2,5,Mes(es),2022-05-13T00:00:00.000
CO1.BDOS.2911104,PN ESCAR SA MC 024 2022 (Manifestación de interés (Menor Cuantía)) (Presentación de oferta),ESCUELA NACIONAL DE CARABINEROS POLICIA NACIONAL,Cundinamarca,Facatativá,Selección Abreviada de Menor Cuantía,Obra,Seleccionado,630000000,630000000,9,120,día(s),2022-05-12T00:00:00.000
CO1.BDOS.2878284,LP OBRA PUBLICA 003-2022 (Fase de Selección (Presentación de ofertas)),MUNICIPIO DE LA CALERA CUNDINAMARCA,Cundinamarca,La Calera,Licitación pública Obra Publica,Obra,Seleccionado,1044203911,1002161549,46,6,Mes(es),2022-05-10T00:00:00.000
CO1.BDOS.2912107,SAMC-057 CENAC TOLEMAIDA-2022 (Manifestación de interés (Menor Cuantía)) (Presentación de oferta),CENAC TOLEMAIDA,Cundinamarca,Nilo,Selección Abreviada de Menor Cuantía,Obra,Seleccionado,335576184,335576184,21,0,día(s),2022-05-09T00:00:00.000
CO1.BDOS.2885645,LP-006-2022 (Fase de Selección (Presentación de ofertas)),MUNICIPIO DE UBATE,Cundinamarca,Villa De San Diego De Ubate,Licitación pública Obra Publica,Obra,Seleccionado,400233768,400233759,1,6,Mes(es),2022-05-06T00:00:00.000
CO1.BDOS.2841989,LP-003-2022 (Fase de Selección (Presentación de ofertas)),CUNDINAMARCA-ALCALDIA MUNICIPIO MOSQUERA,Cundinamarca,Mosquera,Licitación pública Obra Publica,Obra,Seleccionado,6746900000,6742839786,1,330,día(s),2022-05-06T00:00:00.000
CO1.BDOS.2906232,LP 001-2022 (Fase de Selección (Presentación de ofertas)),INSTITUTO MUNICIPAL DE VIVIENDA DE INTERÉS SOCIAL CAJICA,Cundinamarca,Cajicá,Licitación pública Obra Publica,Obra,Seleccionado,426123641,424370576,1,4,Mes(es),2022-05-06T00:00:00.000
CO1.BDOS.2865271,LP-007-2022 (Fase de Selección (Presentación de ofertas)),CUNDINAMARCA-ALCALDIA MUNICIPIO MOSQUERA,Cundinamarca,Mosquera,Licitación pública Obra Publica,Obra,Seleccionado,42410549395,41759663461,1,16,Mes(es),2022-05-05T00:00:00.000
CO1.BDOS.2865271,LP-007-2022 (Fase de Selección (Presentación de ofertas)),CUNDINAMARCA-ALCALDIA MUNICIPIO MOSQUERA,Cundinamarca,Mosquera,Licitación pública Obra Publica,Obra,Seleccionado,42410549395,41759663461,1,16,Mes(es),2022-05-05T00:00:00.000
CO1.BDOS.2865271,LP-007-2022 (Fase de Selección (Presentación de ofertas)),CUNDINAMARCA-ALCALDIA MUNICIPIO MOSQUERA,Cundinamarca,Mosquera,Licitación pública Obra Publica,Obra,Seleccionado,42410549395,41759663461,1,16,Mes(es),2022-05-05T00:00:00.000
CO1.BDOS.2847316,LP-004-2022 (Fase de Selección (Presentación de ofertas)),MUNICIPIO DE UBATE,Cundinamarca,Villa De San Diego De Ubate,Licitación pública Obra Publica,Obra,Seleccionado,744510408,744102652,1,4,Mes(es),2022-05-04T00:00:00.000
CO1.BDOS.2889653,022-00-K-ESUFA-GRUAL-2022 (Fase de Selección (Presentación de ofertas)),ESCUELA DE SUBOFICIALES  FAC CT ANDRES M DIAZ,Cundinamarca,No Definido,Licitación pública Obra Publica,Obra,Seleccionado,1246700000,1221048288,62,204,día(s),2022-05-04T00:00:00.000
CO1.BDOS.2900902,SAMC 06 DE 2022 (Manifestación de interés (Menor Cuantía)) (Presentación de oferta),ALCALDIA MUNICIPAL DE VILLETA,Cundinamarca,Villeta,Selección Abreviada de Menor Cuantía,Obra,Seleccionado,100000000,94752200,10,2,Mes(es),2022-05-02T00:00:00.000
CO1.BDOS.2885368,LP 2022-0579 (Fase de Selección (Presentación de ofertas)),ALCALDIA MUNICIPAL FUSAGASUGA,Cundinamarca,Fusagasugá,Licitación pública Obra Publica,Obra,Seleccionado,9125070710,9123209137,2,7,Mes(es),2022-04-29T00:00:00.000
CO1.BDOS.2845080,LP-005-2022 (Fase de Selección (Presentación de ofertas)),CUNDINAMARCA-ALCALDIA MUNICIPIO MOSQUERA,Cundinamarca,Mosquera,Licitación pública Obra Publica,Obra,Seleccionado,7900000000,7888576434,1,10,Mes(es),2022-04-27T00:00:00.000
CO1.BDOS.2914703,IPMC-007-2022,CORPORACION PRODESARROLLO Y SEGURIDAD DEL MUNICIPIO DE GIRARDOT,Cundinamarca,Girardot,Mínima cuantía,Obra,Seleccionado,27614585,22108806,14,20,día(s),2022-04-26T00:00:00.000
CO1.BDOS.2841016,LP-OBRA PUBLICA-001-2022 (Fase de Selección (Presentación de ofertas)),MUNICIPIO DE LA CALERA CUNDINAMARCA,Cundinamarca,La Calera,Licitación pública Obra Publica,Obra,Seleccionado,1324000000,1229595722,38,7,Mes(es),2022-04-25T00:00:00.000
CO1.BDOS.2888927,SAMC-052 CENAC TOLEMAIDA-2022 (Manifestación de interés (Menor Cuantía)) (Presentación de oferta),CENAC TOLEMAIDA,Cundinamarca,Nilo,Selección Abreviada de Menor Cuantía,Obra,Seleccionado,379539940,191933180,13,6,Mes(es),2022-04-25T00:00:00.000
CO1.BDOS.2845261,LP-006-2022 (Fase de Selección (Presentación de ofertas)),CUNDINAMARCA-ALCALDIA MUNICIPIO MOSQUERA,Cundinamarca,Mosquera,Licitación pública Obra Publica,Obra,Seleccionado,4523715000,4514080319,1,390,día(s),2022-04-25T00:00:00.000
CO1.BDOS.2889554,SA-MC-013-2022 (Manifestación de interés (Menor Cuantía)) (Presentación de oferta),ALCALDIA MUNICIPIO DE ZIPAQUIRA,Cundinamarca,Zipaquirá,Selección Abreviada de Menor Cuantía,Obra,Seleccionado,405000000,389244622,10,3,Mes(es),2022-04-22T00:00:00.000
CO1.BDOS.2891616,SA-MC-014-2022 (Manifestación de interés (Menor Cuantía)) (Presentación de oferta),ALCALDIA MUNICIPIO DE ZIPAQUIRA,Cundinamarca,Zipaquirá,Selección Abreviada de Menor Cuantía,Obra,Seleccionado,150000000,144748722,8,3,Mes(es),2022-04-22T00:00:00.000
CO1.BDOS.2884075,LIC 007 MT 2022 (Fase de Selección (Presentación de ofertas)),MUNICIPIO DE TOCANCIPA,Cundinamarca,Tocancipá,Licitación pública Obra Publica,Obra,Seleccionado,1497789258,1497378804,1,12,Mes(es),2022-04-20T00:00:00.000
CO1.BDOS.2884224,LIC 008 MT 2022 (Fase de Selección (Presentación de ofertas)),MUNICIPIO DE TOCANCIPA,Cundinamarca,Tocancipá,Licitación pública Obra Publica,Obra,Seleccionado,544512006,544512005,1,6,Mes(es),2022-04-20T00:00:00.000
CO1.BDOS.2884340,LIC 009 MT 2022 (Fase de Selección (Presentación de ofertas)),MUNICIPIO DE TOCANCIPA,Cundinamarca,Tocancipá,Licitación pública Obra Publica,Obra,Seleccionado,3228660366,3228657397,1,6,Mes(es),2022-04-20T00:00:00.000
CO1.BDOS.2880901,LIC 006 MT 2022 (Fase de Selección (Presentación de ofertas)),MUNICIPIO DE TOCANCIPA,Cundinamarca,Tocancipá,Licitación pública Obra Publica,Obra,Seleccionado,18518518518,18518517963,1,12,Mes(es),2022-04-20T00:00:00.000
CO1.BDOS.2889839,SAMC 02 DE 2022 (Manifestación de interés (Menor Cuantía)) (Presentación de oferta),ALCALDIA MUNICIPAL DE VILLETA,Cundinamarca,Villeta,Selección Abreviada de Menor Cuantía,Obra,Seleccionado,100000000,94650235,8,60,día(s),2022-04-19T00:00:00.000
CO1.BDOS.2868169,LP-003-2022 (Fase de Selección (Presentación de ofertas)),ALCALDIA MUNICIPIO DE ZIPAQUIRA,Cundinamarca,Zipaquirá,Licitación pública Obra Publica,Obra,Seleccionado,791601118,791596047,1,5,Mes(es),2022-04-18T00:00:00.000
CO1.BDOS.2885390,SA-MC-002-2022 (Manifestación de interés (Menor Cuantía)) (Presentación de oferta),MUNICIPIO DE UBATE,Cundinamarca,Villa De San Diego De Ubate,Selección Abreviada de Menor Cuantía,Obra,Seleccionado,123280319,123269225,1,3,Mes(es),2022-04-13T00:00:00.000
CO1.BDOS.2870035,LP 2022-074 (Fase de Selección (Presentación de ofertas)),IDERF,Cundinamarca,Fusagasugá,Licitación pública Obra Publica,Obra,Seleccionado,1150000000,1121095072,6,4,Mes(es),2022-04-12T00:00:00.000
CO1.BDOS.2877304,SAMC 04 DE 2022 (Manifestación de interés (Menor Cuantía)) (Presentación de oferta),ALCALDIA MUNICIPAL DE VILLETA,Cundinamarca,Villeta,Selección Abreviada de Menor Cuantía,Obra,Seleccionado,86451049,86002258,2,2,Mes(es),2022-04-08T00:00:00.000
CO1.BDOS.2872607,SAMC 03 DE 2022  (Manifestación de interés (Menor Cuantía)) (Presentación de oferta),ALCALDIA MUNICIPAL DE VILLETA,Cundinamarca,Villeta,Selección Abreviada de Menor Cuantía,Obra,Seleccionado,100000000,95518677,9,60,día(s),2022-04-06T00:00:00.000
CO1.BDOS.2869015,SAMC-004-2022 (Presentación de oferta),ALCALDÍA MUNICIPAL DE MADRID CUNDINAMARCA,Cundinamarca,Madrid,Seleccion Abreviada Menor Cuantia Sin Manifestacion Interes,Obra,Seleccionado,4405066983,4404922142,1,8,Mes(es),2022-04-04T00:00:00.000
CO1.BDOS.2870405,SAMC-003-2022 (Manifestación de interés (Menor Cuantía)) (Presentación de oferta),ALCALDIA MUNICIPAL DE GIRARDOT,Cundinamarca,Girardot,Selección Abreviada de Menor Cuantía,Obra,Seleccionado,135000000,134998814,2,4,Mes(es),2022-04-01T00:00:00.000
CO1.BDOS.2865737,SA 2022-0498 (Manifestación de interés (Menor Cuantía)) (Presentación de oferta),ALCALDIA MUNICIPAL FUSAGASUGA,Cundinamarca,Fusagasugá,Selección Abreviada de Menor Cuantía,Obra,Seleccionado,262048437,262048437,1,3,Mes(es),2022-03-31T00:00:00.000
CO1.BDOS.2821035,LP 002-2022 (Fase de Selección (Presentación de ofertas)),ALCALDIA MUNICIPIO DE RICAURTE,Cundinamarca,Ricaurte,Licitación pública Obra Publica,Obra,Seleccionado,464294040,446419020,35,4,Mes(es),2022-03-30T00:00:00.000
CO1.BDOS.2846651,LP-003-2022 (Fase de Selección (Presentación de ofertas)),MUNICIPIO DE UBATE,Cundinamarca,Villa De San Diego De Ubate,Licitación pública Obra Publica,Obra,Seleccionado,820321646,820135167,2,6,Mes(es),2022-03-30T00:00:00.000
CO1.BDOS.2875115,MC-015-2022,ALCALDIA MUNICIPAL DE CHIA,Cundinamarca,Chía,Mínima cuantía,Obra,Seleccionado,45000000,44979419,5,1,Mes(es),2022-03-23T00:00:00.000
CO1.BDOS.2854148,SA-MC-007-2022 (Manifestación de interés (Menor Cuantía)) (Presentación de oferta),ALCALDIA MUNICIPIO DE ZIPAQUIRA,Cundinamarca,Zipaquirá,Selección Abreviada de Menor Cuantía,Obra,Seleccionado,239997176,239767592,2,60,día(s),2022-03-23T00:00:00.000
CO1.BDOS.2854148,SA-MC-007-2022 (Manifestación de interés (Menor Cuantía)) (Presentación de oferta),ALCALDIA MUNICIPIO DE ZIPAQUIRA,Cundinamarca,Zipaquirá,Selección Abreviada de Menor Cuantía,Obra,Seleccionado,239997176,239997176,2,60,día(s),2022-03-23T00:00:00.000
CO1.BDOS.2859523,SAMC-003-2022 (Presentación de oferta),ALCALDÍA MUNICIPAL DE MADRID CUNDINAMARCA,Cundinamarca,Madrid,Seleccion Abreviada Menor Cuantia Sin Manifestacion Interes,Obra,Seleccionado,1138686130,1135526403,3,4,Mes(es),2022-03-23T00:00:00.000
CO1.BDOS.2873452,IMC-08-SP-2022,ALCALDIA MUNICIPIO DE ANOLAIMA,Cundinamarca,Anolaima,Mínima cuantía,Obra,Seleccionado,11175070,9421030,6,30,día(s),2022-03-22T00:00:00.000
CO1.BDOS.2840732,SIOP-LPO-0001 (Fase de Selección (Presentación de ofertas)),ALCALDÍA MUNICIPAL COTA,Cundinamarca,Cota,Licitación pública Obra Publica,Obra,Seleccionado,27037084166,27029500000,1,0,día(s),2022-03-18T00:00:00.000
CO1.BDOS.2847163,SA-MC-006-2022 (Manifestación de interés (Menor Cuantía)) (Presentación de oferta),ALCALDIA MUNICIPIO DE ZIPAQUIRA,Cundinamarca,Zipaquirá,Selección Abreviada de Menor Cuantía,Obra,Seleccionado,100000000,96179638,5,3,Mes(es),2022-03-18T00:00:00.000
CO1.BDOS.2848396,LP-005-2022 (Fase de Selección (Presentación de ofertas)),MUNICIPIO DE UBATE,Cundinamarca,Villa De San Diego De Ubate,Licitación pública Obra Publica,Obra,Seleccionado,6934581975,6929060346,1,6,Mes(es),2022-03-18T00:00:00.000
CO1.BDOS.2845119,LIC 003 MT 2022 (Fase de Selección (Presentación de ofertas)),MUNICIPIO DE TOCANCIPA,Cundinamarca,Tocancipá,Licitación pública Obra Publica,Obra,Seleccionado,16457550577,16376116616,1,18,Mes(es),2022-03-16T00:00:00.000
CO1.BDOS.2846638,SA-MC-005-2022 (Manifestación de interés (Menor Cuantía)) (Presentación de oferta),ALCALDIA MUNICIPIO DE ZIPAQUIRA,Cundinamarca,Zipaquirá,Selección Abreviada de Menor Cuantía,Obra,Seleccionado,150000000,144085569,7,3,Mes(es),2022-03-16T00:00:00.000
CO1.BDOS.2846216,SA-MC-004-2022 (Manifestación de interés (Menor Cuantía)) (Presentación de oferta),ALCALDIA MUNICIPIO DE ZIPAQUIRA,Cundinamarca,Zipaquirá,Selección Abreviada de Menor Cuantía,Obra,Seleccionado,100000000,96051843,8,3,Mes(es),2022-03-16T00:00:00.000
CO1.BDOS.2866302,MC-002-2022,CONCEJO MUNICIPAL CHIA,Cundinamarca,Chía,Mínima cuantía,Obra,Seleccionado,20000000,13200000,10,30,día(s),2022-03-15T00:00:00.000
CO1.BDOS.2473902,FACATATIVA-SA-034-21 (Manifestación de interés (Menor Cuantía)) (Presentación de oferta),ALCALDIA MUNICIPAL DE FACATATIVA,Cundinamarca,Facatativá,Selección Abreviada de Menor Cuantía,Obra,Seleccionado,158000000,146922582,1,3,Mes(es),2022-03-08T00:00:00.000
CO1.BDOS.2828167,SA-MC-003-2022 (Manifestación de interés (Menor Cuantía)) (Presentación de oferta),ALCALDIA MUNICIPIO DE ZIPAQUIRA,Cundinamarca,Zipaquirá,Selección Abreviada de Menor Cuantía,Obra,Seleccionado,100000000,96101003,4,3,Mes(es),2022-03-08T00:00:00.000
CO1.BDOS.2815001,LP 2022-0490 (Fase de Selección (Presentación de ofertas)),ALCALDIA MUNICIPAL FUSAGASUGA,Cundinamarca,Fusagasugá,Licitación pública Obra Publica,Obra,Seleccionado,539438539,533343275,4,4,Mes(es),2022-03-08T00:00:00.000
CO1.BDOS.2474002,FACATATIVA-SA-036-21 (Manifestación de interés (Menor Cuantía)) (Presentación de oferta),ALCALDIA MUNICIPAL DE FACATATIVA,Cundinamarca,Facatativá,Selección Abreviada de Menor Cuantía,Obra,Seleccionado,262700000,243571457,1,3,Mes(es),2022-03-08T00:00:00.000
CO1.BDOS.2473903,FACATATIVA-SA-035-21 (Manifestación de interés (Menor Cuantía)) (Presentación de oferta),ALCALDIA MUNICIPAL DE FACATATIVA,Cundinamarca,Facatativá,Selección Abreviada de Menor Cuantía,Obra,Seleccionado,306400000,283965743,1,3,Mes(es),2022-03-08T00:00:00.000
CO1.BDOS.2473719,FACATATIVA-SA-032-21 (Manifestación de interés (Menor Cuantía)) (Presentación de oferta),ALCALDIA MUNICIPAL DE FACATATIVA,Cundinamarca,Facatativá,Selección Abreviada de Menor Cuantía,Obra,Seleccionado,142500000,132531438,1,3,Mes(es),2022-03-07T00:00:00.000
CO1.BDOS.2473373,FACATATIVA-SA-031-21 (Manifestación de interés (Menor Cuantía)) (Presentación de oferta),ALCALDIA MUNICIPAL DE FACATATIVA,Cundinamarca,Facatativá,Selección Abreviada de Menor Cuantía,Obra,Seleccionado,137500000,127597302,1,3,Mes(es),2022-03-07T00:00:00.000
CO1.BDOS.2473566,FACATATIVA-SA-033-21 (Manifestación de interés (Menor Cuantía)) (Presentación de oferta),ALCALDIA MUNICIPAL DE FACATATIVA,Cundinamarca,Facatativá,Selección Abreviada de Menor Cuantía,Obra,Seleccionado,146600000,136342198,1,3,Mes(es),2022-03-07T00:00:00.000
CO1.BDOS.2392169,SAMC-038-2021 (Manifestación de interés (Menor Cuantía)) (Presentación de oferta),ALCALDIA MUNICIPIO DE ZIPAQUIRA,Cundinamarca,Zipaquirá,Selección Abreviada de Menor Cuantía,Obra,Seleccionado,198581616,198580248,3,20,día(s),2022-03-04T00:00:00.000
CO1.BDOS.2472955,LPO-13-2021 (Fase de Selección (Presentación de ofertas)),ALCALDÍA MUNICIPAL COTA,Cundinamarca,Cota,Licitación pública Obra Publica,Obra,Seleccionado,1333033690,1271205500,2,4,Mes(es),2022-03-03T00:00:00.000
CO1.BDOS.2817701,LIC 001 MT 2022 (Fase de Selección (Presentación de ofertas)),MUNICIPIO DE TOCANCIPA,Cundinamarca,Tocancipá,Licitación pública Obra Publica,Obra,Seleccionado,605000000,557212089,63,4,Mes(es),2022-03-01T00:00:00.000
CO1.BDOS.2471122,licitación 008 de 2021 (Fase de Selección (Presentación de ofertas)),ALCALDIA MUNICIPIO DE CAJICA,Cundinamarca,Cajicá,Licitación pública Obra Publica,Obra,Seleccionado,587962262,587708029,2,7,Mes(es),2022-03-01T00:00:00.000
CO1.BDOS.2846017,SMC 2022 - 069,IDERF,Cundinamarca,Fusagasugá,Mínima cuantía,Obra,Seleccionado,27997583,23545860,2,1,Mes(es),2022-02-28T00:00:00.000
CO1.BDOS.2822306,SA-MC-001-2022 (Manifestación de interés (Menor Cuantía)) (Presentación de oferta),ALCALDIA MUNICIPIO DE ZIPAQUIRA,Cundinamarca,Zipaquirá,Selección Abreviada de Menor Cuantía,Obra,Seleccionado,138000000,132895873,7,3,Mes(es),2022-02-23T00:00:00.000
CO1.BDOS.2822306,SA-MC-001-2022 (Manifestación de interés (Menor Cuantía)) (Presentación de oferta),ALCALDIA MUNICIPIO DE ZIPAQUIRA,Cundinamarca,Zipaquirá,Selección Abreviada de Menor Cuantía,Obra,Seleccionado,138000000,133031655,7,3,Mes(es),2022-02-23T00:00:00.000
CO1.BDOS.2468677,FACATATIVA-SA-029-21 (Manifestación de interés (Menor Cuantía)) (Presentación de oferta),ALCALDIA MUNICIPAL DE FACATATIVA,Cundinamarca,Facatativá,Selección Abreviada de Menor Cuantía,Obra,Seleccionado,160000000,154000106,3,3,Mes(es),2022-02-22T00:00:00.000
CO1.BDOS.2826642,SAMC 002-2022 (Presentación de oferta),ALCALDIA MUNICIPIO DE RICAURTE,Cundinamarca,Ricaurte,Seleccion Abreviada Menor Cuantia Sin Manifestacion Interes,Obra,Seleccionado,793798734,793727825,1,5,Mes(es),2022-02-22T00:00:00.000
CO1.BDOS.2830414,MC-042 CENAC TOLEMAIDA-2022,CENAC TOLEMAIDA,Cundinamarca,Nilo,Mínima cuantía,Obra,Seleccionado,34494696,34494696,6,10,Mes(es),2022-02-18T00:00:00.000
CO1.BDOS.2368031,LP-017-2021 (Fase de Selección (Presentación de ofertas)),MUNICIPIO DE UBATE,Cundinamarca,Villa De San Diego De Ubate,Licitación pública Obra Publica,Obra,Seleccionado,474999830,450354745,33,3,Mes(es),2022-02-17T00:00:00.000
CO1.BDOS.2831612,SOP-MIC-004-2022,MUNICIPIO DE UBATE,Cundinamarca,Villa De San Diego De Ubate,Mínima cuantía,Obra,Seleccionado,12370500,12300000,3,10,Mes(es),2022-02-17T00:00:00.000
CO1.BDOS.2473132,SAMC 029 - 2021 (Manifestación de interés (Menor Cuantía)) (Presentación de oferta),ALCALDIA MUNICIPIO DE CAJICA,Cundinamarca,Cajicá,Selección Abreviada de Menor Cuantía,Obra,Seleccionado,116687497,112307025,7,30,día(s),2022-02-11T00:00:00.000
CO1.BDOS.2348718,LIC 011 MT 2021 (Fase de Selección (Presentación de ofertas)),MUNICIPIO DE TOCANCIPA,Cundinamarca,Tocancipá,Licitación pública Obra Publica,Obra,Seleccionado,14930618509,14930608712,1,18,Mes(es),2022-02-10T00:00:00.000
CO1.BDOS.2561094,LP-001-2022 (Fase de Selección (Presentación de ofertas)),CUNDINAMARCA-ALCALDIA MUNICIPIO MOSQUERA,Cundinamarca,Mosquera,Licitación pública Obra Publica,Obra,Seleccionado,68340789147,68329645268,1,350,día(s),2022-02-03T00:00:00.000
CO1.BDOS.2439652,FACATATIVA-LP-007-21 (Fase de Selección (Presentación de ofertas)),ALCALDIA MUNICIPAL DE FACATATIVA,Cundinamarca,Facatativá,Licitación pública Obra Publica,Obra,Seleccionado,2070000000,2021462363,3,7,Mes(es),2022-02-02T00:00:00.000
CO1.BDOS.2435720,LP-021-2021 (Fase de Selección (Presentación de ofertas)),ALCALDÍA MUNICIPAL DE MADRID CUNDINAMARCA,Cundinamarca,Madrid,Licitación pública Obra Publica,Obra,Seleccionado,2070000000,2069902788,1,7,Mes(es),2022-01-19T00:00:00.000
CO1.BDOS.2474250,SAMC-007-2021 (Presentación de oferta),MUNICIPIO DE LA CALERA CUNDINAMARCA,Cundinamarca,La Calera,Seleccion Abreviada Menor Cuantia Sin Manifestacion Interes,Obra,Seleccionado,381247213,380327029,1,0,día(s),2021-12-31T00:00:00.000
CO1.BDOS.2427316,LP-OBRA 007-2021 (Fase de Selección (Presentación de ofertas)),MUNICIPIO DE LA CALERA CUNDINAMARCA,Cundinamarca,La Calera,Licitación pública Obra Publica,Obra,Seleccionado,1125000000,1091480196,1,6,Mes(es),2021-12-30T00:00:00.000
CO1.BDOS.2423511,LP-019-2021 (Fase de Selección (Presentación de ofertas)),ALCALDIA MUNICIPIO DE ZIPAQUIRA,Cundinamarca,Zipaquirá,Licitación pública Obra Publica,Obra,Seleccionado,3511282702,3371434797,62,6,Mes(es),2021-12-30T00:00:00.000
CO1.BDOS.2472306,MC-072-2021,ALCALDÍA MUNICIPAL COTA,Cundinamarca,Cota,Mínima cuantía,Obra,Seleccionado,40793877,36955490,3,3,Mes(es),2021-12-30T00:00:00.000
CO1.BDOS.2326444,LIC 008 MT 2021 (Fase de Selección (Presentación de ofertas)),MUNICIPIO DE TOCANCIPA,Cundinamarca,Tocancipá,Licitación pública Obra Publica,Obra,Seleccionado,484713094,484449894,1,0,día(s),2021-12-29T00:00:00.000
CO1.BDOS.2438266,LP-030-2021 (Fase de Selección (Presentación de ofertas)),MUNICIPIO DE FUNZA - ALCALDÍA DE FUNZA,Cundinamarca,Funza,Licitación pública Obra Publica,Obra,Seleccionado,4716694257,4712602855,1,10,Mes(es),2021-12-27T00:00:00.000
CO1.BDOS.2463606,SAMC-025-2021 (Presentación de oferta),ALCALDÍA MUNICIPAL COTA,Cundinamarca,Cota,Seleccion Abreviada Menor Cuantia Sin Manifestacion Interes,Obra,Seleccionado,420000000,419670364,1,0,día(s),2021-12-24T00:00:00.000
CO1.BDOS.2426966,SA 2021-0915 (Manifestación de interés (Menor Cuantía)) (Presentación de oferta),ALCALDIA MUNICIPAL FUSAGASUGA,Cundinamarca,Fusagasugá,Selección Abreviada de Menor Cuantía,Obra,Seleccionado,158414189,154149191,1,1,Mes(es),2021-12-20T00:00:00.000
CO1.BDOS.2451283,IMC-0061-2021,ALCALDIA MUNICIPIO DE ANOLAIMA,Cundinamarca,Anolaima,Mínima cuantía,Obra,Seleccionado,24572221,19909818,3,60,día(s),2021-12-17T00:00:00.000
CO1.BDOS.2334680,SAMC-013-2021 (Manifestación de interés (Menor Cuantía)) (Presentación de oferta),ALCALDÍA MUNICIPAL COTA,Cundinamarca,Cota,Selección Abreviada de Menor Cuantía,Obra,Seleccionado,322913623,313554195,1,0,día(s),2021-12-16T00:00:00.000
CO1.BDOS.2420457,SA-AMS-2021-0021 (Manifestación de interés (Menor Cuantía)) (Presentación de oferta),ALCALDÍA MUNICIPAL DE SOPO,Cundinamarca,Sopó,Selección Abreviada de Menor Cuantía,Obra,Seleccionado,237973472,235760322,1,4,Mes(es),2021-12-15T00:00:00.000
CO1.BDOS.2408590,SAMC-041-2021 (Manifestación de interés (Menor Cuantía)) (Presentación de oferta),ALCALDIA MUNICIPIO DE ZIPAQUIRA,Cundinamarca,Zipaquirá,Selección Abreviada de Menor Cuantía,Obra,Seleccionado,286587080,286534873,1,3,Mes(es),2021-12-10T00:00:00.000
CO1.BDOS.2403647,LP-016-2021 (Fase de Selección (Presentación de ofertas)),ALCALDIA MUNICIPIO DE ZIPAQUIRA,Cundinamarca,Zipaquirá,Licitación pública Obra Publica,Obra,Seleccionado,806256106,806113000,3,6,Mes(es),2021-12-10T00:00:00.000
CO1.BDOS.2406589,SAMC-FPS-004-2021 (Manifestación de interés (Menor Cuantía)) (Presentación de oferta),FONDO DE PASIVO SOCIAL DE FERROCARRILES NACIONALES DE COLOMBIA ENTIDAD,Cundinamarca,No Definido,Selección Abreviada de Menor Cuantía,Obra,Seleccionado,107373264,105078261,7,6,día(s),2021-12-10T00:00:00.000
CO1.BDOS.2408590,SAMC-041-2021 (Manifestación de interés (Menor Cuantía)) (Presentación de oferta),ALCALDIA MUNICIPIO DE ZIPAQUIRA,Cundinamarca,Zipaquirá,Selección Abreviada de Menor Cuantía,Obra,Seleccionado,286587080,286534873,1,3,Mes(es),2021-12-10T00:00:00.000
CO1.BDOS.2403841,LP-029-2021 (Fase de Selección (Presentación de ofertas)),MUNICIPIO DE FUNZA - ALCALDÍA DE FUNZA,Cundinamarca,Funza,Licitación pública Obra Publica,Obra,Seleccionado,994429610,994426691,1,10,Mes(es),2021-12-09T00:00:00.000
CO1.BDOS.2400787,SA 2021-0877 (Manifestación de interés (Menor Cuantía)) (Presentación de oferta),ALCALDIA MUNICIPAL FUSAGASUGA,Cundinamarca,Fusagasugá,Selección Abreviada de Menor Cuantía,Obra,Seleccionado,211836505,206296165,2,40,día(s),2021-12-06T00:00:00.000
CO1.BDOS.2393859,LPO-010-2021 (Fase de Selección (Presentación de ofertas)),ALCALDÍA MUNICIPAL COTA,Cundinamarca,Cota,Licitación pública Obra Publica,Obra,Seleccionado,5417678926,5146794187,44,0,día(s),2021-12-05T00:00:00.000
CO1.BDOS.2429703,MC-57-2021,ALCALDIA MUNICIPAL DE VILLETA,Cundinamarca,Villeta,Mínima cuantía,Obra,Seleccionado,25430065,20541597,2,15,día(s),2021-12-05T00:00:00.000
CO1.BDOS.2424804,IA 001-2021,EPUXUA E.I.C.E.,Cundinamarca,Soacha,Contratación régimen especial (con ofertas),Obra,Seleccionado,21396602878,21289991965,1,12,Mes(es),2021-12-02T00:00:00.000
CO1.BDOS.2391118,SA-MC-014-2021 (Manifestación de interés (Menor Cuantía)) (Presentación de oferta),MUNICIPIO DE UBATE,Cundinamarca,Villa De San Diego De Ubate,Selección Abreviada de Menor Cuantía,Obra,Seleccionado,39999981,39999980,1,25,día(s),2021-12-02T00:00:00.000
CO1.BDOS.2401516,SAMC 06 - 2021 (Manifestación de interés (Menor Cuantía)) (Presentación de oferta),INSTITUTO MUNICIPAL DE CULTURA Y TURISMO DE CAJICA,Cundinamarca,Cajicá,Selección Abreviada de Menor Cuantía,Obra,Seleccionado,84800470,77061780,2,15,día(s),2021-12-02T00:00:00.000
CO1.BDOS.2375981,LPO-009-2021 (Fase de Selección (Presentación de ofertas)),ALCALDÍA MUNICIPAL COTA,Cundinamarca,Cota,Licitación pública Obra Publica,Obra,Seleccionado,2106136601,2104060774,1,0,día(s),2021-12-02T00:00:00.000
CO1.BDOS.2421431,SOP-MIC-045-2021,MUNICIPIO DE UBATE,Cundinamarca,Villa De San Diego De Ubate,Mínima cuantía,Obra,Seleccionado,20000000,19999999,2,15,día(s),2021-12-01T00:00:00.000
CO1.BDOS.2421719,SOP-MIC-046-2021,MUNICIPIO DE UBATE,Cundinamarca,Villa De San Diego De Ubate,Mínima cuantía,Obra,Seleccionado,13948489,13948488,2,15,día(s),2021-12-01T00:00:00.000
CO1.BDOS.2345799,LP-014-2021 (Fase de Selección (Presentación de ofertas)),MUNICIPIO DE UBATE,Cundinamarca,Villa De San Diego De Ubate,Licitación pública Obra Publica,Obra,Seleccionado,930069930,930048979,1,7,Mes(es),2021-11-30T00:00:00.000
CO1.BDOS.2203198,LP-004-2021 (Fase de Selección (Presentación de ofertas)),ALCALDÍA MUNICIPAL COTA,Cundinamarca,Cota,Licitación pública Obra Publica,Obra,Seleccionado,2070000000,2040903440,1,5,Mes(es),2021-11-30T00:00:00.000
CO1.BDOS.2418788,MC-058-2021,ALCALDÍA MUNICIPAL COTA,Cundinamarca,Cota,Mínima cuantía,Obra,Seleccionado,40831711,39810918,1,0,día(s),2021-11-30T00:00:00.000
CO1.BDOS.2367770,LP-024-2021 (Fase de Selección (Presentación de ofertas)),MUNICIPIO DE SOACHA..,Cundinamarca,Soacha,Licitación pública Obra Publica,Obra,Seleccionado,122433862460,119314324301,3,20,Mes(es),2021-11-29T00:00:00.000
CO1.BDOS.2315566,LPO-006-2021 (Fase de Selección (Presentación de ofertas)),ALCALDÍA MUNICIPAL COTA,Cundinamarca,Cota,Licitación pública Obra Publica,Obra,Seleccionado,564094894,550038792,3,0,día(s),2021-11-29T00:00:00.000
CO1.BDOS.2348601,LP-AMS-2021-0013 (Fase de Selección (Presentación de ofertas)),ALCALDÍA MUNICIPAL DE SOPO,Cundinamarca,Sopó,Licitación pública Obra Publica,Obra,Seleccionado,1503615101,1499146984,1,10,Mes(es),2021-11-29T00:00:00.000
CO1.BDOS.2346994,LP-018-2021 (Fase de Selección (Presentación de ofertas)),CUNDINAMARCA-ALCALDIA MUNICIPIO MOSQUERA,Cundinamarca,Mosquera,Licitación pública Obra Publica,Obra,Seleccionado,2573811324,2562234784,1,6,Mes(es),2021-11-25T00:00:00.000
CO1.BDOS.2347922,LP-020-2021 (Fase de Selección (Presentación de ofertas)),CUNDINAMARCA-ALCALDIA MUNICIPIO MOSQUERA,Cundinamarca,Mosquera,Licitación pública Obra Publica,Obra,Seleccionado,12649803827,12595240778,2,14,Mes(es),2021-11-25T00:00:00.000
CO1.BDOS.2366566,SAMC 026-2021 (Manifestación de interés (Menor Cuantía)) (Presentación de oferta),ALCALDIA MUNICIPAL DE CHIA,Cundinamarca,Chía,Selección Abreviada de Menor Cuantía,Obra,Seleccionado,105600000,101734654,1,25,día(s),2021-11-25T00:00:00.000
CO1.BDOS.2346499,LP-019-2021 (Fase de Selección (Presentación de ofertas)),CUNDINAMARCA-ALCALDIA MUNICIPIO MOSQUERA,Cundinamarca,Mosquera,Licitación pública Obra Publica,Obra,Seleccionado,27286693334,27252795610,1,14,Mes(es),2021-11-24T00:00:00.000
CO1.BDOS.2333115,LP-027-2021 (Fase de Selección (Presentación de ofertas)),MUNICIPIO DE FUNZA - ALCALDÍA DE FUNZA,Cundinamarca,Funza,Licitación pública Obra Publica,Obra,Seleccionado,15773798028,15600250792,1,15,Mes(es),2021-11-23T00:00:00.000
CO1.BDOS.2368876,LP-004-2021 (Fase de Selección (Presentación de ofertas)),INSTITUTO MUNICIPAL DE RECREACION Y DEPORTE DE COTA CUNDINAMARCA,Cundinamarca,Cota,Licitación pública Obra Publica,Obra,Seleccionado,1600791815,1599125967,1,6,Mes(es),2021-11-23T00:00:00.000
CO1.BDOS.2368225,SAMC-036-2021 (Manifestación de interés (Menor Cuantía)) (Presentación de oferta),ALCALDIA MUNICIPIO DE ZIPAQUIRA,Cundinamarca,Zipaquirá,Selección Abreviada de Menor Cuantía,Obra,Seleccionado,53921751,53921751,1,1,Mes(es),2021-11-23T00:00:00.000
CO1.BDOS.2330158,LP-017-2021 (Fase de Selección (Presentación de ofertas)),CUNDINAMARCA-ALCALDIA MUNICIPIO MOSQUERA,Cundinamarca,Mosquera,Licitación pública Obra Publica,Obra,Seleccionado,999993440,999421973,1,4,Mes(es),2021-11-22T00:00:00.000
CO1.BDOS.2392035,IMC-0047-2021,ALCALDIA MUNICIPIO DE ANOLAIMA,Cundinamarca,Anolaima,Mínima cuantía,Obra,Seleccionado,17000000,13435884,4,20,día(s),2021-11-18T00:00:00.000
CO1.BDOS.2348237,LP 010-2021 (Fase de Selección (Presentación de ofertas)),ALCALDIA MUNICIPIO DE RICAURTE,Cundinamarca,Ricaurte,Licitación pública Obra Publica,Obra,Seleccionado,2260756966,2255985866,1,5,Mes(es),2021-11-17T00:00:00.000
CO1.BDOS.2389651,157-CENACINTELIGENCIA-2021,CENTRAL ADMINISTRATIVA Y CONTABLE ESPECIALIZADA INTELIGENCIA,Cundinamarca,No Definido,Mínima cuantía,Obra,Seleccionado,15000000,12804750,3,15,día(s),2021-11-17T00:00:00.000
CO1.BDOS.2388435,MC 072-2021,ALCALDIA MUNICIPAL DE CHIA,Cundinamarca,Chía,Mínima cuantía,Obra,Seleccionado,40000000,39949931,4,30,día(s),2021-11-17T00:00:00.000
CO1.BDOS.2341532,LP 09 DE 2021 (Fase de Selección (Presentación de ofertas)),ALCALDIA MUNICIPAL DE VILLETA,Cundinamarca,Villeta,Licitación pública Obra Publica,Obra,Seleccionado,2561700178,2433605849,70,180,día(s),2021-11-16T00:00:00.000
CO1.BDOS.2387458,SOP - MIC- 035  2021,MUNICIPIO DE UBATE,Cundinamarca,Villa De San Diego De Ubate,Mínima cuantía,Obra,Seleccionado,19999799,19999799,1,1,Mes(es),2021-11-16T00:00:00.000
CO1.BDOS.2387769,SOP-MIC-034-2021,MUNICIPIO DE UBATE,Cundinamarca,Villa De San Diego De Ubate,Mínima cuantía,Obra,Seleccionado,23075617,23075593,1,30,día(s),2021-11-16T00:00:00.000
CO1.BDOS.2347879,SAMC 11 DE 2021 (Manifestación de interés (Menor Cuantía)) (Presentación de oferta),ALCALDIA MUNICIPAL DE VILLETA,Cundinamarca,Villeta,Selección Abreviada de Menor Cuantía,Obra,Seleccionado,100000000,96281392,7,30,día(s),2021-11-11T00:00:00.000
CO1.BDOS.2305954,LP-025-2021 (Fase de Selección (Presentación de ofertas)),MUNICIPIO DE FUNZA - ALCALDÍA DE FUNZA,Cundinamarca,Funza,Licitación pública Obra Publica,Obra,Seleccionado,5409518103,5400185465,1,12,Mes(es),2021-11-10T00:00:00.000
CO1.BDOS.2372337,CD-043-2021,MUNICIPIO DE FUNZA - ALCALDÍA DE FUNZA,Cundinamarca,Funza,Contratación Directa (con ofertas),Obra,Seleccionado,68492000,68492000,1,2,Mes(es),2021-11-10T00:00:00.000
CO1.BDOS.2324519,FACATATIVA-LP-006-21 (Fase de Selección (Presentación de ofertas)),ALCALDIA MUNICIPAL DE FACATATIVA,Cundinamarca,Facatativá,Licitación pública Obra Publica,Obra,Seleccionado,437998890,419225899,41,1,Mes(es),2021-11-09T00:00:00.000
CO1.BDOS.2204611,LP-016-2021 (Fase de Selección (Presentación de ofertas)),ALCALDÍA MUNICIPAL DE MADRID CUNDINAMARCA,Cundinamarca,Madrid,Licitación pública Obra Publica,Obra,Seleccionado,2159471142,2148112532,1,6,Mes(es),2021-11-08T00:00:00.000
CO1.BDOS.2360493,MC 062-2021,ALCALDIA MUNICIPAL DE CHIA,Cundinamarca,Chía,Mínima cuantía,Obra,Seleccionado,39999616,39867459,5,0,día(s),2021-11-05T00:00:00.000
CO1.BDOS.2295544,LP-016-2021 (Fase de Selección (Presentación de ofertas)),CUNDINAMARCA-ALCALDIA MUNICIPIO MOSQUERA,Cundinamarca,Mosquera,Licitación pública Obra Publica,Obra,Seleccionado,4000000000,3993861922,1,6,Mes(es),2021-11-03T00:00:00.000
CO1.BDOS.2324477,SAMC 013-2021 (Manifestación de interés (Menor Cuantía)) (Presentación de oferta),ALCALDIA MUNICIPIO DE RICAURTE,Cundinamarca,Ricaurte,Selección Abreviada de Menor Cuantía,Obra,Seleccionado,92901002,92819812,1,2,Mes(es),2021-11-03T00:00:00.000
CO1.BDOS.2352403,MC-058-2021,ALCALDIA MUNICIPAL DE GIRARDOT,Cundinamarca,Girardot,Mínima cuantía,Obra,Seleccionado,17999131,14320656,3,53,día(s),2021-11-02T00:00:00.000
CO1.BDOS.2322508,SAMC-024-2021 (Manifestación de interés (Menor Cuantía)) (Presentación de oferta),ALCALDIA MUNICIPAL DE GIRARDOT,Cundinamarca,Girardot,Selección Abreviada de Menor Cuantía,Obra,Seleccionado,94146329,94146329,2,1,Mes(es),2021-11-02T00:00:00.000
CO1.BDOS.2352205,MC-057-2021,ALCALDIA MUNICIPAL DE GIRARDOT,Cundinamarca,Girardot,Mínima cuantía,Obra,Seleccionado,39293796,24220027,2,53,día(s),2021-11-02T00:00:00.000
CO1.BDOS.2352205,MC-057-2021,ALCALDIA MUNICIPAL DE GIRARDOT,Cundinamarca,Girardot,Mínima cuantía,Obra,Seleccionado,39293796,24220027,2,53,día(s),2021-11-02T00:00:00.000
CO1.BDOS.2337563,MC-037-2021,ALCALDÍA MUNICIPAL COTA,Cundinamarca,Cota,Mínima cuantía,Obra,Seleccionado,40793877,37144059,2,0,día(s),2021-10-26T00:00:00.000
CO1.BDOS.2334785,MC 2021 - 0787,ALCALDIA MUNICIPAL FUSAGASUGA,Cundinamarca,Fusagasugá,Mínima cuantía,Obra,Seleccionado,18271221,14979314,6,2,Mes(es),2021-10-25T00:00:00.000
CO1.BDOS.2246260,SAMC-004-2021 (Manifestación de interés (Menor Cuantía)) (Presentación de oferta),MUNICIPIO DE LA CALERA CUNDINAMARCA,Cundinamarca,La Calera,Selección Abreviada de Menor Cuantía,Obra,Seleccionado,38776335,37907799,3,0,día(s),2021-10-25T00:00:00.000
CO1.BDOS.2323212,MC-026-2021,"INSTITUTO MUNICIPAL DE CULTURA, RECREACION Y DEPORTE DE ZIPAQUIRA",Cundinamarca,Zipaquirá,Mínima cuantía,Obra,Seleccionado,25000000,19442643,10,1,Mes(es),2021-10-20T00:00:00.000
CO1.BDOS.2235447,LP-021-2021 (Fase de Selección (Presentación de ofertas)),MUNICIPIO DE FUNZA - ALCALDÍA DE FUNZA,Cundinamarca,Funza,Licitación pública Obra Publica,Obra,Seleccionado,8797580273,8762412173,1,11,Mes(es),2021-10-15T00:00:00.000
CO1.BDOS.2204512,LP-014-2021 (Fase de Selección (Presentación de ofertas)),ALCALDÍA MUNICIPAL DE MADRID CUNDINAMARCA,Cundinamarca,Madrid,Licitación pública Obra Publica,Obra,Seleccionado,5693429295,5677927035,1,10,Mes(es),2021-10-15T00:00:00.000
CO1.BDOS.2275292,SA-034-2021 (Manifestación de interés (Menor Cuantía)) (Presentación de oferta),CUNDINAMARCA-ALCALDIA MUNICIPIO MOSQUERA,Cundinamarca,Mosquera,Selección Abreviada de Menor Cuantía,Obra,Seleccionado,406278635,404804745,3,45,día(s),2021-10-14T00:00:00.000
CO1.BDOS.2205234,LC 007-2021 (Fase de Selección (Presentación de ofertas)),ALCALDIA MUNICIPIO DE RICAURTE,Cundinamarca,Ricaurte,Licitación pública Obra Publica,Obra,Seleccionado,473815384,473784066,1,4,Mes(es),2021-10-13T00:00:00.000
CO1.BDOS.2201305,SAMC-015-2021 (Manifestación de interés (Menor Cuantía)) (Presentación de oferta),ALCALDIA MUNICIPAL DE GIRARDOT,Cundinamarca,Girardot,Selección Abreviada de Menor Cuantía,Obra,Seleccionado,393006277,392798250,2,3,Mes(es),2021-10-13T00:00:00.000
CO1.BDOS.2169201,LP-010-2021 (Fase de Selección (Presentación de ofertas)),ALCALDIA MUNICIPIO DE ZIPAQUIRA,Cundinamarca,Zipaquirá,Licitación pública Obra Publica,Obra,Seleccionado,2806949911,2798778503,1,6,Mes(es),2021-10-12T00:00:00.000
CO1.BDOS.2197499,LP-AMS-2021-0010 (Fase de Selección (Presentación de ofertas)),ALCALDÍA MUNICIPAL DE SOPO,Cundinamarca,Sopó,Licitación pública Obra Publica,Obra,Seleccionado,7032076884,6977915705,1,10,Mes(es),2021-10-12T00:00:00.000
CO1.BDOS.2300010,IMC-0038-2021,ALCALDIA MUNICIPIO DE ANOLAIMA,Cundinamarca,Anolaima,Mínima cuantía,Obra,Seleccionado,24578000,16958819,15,15,día(s),2021-10-08T00:00:00.000
CO1.BDOS.2264440,LP-012-2021 (Fase de Selección (Presentación de ofertas)),ALCALDIA MUNICIPIO DE ZIPAQUIRA,Cundinamarca,Zipaquirá,Licitación pública Obra Publica,Obra,Seleccionado,648038940,602471647,32,45,día(s),2021-10-08T00:00:00.000
CO1.BDOS.2227687,LP 2021-0647 (Fase de Selección (Presentación de ofertas)),ALCALDIA MUNICIPAL FUSAGASUGA,Cundinamarca,Fusagasugá,Licitación pública Obra Publica,Obra,Seleccionado,1544053039,1441419999,68,2,Mes(es),2021-10-08T00:00:00.000
CO1.BDOS.2243854,SAMC-011-2021 (Manifestación de interés (Menor Cuantía)) (Presentación de oferta),MUNICIPIO DE FUNZA - ALCALDÍA DE FUNZA,Cundinamarca,Funza,Selección Abreviada de Menor Cuantía,Obra,Seleccionado,299999028,295498397,1,3,Mes(es),2021-10-07T00:00:00.000
CO1.BDOS.2247941,SA-MC-028-2021 (Manifestación de interés (Menor Cuantía)) (Presentación de oferta),ALCALDIA MUNICIPIO DE ZIPAQUIRA,Cundinamarca,Zipaquirá,Selección Abreviada de Menor Cuantía,Obra,Seleccionado,100000000,96583455,4,2,Mes(es),2021-10-05T00:00:00.000
CO1.BDOS.2249180,LP 2021-0665 (Fase de Selección (Presentación de ofertas)),ALCALDIA MUNICIPAL FUSAGASUGA,Cundinamarca,Fusagasugá,Licitación pública Obra Publica,Obra,Seleccionado,1230000000,1174705619,50,3,Mes(es),2021-10-01T00:00:00.000
CO1.BDOS.2243478,SA 014 MT 2021 (Manifestación de interés (Menor Cuantía)) (Presentación de oferta),MUNICIPIO DE TOCANCIPA,Cundinamarca,Tocancipá,Selección Abreviada de Menor Cuantía,Obra,Seleccionado,400000000,383517106,2,75,día(s),2021-10-01T00:00:00.000
CO1.BDOS.2244067,SA 017 MT 2021 (Manifestación de interés (Menor Cuantía)) (Presentación de oferta),MUNICIPIO DE TOCANCIPA,Cundinamarca,Tocancipá,Selección Abreviada de Menor Cuantía,Obra,Seleccionado,250000000,246988789,1,75,día(s),2021-09-29T00:00:00.000
CO1.BDOS.2243626,SA 016 MT 2021 (Manifestación de interés (Menor Cuantía)) (Presentación de oferta),MUNICIPIO DE TOCANCIPA,Cundinamarca,Tocancipá,Selección Abreviada de Menor Cuantía,Obra,Seleccionado,324000000,310190168,1,75,día(s),2021-09-29T00:00:00.000
CO1.BDOS.2244175,SA 018 MT 2021 (Manifestación de interés (Menor Cuantía)) (Presentación de oferta),MUNICIPIO DE TOCANCIPA,Cundinamarca,Tocancipá,Selección Abreviada de Menor Cuantía,Obra,Seleccionado,269000000,268263476,1,75,día(s),2021-09-29T00:00:00.000
CO1.BDOS.2205806,LP 2021 -0633 (Fase de Selección (Presentación de ofertas)),ALCALDIA MUNICIPAL FUSAGASUGA,Cundinamarca,Fusagasugá,Licitación pública Obra Publica,Obra,Seleccionado,655113034,655112979,4,90,día(s),2021-09-28T00:00:00.000
CO1.BDOS.2271549,MC-093 CENAC TOLEMAIDA-2021,CENAC TOLEMAIDA,Cundinamarca,Nilo,Mínima cuantía,Obra,Seleccionado,70000000,56275212,7,60,día(s),2021-09-27T00:00:00.000
CO1.BDOS.2245935,SAMC 015-2021 (Manifestación de interés (Menor Cuantía)) (Presentación de oferta),ALCALDIA MUNICIPAL DE CHIA,Cundinamarca,Chía,Selección Abreviada de Menor Cuantía,Obra,Seleccionado,100988034,99366468,1,20,día(s),2021-09-24T00:00:00.000
CO1.BDOS.2245935,SAMC 015-2021 (Manifestación de interés (Menor Cuantía)) (Presentación de oferta),ALCALDIA MUNICIPAL DE CHIA,Cundinamarca,Chía,Selección Abreviada de Menor Cuantía,Obra,Seleccionado,100988034,99366468,1,20,día(s),2021-09-24T00:00:00.000
CO1.BDOS.2218613,LP-012-2021 (Fase de Selección (Presentación de ofertas)),CUNDINAMARCA-ALCALDIA MUNICIPIO MOSQUERA,Cundinamarca,Mosquera,Licitación pública Obra Publica,Obra,Seleccionado,14999999391,14128489209,27,12,Mes(es),2021-09-21T00:00:00.000
CO1.BDOS.2210502,SAMC-037-2021 (Manifestación de interés (Menor Cuantía)) (Presentación de oferta),MUNICIPIO DE SOACHA..,Cundinamarca,Soacha,Selección Abreviada de Menor Cuantía,Obra,Seleccionado,450684860,441532349,7,3,Mes(es),2021-09-20T00:00:00.000
CO1.BDOS.2207251,SAMC 034-2021 (Manifestación de interés (Menor Cuantía)) (Presentación de oferta),MUNICIPIO DE SOACHA..,Cundinamarca,Soacha,Selección Abreviada de Menor Cuantía,Obra,Seleccionado,79795699,79795678,1,90,día(s),2021-09-17T00:00:00.000
CO1.BDOS.2204173,SAMC-035-2021 (Presentación de oferta),MUNICIPIO DE SOACHA..,Cundinamarca,Soacha,Seleccion Abreviada Menor Cuantia Sin Manifestacion Interes,Obra,Seleccionado,19599968750,19520481484,1,18,Mes(es),2021-09-16T00:00:00.000
CO1.BDOS.2179840,SAMC-010-2021 (Manifestación de interés (Menor Cuantía)) (Presentación de oferta),MUNICIPIO DE FUNZA - ALCALDÍA DE FUNZA,Cundinamarca,Funza,Selección Abreviada de Menor Cuantía,Obra,Seleccionado,220000000,220000000,1,3,Mes(es),2021-09-16T00:00:00.000
CO1.BDOS.2215632,SAMC-040-2021 (Manifestación de interés (Menor Cuantía)) (Presentación de oferta),MUNICIPIO DE SOACHA..,Cundinamarca,Soacha,Selección Abreviada de Menor Cuantía,Obra,Seleccionado,406282564,390483732,8,2,Mes(es),2021-09-16T00:00:00.000
CO1.BDOS.2217595,SAMC-014-2021 (Manifestación de interés (Menor Cuantía)) (Presentación de oferta),ALCALDIA MUNICIPAL DE CHIA,Cundinamarca,Chía,Selección Abreviada de Menor Cuantía,Obra,Seleccionado,149992299,149992299,1,3,Mes(es),2021-09-16T00:00:00.000
CO1.BDOS.2214374,SAMC-041-2021 (Manifestación de interés (Menor Cuantía)) (Presentación de oferta),MUNICIPIO DE SOACHA..,Cundinamarca,Soacha,Selección Abreviada de Menor Cuantía,Obra,Seleccionado,282000000,282000000,2,3,Mes(es),2021-09-14T00:00:00.000
CO1.BDOS.2244343,MC-087 CENAC TOLEMAIDA-2021,CENAC TOLEMAIDA,Cundinamarca,Nilo,Mínima cuantía,Obra,Seleccionado,21000000,17993768,2,60,día(s),2021-09-14T00:00:00.000
CO1.BDOS.2026517,SAMC-005-2021 (Manifestación de interés (Menor Cuantía)) (Presentación de oferta),MUNICIPIO DE UBATE,Cundinamarca,Villa De San Diego De Ubate,Selección Abreviada de Menor Cuantía,Obra,Seleccionado,254387274,246250984,3,2,Mes(es),2021-09-13T00:00:00.000
CO1.BDOS.2183967,LP-015-2021 (Fase de Selección (Presentación de ofertas)),MUNICIPIO DE SOACHA..,Cundinamarca,Soacha,Licitación pública Obra Publica,Obra,Seleccionado,37458900600,37421739744,1,18,Mes(es),2021-09-10T00:00:00.000
CO1.BDOS.2090651,SAMC-006-2021 (Manifestación de interés (Menor Cuantía)) (Presentación de oferta),MUNICIPIO DE FUNZA - ALCALDÍA DE FUNZA,Cundinamarca,Funza,Selección Abreviada de Menor Cuantía,Obra,Seleccionado,200000000,200000000,1,4,Mes(es),2021-09-08T00:00:00.000
CO1.BDOS.2221894,MC-084 CENAC TOLEMAIDA-2021,CENAC TOLEMAIDA,Cundinamarca,Nilo,Mínima cuantía,Obra,Seleccionado,90000000,74266994,6,60,día(s),2021-09-06T00:00:00.000
CO1.BDOS.2221894,MC-084 CENAC TOLEMAIDA-2021,CENAC TOLEMAIDA,Cundinamarca,Nilo,Mínima cuantía,Obra,Seleccionado,90000000,74266994,6,60,día(s),2021-09-06T00:00:00.000
CO1.BDOS.2119486,LP-013-2021 (Fase de Selección (Presentación de ofertas)),MUNICIPIO DE FUNZA - ALCALDÍA DE FUNZA,Cundinamarca,Funza,Licitación pública Obra Publica,Obra,Seleccionado,3713674114,3564316825,42,4,Mes(es),2021-09-06T00:00:00.000
CO1.BDOS.2159119,LP-013-2021 (Fase de Selección (Presentación de ofertas)),MUNICIPIO DE SOACHA..,Cundinamarca,Soacha,Licitación pública Obra Publica,Obra,Seleccionado,17592562840,17592562840,33,20,Mes(es),2021-09-03T00:00:00.000
CO1.BDOS.2214039,SOP  MIC-026-2021,MUNICIPIO DE UBATE,Cundinamarca,Villa De San Diego De Ubate,Mínima cuantía,Obra,Seleccionado,20000000,19949349,3,112,día(s),2021-09-01T00:00:00.000
CO1.BDOS.2165064,LP-009-2021 (Fase de Selección (Presentación de ofertas)),ALCALDIA MUNICIPIO DE ZIPAQUIRA,Cundinamarca,Zipaquirá,Licitación pública Obra Publica,Obra,Seleccionado,6739762063,6472546244,50,9,Mes(es),2021-09-01T00:00:00.000
CO1.BDOS.2114424,LP 06 DE 2021 (Fase de Selección (Presentación de ofertas)),ALCALDIA MUNICIPAL DE VILLETA,Cundinamarca,Villeta,Licitación pública Obra Publica,Obra,Seleccionado,1803708000,1791043022,1,6,Mes(es),2021-08-30T00:00:00.000
CO1.BDOS.2030508,LP 2021-0503  (Fase de Selección (Presentación de ofertas)),ALCALDIA MUNICIPAL FUSAGASUGA,Cundinamarca,Fusagasugá,Licitación pública Obra Publica,Obra,Seleccionado,1921848578,1764850362,55,3,Mes(es),2021-08-27T00:00:00.000
CO1.BDOS.2038463,LP-010-2021 (Fase de Selección (Presentación de ofertas)),MUNICIPIO DE SOACHA..,Cundinamarca,Soacha,Licitación pública Obra Publica,Obra,Seleccionado,7856736728,7856736728,44,4,Mes(es),2021-08-26T00:00:00.000
CO1.BDOS.2133616,SAMC-011-2021 (Manifestación de interés (Menor Cuantía)) (Presentación de oferta),MUNICIPIO DE UBATE,Cundinamarca,Villa De San Diego De Ubate,Selección Abreviada de Menor Cuantía,Obra,Seleccionado,87977151,77419893,9,15,día(s),2021-08-25T00:00:00.000
CO1.BDOS.2191839,MC-048 DE 2021,MUNICIPIO DE SOACHA..,Cundinamarca,Soacha,Mínima cuantía,Obra,Seleccionado,42041250,39939189,5,2,Mes(es),2021-08-24T00:00:00.000
CO1.BDOS.2163618,SA-MC-024-2021 (Presentación de oferta),ALCALDIA MUNICIPIO DE ZIPAQUIRA,Cundinamarca,Zipaquirá,Seleccion Abreviada Menor Cuantia Sin Manifestacion Interes,Obra,Seleccionado,930069930,928860845,2,4,Mes(es),2021-08-20T00:00:00.000
CO1.BDOS.2163618,SA-MC-024-2021 (Presentación de oferta),ALCALDIA MUNICIPIO DE ZIPAQUIRA,Cundinamarca,Zipaquirá,Seleccion Abreviada Menor Cuantia Sin Manifestacion Interes,Obra,Seleccionado,930069930,928860845,2,4,Mes(es),2021-08-20T00:00:00.000
CO1.BDOS.2166340,IMC-0028-2021,ALCALDIA MUNICIPIO DE ANOLAIMA,Cundinamarca,Anolaima,Mínima cuantía,Obra,Seleccionado,24430114,16782990,9,60,día(s),2021-08-19T00:00:00.000
CO1.BDOS.2110735,LP OBRA 004-2021 (Fase de Selección (Presentación de ofertas)),MUNICIPIO DE LA CALERA CUNDINAMARCA,Cundinamarca,La Calera,Licitación pública Obra Publica,Obra,Seleccionado,1035953626,995817834,104,4,Mes(es),2021-08-18T00:00:00.000
CO1.BDOS.2126884,SA-2021-0585 (Manifestación de interés (Menor Cuantía)) (Presentación de oferta),ALCALDIA MUNICIPAL FUSAGASUGA,Cundinamarca,Fusagasugá,Selección Abreviada de Menor Cuantía,Obra,Seleccionado,367901360,364663652,2,3,Mes(es),2021-08-13T00:00:00.000
CO1.BDOS.2051176,LP-012-2021 (Fase de Selección (Presentación de ofertas)),MUNICIPIO DE SOACHA..,Cundinamarca,Soacha,Licitación pública Obra Publica,Obra,Seleccionado,16106119702,16106119702,40,18,Mes(es),2021-08-11T00:00:00.000
CO1.BDOS.2111623,LP 2021-0577 (Fase de Selección (Presentación de ofertas)),ALCALDIA MUNICIPAL FUSAGASUGA,Cundinamarca,Fusagasugá,Licitación pública Obra Publica,Obra,Seleccionado,1125000000,1080007875,8,5,Mes(es),2021-08-09T00:00:00.000
CO1.BDOS.2119298,SA-MC-023-2021 (Manifestación de interés (Menor Cuantía)) (Presentación de oferta),ALCALDIA MUNICIPIO DE ZIPAQUIRA,Cundinamarca,Zipaquirá,Selección Abreviada de Menor Cuantía,Obra,Seleccionado,100000000,96855712,6,2,Mes(es),2021-08-06T00:00:00.000
CO1.BDOS.2149221,MC-CTDPE-017-2021,SENA REGIONAL CUNDINAMARCA Grupo Administrativo CTDPE,Cundinamarca,Girardot,Mínima cuantía,Obra,Seleccionado,87710347,69291086,6,3,Mes(es),2021-08-06T00:00:00.000
CO1.BDOS.2106771,SAMC-008-2021 (Manifestación de interés (Menor Cuantía)) (Presentación de oferta),ALCALDIA MUNICIPAL DE CHIA,Cundinamarca,Chía,Selección Abreviada de Menor Cuantía,Obra,Seleccionado,193123524,193123524,2,4,Mes(es),2021-08-05T00:00:00.000
CO1.BDOS.2149233,IPMC - FPS - 008  DE 2021,FONDO DE PASIVO SOCIAL DE FERROCARRILES NACIONALES DE COLOMBIA ENTIDAD,Cundinamarca,No Definido,Mínima cuantía,Obra,Seleccionado,22929812,14048098,4,1,Mes(es),2021-08-04T00:00:00.000
CO1.BDOS.2062758,LP-012-2021 (Fase de Selección (Presentación de ofertas)),MUNICIPIO DE UBATE,Cundinamarca,Villa De San Diego De Ubate,Licitación pública Obra Publica,Obra,Seleccionado,2334160736,2334160701,1,4,Mes(es),2021-07-28T00:00:00.000
CO1.BDOS.2059050,LP-010-2021 (Fase de Selección (Presentación de ofertas)),MUNICIPIO DE FUNZA - ALCALDÍA DE FUNZA,Cundinamarca,Funza,Licitación pública Obra Publica,Obra,Seleccionado,11972539279,11915840799,1,19,Mes(es),2021-07-27T00:00:00.000
CO1.BDOS.2076957,LP-011-2021 (Fase de Selección (Presentación de ofertas)),MUNICIPIO DE FUNZA - ALCALDÍA DE FUNZA,Cundinamarca,Funza,Licitación pública Obra Publica,Obra,Seleccionado,541858658,539501882,2,4,Mes(es),2021-07-26T00:00:00.000
CO1.BDOS.2080057,LP-012-2021 (Fase de Selección (Presentación de ofertas)),MUNICIPIO DE FUNZA - ALCALDÍA DE FUNZA,Cundinamarca,Funza,Licitación pública Obra Publica,Obra,Seleccionado,1850186622,1771921546,7,6,Mes(es),2021-07-26T00:00:00.000
CO1.BDOS.2058950,SAMC 01 DE 2021 SERVICIOS DE MANTENIEMINETO ARQUIT (Manifestación de interés (Menor Cuantía)) (Fase de ofertas),ESCUELA DE FORMACION INPEC,Cundinamarca,No Definido,Selección Abreviada de Menor Cuantía,Obra,Seleccionado,749994922,636496021,4,3,Mes(es),2021-07-21T00:00:00.000
CO1.BDOS.1989926,LP-011-2021 (Fase de Selección (Presentación de ofertas)),ALCALDÍA MUNICIPAL DE MADRID CUNDINAMARCA,Cundinamarca,Madrid,Licitación pública Obra Publica,Obra,Seleccionado,562607758,562572944,2,6,Mes(es),2021-07-21T00:00:00.000
CO1.BDOS.2063479,SAMC 09 DE 2021 (Manifestación de interés (Menor Cuantía)) (Presentación de oferta),ALCALDIA MUNICIPAL DE VILLETA,Cundinamarca,Villeta,Selección Abreviada de Menor Cuantía,Obra,Seleccionado,60000000,59825565,2,2,Mes(es),2021-07-15T00:00:00.000
CO1.BDOS.2000128,SAMC 016-2021 (Manifestación de interés (Menor Cuantía)) (Presentación de oferta),MUNICIPIO DE SOACHA..,Cundinamarca,Soacha,Selección Abreviada de Menor Cuantía,Obra,Seleccionado,403820984,394712240,2,4,Mes(es),2021-07-12T00:00:00.000
CO1.BDOS.2037613,LP-011-2021* (Fase de Selección (Presentación de ofertas)),MUNICIPIO DE SOACHA..,Cundinamarca,Soacha,Licitación pública Obra Publica,Obra,Seleccionado,1140000000,1075798559,40,3,Mes(es),2021-07-09T00:00:00.000
CO1.BDOS.2007437,060-00-M-CAMAN-GRUAL-2021 (Manifestación de interés (Menor Cuantía)) (Presentación de oferta),COMANDO AEREO DE MANTENIMIENTO,Cundinamarca,Madrid,Selección Abreviada de Menor Cuantía,Obra,Seleccionado,146278000,144068570,3,120,día(s),2021-07-07T00:00:00.000
CO1.BDOS.1924519,LP-008-2021 (Fase de Selección (Presentación de ofertas)),MUNICIPIO DE SOACHA..,Cundinamarca,Soacha,Licitación pública Obra Publica,Obra,Seleccionado,28906572304,28906572304,24,6,Mes(es),2021-07-01T00:00:00.000
CO1.BDOS.2060542,IPMC-FPS - 006 DE 2021,FONDO DE PASIVO SOCIAL DE FERROCARRILES NACIONALES DE COLOMBIA ENTIDAD,Cundinamarca,No Definido,Mínima cuantía,Obra,Seleccionado,8295000,6908664,4,30,día(s),2021-06-29T00:00:00.000
CO1.BDOS.2011653,036-00-K-ESUFA-GRUAL-2021  (Manifestación de interés (Menor Cuantía)) (Presentación de oferta),ESCUELA DE SUBOFICIALES  FAC CT ANDRES M DIAZ,Cundinamarca,No Definido,Selección Abreviada de Menor Cuantía,Obra,Seleccionado,482573816,472727561,7,170,día(s),2021-06-25T00:00:00.000
CO1.BDOS.2016397,SAMC 08-2021 (Manifestación de interés (Menor Cuantía)) (Presentación de oferta),ALCALDIA MUNICIPAL DE VILLETA,Cundinamarca,Villeta,Selección Abreviada de Menor Cuantía,Obra,Seleccionado,210048047,209775386,1,5,Mes(es),2021-06-24T00:00:00.000
CO1.BDOS.2024178,SAMC-021-2021 (Manifestación de interés (Menor Cuantía)) (Presentación de oferta),MUNICIPIO DE SOACHA..,Cundinamarca,Soacha,Selección Abreviada de Menor Cuantía,Obra,Seleccionado,84332148,82823780,8,2,Mes(es),2021-06-23T00:00:00.000
CO1.BDOS.2004259,LP-012-2021 (Fase de Selección (Presentación de ofertas)),ALCALDÍA MUNICIPAL DE MADRID CUNDINAMARCA,Cundinamarca,Madrid,Licitación pública Obra Publica,Obra,Seleccionado,769080000,769080000,2,4,Mes(es),2021-06-22T00:00:00.000
CO1.BDOS.2042004,MC-057 CENAC TOLEMAIDA-2021,CENAC TOLEMAIDA,Cundinamarca,Nilo,Mínima cuantía,Obra,Seleccionado,12405104,12399641,2,50,día(s),2021-06-21T00:00:00.000
CO1.BDOS.1988604,LP-010-2021 (Fase de Selección (Presentación de ofertas)),ALCALDÍA MUNICIPAL DE MADRID CUNDINAMARCA,Cundinamarca,Madrid,Licitación pública Obra Publica,Obra,Seleccionado,533109435,533105385,2,6,Mes(es),2021-06-15T00:00:00.000
CO1.BDOS.2022402,MC 2021-0500,ALCALDIA MUNICIPAL FUSAGASUGA,Cundinamarca,Fusagasugá,Mínima cuantía,Obra,Seleccionado,16818079,11674685,8,30,día(s),2021-06-08T00:00:00.000
CO1.BDOS.1981523,096-CENACINTELIGENCIA-2021 (Manifestación de interés (Menor Cuantía)) (Presentación de oferta),CENTRAL ADMINISTRATIVA Y CONTABLE ESPECIALIZADA INTELIGENCIA,Cundinamarca,No Definido,Selección Abreviada de Menor Cuantía,Obra,Seleccionado,204708008,204708008,6,5,Mes(es),2021-06-04T00:00:00.000
CO1.BDOS.1980618,PN ESSUM SA MC 025 2021 (Manifestación de interés (Menor Cuantía)) (Presentación de oferta),ESCUELA DE POLICIA DE PROVINCIA DE SUMAPAZ INTENDENTE MARITZA BONILLA RUIZ,Cundinamarca,Fusagasugá,Selección Abreviada de Menor Cuantía,Obra,Seleccionado,576397887,576397887,8,120,día(s),2021-06-03T00:00:00.000
CO1.BDOS.1999955,MC-038-COADE-DICRE-CENAC-TELEMATICA-2021,CENTRAL ADMINISTRATIVA Y CONTABLE TELEMATICA,Cundinamarca,Facatativá,Mínima cuantía,Obra,Seleccionado,25000000,25000000,18,7,Mes(es),2021-05-27T00:00:00.000
CO1.BDOS.1958636,LP-008-2021 (Fase de Selección (Presentación de ofertas)),ALCALDÍA MUNICIPAL DE MADRID CUNDINAMARCA,Cundinamarca,Madrid,Licitación pública Obra Publica,Obra,Seleccionado,1230224671,1230149500,1,6,día(s),2021-05-26T00:00:00.000
CO1.BDOS.1950065,LP-006-2021 (Fase de Selección (Presentación de ofertas)),ALCALDÍA MUNICIPAL DE MADRID CUNDINAMARCA,Cundinamarca,Madrid,Licitación pública Obra Publica,Obra,Seleccionado,622529115,622307513,2,6,Mes(es),2021-05-20T00:00:00.000
CO1.BDOS.1986580,MC-020-2021,ALCALDIA MUNICIPAL DE CHIA,Cundinamarca,Chía,Mínima cuantía,Obra,Seleccionado,9600000,9599745,2,1,Mes(es),2021-05-20T00:00:00.000
CO1.BDOS.1975260,MC-CTDPE-009-2021,SENA REGIONAL CUNDINAMARCA Grupo Administrativo CTDPE,Cundinamarca,Girardot,Mínima cuantía,Obra,Seleccionado,57976440,43482560,17,2,Mes(es),2021-05-18T00:00:00.000
CO1.BDOS.1943612,LP-009-2021 (Fase de Selección (Presentación de ofertas)),MUNICIPIO DE SOACHA..,Cundinamarca,Soacha,Licitación pública Obra Publica,Obra,Seleccionado,1599298686,1571554598,4,6,Mes(es),2021-05-14T00:00:00.000
CO1.BDOS.1943612,LP-009-2021 (Fase de Selección (Presentación de ofertas)),MUNICIPIO DE SOACHA..,Cundinamarca,Soacha,Licitación pública Obra Publica,Obra,Seleccionado,1599298686,1571554598,4,6,Mes(es),2021-05-14T00:00:00.000
CO1.BDOS.1971695,MC-018-2021,MUNICIPIO DE SOACHA..,Cundinamarca,Soacha,Mínima cuantía,Obra,Seleccionado,21363769,12968640,21,30,día(s),2021-05-13T00:00:00.000
CO1.BDOS.1938915,LP 2021-0432 (Fase de Selección (Presentación de ofertas)),ALCALDIA MUNICIPAL FUSAGASUGA,Cundinamarca,Fusagasugá,Licitación pública Obra Publica,Obra,Seleccionado,1454311752,1369098122,121,5,Mes(es),2021-05-13T00:00:00.000
CO1.BDOS.1971695,MC-018-2021,MUNICIPIO DE SOACHA..,Cundinamarca,Soacha,Mínima cuantía,Obra,Seleccionado,21363769,12968640,21,30,día(s),2021-05-13T00:00:00.000
CO1.BDOS.1916791,LP-006-2021 (Fase de Selección (Presentación de ofertas)),MUNICIPIO DE FUNZA - ALCALDÍA DE FUNZA,Cundinamarca,Funza,Licitación pública Obra Publica,Obra,Seleccionado,1669918715,1504762006,94,5,Mes(es),2021-05-11T00:00:00.000
CO1.BDOS.1902072,021-00-M-CAMAN-GRUAL-2021 (Manifestación de interés (Menor Cuantía)) (Presentación de oferta),COMANDO AEREO DE MANTENIMIENTO,Cundinamarca,Madrid,Selección Abreviada de Menor Cuantía,Obra,Seleccionado,461616849,451344552,6,120,día(s),2021-05-06T00:00:00.000
CO1.BDOS.1949302,MC 2021-0440,ALCALDIA MUNICIPAL FUSAGASUGA,Cundinamarca,Fusagasugá,Mínima cuantía,Obra,Seleccionado,40631209,29902578,10,20,día(s),2021-04-30T00:00:00.000
CO1.BDOS.1919537,MC-046 CENAC TOLEMAIDA-2021,CENAC TOLEMAIDA,Cundinamarca,Nilo,Mínima cuantía,Obra,Seleccionado,32998138,32998138,3,240,día(s),2021-04-19T00:00:00.000
CO1.BDOS.1848215,SAMC-041 CENAC TOLEMAIDA-2021 (Manifestación de interés (Menor Cuantía)) (Presentación de oferta),CENAC TOLEMAIDA,Cundinamarca,Nilo,Selección Abreviada de Menor Cuantía,Obra,Seleccionado,176008933,176008933,5,0,día(s),2021-03-29T00:00:00.000
CO1.BDOS.1606808,MC-212 CENAC TOLEMAIDA-2020,CENAC TOLEMAIDA,Cundinamarca,Nilo,Mínima cuantía,Obra,Seleccionado,87000000,65738750,7,60,día(s),2020-12-13T00:00:00.000
CO1.BDOS.1519771,SAM TCUN -03-001 DE 2020 (Manifestación de interés (Menor Cuantía)) (Presentación de oferta),ESAP TERRITORIAL CUNDINAMARCA,Cundinamarca,Fusagasugá,Selección Abreviada de Menor Cuantía,Obra,Seleccionado,113920988,101379545,6,30,día(s),2020-11-06T00:00:00.000
CO1.BDOS.1513290,CUN-MC-14-2020,INSTITUTO COLOMBIANO AGROPECUARIO - SECCIONAL CUNDINAMARCA,Cundinamarca,Mosquera,Mínima cuantía,Obra,Seleccionado,9021200,6178744,4,30,día(s),2020-10-20T00:00:00.000
CO1.BDOS.1513290,CUN-MC-14-2020,INSTITUTO COLOMBIANO AGROPECUARIO - SECCIONAL CUNDINAMARCA,Cundinamarca,Mosquera,Mínima cuantía,Obra,Seleccionado,9021200,6301002,4,30,día(s),2020-10-20T00:00:00.000
CO1.BDOS.1471105,SAMC-173 CENAC TOLEMAIDA-2020 (Manifestación de interés (Menor Cuantía)) (Presentación de oferta),CENAC TOLEMAIDA,Cundinamarca,Nilo,Selección Abreviada de Menor Cuantía,Obra,Seleccionado,279991980,240347584,14,45,día(s),2020-10-08T00:00:00.000
CO1.BDOS.1446014,199 CENACINTELIGENCIA 2020 (Manifestación de interés (Menor Cuantía)) (Presentación de oferta),CENTRAL ADMINISTRATIVA Y CONTABLE ESPECIALIZADA INTELIGENCIA,Cundinamarca,No Definido,Selección Abreviada de Menor Cuantía,Obra,Seleccionado,188473454,188473454,3,2,Mes(es),2020-09-30T00:00:00.000
CO1.BDOS.1431066,LP-01-2020 (Fase de Selección (Presentación de ofertas)),ALCALDIA MUNICIPAL PARATEBUENO,Cundinamarca,Paratebueno,Licitación pública Obra Publica,Obra,Seleccionado,3268346856,3161559682,73,8,Mes(es),2020-09-28T00:00:00.000
CO1.BDOS.1442326,SAMC-167 CENAC TOLEMAIDA-2020 (Manifestación de interés (Menor Cuantía)) (Presentación de oferta),CENAC TOLEMAIDA,Cundinamarca,Nilo,Selección Abreviada de Menor Cuantía,Obra,Seleccionado,340500000,340498550,15,50,día(s),2020-09-25T00:00:00.000
CO1.BDOS.1442424,SAMC-168 CENAC TOLEMAIDA-2020 (Manifestación de interés (Menor Cuantía)) (Presentación de oferta),CENAC TOLEMAIDA,Cundinamarca,Nilo,Selección Abreviada de Menor Cuantía,Obra,Seleccionado,250000000,249997075,3,60,día(s),2020-09-25T00:00:00.000
CO1.BDOS.1436785,SAMC-166 CENAC TOLEMAIDA-2020 (Manifestación de interés (Menor Cuantía)) (Presentación de oferta),CENAC TOLEMAIDA,Cundinamarca,Nilo,Selección Abreviada de Menor Cuantía,Obra,Seleccionado,101975328,98700000,2,2,Mes(es),2020-09-24T00:00:00.000
CO1.BDOS.1436785,SAMC-166 CENAC TOLEMAIDA-2020 (Manifestación de interés (Menor Cuantía)) (Presentación de oferta),CENAC TOLEMAIDA,Cundinamarca,Nilo,Selección Abreviada de Menor Cuantía,Obra,Seleccionado,101975328,98700000,2,2,Mes(es),2020-09-24T00:00:00.000
CO1.BDOS.1464741,IPMC-FPS-015-2020,FONDO DE PASIVO SOCIAL DE FERROCARRILES NACIONALES DE COLOMBIA ENTIDAD,Cundinamarca,No Definido,Mínima cuantía,Obra,Seleccionado,56329580,24968822,5,100,día(s),2020-09-22T00:00:00.000
CO1.BDOS.1451485,MC-170 CENAC TOLAMAIDA-2020,CENAC TOLEMAIDA,Cundinamarca,Nilo,Mínima cuantía,Obra,Seleccionado,65500000,65485156,4,4,Mes(es),2020-09-16T00:00:00.000
CO1.BDOS.1428506,SAMC-CMC-CAE-0217-2020 (Manifestación de interés (Menor Cuantía)) (Presentación de oferta),SENA REGIONAL CUNDINAMARCA Grupo Administrativo CAE,Cundinamarca,Fusagasugá,Selección Abreviada de Menor Cuantía,Obra,Seleccionado,233340549,233310530,1,3,Mes(es),2020-09-14T00:00:00.000
CO1.BDOS.1429588,MC-164 CENAC TOLEMAIDA-2020,CENAC TOLEMAIDA,Cundinamarca,Nilo,Mínima cuantía,Obra,Seleccionado,65000000,48146915,6,90,día(s),2020-09-03T00:00:00.000
CO1.BDOS.1414858,MC-162 CENAC TOLEMAIDA-2020,CENAC TOLEMAIDA,Cundinamarca,Nilo,Mínima cuantía,Obra,Seleccionado,37200000,31856250,2,60,día(s),2020-08-31T00:00:00.000
CO1.BDOS.1374806,PN ESJIM SA MC 001 2020 (Manifestación de interés (Menor Cuantía)) (Presentación de oferta),ESCUELA DE SUBOFICIALES Y NIVEL EJECUTIVO  GONZALO JIMENEZ DE QUESADA,Cundinamarca,Sibaté,Selección Abreviada de Menor Cuantía,Obra,Seleccionado,1200000000,1200000000,7,90,día(s),2020-08-24T00:00:00.000
CO1.BDOS.1375133,SAMC-147 CENAC TOLEMAIDA-2020 (Manifestación de interés (Menor Cuantía)) (Presentación de oferta),CENAC TOLEMAIDA,Cundinamarca,Nilo,Selección Abreviada de Menor Cuantía,Obra,Seleccionado,100000000,99997749,11,2,Mes(es),2020-08-19T00:00:00.000
CO1.BDOS.1375133,SAMC-147 CENAC TOLEMAIDA-2020 (Manifestación de interés (Menor Cuantía)) (Presentación de oferta),CENAC TOLEMAIDA,Cundinamarca,Nilo,Selección Abreviada de Menor Cuantía,Obra,Seleccionado,100000000,99991903,11,2,Mes(es),2020-08-19T00:00:00.000
CO1.BDOS.1402524,MC-158 CENAC TOLEMAIDA-2020,CENAC TOLEMAIDA,Cundinamarca,Nilo,Mínima cuantía,Obra,Seleccionado,20000000,19985170,1,4,Mes(es),2020-08-19T00:00:00.000
CO1.BDOS.1381285,MC-152 CENAC TOLEMAIDA-2020,CENAC TOLEMAIDA,Cundinamarca,Nilo,Mínima cuantía,Obra,Seleccionado,49000000,48989128,10,30,día(s),2020-08-10T00:00:00.000
CO1.BDOS.1343644,SAMC-140 CENAC TOLEMAIDA 2020 (Manifestación de interés (Menor Cuantía)) (Presentación de oferta),CENAC TOLEMAIDA,Cundinamarca,Nilo,Selección Abreviada de Menor Cuantía,Obra,Seleccionado,280572993,280572993,20,4,Mes(es),2020-08-04T00:00:00.000
CO1.BDOS.1374722,MC-146 CENAC TOLEMAIDA-2020,CENAC TOLEMAIDA,Cundinamarca,Nilo,Mínima cuantía,Obra,Seleccionado,55000000,54990430,7,60,día(s),2020-08-03T00:00:00.000
CO1.BDOS.1287833,046-00-K-ESUFA-GRUAL-2020 (Manifestación de interés (Menor Cuantía)) (Presentación de oferta),ESCUELA DE SUBOFICIALES  FAC CT ANDRES M DIAZ,Cundinamarca,No Definido,Selección Abreviada de Menor Cuantía,Obra,Seleccionado,120208191,116481736,6,5,Mes(es),2020-07-13T00:00:00.000
CO1.BDOS.1290327,SAMC-122 CENAC TOLEMAIDA-2020 (Manifestación de interés (Menor Cuantía)) (Presentación de oferta),CENAC TOLEMAIDA,Cundinamarca,Nilo,Selección Abreviada de Menor Cuantía,Obra,Seleccionado,429674788,429674788,9,0,Mes(es),2020-07-03T00:00:00.000
CO1.BDOS.1320826,MC-132 CENAC TOELMAIDA-2020,CENAC TOLEMAIDA,Cundinamarca,Nilo,Mínima cuantía,Obra,Seleccionado,60000000,46978805,4,60,día(s),2020-07-03T00:00:00.000
CO1.BDOS.1319963,MC 2020-0393,ALCALDIA MUNICIPAL FUSAGASUGA,Cundinamarca,Fusagasugá,Mínima cuantía,Obra,Seleccionado,33886627,25674468,27,1,Mes(es),2020-07-02T00:00:00.000
CO1.BDOS.1311444,163-CENACINTELIGENCIA-2020,CENTRAL ADMINISTRATIVA Y CONTABLE ESPECIALIZADA INTELIGENCIA,Cundinamarca,No Definido,Mínima cuantía,Obra,Seleccionado,21000000,20999454,6,90,día(s),2020-06-26T00:00:00.000
CO1.BDOS.1259482,SAMCEF 01 DE 2020 ADEC MANT ÁREAS ARQUITECTÓNICAS  (Manifestación de interés (Menor Cuantía)) (Presentación de oferta),ESCUELA DE FORMACION INPEC,Cundinamarca,No Definido,Selección Abreviada de Menor Cuantía,Obra,Seleccionado,349238071,310519216,4,4,Mes(es),2020-06-09T00:00:00.000
CO1.BDOS.1268400,SAMC-117 CENAC TOLEMAIDA-2020 (Manifestación de interés (Menor Cuantía)) (Presentación de oferta),CENAC TOLEMAIDA,Cundinamarca,Nilo,Selección Abreviada de Menor Cuantía,Obra,Seleccionado,160000000,147697864,19,90,día(s),2020-06-08T00:00:00.000
CO1.BDOS.1274158,056-00-K-ESUFA-GRUAL-2020,ESCUELA DE SUBOFICIALES  FAC CT ANDRES M DIAZ,Cundinamarca,No Definido,Mínima cuantía,Obra,Seleccionado,42000000,25166138,29,3,Mes(es),2020-06-01T00:00:00.000
CO1.BDOS.1213568,040-00-M-CAMAN-GRUAL-2020 (Manifestación de interés (Menor Cuantía)) (Presentación de oferta),COMANDO AEREO DE MANTENIMIENTO,Cundinamarca,Madrid,Selección Abreviada de Menor Cuantía,Obra,Seleccionado,534800000,531479514,4,160,día(s),2020-05-28T00:00:00.000
CO1.BDOS.1224826,PN ESCAR SA MC 029 2020 (Manifestación de interés (Menor Cuantía)) (Presentación de oferta),ESCUELA NACIONAL DE CARABINEROS POLICIA NACIONAL,Cundinamarca,Facatativá,Selección Abreviada de Menor Cuantía,Obra,Seleccionado,2794133703,2794133703,1,190,día(s),2020-05-19T00:00:00.000
CO1.BDOS.1157016,PN ESSUM SA MENOR CUANTIA 006 2020 (Manifestación de interés (Menor Cuantía)) (Presentación de oferta),ESCUELA DE POLICIA DE PROVINCIA DE SUMAPAZ INTENDENTE MARITZA BONILLA RUIZ,Cundinamarca,Fusagasugá,Selección Abreviada de Menor Cuantía,Obra,Seleccionado,396264483,396264483,4,4,Mes(es),2020-03-31T00:00:00.000
CO1.BDOS.1184136,MC- 007 -COADE-DICRE- CENAC- TELEMÁTICA-2020,CENTRAL ADMINISTRATIVA Y CONTABLE TELEMATICA,Cundinamarca,Facatativá,Mínima cuantía,Obra,Seleccionado,52324648,52324648,56,9,Mes(es),2020-03-30T00:00:00.000
CO1.BDOS.1064378,013-00-M-CAMAN-GRUAL-2020 (Manifestación de interés (Menor Cuantía)) (Presentación de oferta),COMANDO AEREO DE MANTENIMIENTO,Cundinamarca,Madrid,Selección Abreviada de Menor Cuantía,Obra,Seleccionado,434400050,430144266,5,150,día(s),2020-02-28T00:00:00.000
CO1.BDOS.1135958,024-COADE-DICRE-CENAC- TELEMÁTICA-2020,CENTRAL ADMINISTRATIVA Y CONTABLE TELEMATICA,Cundinamarca,Facatativá,Mínima cuantía,Obra,Seleccionado,16462544,16462544,20,10,Mes(es),2020-02-26T00:00:00.000
CO1.BDOS.992853,MC 2019-0502,ALCALDIA MUNICIPAL FUSAGASUGA,Cundinamarca,Fusagasugá,Mínima cuantía,Obra,Seleccionado,25403053,22821929,2,15,día(s),2019-12-04T00:00:00.000
CO1.BDOS.989037,MC-252-DIADQ-CADCO-CENAC TELEMÁTICA-2019,CENTRAL ADMINISTRATIVA Y CONTABLE TELEMATICA,Cundinamarca,Facatativá,Mínima cuantía,Obra,Seleccionado,16347697,16324560,9,30,día(s),2019-11-29T00:00:00.000
CO1.BDOS.987335,MC-220 CENAC TOLEMAIDA-2019,CENAC TOLEMAIDA,Cundinamarca,Nilo,Mínima cuantía,Obra,Seleccionado,80000000,79199314,3,15,día(s),2019-11-27T00:00:00.000
CO1.BDOS.965242,276-CENACINTELIGENCIA-2019,CENTRAL ADMINISTRATIVA Y CONTABLE ESPECIALIZADA INTELIGENCIA,Cundinamarca,No Definido,Mínima cuantía,Obra,Seleccionado,19840958,19975260,4,30,día(s),2019-11-05T00:00:00.000
CO1.BDOS.960230,SH-MINC- 003-2019,DEPARTAMENTO DE CUNDINAMARCA-SECRETARIA DE HACIENDA,Cundinamarca,No Definido,Mínima cuantía,Obra,Seleccionado,66709971,60900000,2,1,Mes(es),2019-10-23T00:00:00.000
CO1.BDOS.960230,SH-MINC- 003-2019,DEPARTAMENTO DE CUNDINAMARCA-SECRETARIA DE HACIENDA,Cundinamarca,No Definido,Mínima cuantía,Obra,Seleccionado,66709971,60900000,2,1,Mes(es),2019-10-23T00:00:00.000
CO1.BDOS.928733,SAMC-187 CENAC TOLEMAIDA-2019 (Manifestación de interés (Menor Cuantía)) (Presentación de oferta),CENAC TOLEMAIDA,Cundinamarca,Nilo,Selección Abreviada de Menor Cuantía,Obra,Seleccionado,605980478,85980379,6,30,día(s),2019-10-18T00:00:00.000
CO1.BDOS.928733,SAMC-187 CENAC TOLEMAIDA-2019 (Manifestación de interés (Menor Cuantía)) (Presentación de oferta),CENAC TOLEMAIDA,Cundinamarca,Nilo,Selección Abreviada de Menor Cuantía,Obra,Seleccionado,605980478,349990503,6,30,día(s),2019-10-18T00:00:00.000
CO1.BDOS.928733,SAMC-187 CENAC TOLEMAIDA-2019 (Manifestación de interés (Menor Cuantía)) (Presentación de oferta),CENAC TOLEMAIDA,Cundinamarca,Nilo,Selección Abreviada de Menor Cuantía,Obra,Seleccionado,605980478,169469947,6,30,día(s),2019-10-18T00:00:00.000
CO1.BDOS.928733,SAMC-187 CENAC TOLEMAIDA-2019 (Manifestación de interés (Menor Cuantía)) (Presentación de oferta),CENAC TOLEMAIDA,Cundinamarca,Nilo,Selección Abreviada de Menor Cuantía,Obra,Seleccionado,605980478,85980379,6,30,día(s),2019-10-18T00:00:00.000
CO1.BDOS.928733,SAMC-187 CENAC TOLEMAIDA-2019 (Manifestación de interés (Menor Cuantía)) (Presentación de oferta),CENAC TOLEMAIDA,Cundinamarca,Nilo,Selección Abreviada de Menor Cuantía,Obra,Seleccionado,605980478,85980379,6,30,día(s),2019-10-18T00:00:00.000
CO1.BDOS.928733,SAMC-187 CENAC TOLEMAIDA-2019 (Manifestación de interés (Menor Cuantía)) (Presentación de oferta),CENAC TOLEMAIDA,Cundinamarca,Nilo,Selección Abreviada de Menor Cuantía,Obra,Seleccionado,605980478,349990503,6,30,día(s),2019-10-18T00:00:00.000
CO1.BDOS.928733,SAMC-187 CENAC TOLEMAIDA-2019 (Manifestación de interés (Menor Cuantía)) (Presentación de oferta),CENAC TOLEMAIDA,Cundinamarca,Nilo,Selección Abreviada de Menor Cuantía,Obra,Seleccionado,605980478,169469947,6,30,día(s),2019-10-18T00:00:00.000
CO1.BDOS.928733,SAMC-187 CENAC TOLEMAIDA-2019 (Manifestación de interés (Menor Cuantía)) (Presentación de oferta),CENAC TOLEMAIDA,Cundinamarca,Nilo,Selección Abreviada de Menor Cuantía,Obra,Seleccionado,605980478,349990503,6,30,día(s),2019-10-18T00:00:00.000
CO1.BDOS.928733,SAMC-187 CENAC TOLEMAIDA-2019 (Manifestación de interés (Menor Cuantía)) (Presentación de oferta),CENAC TOLEMAIDA,Cundinamarca,Nilo,Selección Abreviada de Menor Cuantía,Obra,Seleccionado,605980478,169469947,6,30,día(s),2019-10-18T00:00:00.000
CO1.BDOS.928733,SAMC-187 CENAC TOLEMAIDA-2019 (Manifestación de interés (Menor Cuantía)) (Presentación de oferta),CENAC TOLEMAIDA,Cundinamarca,Nilo,Selección Abreviada de Menor Cuantía,Obra,Seleccionado,605980478,169469947,6,30,día(s),2019-10-18T00:00:00.000
CO1.BDOS.928733,SAMC-187 CENAC TOLEMAIDA-2019 (Manifestación de interés (Menor Cuantía)) (Presentación de oferta),CENAC TOLEMAIDA,Cundinamarca,Nilo,Selección Abreviada de Menor Cuantía,Obra,Seleccionado,605980478,85980379,6,30,día(s),2019-10-18T00:00:00.000
CO1.BDOS.928733,SAMC-187 CENAC TOLEMAIDA-2019 (Manifestación de interés (Menor Cuantía)) (Presentación de oferta),CENAC TOLEMAIDA,Cundinamarca,Nilo,Selección Abreviada de Menor Cuantía,Obra,Seleccionado,605980478,349990503,6,30,día(s),2019-10-18T00:00:00.000
CO1.BDOS.937133,LP 2019-0454 (Fase de Selección (Presentación de ofertas)),ALCALDIA MUNICIPAL FUSAGASUGA,Cundinamarca,Fusagasugá,Licitación pública Obra Publica,Obra,Seleccionado,890000000,863128513,18,2,Mes(es),2019-10-10T00:00:00.000
CO1.BDOS.937133,LP 2019-0454 (Fase de Selección (Presentación de ofertas)),ALCALDIA MUNICIPAL FUSAGASUGA,Cundinamarca,Fusagasugá,Licitación pública Obra Publica,Obra,Seleccionado,890000000,863128513,18,2,Mes(es),2019-10-10T00:00:00.000
CO1.BDOS.943641,MC-186DIADQ-CADCO-CENAC TELEMÁTICA-2019,CENTRAL ADMINISTRATIVA Y CONTABLE TELEMATICA,Cundinamarca,Facatativá,Mínima cuantía,Obra,Seleccionado,77000000,60672302,27,45,día(s),2019-10-01T00:00:00.000
CO1.BDOS.920226,SAMC-182 CENAC TOLEMAIDA-2019 (Manifestación de interés (Menor Cuantía)) (Presentación de oferta),CENAC TOLEMAIDA,Cundinamarca,Nilo,Selección Abreviada de Menor Cuantía,Obra,Seleccionado,701871922,195864774,3,0,día(s),2019-09-18T00:00:00.000
CO1.BDOS.920226,SAMC-182 CENAC TOLEMAIDA-2019 (Manifestación de interés (Menor Cuantía)) (Presentación de oferta),CENAC TOLEMAIDA,Cundinamarca,Nilo,Selección Abreviada de Menor Cuantía,Obra,Seleccionado,701871922,195864774,3,0,día(s),2019-09-18T00:00:00.000
CO1.BDOS.920226,SAMC-182 CENAC TOLEMAIDA-2019 (Manifestación de interés (Menor Cuantía)) (Presentación de oferta),CENAC TOLEMAIDA,Cundinamarca,Nilo,Selección Abreviada de Menor Cuantía,Obra,Seleccionado,701871922,505866275,3,0,día(s),2019-09-18T00:00:00.000
CO1.BDOS.920226,SAMC-182 CENAC TOLEMAIDA-2019 (Manifestación de interés (Menor Cuantía)) (Presentación de oferta),CENAC TOLEMAIDA,Cundinamarca,Nilo,Selección Abreviada de Menor Cuantía,Obra,Seleccionado,701871922,505866275,3,0,día(s),2019-09-18T00:00:00.000
CO1.BDOS.923924,MC 2019-0441,ALCALDIA MUNICIPAL FUSAGASUGA,Cundinamarca,Fusagasugá,Mínima cuantía,Obra,Seleccionado,33386570,27603043,6,2,Mes(es),2019-09-09T00:00:00.000
CO1.BDOS.908034,LP 2019-0413 (Fase de Selección (Presentación de ofertas)),ALCALDIA MUNICIPAL FUSAGASUGA,Cundinamarca,Fusagasugá,Licitación pública Obra Publica,Obra,Seleccionado,652152422,652152400,1,3,Mes(es),2019-09-05T00:00:00.000
CO1.BDOS.916451,MC-164DIADQ-CADCO CENAC TELEMÁTICA-2019,CENTRAL ADMINISTRATIVA Y CONTABLE TELEMATICA,Cundinamarca,Facatativá,Mínima cuantía,Obra,Seleccionado,24789505,17239709,9,30,día(s),2019-08-30T00:00:00.000
CO1.BDOS.899132,SA 2019-0399 (Manifestación de interés (Menor Cuantía)) (Presentación de oferta),ALCALDIA MUNICIPAL FUSAGASUGA,Cundinamarca,Fusagasugá,Selección Abreviada de Menor Cuantía,Obra,Seleccionado,372639099,371233687,1,90,día(s),2019-08-28T00:00:00.000
CO1.BDOS.892602,SAMC EFINPEC 02 DE 2019 ESTACIÓN DE BOMBEO  (Manifestación de interés (Menor Cuantía)) (Presentación de oferta),ESCUELA DE FORMACION INPEC,Cundinamarca,No Definido,Selección Abreviada de Menor Cuantía,Obra,Seleccionado,293833255,272317834,2,3,Mes(es),2019-08-15T00:00:00.000
CO1.BDOS.904827,MC-167 CENAC TOLEMAIDA-2019,CENAC TOLEMAIDA,Cundinamarca,Nilo,Mínima cuantía,Obra,Seleccionado,72000000,56017051,7,2,Mes(es),2019-08-14T00:00:00.000
CO1.BDOS.885051,SAMC-163 CENAC TOLEMAIDA-2019 (Manifestación de interés (Menor Cuantía)) (Presentación de oferta),CENAC TOLEMAIDA,Cundinamarca,Nilo,Selección Abreviada de Menor Cuantía,Obra,Seleccionado,495000000,297447833,1,120,día(s),2019-08-05T00:00:00.000
CO1.BDOS.884815,LP 2019-0390 (Fase de Selección (Presentación de ofertas)),ALCALDIA MUNICIPAL FUSAGASUGA,Cundinamarca,Fusagasugá,Licitación pública Obra Publica,Obra,Seleccionado,857036341,828668438,8,5,Mes(es),2019-08-02T00:00:00.000
CO1.BDOS.879012,MC 2019-0378,ALCALDIA MUNICIPAL FUSAGASUGA,Cundinamarca,Fusagasugá,Mínima cuantía,Obra,Seleccionado,37263773,30399265,5,60,día(s),2019-07-24T00:00:00.000
CO1.BDOS.883133,MC-116-DIADQ-CADCO-CENACTELEMATICA-2019,CENTRAL ADMINISTRATIVA Y CONTABLE TELEMATICA,Cundinamarca,Facatativá,Mínima cuantía,Obra,Seleccionado,18617697,18611887,9,20,día(s),2019-07-15T00:00:00.000
CO1.BDOS.854528,MC 2019-0359,ALCALDIA MUNICIPAL FUSAGASUGA,Cundinamarca,Fusagasugá,Mínima cuantía,Obra,Seleccionado,37262892,31300859,10,2,Mes(es),2019-07-11T00:00:00.000
CO1.BDOS.873525,MC-152 CENAC TOLEMAIDA-2019,CENAC TOLEMAIDA,Cundinamarca,Nilo,Mínima cuantía,Obra,Seleccionado,77000000,74106515,6,60,día(s),2019-07-04T00:00:00.000
CO1.BDOS.843153,PN ESCAR SA MC 031 2019_5 (Presentación de oferta),ESCUELA NACIONAL DE CARABINEROS POLICIA NACIONAL,Cundinamarca,Facatativá,Selección Abreviada de Menor Cuantía,Obra,Seleccionado,1580000000,1580000000,3,5,Mes(es),2019-06-20T00:00:00.000
CO1.BDOS.849806,SA 2019-0351 (Presentación de oferta),ALCALDIA MUNICIPAL FUSAGASUGA,Cundinamarca,Fusagasugá,Seleccion Abreviada Menor Cuantia Sin Manifestacion Interes,Obra,Seleccionado,1610918998,1610663160,1,2,Mes(es),2019-06-14T00:00:00.000
CO1.BDOS.851622,MC-084-DIADQ-CADCO-CENAC-TELEMATICA-2019,CENTRAL ADMINISTRATIVA Y CONTABLE TELEMATICA,Cundinamarca,Facatativá,Mínima cuantía,Obra,Seleccionado,6054624,6054624,2,6,Mes(es),2019-06-04T00:00:00.000
CO1.BDOS.829227,039-00-M-CAMAN-GRUAL-2019 (Manifestación de interés (Menor Cuantía)) (Presentación de oferta),COMANDO AEREO DE MANTENIMIENTO,Cundinamarca,Madrid,Selección Abreviada de Menor Cuantía,Obra,Seleccionado,250000000,244051749,8,90,día(s),2019-05-29T00:00:00.000
CO1.BDOS.847809,MC-057  DIADQ-CADCO CENAC TELEMÁTICA - 2019,CENTRAL ADMINISTRATIVA Y CONTABLE TELEMATICA,Cundinamarca,Facatativá,Mínima cuantía,Obra,Seleccionado,50000000,30210494,18,45,día(s),2019-05-29T00:00:00.000
CO1.BDOS.832114,053-00-K-ESUFA-GRUAL-2019 (Manifestación de interés (Menor Cuantía)) (Presentación de oferta),ESCUELA DE SUBOFICIALES  FAC CT ANDRES M DIAZ,Cundinamarca,No Definido,Selección Abreviada de Menor Cuantía,Obra,Seleccionado,145000000,144999898,5,3,Mes(es),2019-05-28T00:00:00.000
CO1.BDOS.830123,PN ESJIM SA MC 001 2019 (Manifestación de interés (Menor Cuantía)) (Presentación de oferta),ESCUELA DE SUBOFICIALES Y NIVEL EJECUTIVO  GONZALO JIMENEZ DE QUESADA,Cundinamarca,Sibaté,Selección Abreviada de Menor Cuantía,Obra,Seleccionado,800000000,800000000,6,165,día(s),2019-05-27T00:00:00.000
CO1.BDOS.842941,MC-046  DIADQ-CADCO CENAC TELEMÁTICA - 2019,CENTRAL ADMINISTRATIVA Y CONTABLE TELEMATICA,Cundinamarca,Facatativá,Mínima cuantía,Obra,Seleccionado,8971512,8971512,3,6,Mes(es),2019-05-23T00:00:00.000
CO1.BDOS.823504,MC 2019-0324,ALCALDIA MUNICIPAL FUSAGASUGA,Cundinamarca,Fusagasugá,Mínima cuantía,Obra,Seleccionado,19938702,16947927,9,1,Mes(es),2019-04-30T00:00:00.000
CO1.BDOS.802235,SAMC-106 CENAC TOLEMAIDA-2019 (Manifestación de interés (Menor Cuantía)) (Presentación de oferta),CENAC TOLEMAIDA,Cundinamarca,Nilo,Selección Abreviada de Menor Cuantía,Obra,Seleccionado,327023352,327023352,5,8,Mes(es),2019-04-24T00:00:00.000
CO1.BDOS.801737,LP 2019-0303 (Fase de Selección (Presentación de ofertas)),ALCALDIA MUNICIPAL FUSAGASUGA,Cundinamarca,Fusagasugá,Licitación pública Obra Publica,Obra,Seleccionado,1334391345,1334072523,1,5,Mes(es),2019-04-22T00:00:00.000
CO1.BDOS.790430,LP 2019-0294  (Fase de Selección (Presentación de ofertas)),ALCALDIA MUNICIPAL FUSAGASUGA,Cundinamarca,Fusagasugá,Licitación pública Obra Publica,Obra,Seleccionado,4738515338,4727251553,3,6,Mes(es),2019-04-22T00:00:00.000
CO1.BDOS.799201,PN ESSUM SA MC 011 2019 (Manifestación de interés (Menor Cuantía)) (Presentación de oferta),ESCUELA DE POLICIA DE PROVINCIA DE SUMAPAZ INTENDENTE MARITZA BONILLA RUIZ,Cundinamarca,Fusagasugá,Selección Abreviada de Menor Cuantía,Obra,Seleccionado,531732491,531732491,8,6,Mes(es),2019-04-17T00:00:00.000
CO1.BDOS.814175,MC-065DIADQ-CADCO-CENAC-TELEMÁTICA - 2019,CENTRAL ADMINISTRATIVA Y CONTABLE TELEMATICA,Cundinamarca,Facatativá,Mínima cuantía,Obra,Seleccionado,40276128,40276128,14,8,Mes(es),2019-04-12T00:00:00.000
CO1.BDOS.800737,LP 2019-0302 (Fase de Selección (Presentación de ofertas)),ALCALDIA MUNICIPAL FUSAGASUGA,Cundinamarca,Fusagasugá,Licitación pública Obra Publica,Obra,Seleccionado,3204426290,3201736493,1,5,Mes(es),2019-04-12T00:00:00.000
CO1.BDOS.790140,SA 2019-0295 (Manifestación de interés (Menor Cuantía)) (Presentación de oferta),ALCALDIA MUNICIPAL FUSAGASUGA,Cundinamarca,Fusagasugá,Selección Abreviada de Menor Cuantía,Obra,Seleccionado,250000000,250000000,1,4,Mes(es),2019-04-09T00:00:00.000
CO1.BDOS.807833,150-CENACINTELIGENCIA-2019,CENTRAL ADMINISTRATIVA Y CONTABLE ESPECIALIZADA INTELIGENCIA,Cundinamarca,No Definido,Mínima cuantía,Obra,Seleccionado,28909104,28860765,12,90,día(s),2019-04-06T00:00:00.000
CO1.BDOS.806843,MC 2019-0311,ALCALDIA MUNICIPAL FUSAGASUGA,Cundinamarca,Fusagasugá,Mínima cuantía,Obra,Seleccionado,37263801,34655321,13,1,Mes(es),2019-04-05T00:00:00.000
CO1.BDOS.791355,034-00-K-ESUFA-GRUAL-2019 (Manifestación de interés (Menor Cuantía)) (Presentación de oferta),ESCUELA DE SUBOFICIALES  FAC CT ANDRES M DIAZ,Cundinamarca,No Definido,Selección Abreviada de Menor Cuantía,Obra,Seleccionado,780000000,757883613,3,4,Mes(es),2019-04-04T00:00:00.000
CO1.BDOS.805808,MC-041DIADQ-CADCO CENAC TELEMÁTICA-2019,CENTRAL ADMINISTRATIVA Y CONTABLE TELEMATICA,Cundinamarca,Facatativá,Mínima cuantía,Obra,Seleccionado,60000000,41382302,24,30,día(s),2019-04-03T00:00:00.000
CO1.BDOS.779345,004-00-M-CAMAN-GRUAL-2019 (Manifestación de interés (Menor Cuantía)) (Presentación de oferta),COMANDO AEREO DE MANTENIMIENTO,Cundinamarca,Madrid,Selección Abreviada de Menor Cuantía,Obra,Seleccionado,737506845,717289482,4,80,día(s),2019-04-02T00:00:00.000
CO1.BDOS.778263,031-00-K-ESUFA-GRUAL-2019 (Manifestación de interés (Menor Cuantía)) (Presentación de oferta),ESCUELA DE SUBOFICIALES  FAC CT ANDRES M DIAZ,Cundinamarca,No Definido,Selección Abreviada de Menor Cuantía,Obra,Seleccionado,245000000,226961297,6,3,Mes(es),2019-03-27T00:00:00.000
CO1.BDOS.751643,SAMC_001 DE 2019 (Manifestación de interés (Menor Cuantía)) (Presentación de oferta),ALCALDIA ZIPACON,Cundinamarca,Zipacón,Selección Abreviada de Menor Cuantía,Obra,Seleccionado,82444519,82444519,1,3,Mes(es),2019-03-14T00:00:00.000
CO1.BDOS.631441,ESAL-007-2018,ALCALDIA MUNICIPAL DE GACHETA,Cundinamarca,Gachetá,Contratación Directa (con ofertas),Obra,Seleccionado,13800000,13764886,1,10,día(s),2018-12-12T00:00:00.000
CO1.BDOS.622894,MC - 213 CENAC TOLEMAIDA - 2018,CENAC TOLEMAIDA,Cundinamarca,Nilo,Mínima cuantía,Obra,Seleccionado,78000000,67806780,1,10,día(s),2018-12-05T00:00:00.000
CO1.BDOS.622197,MC - 212 CENAC TOLEMAIDA - 2018,CENAC TOLEMAIDA,Cundinamarca,Nilo,Mínima cuantía,Obra,Seleccionado,50291399,43527179,2,10,día(s),2018-12-05T00:00:00.000
CO1.BDOS.611558,MC - 202 CENAC TOLEMAIDA - 2018,CENAC TOLEMAIDA,Cundinamarca,Nilo,Mínima cuantía,Obra,Seleccionado,78000000,77992953,8,15,día(s),2018-11-27T00:00:00.000
CO1.BDOS.582835,SAMC - 186 CENAC TOLEMAIDA - 2018 (Manifestación de interés (Menor Cuantía)) (Presentación de oferta),CENAC TOLEMAIDA,Cundinamarca,Nilo,Selección Abreviada de Menor Cuantía,Obra,Seleccionado,160000000,151172214,5,15,día(s),2018-11-15T00:00:00.000
CO1.BDOS.580149,SAMC - 185 CENAC TOLEMAIDA - 2018 (Manifestación de interés (Menor Cuantía)) (Presentación de oferta),CENAC TOLEMAIDA,Cundinamarca,Nilo,Selección Abreviada de Menor Cuantía,Obra,Seleccionado,160000000,134470353,4,20,día(s),2018-11-14T00:00:00.000
CO1.BDOS.576562,SAMC - 178 CENAC TOLEMAIDA - 2018 (Manifestación de interés (Menor Cuantía)) (Presentación de oferta),CENAC TOLEMAIDA,Cundinamarca,Nilo,Selección Abreviada de Menor Cuantía,Obra,Seleccionado,100000000,97979272,3,30,día(s),2018-11-13T00:00:00.000
CO1.BDOS.586386,MC - 190 CENAC TOLEMAIDA - 2018,CENAC TOLEMAIDA,Cundinamarca,Nilo,Mínima cuantía,Obra,Seleccionado,70959913,70949006,5,30,día(s),2018-11-01T00:00:00.000
CO1.BDOS.585514,264-CENACINTELIGENCIA-2018,CENTRAL ADMINISTRATIVA Y CONTABLE ESPECIALIZADA INTELIGENCIA,Cundinamarca,No Definido,Mínima cuantía,Obra,Seleccionado,60000000,56141710,18,20,día(s),2018-10-31T00:00:00.000
CO1.BDOS.577939,MC - 182 CENAC TOLEMAIDA - 2018,CENAC TOLEMAIDA,Cundinamarca,Nilo,Mínima cuantía,Obra,Seleccionado,76000000,75971354,9,20,día(s),2018-10-24T00:00:00.000
CO1.BDOS.487036,061-00-K-ESUFA-GRUAL-2018 (Manifestación de interés (Menor Cuantía)) (Presentación de oferta),ESCUELA DE SUBOFICIALES  FAC CT ANDRES M DIAZ,Cundinamarca,No Definido,Selección Abreviada de Menor Cuantía,Obra,Seleccionado,220000000,213975203,4,2,Mes(es),2018-08-22T00:00:00.000
CO1.BDOS.477917,194-CENACINTELIGENCIA-2018 (Manifestación de interés (Menor Cuantía)) (Presentación de oferta),CENTRAL ADMINISTRATIVA Y CONTABLE ESPECIALIZADA INTELIGENCIA,Cundinamarca,No Definido,Selección Abreviada de Menor Cuantía,Obra,Seleccionado,545657775,19597242,9,110,día(s),2018-08-13T00:00:00.000
CO1.BDOS.477917,194-CENACINTELIGENCIA-2018 (Manifestación de interés (Menor Cuantía)) (Presentación de oferta),CENTRAL ADMINISTRATIVA Y CONTABLE ESPECIALIZADA INTELIGENCIA,Cundinamarca,No Definido,Selección Abreviada de Menor Cuantía,Obra,Seleccionado,545657775,19597242,9,110,día(s),2018-08-13T00:00:00.000
CO1.BDOS.481942,050-00-K-ESUFA-GRUAL-2018 (Manifestación de interés (Menor Cuantía)) (Presentación de oferta),ESCUELA DE SUBOFICIALES  FAC CT ANDRES M DIAZ,Cundinamarca,No Definido,Selección Abreviada de Menor Cuantía,Obra,Seleccionado,241000000,234555540,8,75,día(s),2018-08-13T00:00:00.000
CO1.BDOS.477917,194-CENACINTELIGENCIA-2018 (Manifestación de interés (Menor Cuantía)) (Presentación de oferta),CENTRAL ADMINISTRATIVA Y CONTABLE ESPECIALIZADA INTELIGENCIA,Cundinamarca,No Definido,Selección Abreviada de Menor Cuantía,Obra,Seleccionado,545657775,38254570,9,110,día(s),2018-08-13T00:00:00.000
CO1.BDOS.477917,194-CENACINTELIGENCIA-2018 (Manifestación de interés (Menor Cuantía)) (Presentación de oferta),CENTRAL ADMINISTRATIVA Y CONTABLE ESPECIALIZADA INTELIGENCIA,Cundinamarca,No Definido,Selección Abreviada de Menor Cuantía,Obra,Seleccionado,545657775,477525332,9,110,día(s),2018-08-13T00:00:00.000
CO1.BDOS.477917,194-CENACINTELIGENCIA-2018 (Manifestación de interés (Menor Cuantía)) (Presentación de oferta),CENTRAL ADMINISTRATIVA Y CONTABLE ESPECIALIZADA INTELIGENCIA,Cundinamarca,No Definido,Selección Abreviada de Menor Cuantía,Obra,Seleccionado,545657775,38254570,9,110,día(s),2018-08-13T00:00:00.000
CO1.BDOS.477917,194-CENACINTELIGENCIA-2018 (Manifestación de interés (Menor Cuantía)) (Presentación de oferta),CENTRAL ADMINISTRATIVA Y CONTABLE ESPECIALIZADA INTELIGENCIA,Cundinamarca,No Definido,Selección Abreviada de Menor Cuantía,Obra,Seleccionado,545657775,19597242,9,110,día(s),2018-08-13T00:00:00.000
CO1.BDOS.477917,194-CENACINTELIGENCIA-2018 (Manifestación de interés (Menor Cuantía)) (Presentación de oferta),CENTRAL ADMINISTRATIVA Y CONTABLE ESPECIALIZADA INTELIGENCIA,Cundinamarca,No Definido,Selección Abreviada de Menor Cuantía,Obra,Seleccionado,545657775,38254570,9,110,día(s),2018-08-13T00:00:00.000
CO1.BDOS.477917,194-CENACINTELIGENCIA-2018 (Manifestación de interés (Menor Cuantía)) (Presentación de oferta),CENTRAL ADMINISTRATIVA Y CONTABLE ESPECIALIZADA INTELIGENCIA,Cundinamarca,No Definido,Selección Abreviada de Menor Cuantía,Obra,Seleccionado,545657775,477525332,9,110,día(s),2018-08-13T00:00:00.000
CO1.BDOS.477917,194-CENACINTELIGENCIA-2018 (Manifestación de interés (Menor Cuantía)) (Presentación de oferta),CENTRAL ADMINISTRATIVA Y CONTABLE ESPECIALIZADA INTELIGENCIA,Cundinamarca,No Definido,Selección Abreviada de Menor Cuantía,Obra,Seleccionado,545657775,477525332,9,110,día(s),2018-08-13T00:00:00.000
CO1.BDOS.448826,PN ESJIM SA MC 003 2018 (Manifestación de interés (Menor Cuantía)) (Presentación de oferta),ESCUELA DE SUBOFICIALES Y NIVEL EJECUTIVO  GONZALO JIMENEZ DE QUESADA,Cundinamarca,Sibaté,Selección Abreviada de Menor Cuantía,Obra,Seleccionado,500000000,490025848,1,5,Mes(es),2018-07-06T00:00:00.000
CO1.BDOS.438055,184-CENACINTELIGENCIA-2018 (Manifestación de interés (Menor Cuantía)) (Presentación de oferta),CENTRAL ADMINISTRATIVA Y CONTABLE ESPECIALIZADA INTELIGENCIA,Cundinamarca,No Definido,Selección Abreviada de Menor Cuantía,Obra,Seleccionado,96615864,96615864,4,5,Mes(es),2018-06-28T00:00:00.000
CO1.BDOS.438055,184-CENACINTELIGENCIA-2018 (Manifestación de interés (Menor Cuantía)) (Presentación de oferta),CENTRAL ADMINISTRATIVA Y CONTABLE ESPECIALIZADA INTELIGENCIA,Cundinamarca,No Definido,Selección Abreviada de Menor Cuantía,Obra,Seleccionado,96615864,96615864,4,5,Mes(es),2018-06-28T00:00:00.000
CO1.BDOS.436010,SAMC N° 115 CENAC TOLEMAIDA 2018 (Manifestación de interés (Menor Cuantía)) (Presentación de oferta),CENAC TOLEMAIDA,Cundinamarca,Nilo,Selección Abreviada de Menor Cuantía,Obra,Seleccionado,150499799,146194634,2,60,día(s),2018-06-26T00:00:00.000
CO1.BDOS.435258,SAMC 114 CENAC TOLEMAIDA 2018 (Manifestación de interés (Menor Cuantía)) (Presentación de oferta),CENAC TOLEMAIDA,Cundinamarca,Nilo,Selección Abreviada de Menor Cuantía,Obra,Seleccionado,541500000,541495544,5,3,Mes(es),2018-06-21T00:00:00.000
CO1.BDOS.427807,PN ESJIM SA MC 002 2018 (Manifestación de interés (Menor Cuantía)) (Presentación de oferta),ESCUELA DE SUBOFICIALES Y NIVEL EJECUTIVO  GONZALO JIMENEZ DE QUESADA,Cundinamarca,Sibaté,Selección Abreviada de Menor Cuantía,Obra,Seleccionado,738896104,88815543,7,150,día(s),2018-06-14T00:00:00.000
CO1.BDOS.422703,SAMC - 101 - CENAC TOLEMAIDA - 2018 (Manifestación de interés (Menor Cuantía)) (Presentación de oferta),CENAC TOLEMAIDA,Cundinamarca,Nilo,Selección Abreviada de Menor Cuantía,Obra,Seleccionado,253576140,253576140,5,180,día(s),2018-06-05T00:00:00.000
CO1.BDOS.432076,MÍNIMA CUANTÍA N° 029- MDN-CGFM-DGSM-DMTOL-2018,DISPENSARIO MEDICO TOLEMAIDA.,Cundinamarca,Nilo,Mínima cuantía,Obra,Seleccionado,50000000,31999538,14,30,día(s),2018-05-31T00:00:00.000
CO1.BDOS.432076,MÍNIMA CUANTÍA N° 029- MDN-CGFM-DGSM-DMTOL-2018,DISPENSARIO MEDICO TOLEMAIDA.,Cundinamarca,Nilo,Mínima cuantía,Obra,Seleccionado,50000000,31999538,14,30,día(s),2018-05-31T00:00:00.000
CO1.BDOS.390460,MC- 068- DIADQ- CADCO- CENAC TELEMÁTICA- 2018,CENTRAL ADMINISTRATIVA Y CONTABLE TELEMATICA,Cundinamarca,Facatativá,Mínima cuantía,Obra,Seleccionado,47492575,47488472,25,60,día(s),2018-04-16T00:00:00.000
CO1.BDOS.369003,PN ESSUM SA MENOR CUANTIA 007- 2018 (Manifestación de interés (Menor Cuantía)) (Presentación de oferta),ESCUELA DE POLICIA DE PROVINCIA DE SUMAPAZ INTENDENTE MARITZA BONILLA RUIZ,Cundinamarca,Fusagasugá,Selección Abreviada de Menor Cuantía,Obra,Seleccionado,0,535050156,8,120,día(s),2018-03-16T00:00:00.000
CO1.BDOS.374217,MC-062-DIADQ-CADCO-CENAC TELEMÁTICA-2018,CENTRAL ADMINISTRATIVA Y CONTABLE TELEMATICA,Cundinamarca,Facatativá,Mínima cuantía,Obra,Seleccionado,47305716,47305716,3,9,Mes(es),2018-03-14T00:00:00.000
CO1.BDOS.262950,MC - 502 - CENAC TOLEMAIDA - 2017,CENAC TOLEMAIDA,Cundinamarca,Nilo,Mínima cuantía,Obra,Seleccionado,60000000,47638380,4,10,día(s),2017-12-11T00:00:00.000
CO1.BDOS.231604,113-00-M-CAMAN-GRUAL-2017,COMANDO AEREO DE MANTENIMIENTO,Cundinamarca,Madrid,Mínima cuantía,Obra,Seleccionado,7000000,6632700,4,3,Mes(es),2017-10-20T00:00:00.000
